"ID","ID_Materialu","ID_Zlecenia","ID_Operatora","TypTransakcji","Ilosc","Timestamp","Notatka"
"1","1","","","ResetMagazynu","81","19.07.2026 12:11:37","Reset do stanu bazowego 15.07.2025"
"27","27","","","ResetMagazynu","218","19.07.2026 12:11:37","Reset do stanu bazowego 15.07.2025"
"38","38","","","ResetMagazynu","13","19.07.2026 12:11:37","Reset do stanu bazowego 15.07.2025"
"40","1","","","ResetMagazynu","81","19.07.2026 17:58:41","Reset do stanu bazowego 15.07.2025"
"66","27","","","ResetMagazynu","218","19.07.2026 17:58:41","Reset do stanu bazowego 15.07.2025"
"77","38","","","ResetMagazynu","13","19.07.2026 17:58:41","Reset do stanu bazowego 15.07.2025"
"83","48","1005","","Rezerwacja","-18","19.07.2026 18:46:41","Rezerwacja dla zlecenia 1005"
"90","48","1005","","Zuzycie","-6","19.07.2026 18:48:29","Zużycie na stanowisku 3"
"95","48","1005","","Zuzycie","-6","19.07.2026 18:49:16","Zużycie na stanowisku 3"
"100","48","1005","","Zuzycie","-6","19.07.2026 18:49:52","Zużycie na stanowisku 3"
"105","48","1005","","Zuzycie","-6","19.07.2026 18:50:27","Zużycie na stanowisku 3"
"107","1","","","ResetMagazynu","81","20.07.2026 16:44:39","Reset do stanu bazowego 15.07.2025"
"133","27","","","ResetMagazynu","218","20.07.2026 16:44:39","Reset do stanu bazowego 15.07.2025"
"144","38","","","ResetMagazynu","13","20.07.2026 16:44:39","Reset do stanu bazowego 15.07.2025"
"150","48","1005","","ZwrotRezerwy","18","20.08.2026 17:38:41","Zwolnienie rezerwy po usunięciu zlecenia 1005"
"155","48","2022","","Rezerwacja","-18","25.08.2026 15:00:41","Rezerwacja dla zlecenia 2022"
"170","48","2022","","Zuzycie","-6","25.08.2026 15:04:25","Zużycie na stanowisku 3"
"172","48","2022","","Zuzycie","-6","25.08.2026 15:04:37","Zużycie na stanowisku 3"
"177","48","2022","","Zuzycie","-6","25.08.2026 15:04:40","Zużycie na stanowisku 3"
"183","48","2022","","Zuzycie","-6","25.08.2026 15:05:08","Zużycie na stanowisku 3"
"188","48","2022","","Zuzycie","-6","25.08.2026 15:05:19","Zużycie na stanowisku 3"
"192","48","2022","","Zuzycie","-6","25.08.2026 15:05:34","Zużycie na stanowisku 3"
"197","48","2022","","ZwrotPoNOK","6","25.08.2026 15:05:36","Zwrot po NOK dla zlecenia 2022"
"202","48","2022","","ZwrotRezerwy","18","25.08.2026 15:11:34","Zwolnienie rezerwy po usunięciu zlecenia 2022"
"1146","1","1031","","Rezerwacja","-1","27.08.2026 22:04:26","Uzupelnienie rezerwacji po migracji BOM 003"
"1147","49","1031","","Rezerwacja","-19","27.08.2026 22:04:26","Uzupelnienie rezerwacji po migracji BOM 003"
"1148","27","1031","","Rezerwacja","-6","27.08.2026 22:04:26","Uzupelnienie rezerwacji po migracji BOM 003"
"1149","50","1031","","Rezerwacja","-6","27.08.2026 22:04:26","Uzupelnienie rezerwacji po migracji BOM 003"
"1150","51","1031","","Rezerwacja","-6","27.08.2026 22:04:26","Uzupelnienie rezerwacji po migracji BOM 003"
"1151","52","1031","","Rezerwacja","-9","27.08.2026 22:04:26","Uzupelnienie rezerwacji po migracji BOM 003"
"1152","48","1031","","Rezerwacja","-4","27.08.2026 22:04:26","Uzupelnienie rezerwacji po migracji BOM 003"
"1153","53","1031","","Rezerwacja","-3","27.08.2026 22:04:26","Uzupelnienie rezerwacji po migracji BOM 003"
"1154","1","1031","","ZwrotRezerwy","1","27.08.2026 22:06:08","Zwolnienie rezerwy po usunięciu zlecenia 1031"
"1155","38","1031","","ZwrotRezerwy","0","27.08.2026 22:06:08","Zwolnienie rezerwy po usunięciu zlecenia 1031"
"1156","49","1031","","ZwrotRezerwy","19","27.08.2026 22:06:08","Zwolnienie rezerwy po usunięciu zlecenia 1031"
"1157","27","1031","","ZwrotRezerwy","6","27.08.2026 22:06:08","Zwolnienie rezerwy po usunięciu zlecenia 1031"
"1158","50","1031","","ZwrotRezerwy","6","27.08.2026 22:06:08","Zwolnienie rezerwy po usunięciu zlecenia 1031"
"1159","51","1031","","ZwrotRezerwy","6","27.08.2026 22:06:08","Zwolnienie rezerwy po usunięciu zlecenia 1031"
"1160","52","1031","","ZwrotRezerwy","9","27.08.2026 22:06:08","Zwolnienie rezerwy po usunięciu zlecenia 1031"
"1161","48","1031","","ZwrotRezerwy","4","27.08.2026 22:06:08","Zwolnienie rezerwy po usunięciu zlecenia 1031"
"1162","53","1031","","ZwrotRezerwy","3","27.08.2026 22:06:08","Zwolnienie rezerwy po usunięciu zlecenia 1031"
"1163","1","1032","","Rezerwacja","-1","28.08.2026 14:21:45","Rezerwacja dla zlecenia 1032"
"1164","38","1032","","Rezerwacja","0","28.08.2026 14:21:45","Rezerwacja dla zlecenia 1032"
"1165","49","1032","","Rezerwacja","-19","28.08.2026 14:21:45","Rezerwacja dla zlecenia 1032"
"1166","27","1032","","Rezerwacja","-6","28.08.2026 14:21:45","Rezerwacja dla zlecenia 1032"
"1167","50","1032","","Rezerwacja","-6","28.08.2026 14:21:45","Rezerwacja dla zlecenia 1032"
"1168","51","1032","","Rezerwacja","-6","28.08.2026 14:21:45","Rezerwacja dla zlecenia 1032"
"1169","52","1032","","Rezerwacja","-9","28.08.2026 14:21:45","Rezerwacja dla zlecenia 1032"
"1170","48","1032","","Rezerwacja","-4","28.08.2026 14:21:45","Rezerwacja dla zlecenia 1032"
"1171","53","1032","","Rezerwacja","-3","28.08.2026 14:21:45","Rezerwacja dla zlecenia 1032"
"1172","1","1032","","ZwrotRezerwy","1","28.08.2026 14:43:31","Zwolnienie rezerwy po usunięciu zlecenia 1032"
"1173","38","1032","","ZwrotRezerwy","0","28.08.2026 14:43:31","Zwolnienie rezerwy po usunięciu zlecenia 1032"
"1174","49","1032","","ZwrotRezerwy","19","28.08.2026 14:43:31","Zwolnienie rezerwy po usunięciu zlecenia 1032"
"1175","27","1032","","ZwrotRezerwy","6","28.08.2026 14:43:31","Zwolnienie rezerwy po usunięciu zlecenia 1032"
"1176","50","1032","","ZwrotRezerwy","6","28.08.2026 14:43:31","Zwolnienie rezerwy po usunięciu zlecenia 1032"
"1177","51","1032","","ZwrotRezerwy","6","28.08.2026 14:43:31","Zwolnienie rezerwy po usunięciu zlecenia 1032"
"1178","52","1032","","ZwrotRezerwy","9","28.08.2026 14:43:31","Zwolnienie rezerwy po usunięciu zlecenia 1032"
"1179","48","1032","","ZwrotRezerwy","4","28.08.2026 14:43:31","Zwolnienie rezerwy po usunięciu zlecenia 1032"
"1180","53","1032","","ZwrotRezerwy","3","28.08.2026 14:43:31","Zwolnienie rezerwy po usunięciu zlecenia 1032"
"1181","1","1033","","Rezerwacja","-3","28.08.2026 14:43:41","Rezerwacja dla zlecenia 1033"
"1182","38","1033","","Rezerwacja","0","28.08.2026 14:43:41","Rezerwacja dla zlecenia 1033"
"1183","49","1033","","Rezerwacja","-57","28.08.2026 14:43:41","Rezerwacja dla zlecenia 1033"
"1184","27","1033","","Rezerwacja","-18","28.08.2026 14:43:41","Rezerwacja dla zlecenia 1033"
"1185","50","1033","","Rezerwacja","-18","28.08.2026 14:43:41","Rezerwacja dla zlecenia 1033"
"1186","51","1033","","Rezerwacja","-18","28.08.2026 14:43:41","Rezerwacja dla zlecenia 1033"
"1187","52","1033","","Rezerwacja","-27","28.08.2026 14:43:41","Rezerwacja dla zlecenia 1033"
"1188","48","1033","","Rezerwacja","-12","28.08.2026 14:43:41","Rezerwacja dla zlecenia 1033"
"1189","53","1033","","Rezerwacja","-9","28.08.2026 14:43:41","Rezerwacja dla zlecenia 1033"
"1190","1","1033","","ZwrotRezerwy","3","28.08.2026 14:44:13","Zwolnienie rezerwy po usunięciu zlecenia 1033"
"1191","38","1033","","ZwrotRezerwy","0","28.08.2026 14:44:13","Zwolnienie rezerwy po usunięciu zlecenia 1033"
"1192","49","1033","","ZwrotRezerwy","57","28.08.2026 14:44:13","Zwolnienie rezerwy po usunięciu zlecenia 1033"
"1193","27","1033","","ZwrotRezerwy","18","28.08.2026 14:44:13","Zwolnienie rezerwy po usunięciu zlecenia 1033"
"1194","50","1033","","ZwrotRezerwy","18","28.08.2026 14:44:13","Zwolnienie rezerwy po usunięciu zlecenia 1033"
"1195","51","1033","","ZwrotRezerwy","18","28.08.2026 14:44:13","Zwolnienie rezerwy po usunięciu zlecenia 1033"
"1196","52","1033","","ZwrotRezerwy","27","28.08.2026 14:44:13","Zwolnienie rezerwy po usunięciu zlecenia 1033"
"1197","48","1033","","ZwrotRezerwy","12","28.08.2026 14:44:13","Zwolnienie rezerwy po usunięciu zlecenia 1033"
"1198","53","1033","","ZwrotRezerwy","9","28.08.2026 14:44:13","Zwolnienie rezerwy po usunięciu zlecenia 1033"
"1199","1","1","","Rezerwacja","-3","28.08.2026 14:44:21","Rezerwacja dla zlecenia 1"
"1200","38","1","","Rezerwacja","0","28.08.2026 14:44:21","Rezerwacja dla zlecenia 1"
"1201","49","1","","Rezerwacja","-57","28.08.2026 14:44:21","Rezerwacja dla zlecenia 1"
"1202","27","1","","Rezerwacja","-18","28.08.2026 14:44:21","Rezerwacja dla zlecenia 1"
"1203","50","1","","Rezerwacja","-18","28.08.2026 14:44:21","Rezerwacja dla zlecenia 1"
"1204","51","1","","Rezerwacja","-18","28.08.2026 14:44:21","Rezerwacja dla zlecenia 1"
"1205","52","1","","Rezerwacja","-27","28.08.2026 14:44:21","Rezerwacja dla zlecenia 1"
"1206","48","1","","Rezerwacja","-12","28.08.2026 14:44:21","Rezerwacja dla zlecenia 1"
"1207","53","1","","Rezerwacja","-9","28.08.2026 14:44:21","Rezerwacja dla zlecenia 1"
"1208","1","1","","ZwrotRezerwy","3","28.08.2026 14:55:14","Zwolnienie rezerwy po usunięciu zlecenia 1"
"1209","38","1","","ZwrotRezerwy","0","28.08.2026 14:55:14","Zwolnienie rezerwy po usunięciu zlecenia 1"
"1210","49","1","","ZwrotRezerwy","57","28.08.2026 14:55:14","Zwolnienie rezerwy po usunięciu zlecenia 1"
"1211","27","1","","ZwrotRezerwy","18","28.08.2026 14:55:14","Zwolnienie rezerwy po usunięciu zlecenia 1"
"1212","50","1","","ZwrotRezerwy","18","28.08.2026 14:55:14","Zwolnienie rezerwy po usunięciu zlecenia 1"
"1213","51","1","","ZwrotRezerwy","18","28.08.2026 14:55:14","Zwolnienie rezerwy po usunięciu zlecenia 1"
"1214","52","1","","ZwrotRezerwy","27","28.08.2026 14:55:14","Zwolnienie rezerwy po usunięciu zlecenia 1"
"1215","48","1","","ZwrotRezerwy","12","28.08.2026 14:55:14","Zwolnienie rezerwy po usunięciu zlecenia 1"
"1216","53","1","","ZwrotRezerwy","9","28.08.2026 14:55:14","Zwolnienie rezerwy po usunięciu zlecenia 1"
"1217","1","1","","Rezerwacja","-3","28.08.2026 15:56:11","Rezerwacja dla zlecenia 1"
"1218","38","1","","Rezerwacja","0","28.08.2026 15:56:11","Rezerwacja dla zlecenia 1"
"1219","49","1","","Rezerwacja","-57","28.08.2026 15:56:11","Rezerwacja dla zlecenia 1"
"1220","27","1","","Rezerwacja","-18","28.08.2026 15:56:11","Rezerwacja dla zlecenia 1"
"1221","50","1","","Rezerwacja","-18","28.08.2026 15:56:11","Rezerwacja dla zlecenia 1"
"1222","51","1","","Rezerwacja","-18","28.08.2026 15:56:11","Rezerwacja dla zlecenia 1"
"1223","52","1","","Rezerwacja","-27","28.08.2026 15:56:11","Rezerwacja dla zlecenia 1"
"1224","48","1","","Rezerwacja","-12","28.08.2026 15:56:11","Rezerwacja dla zlecenia 1"
"1225","53","1","","Rezerwacja","-9","28.08.2026 15:56:11","Rezerwacja dla zlecenia 1"
"1226","1","2","","Rezerwacja","-2","28.08.2026 16:47:02","Rezerwacja dla zlecenia 2"
"1227","38","2","","Rezerwacja","0","28.08.2026 16:47:02","Rezerwacja dla zlecenia 2"
"1228","49","2","","Rezerwacja","-16","28.08.2026 16:47:02","Rezerwacja dla zlecenia 2"
"1229","27","2","","Rezerwacja","-12","28.08.2026 16:47:02","Rezerwacja dla zlecenia 2"
"1230","50","2","","Rezerwacja","-16","28.08.2026 16:47:02","Rezerwacja dla zlecenia 2"
"1231","51","2","","Rezerwacja","-18","28.08.2026 16:47:02","Rezerwacja dla zlecenia 2"
"1232","52","2","","Rezerwacja","-14","28.08.2026 16:47:02","Rezerwacja dla zlecenia 2"
"1233","48","2","","Rezerwacja","-14","28.08.2026 16:47:02","Rezerwacja dla zlecenia 2"
"1234","53","2","","Rezerwacja","-6","28.08.2026 16:47:02","Rezerwacja dla zlecenia 2"
"1235","1","2","","ZwrotRezerwy","2","28.08.2026 18:18:45","Zwolnienie rezerwy po usunięciu zlecenia 2"
"1236","38","2","","ZwrotRezerwy","0","28.08.2026 18:18:45","Zwolnienie rezerwy po usunięciu zlecenia 2"
"1237","49","2","","ZwrotRezerwy","16","28.08.2026 18:18:45","Zwolnienie rezerwy po usunięciu zlecenia 2"
"1238","27","2","","ZwrotRezerwy","12","28.08.2026 18:18:45","Zwolnienie rezerwy po usunięciu zlecenia 2"
"1239","50","2","","ZwrotRezerwy","16","28.08.2026 18:18:45","Zwolnienie rezerwy po usunięciu zlecenia 2"
"1240","51","2","","ZwrotRezerwy","18","28.08.2026 18:18:45","Zwolnienie rezerwy po usunięciu zlecenia 2"
"1241","52","2","","ZwrotRezerwy","14","28.08.2026 18:18:45","Zwolnienie rezerwy po usunięciu zlecenia 2"
"1242","48","2","","ZwrotRezerwy","14","28.08.2026 18:18:45","Zwolnienie rezerwy po usunięciu zlecenia 2"
"1243","53","2","","ZwrotRezerwy","6","28.08.2026 18:18:45","Zwolnienie rezerwy po usunięciu zlecenia 2"
"1244","1","1","","ZwrotRezerwy","3","28.08.2026 18:18:47","Zwolnienie rezerwy po usunięciu zlecenia 1"
"1245","38","1","","ZwrotRezerwy","0","28.08.2026 18:18:47","Zwolnienie rezerwy po usunięciu zlecenia 1"
"1246","49","1","","ZwrotRezerwy","57","28.08.2026 18:18:47","Zwolnienie rezerwy po usunięciu zlecenia 1"
"1247","27","1","","ZwrotRezerwy","18","28.08.2026 18:18:47","Zwolnienie rezerwy po usunięciu zlecenia 1"
"1248","50","1","","ZwrotRezerwy","18","28.08.2026 18:18:47","Zwolnienie rezerwy po usunięciu zlecenia 1"
"1249","51","1","","ZwrotRezerwy","18","28.08.2026 18:18:47","Zwolnienie rezerwy po usunięciu zlecenia 1"
"1250","52","1","","ZwrotRezerwy","27","28.08.2026 18:18:47","Zwolnienie rezerwy po usunięciu zlecenia 1"
"1251","48","1","","ZwrotRezerwy","12","28.08.2026 18:18:47","Zwolnienie rezerwy po usunięciu zlecenia 1"
"1252","53","1","","ZwrotRezerwy","9","28.08.2026 18:18:47","Zwolnienie rezerwy po usunięciu zlecenia 1"
"2146","1","1","","Rezerwacja","-3","28.08.2026 20:19:06","Rezerwacja dla zlecenia 1"
"2147","38","1","","Rezerwacja","0","28.08.2026 20:19:06","Rezerwacja dla zlecenia 1"
"2148","49","1","","Rezerwacja","-57","28.08.2026 20:19:06","Rezerwacja dla zlecenia 1"
"2149","27","1","","Rezerwacja","-18","28.08.2026 20:19:06","Rezerwacja dla zlecenia 1"
"2150","50","1","","Rezerwacja","-18","28.08.2026 20:19:06","Rezerwacja dla zlecenia 1"
"2151","51","1","","Rezerwacja","-18","28.08.2026 20:19:06","Rezerwacja dla zlecenia 1"
"2152","52","1","","Rezerwacja","-27","28.08.2026 20:19:06","Rezerwacja dla zlecenia 1"
"2153","48","1","","Rezerwacja","-12","28.08.2026 20:19:06","Rezerwacja dla zlecenia 1"
"2154","53","1","","Rezerwacja","-9","28.08.2026 20:19:06","Rezerwacja dla zlecenia 1"
"2155","1","1","","Zuzycie","-1","28.08.2026 20:20:56","Zużycie na stanowisku 1"
"2156","38","1","","Zuzycie","0","28.08.2026 20:20:56","Zużycie na stanowisku 1"
"2157","49","1","","Zuzycie","-19","28.08.2026 20:20:56","Zużycie na stanowisku 1"
"2158","1","1","","Zuzycie","-1","28.08.2026 20:21:25","Zużycie na stanowisku 1"
"2159","38","1","","Zuzycie","0","28.08.2026 20:21:25","Zużycie na stanowisku 1"
"2160","49","1","","Zuzycie","-19","28.08.2026 20:21:25","Zużycie na stanowisku 1"
"2161","27","1","","Zuzycie","-6","28.08.2026 20:21:28","Zużycie na stanowisku 2"
"2162","50","1","","Zuzycie","-6","28.08.2026 20:21:28","Zużycie na stanowisku 2"
"2163","51","1","","Zuzycie","-6","28.08.2026 20:21:28","Zużycie na stanowisku 2"
"2164","27","1","","Zuzycie","-6","28.08.2026 20:21:52","Zużycie na stanowisku 2"
"2165","50","1","","Zuzycie","-6","28.08.2026 20:21:52","Zużycie na stanowisku 2"
"2166","51","1","","Zuzycie","-6","28.08.2026 20:21:52","Zużycie na stanowisku 2"
"2167","52","1","","Zuzycie","-9","28.08.2026 20:21:54","Zużycie na stanowisku 3"
"2168","48","1","","Zuzycie","-4","28.08.2026 20:21:54","Zużycie na stanowisku 3"
"2169","53","1","","Zuzycie","-3","28.08.2026 20:21:54","Zużycie na stanowisku 3"
"2170","1","1","","Zuzycie","-1","28.08.2026 20:22:01","Zużycie na stanowisku 1"
"2171","38","1","","Zuzycie","0","28.08.2026 20:22:01","Zużycie na stanowisku 1"
"2172","49","1","","Zuzycie","-19","28.08.2026 20:22:01","Zużycie na stanowisku 1"
"2173","52","1","","Zuzycie","-9","28.08.2026 20:22:22","Zużycie na stanowisku 3"
"2174","48","1","","Zuzycie","-4","28.08.2026 20:22:22","Zużycie na stanowisku 3"
"2175","53","1","","Zuzycie","-3","28.08.2026 20:22:22","Zużycie na stanowisku 3"
"2176","1","1","","Zuzycie","-1","28.08.2026 20:22:40","Zużycie na stanowisku 1"
"2177","38","1","","Zuzycie","0","28.08.2026 20:22:40","Zużycie na stanowisku 1"
"2178","49","1","","Zuzycie","-19","28.08.2026 20:22:40","Zużycie na stanowisku 1"
"2179","27","1","","Zuzycie","-6","28.08.2026 20:23:10","Zużycie na stanowisku 2"
"2180","50","1","","Zuzycie","-6","28.08.2026 20:23:10","Zużycie na stanowisku 2"
"2181","51","1","","Zuzycie","-6","28.08.2026 20:23:10","Zużycie na stanowisku 2"
"2182","1","1","","Zuzycie","-1","28.08.2026 20:23:17","Zużycie na stanowisku 1"
"2183","38","1","","Zuzycie","0","28.08.2026 20:23:17","Zużycie na stanowisku 1"
"2184","49","1","","Zuzycie","-19","28.08.2026 20:23:17","Zużycie na stanowisku 1"
"2185","1","1","","Zuzycie","-1","28.08.2026 20:28:58","Zużycie na stanowisku 1"
"2186","38","1","","Zuzycie","0","28.08.2026 20:28:58","Zużycie na stanowisku 1"
"2187","49","1","","Zuzycie","-19","28.08.2026 20:28:58","Zużycie na stanowisku 1"
"2188","27","1","","Zuzycie","-6","28.08.2026 20:29:28","Zużycie na stanowisku 2"
"2189","50","1","","Zuzycie","-6","28.08.2026 20:29:28","Zużycie na stanowisku 2"
"2190","51","1","","Zuzycie","-6","28.08.2026 20:29:28","Zużycie na stanowisku 2"
"2191","1","1","","Zuzycie","-1","28.08.2026 20:29:33","Zużycie na stanowisku 1"
"2192","38","1","","Zuzycie","0","28.08.2026 20:29:33","Zużycie na stanowisku 1"
"2193","49","1","","Zuzycie","-19","28.08.2026 20:29:33","Zużycie na stanowisku 1"
"2194","52","1","","Zuzycie","-9","28.08.2026 20:29:59","Zużycie na stanowisku 3"
"2195","48","1","","Zuzycie","-4","28.08.2026 20:29:59","Zużycie na stanowisku 3"
"2196","53","1","","Zuzycie","-3","28.08.2026 20:29:59","Zużycie na stanowisku 3"
"2197","27","1","","Zuzycie","-6","28.08.2026 20:30:07","Zużycie na stanowisku 2"
"2198","50","1","","Zuzycie","-6","28.08.2026 20:30:07","Zużycie na stanowisku 2"
"2199","51","1","","Zuzycie","-6","28.08.2026 20:30:07","Zużycie na stanowisku 2"
"2200","1","1","","Zuzycie","-1","28.08.2026 20:30:07","Zużycie na stanowisku 1"
"2201","38","1","","Zuzycie","0","28.08.2026 20:30:07","Zużycie na stanowisku 1"
"2202","49","1","","Zuzycie","-19","28.08.2026 20:30:07","Zużycie na stanowisku 1"
"2203","1","1","","Zuzycie","-1","28.08.2026 20:36:23","Zużycie na stanowisku 1"
"2204","38","1","","Zuzycie","0","28.08.2026 20:36:23","Zużycie na stanowisku 1"
"2205","49","1","","Zuzycie","-19","28.08.2026 20:36:23","Zużycie na stanowisku 1"
"2206","1","1","","Zuzycie","-1","28.08.2026 20:36:48","Zużycie na stanowisku 1"
"2207","38","1","","Zuzycie","0","28.08.2026 20:36:48","Zużycie na stanowisku 1"
"2208","49","1","","Zuzycie","-19","28.08.2026 20:36:48","Zużycie na stanowisku 1"
"2209","27","1","","Zuzycie","-6","28.08.2026 20:36:54","Zużycie na stanowisku 2"
"2210","50","1","","Zuzycie","-6","28.08.2026 20:36:54","Zużycie na stanowisku 2"
"2211","51","1","","Zuzycie","-6","28.08.2026 20:36:54","Zużycie na stanowisku 2"
"2212","52","1","","Zuzycie","-9","28.08.2026 20:37:19","Zużycie na stanowisku 3"
"2213","48","1","","Zuzycie","-4","28.08.2026 20:37:19","Zużycie na stanowisku 3"
"2214","53","1","","Zuzycie","-3","28.08.2026 20:37:19","Zużycie na stanowisku 3"
"2215","27","1","","Zuzycie","-6","28.08.2026 20:37:22","Zużycie na stanowisku 2"
"2216","50","1","","Zuzycie","-6","28.08.2026 20:37:22","Zużycie na stanowisku 2"
"2217","51","1","","Zuzycie","-6","28.08.2026 20:37:22","Zużycie na stanowisku 2"
"2218","1","1","","Zuzycie","-1","28.08.2026 20:37:31","Zużycie na stanowisku 1"
"2219","38","1","","Zuzycie","0","28.08.2026 20:37:31","Zużycie na stanowisku 1"
"2220","49","1","","Zuzycie","-19","28.08.2026 20:37:31","Zużycie na stanowisku 1"
"2221","52","1","","Zuzycie","-9","28.08.2026 20:37:55","Zużycie na stanowisku 3"
"2222","48","1","","Zuzycie","-4","28.08.2026 20:37:55","Zużycie na stanowisku 3"
"2223","53","1","","Zuzycie","-3","28.08.2026 20:37:55","Zużycie na stanowisku 3"
"2224","1","1","","Zuzycie","-1","28.08.2026 20:37:59","Zużycie na stanowisku 1"
"2225","38","1","","Zuzycie","0","28.08.2026 20:37:59","Zużycie na stanowisku 1"
"2226","49","1","","Zuzycie","-19","28.08.2026 20:37:59","Zużycie na stanowisku 1"
"2227","27","1","","Zuzycie","-6","28.08.2026 20:38:01","Zużycie na stanowisku 2"
"2228","50","1","","Zuzycie","-6","28.08.2026 20:38:01","Zużycie na stanowisku 2"
"2229","51","1","","Zuzycie","-6","28.08.2026 20:38:01","Zużycie na stanowisku 2"
"2230","1","","","ResetMagazynu","5","28.08.2026 21:24:35","Reset do stanu bazowego 15.07.2025"
"2231","27","","","ResetMagazynu","40","28.08.2026 21:24:35","Reset do stanu bazowego 15.07.2025"
"2232","38","","","ResetMagazynu","10","28.08.2026 21:24:35","Reset do stanu bazowego 15.07.2025"
"2233","48","","","ResetMagazynu","20","28.08.2026 21:24:35","Reset do stanu bazowego 15.07.2025"
"2234","49","","","ResetMagazynu","70","28.08.2026 21:24:35","Reset do stanu bazowego 15.07.2025"
"2235","50","","","ResetMagazynu","20","28.08.2026 21:24:35","Reset do stanu bazowego 15.07.2025"
"2236","51","","","ResetMagazynu","20","28.08.2026 21:24:35","Reset do stanu bazowego 15.07.2025"
"2237","52","","","ResetMagazynu","50","28.08.2026 21:24:35","Reset do stanu bazowego 15.07.2025"
"2238","53","","","ResetMagazynu","15","28.08.2026 21:24:35","Reset do stanu bazowego 15.07.2025"
"2239","1","1","","Rezerwacja","-1","28.08.2026 21:24:44","Rezerwacja dla zlecenia 1"
"2240","38","1","","Rezerwacja","0","28.08.2026 21:24:44","Rezerwacja dla zlecenia 1"
"2241","49","1","","Rezerwacja","-8","28.08.2026 21:24:44","Rezerwacja dla zlecenia 1"
"2242","27","1","","Rezerwacja","-6","28.08.2026 21:24:44","Rezerwacja dla zlecenia 1"
"2243","50","1","","Rezerwacja","-8","28.08.2026 21:24:44","Rezerwacja dla zlecenia 1"
"2244","51","1","","Rezerwacja","-9","28.08.2026 21:24:44","Rezerwacja dla zlecenia 1"
"2245","52","1","","Rezerwacja","-7","28.08.2026 21:24:44","Rezerwacja dla zlecenia 1"
"2246","48","1","","Rezerwacja","-7","28.08.2026 21:24:44","Rezerwacja dla zlecenia 1"
"2247","53","1","","Rezerwacja","-3","28.08.2026 21:24:44","Rezerwacja dla zlecenia 1"
"2248","1","1","","Rezerwacja","-1","28.08.2026 23:19:11","Rezerwacja dla zlecenia 1"
"2249","38","1","","Rezerwacja","0","28.08.2026 23:19:11","Rezerwacja dla zlecenia 1"
"2250","49","1","","Rezerwacja","-19","28.08.2026 23:19:11","Rezerwacja dla zlecenia 1"
"2251","27","1","","Rezerwacja","-6","28.08.2026 23:19:11","Rezerwacja dla zlecenia 1"
"2252","50","1","","Rezerwacja","-6","28.08.2026 23:19:11","Rezerwacja dla zlecenia 1"
"2253","51","1","","Rezerwacja","-6","28.08.2026 23:19:11","Rezerwacja dla zlecenia 1"
"2254","52","1","","Rezerwacja","-9","28.08.2026 23:19:11","Rezerwacja dla zlecenia 1"
"2255","48","1","","Rezerwacja","-4","28.08.2026 23:19:11","Rezerwacja dla zlecenia 1"
"2256","53","1","","Rezerwacja","-3","28.08.2026 23:19:11","Rezerwacja dla zlecenia 1"
"2257","1","1","","Rezerwacja","0","29.08.2026 00:36:36","Rezerwacja dla zlecenia 1"
"2258","38","1","","Rezerwacja","-4","29.08.2026 00:36:36","Rezerwacja dla zlecenia 1"
"2259","49","1","","Rezerwacja","-28","29.08.2026 00:36:36","Rezerwacja dla zlecenia 1"
"2260","27","1","","Rezerwacja","-8","29.08.2026 00:36:36","Rezerwacja dla zlecenia 1"
"2261","50","1","","Rezerwacja","-8","29.08.2026 00:36:36","Rezerwacja dla zlecenia 1"
"2262","51","1","","Rezerwacja","-16","29.08.2026 00:36:36","Rezerwacja dla zlecenia 1"
"2263","52","1","","Rezerwacja","-32","29.08.2026 00:36:36","Rezerwacja dla zlecenia 1"
"2264","48","1","","Rezerwacja","-12","29.08.2026 00:36:36","Rezerwacja dla zlecenia 1"
"2265","53","1","","Rezerwacja","-12","29.08.2026 00:36:36","Rezerwacja dla zlecenia 1"
"2266","1","1","","ZwrotRezerwy","0","29.08.2026 00:39:46","Zwolnienie rezerwy po usunięciu zlecenia 1"
"2267","38","1","","ZwrotRezerwy","4","29.08.2026 00:39:46","Zwolnienie rezerwy po usunięciu zlecenia 1"
"2268","49","1","","ZwrotRezerwy","28","29.08.2026 00:39:46","Zwolnienie rezerwy po usunięciu zlecenia 1"
"2269","27","1","","ZwrotRezerwy","8","29.08.2026 00:39:46","Zwolnienie rezerwy po usunięciu zlecenia 1"
"2270","50","1","","ZwrotRezerwy","8","29.08.2026 00:39:46","Zwolnienie rezerwy po usunięciu zlecenia 1"
"2271","51","1","","ZwrotRezerwy","16","29.08.2026 00:39:46","Zwolnienie rezerwy po usunięciu zlecenia 1"
"2272","52","1","","ZwrotRezerwy","32","29.08.2026 00:39:46","Zwolnienie rezerwy po usunięciu zlecenia 1"
"2273","48","1","","ZwrotRezerwy","12","29.08.2026 00:39:46","Zwolnienie rezerwy po usunięciu zlecenia 1"
"2274","53","1","","ZwrotRezerwy","12","29.08.2026 00:39:46","Zwolnienie rezerwy po usunięciu zlecenia 1"
"2275","1","","","ResetMagazynu","5","29.08.2026 00:47:08","Reset do stanu bazowego 15.07.2025"
"2276","27","","","ResetMagazynu","40","29.08.2026 00:47:08","Reset do stanu bazowego 15.07.2025"
"2277","38","","","ResetMagazynu","10","29.08.2026 00:47:08","Reset do stanu bazowego 15.07.2025"
"2278","48","","","ResetMagazynu","20","29.08.2026 00:47:08","Reset do stanu bazowego 15.07.2025"
"2279","49","","","ResetMagazynu","70","29.08.2026 00:47:08","Reset do stanu bazowego 15.07.2025"
"2280","50","","","ResetMagazynu","20","29.08.2026 00:47:08","Reset do stanu bazowego 15.07.2025"
"2281","51","","","ResetMagazynu","20","29.08.2026 00:47:08","Reset do stanu bazowego 15.07.2025"
"2282","52","","","ResetMagazynu","50","29.08.2026 00:47:08","Reset do stanu bazowego 15.07.2025"
"2283","53","","","ResetMagazynu","15","29.08.2026 00:47:08","Reset do stanu bazowego 15.07.2025"
"2284","1","1","","Rezerwacja","-2","29.08.2026 00:47:24","Rezerwacja dla zlecenia 1"
"2285","38","1","","Rezerwacja","0","29.08.2026 00:47:24","Rezerwacja dla zlecenia 1"
"2286","49","1","","Rezerwacja","-16","29.08.2026 00:47:24","Rezerwacja dla zlecenia 1"
"2287","27","1","","Rezerwacja","-12","29.08.2026 00:47:24","Rezerwacja dla zlecenia 1"
"2288","50","1","","Rezerwacja","-16","29.08.2026 00:47:24","Rezerwacja dla zlecenia 1"
"2289","51","1","","Rezerwacja","-18","29.08.2026 00:47:24","Rezerwacja dla zlecenia 1"
"2290","52","1","","Rezerwacja","-14","29.08.2026 00:47:24","Rezerwacja dla zlecenia 1"
"2291","48","1","","Rezerwacja","-14","29.08.2026 00:47:24","Rezerwacja dla zlecenia 1"
"2292","53","1","","Rezerwacja","-6","29.08.2026 00:47:24","Rezerwacja dla zlecenia 1"
"2293","1","1","","ZwrotRezerwy","2","29.08.2026 00:49:00","Zwolnienie rezerwy po usunięciu zlecenia 1"
"2294","38","1","","ZwrotRezerwy","0","29.08.2026 00:49:00","Zwolnienie rezerwy po usunięciu zlecenia 1"
"2295","49","1","","ZwrotRezerwy","16","29.08.2026 00:49:00","Zwolnienie rezerwy po usunięciu zlecenia 1"
"2296","27","1","","ZwrotRezerwy","12","29.08.2026 00:49:00","Zwolnienie rezerwy po usunięciu zlecenia 1"
"2297","50","1","","ZwrotRezerwy","16","29.08.2026 00:49:00","Zwolnienie rezerwy po usunięciu zlecenia 1"
"2298","51","1","","ZwrotRezerwy","18","29.08.2026 00:49:00","Zwolnienie rezerwy po usunięciu zlecenia 1"
"2299","52","1","","ZwrotRezerwy","14","29.08.2026 00:49:00","Zwolnienie rezerwy po usunięciu zlecenia 1"
"2300","48","1","","ZwrotRezerwy","14","29.08.2026 00:49:00","Zwolnienie rezerwy po usunięciu zlecenia 1"
"2301","53","1","","ZwrotRezerwy","6","29.08.2026 00:49:00","Zwolnienie rezerwy po usunięciu zlecenia 1"
"2302","1","","","ResetMagazynu","5","29.08.2026 00:49:05","Reset do stanu bazowego 15.07.2025"
"2303","27","","","ResetMagazynu","40","29.08.2026 00:49:05","Reset do stanu bazowego 15.07.2025"
"2304","38","","","ResetMagazynu","10","29.08.2026 00:49:05","Reset do stanu bazowego 15.07.2025"
"2305","48","","","ResetMagazynu","20","29.08.2026 00:49:05","Reset do stanu bazowego 15.07.2025"
"2306","49","","","ResetMagazynu","70","29.08.2026 00:49:05","Reset do stanu bazowego 15.07.2025"
"2307","50","","","ResetMagazynu","20","29.08.2026 00:49:05","Reset do stanu bazowego 15.07.2025"
"2308","51","","","ResetMagazynu","20","29.08.2026 00:49:05","Reset do stanu bazowego 15.07.2025"
"2309","52","","","ResetMagazynu","50","29.08.2026 00:49:05","Reset do stanu bazowego 15.07.2025"
"2310","53","","","ResetMagazynu","15","29.08.2026 00:49:05","Reset do stanu bazowego 15.07.2025"
"2311","1","1","","Rezerwacja","-3","29.08.2026 00:50:52","Rezerwacja dla zlecenia 1"
"2312","38","1","","Rezerwacja","0","29.08.2026 00:50:52","Rezerwacja dla zlecenia 1"
"2313","49","1","","Rezerwacja","-42","29.08.2026 00:50:52","Rezerwacja dla zlecenia 1"
"2314","27","1","","Rezerwacja","-12","29.08.2026 00:50:52","Rezerwacja dla zlecenia 1"
"2315","50","1","","Rezerwacja","-18","29.08.2026 00:50:52","Rezerwacja dla zlecenia 1"
"2316","51","1","","Rezerwacja","-12","29.08.2026 00:50:52","Rezerwacja dla zlecenia 1"
"2317","52","1","","Rezerwacja","-27","29.08.2026 00:50:52","Rezerwacja dla zlecenia 1"
"2318","48","1","","Rezerwacja","-18","29.08.2026 00:50:52","Rezerwacja dla zlecenia 1"
"2319","53","1","","Rezerwacja","-15","29.08.2026 00:50:52","Rezerwacja dla zlecenia 1"
"2320","1","1","","ZwrotRezerwy","3","29.08.2026 00:59:05","Zwolnienie rezerwy po usunięciu zlecenia 1"
"2321","38","1","","ZwrotRezerwy","0","29.08.2026 00:59:05","Zwolnienie rezerwy po usunięciu zlecenia 1"
"2322","49","1","","ZwrotRezerwy","42","29.08.2026 00:59:05","Zwolnienie rezerwy po usunięciu zlecenia 1"
"2323","27","1","","ZwrotRezerwy","12","29.08.2026 00:59:05","Zwolnienie rezerwy po usunięciu zlecenia 1"
"2324","50","1","","ZwrotRezerwy","18","29.08.2026 00:59:05","Zwolnienie rezerwy po usunięciu zlecenia 1"
"2325","51","1","","ZwrotRezerwy","12","29.08.2026 00:59:05","Zwolnienie rezerwy po usunięciu zlecenia 1"
"2326","52","1","","ZwrotRezerwy","27","29.08.2026 00:59:05","Zwolnienie rezerwy po usunięciu zlecenia 1"
"2327","48","1","","ZwrotRezerwy","18","29.08.2026 00:59:05","Zwolnienie rezerwy po usunięciu zlecenia 1"
"2328","53","1","","ZwrotRezerwy","15","29.08.2026 00:59:05","Zwolnienie rezerwy po usunięciu zlecenia 1"
"2329","1","","","ResetMagazynu","5","29.08.2026 00:59:13","Reset do stanu bazowego 15.07.2025"
"2330","27","","","ResetMagazynu","40","29.08.2026 00:59:13","Reset do stanu bazowego 15.07.2025"
"2331","38","","","ResetMagazynu","10","29.08.2026 00:59:13","Reset do stanu bazowego 15.07.2025"
"2332","48","","","ResetMagazynu","20","29.08.2026 00:59:13","Reset do stanu bazowego 15.07.2025"
"2333","49","","","ResetMagazynu","70","29.08.2026 00:59:13","Reset do stanu bazowego 15.07.2025"
"2334","50","","","ResetMagazynu","20","29.08.2026 00:59:13","Reset do stanu bazowego 15.07.2025"
"2335","51","","","ResetMagazynu","20","29.08.2026 00:59:13","Reset do stanu bazowego 15.07.2025"
"2336","52","","","ResetMagazynu","50","29.08.2026 00:59:13","Reset do stanu bazowego 15.07.2025"
"2337","53","","","ResetMagazynu","15","29.08.2026 00:59:13","Reset do stanu bazowego 15.07.2025"
"2338","1","1","","Rezerwacja","-2","29.08.2026 00:59:23","Rezerwacja dla zlecenia 1"
"2339","38","1","","Rezerwacja","0","29.08.2026 00:59:23","Rezerwacja dla zlecenia 1"
"2340","49","1","","Rezerwacja","-28","29.08.2026 00:59:23","Rezerwacja dla zlecenia 1"
"2341","27","1","","Rezerwacja","-8","29.08.2026 00:59:23","Rezerwacja dla zlecenia 1"
"2342","50","1","","Rezerwacja","-12","29.08.2026 00:59:23","Rezerwacja dla zlecenia 1"
"2343","51","1","","Rezerwacja","-8","29.08.2026 00:59:23","Rezerwacja dla zlecenia 1"
"2344","52","1","","Rezerwacja","-18","29.08.2026 00:59:23","Rezerwacja dla zlecenia 1"
"2345","48","1","","Rezerwacja","-12","29.08.2026 00:59:23","Rezerwacja dla zlecenia 1"
"2346","53","1","","Rezerwacja","-10","29.08.2026 00:59:23","Rezerwacja dla zlecenia 1"
"2347","1","2","","Rezerwacja","0","29.08.2026 01:16:14","Rezerwacja dla zlecenia 2"
"2348","38","2","","Rezerwacja","-2","29.08.2026 01:16:14","Rezerwacja dla zlecenia 2"
"2349","49","2","","Rezerwacja","-10","29.08.2026 01:16:14","Rezerwacja dla zlecenia 2"
"2350","27","2","","Rezerwacja","-4","29.08.2026 01:16:14","Rezerwacja dla zlecenia 2"
"2351","50","2","","Rezerwacja","-10","29.08.2026 01:16:14","Rezerwacja dla zlecenia 2"
"2352","51","2","","Rezerwacja","-4","29.08.2026 01:16:14","Rezerwacja dla zlecenia 2"
"2353","52","2","","Rezerwacja","-10","29.08.2026 01:16:14","Rezerwacja dla zlecenia 2"
"2354","48","2","","Rezerwacja","-8","29.08.2026 01:16:14","Rezerwacja dla zlecenia 2"
"2355","53","2","","Rezerwacja","-8","29.08.2026 01:16:14","Rezerwacja dla zlecenia 2"
"2356","1","3","","Rezerwacja","-1","29.08.2026 01:16:34","Rezerwacja dla zlecenia 3"
"2357","38","3","","Rezerwacja","0","29.08.2026 01:16:34","Rezerwacja dla zlecenia 3"
"2358","49","3","","Rezerwacja","-14","29.08.2026 01:16:34","Rezerwacja dla zlecenia 3"
"2359","27","3","","Rezerwacja","-4","29.08.2026 01:16:34","Rezerwacja dla zlecenia 3"
"2360","50","3","","Rezerwacja","-6","29.08.2026 01:16:34","Rezerwacja dla zlecenia 3"
"2361","51","3","","Rezerwacja","-4","29.08.2026 01:16:34","Rezerwacja dla zlecenia 3"
"2362","52","3","","Rezerwacja","-9","29.08.2026 01:16:34","Rezerwacja dla zlecenia 3"
"2363","48","3","","Rezerwacja","-6","29.08.2026 01:16:34","Rezerwacja dla zlecenia 3"
"2364","53","3","","Rezerwacja","-5","29.08.2026 01:16:34","Rezerwacja dla zlecenia 3"
"2365","1","1","","Zuzycie","-1","29.08.2026 11:35:31","Zużycie na stanowisku 1"
"2366","38","1","","Zuzycie","0","29.08.2026 11:35:31","Zużycie na stanowisku 1"
"2367","49","1","","Zuzycie","-19","29.08.2026 11:35:31","Zużycie na stanowisku 1"
"2368","1","3","","Zuzycie","-1","29.08.2026 11:35:31","Zużycie na stanowisku 1"
"2369","38","3","","Zuzycie","0","29.08.2026 11:35:31","Zużycie na stanowisku 1"
"2370","49","3","","Zuzycie","-14","29.08.2026 11:35:31","Zużycie na stanowisku 1"
"2371","1","1","","Zuzycie","-1","29.08.2026 11:35:55","Zużycie na stanowisku 1"
"2372","38","1","","Zuzycie","0","29.08.2026 11:35:55","Zużycie na stanowisku 1"
"2373","49","1","","Zuzycie","-19","29.08.2026 11:35:55","Zużycie na stanowisku 1"
"2374","1","3","","Zuzycie","-1","29.08.2026 11:35:57","Zużycie na stanowisku 1"
"2375","38","3","","Zuzycie","0","29.08.2026 11:35:57","Zużycie na stanowisku 1"
"2376","49","3","","Zuzycie","-14","29.08.2026 11:35:57","Zużycie na stanowisku 1"
"2377","27","3","","Zuzycie","-4","29.08.2026 11:35:58","Zużycie na stanowisku 2"
"2378","50","3","","Zuzycie","-6","29.08.2026 11:35:58","Zużycie na stanowisku 2"
"2379","51","3","","Zuzycie","-4","29.08.2026 11:35:58","Zużycie na stanowisku 2"
"2380","27","1","","Zuzycie","-6","29.08.2026 11:36:05","Zużycie na stanowisku 2"
"2381","50","1","","Zuzycie","-6","29.08.2026 11:36:05","Zużycie na stanowisku 2"
"2382","51","1","","Zuzycie","-6","29.08.2026 11:36:05","Zużycie na stanowisku 2"
"2383","52","3","","Zuzycie","-9","29.08.2026 11:36:26","Zużycie na stanowisku 3"
"2384","48","3","","Zuzycie","-6","29.08.2026 11:36:26","Zużycie na stanowisku 3"
"2385","53","3","","Zuzycie","-5","29.08.2026 11:36:26","Zużycie na stanowisku 3"
"2386","27","1","","Zuzycie","-6","29.08.2026 11:36:27","Zużycie na stanowisku 2"
"2387","50","1","","Zuzycie","-6","29.08.2026 11:36:27","Zużycie na stanowisku 2"
"2388","51","1","","Zuzycie","-6","29.08.2026 11:36:27","Zużycie na stanowisku 2"
"2389","27","3","","Zuzycie","-4","29.08.2026 11:36:30","Zużycie na stanowisku 2"
"2390","50","3","","Zuzycie","-6","29.08.2026 11:36:30","Zużycie na stanowisku 2"
"2391","51","3","","Zuzycie","-4","29.08.2026 11:36:30","Zużycie na stanowisku 2"
"2392","1","1","","Zuzycie","-1","29.08.2026 11:36:31","Zużycie na stanowisku 1"
"2393","38","1","","Zuzycie","0","29.08.2026 11:36:31","Zużycie na stanowisku 1"
"2394","49","1","","Zuzycie","-19","29.08.2026 11:36:31","Zużycie na stanowisku 1"
"2395","52","1","","Zuzycie","-9","29.08.2026 11:36:31","Zużycie na stanowisku 3"
"2396","48","1","","Zuzycie","-4","29.08.2026 11:36:31","Zużycie na stanowisku 3"
"2397","53","1","","Zuzycie","-3","29.08.2026 11:36:31","Zużycie na stanowisku 3"
"2398","1","3","","Zuzycie","-1","29.08.2026 11:36:34","Zużycie na stanowisku 1"
"2399","38","3","","Zuzycie","0","29.08.2026 11:36:34","Zużycie na stanowisku 1"
"2400","49","3","","Zuzycie","-14","29.08.2026 11:36:34","Zużycie na stanowisku 1"
"2401","27","1","","Zuzycie","-6","29.08.2026 11:36:56","Zużycie na stanowisku 2"
"2402","50","1","","Zuzycie","-6","29.08.2026 11:36:56","Zużycie na stanowisku 2"
"2403","51","1","","Zuzycie","-6","29.08.2026 11:36:56","Zużycie na stanowisku 2"
"2404","1","3","","Zuzycie","-1","29.08.2026 11:37:00","Zużycie na stanowisku 1"
"2405","38","3","","Zuzycie","0","29.08.2026 11:37:00","Zużycie na stanowisku 1"
"2406","49","3","","Zuzycie","-14","29.08.2026 11:37:00","Zużycie na stanowisku 1"
"2407","52","3","","Zuzycie","-9","29.08.2026 11:37:00","Zużycie na stanowisku 3"
"2408","48","3","","Zuzycie","-6","29.08.2026 11:37:00","Zużycie na stanowisku 3"
"2409","53","3","","Zuzycie","-5","29.08.2026 11:37:00","Zużycie na stanowisku 3"
"2410","52","1","","Zuzycie","-9","29.08.2026 11:37:02","Zużycie na stanowisku 3"
"2411","48","1","","Zuzycie","-4","29.08.2026 11:37:02","Zużycie na stanowisku 3"
"2412","53","1","","Zuzycie","-3","29.08.2026 11:37:02","Zużycie na stanowisku 3"
"2413","1","1","","Zuzycie","-1","29.08.2026 11:37:02","Zużycie na stanowisku 1"
"2414","38","1","","Zuzycie","0","29.08.2026 11:37:02","Zużycie na stanowisku 1"
"2415","49","1","","Zuzycie","-19","29.08.2026 11:37:02","Zużycie na stanowisku 1"
"2416","27","3","","Zuzycie","-4","29.08.2026 11:37:04","Zużycie na stanowisku 2"
"2417","50","3","","Zuzycie","-6","29.08.2026 11:37:04","Zużycie na stanowisku 2"
"2418","51","3","","Zuzycie","-4","29.08.2026 11:37:04","Zużycie na stanowisku 2"
"2419","52","1","","Zuzycie","-9","29.08.2026 11:37:28","Zużycie na stanowisku 3"
"2420","48","1","","Zuzycie","-4","29.08.2026 11:37:28","Zużycie na stanowisku 3"
"2421","53","1","","Zuzycie","-3","29.08.2026 11:37:28","Zużycie na stanowisku 3"
"2422","1","2","","Zuzycie","0","29.08.2026 11:37:34","Zużycie na stanowisku 1"
"2423","38","2","","Zuzycie","-1","29.08.2026 11:37:34","Zużycie na stanowisku 1"
"2424","49","2","","Zuzycie","-5","29.08.2026 11:37:34","Zużycie na stanowisku 1"
"2425","1","1","","Zuzycie","-1","29.08.2026 11:37:35","Zużycie na stanowisku 1"
"2426","38","1","","Zuzycie","0","29.08.2026 11:37:35","Zużycie na stanowisku 1"
"2427","49","1","","Zuzycie","-19","29.08.2026 11:37:35","Zużycie na stanowisku 1"
"2428","27","1","","Zuzycie","-6","29.08.2026 11:37:36","Zużycie na stanowisku 2"
"2429","50","1","","Zuzycie","-6","29.08.2026 11:37:36","Zużycie na stanowisku 2"
"2430","51","1","","Zuzycie","-6","29.08.2026 11:37:36","Zużycie na stanowisku 2"
"2431","27","1","","Zuzycie","-6","29.08.2026 11:38:02","Zużycie na stanowisku 2"
"2432","50","1","","Zuzycie","-6","29.08.2026 11:38:02","Zużycie na stanowisku 2"
"2433","51","1","","Zuzycie","-6","29.08.2026 11:38:02","Zużycie na stanowisku 2"
"2434","27","2","","Zuzycie","-2","29.08.2026 11:38:06","Zużycie na stanowisku 2"
"2435","50","2","","Zuzycie","-5","29.08.2026 11:38:06","Zużycie na stanowisku 2"
"2436","51","2","","Zuzycie","-2","29.08.2026 11:38:06","Zużycie na stanowisku 2"
"2437","52","1","","Zuzycie","-9","29.08.2026 11:38:09","Zużycie na stanowisku 3"
"2438","48","1","","Zuzycie","-4","29.08.2026 11:38:09","Zużycie na stanowisku 3"
"2439","53","1","","Zuzycie","-3","29.08.2026 11:38:09","Zużycie na stanowisku 3"
"2440","1","2","","Zuzycie","0","29.08.2026 11:38:12","Zużycie na stanowisku 1"
"2441","38","2","","Zuzycie","-1","29.08.2026 11:38:12","Zużycie na stanowisku 1"
"2442","49","2","","Zuzycie","-5","29.08.2026 11:38:12","Zużycie na stanowisku 1"
"2443","1","1","","Zuzycie","-1","29.08.2026 11:38:13","Zużycie na stanowisku 1"
"2444","38","1","","Zuzycie","0","29.08.2026 11:38:13","Zużycie na stanowisku 1"
"2445","49","1","","Zuzycie","-19","29.08.2026 11:38:13","Zużycie na stanowisku 1"
"2446","52","2","","Zuzycie","-5","29.08.2026 11:38:33","Zużycie na stanowisku 3"
"2447","48","2","","Zuzycie","-4","29.08.2026 11:38:33","Zużycie na stanowisku 3"
"2448","53","2","","Zuzycie","-4","29.08.2026 11:38:33","Zużycie na stanowisku 3"
"2449","52","1","","Zuzycie","-9","29.08.2026 11:38:34","Zużycie na stanowisku 3"
"2450","48","1","","Zuzycie","-4","29.08.2026 11:38:34","Zużycie na stanowisku 3"
"2451","53","1","","Zuzycie","-3","29.08.2026 11:38:34","Zużycie na stanowisku 3"
"2452","27","2","","Zuzycie","-2","29.08.2026 11:38:46","Zużycie na stanowisku 2"
"2453","50","2","","Zuzycie","-5","29.08.2026 11:38:46","Zużycie na stanowisku 2"
"2454","51","2","","Zuzycie","-2","29.08.2026 11:38:46","Zużycie na stanowisku 2"
"2455","1","2","","Zuzycie","0","29.08.2026 11:38:50","Zużycie na stanowisku 1"
"2456","38","2","","Zuzycie","-1","29.08.2026 11:38:50","Zużycie na stanowisku 1"
"2457","49","2","","Zuzycie","-5","29.08.2026 11:38:50","Zużycie na stanowisku 1"
"2458","52","2","","Zuzycie","-5","29.08.2026 11:39:13","Zużycie na stanowisku 3"
"2459","48","2","","Zuzycie","-4","29.08.2026 11:39:13","Zużycie na stanowisku 3"
"2460","53","2","","Zuzycie","-4","29.08.2026 11:39:13","Zużycie na stanowisku 3"
"2461","27","2","","Zuzycie","-2","29.08.2026 11:39:20","Zużycie na stanowisku 2"
"2462","50","2","","Zuzycie","-5","29.08.2026 11:39:20","Zużycie na stanowisku 2"
"2463","51","2","","Zuzycie","-2","29.08.2026 11:39:20","Zużycie na stanowisku 2"
"2464","1","2","","Zuzycie","0","29.08.2026 11:39:22","Zużycie na stanowisku 1"
"2465","38","2","","Zuzycie","-1","29.08.2026 11:39:22","Zużycie na stanowisku 1"
"2466","49","2","","Zuzycie","-5","29.08.2026 11:39:22","Zużycie na stanowisku 1"
"2467","52","2","","Zuzycie","-5","29.08.2026 11:39:47","Zużycie na stanowisku 3"
"2468","48","2","","Zuzycie","-4","29.08.2026 11:39:47","Zużycie na stanowisku 3"
"2469","53","2","","Zuzycie","-4","29.08.2026 11:39:47","Zużycie na stanowisku 3"
"2470","27","2","","Zuzycie","-2","29.08.2026 11:39:48","Zużycie na stanowisku 2"
"2471","50","2","","Zuzycie","-5","29.08.2026 11:39:48","Zużycie na stanowisku 2"
"2472","51","2","","Zuzycie","-2","29.08.2026 11:39:48","Zużycie na stanowisku 2"
"2473","1","2","","Zuzycie","0","29.08.2026 11:39:57","Zużycie na stanowisku 1"
"2474","38","2","","Zuzycie","-1","29.08.2026 11:39:57","Zużycie na stanowisku 1"
"2475","49","2","","Zuzycie","-5","29.08.2026 11:39:57","Zużycie na stanowisku 1"
"2476","1","","","ResetMagazynu","5","29.08.2026 11:46:58","Reset do stanu bazowego 15.07.2025"
"2477","27","","","ResetMagazynu","40","29.08.2026 11:46:58","Reset do stanu bazowego 15.07.2025"
"2478","38","","","ResetMagazynu","10","29.08.2026 11:46:58","Reset do stanu bazowego 15.07.2025"
"2479","48","","","ResetMagazynu","20","29.08.2026 11:46:58","Reset do stanu bazowego 15.07.2025"
"2480","49","","","ResetMagazynu","70","29.08.2026 11:46:58","Reset do stanu bazowego 15.07.2025"
"2481","50","","","ResetMagazynu","20","29.08.2026 11:46:58","Reset do stanu bazowego 15.07.2025"
"2482","51","","","ResetMagazynu","20","29.08.2026 11:46:58","Reset do stanu bazowego 15.07.2025"
"2483","52","","","ResetMagazynu","50","29.08.2026 11:46:58","Reset do stanu bazowego 15.07.2025"
"2484","53","","","ResetMagazynu","15","29.08.2026 11:46:58","Reset do stanu bazowego 15.07.2025"
"2485","1","","","ResetMagazynu","5","29.08.2026 11:56:58","Reset do stanu bazowego 15.07.2025"
"2486","27","","","ResetMagazynu","40","29.08.2026 11:56:58","Reset do stanu bazowego 15.07.2025"
"2487","38","","","ResetMagazynu","10","29.08.2026 11:56:58","Reset do stanu bazowego 15.07.2025"
"2488","48","","","ResetMagazynu","20","29.08.2026 11:56:58","Reset do stanu bazowego 15.07.2025"
"2489","49","","","ResetMagazynu","70","29.08.2026 11:56:58","Reset do stanu bazowego 15.07.2025"
"2490","50","","","ResetMagazynu","20","29.08.2026 11:56:58","Reset do stanu bazowego 15.07.2025"
"2491","51","","","ResetMagazynu","20","29.08.2026 11:56:58","Reset do stanu bazowego 15.07.2025"
"2492","52","","","ResetMagazynu","50","29.08.2026 11:56:58","Reset do stanu bazowego 15.07.2025"
"2493","53","","","ResetMagazynu","15","29.08.2026 11:56:58","Reset do stanu bazowego 15.07.2025"
"2494","1","1","","Rezerwacja","-1","29.08.2026 13:01:03","Rezerwacja dla zlecenia 1"
"2495","38","1","","Rezerwacja","0","29.08.2026 13:01:03","Rezerwacja dla zlecenia 1"
"2496","49","1","","Rezerwacja","-19","29.08.2026 13:01:03","Rezerwacja dla zlecenia 1"
"2497","27","1","","Rezerwacja","-6","29.08.2026 13:01:03","Rezerwacja dla zlecenia 1"
"2498","50","1","","Rezerwacja","-6","29.08.2026 13:01:03","Rezerwacja dla zlecenia 1"
"2499","51","1","","Rezerwacja","-6","29.08.2026 13:01:03","Rezerwacja dla zlecenia 1"
"2500","52","1","","Rezerwacja","-9","29.08.2026 13:01:03","Rezerwacja dla zlecenia 1"
"2501","48","1","","Rezerwacja","-4","29.08.2026 13:01:03","Rezerwacja dla zlecenia 1"
"2502","53","1","","Rezerwacja","-3","29.08.2026 13:01:03","Rezerwacja dla zlecenia 1"
"2503","1","1","","Rezerwacja","-1","29.08.2026 13:02:31","Rezerwacja dla zlecenia 1"
"2504","38","1","","Rezerwacja","0","29.08.2026 13:02:31","Rezerwacja dla zlecenia 1"
"2505","49","1","","Rezerwacja","-19","29.08.2026 13:02:31","Rezerwacja dla zlecenia 1"
"2506","27","1","","Rezerwacja","-6","29.08.2026 13:02:31","Rezerwacja dla zlecenia 1"
"2507","50","1","","Rezerwacja","-6","29.08.2026 13:02:31","Rezerwacja dla zlecenia 1"
"2508","51","1","","Rezerwacja","-6","29.08.2026 13:02:31","Rezerwacja dla zlecenia 1"
"2509","52","1","","Rezerwacja","-9","29.08.2026 13:02:31","Rezerwacja dla zlecenia 1"
"2510","48","1","","Rezerwacja","-4","29.08.2026 13:02:31","Rezerwacja dla zlecenia 1"
"2511","53","1","","Rezerwacja","-3","29.08.2026 13:02:31","Rezerwacja dla zlecenia 1"
"2512","1","1","","Rezerwacja","-2","29.08.2026 13:38:02","Rezerwacja dla zlecenia 1"
"2513","38","1","","Rezerwacja","0","29.08.2026 13:38:02","Rezerwacja dla zlecenia 1"
"2514","49","1","","Rezerwacja","-28","29.08.2026 13:38:02","Rezerwacja dla zlecenia 1"
"2515","27","1","","Rezerwacja","-8","29.08.2026 13:38:02","Rezerwacja dla zlecenia 1"
"2516","50","1","","Rezerwacja","-12","29.08.2026 13:38:02","Rezerwacja dla zlecenia 1"
"2517","51","1","","Rezerwacja","-8","29.08.2026 13:38:02","Rezerwacja dla zlecenia 1"
"2518","52","1","","Rezerwacja","-18","29.08.2026 13:38:02","Rezerwacja dla zlecenia 1"
"2519","48","1","","Rezerwacja","-12","29.08.2026 13:38:02","Rezerwacja dla zlecenia 1"
"2520","53","1","","Rezerwacja","-10","29.08.2026 13:38:02","Rezerwacja dla zlecenia 1"
"2521","1","1","","ZwrotRezerwy","2","29.08.2026 13:46:08","Zwolnienie rezerwy po usunięciu zlecenia 1"
"2522","38","1","","ZwrotRezerwy","0","29.08.2026 13:46:08","Zwolnienie rezerwy po usunięciu zlecenia 1"
"2523","49","1","","ZwrotRezerwy","28","29.08.2026 13:46:08","Zwolnienie rezerwy po usunięciu zlecenia 1"
"2524","27","1","","ZwrotRezerwy","8","29.08.2026 13:46:08","Zwolnienie rezerwy po usunięciu zlecenia 1"
"2525","50","1","","ZwrotRezerwy","12","29.08.2026 13:46:08","Zwolnienie rezerwy po usunięciu zlecenia 1"
"2526","51","1","","ZwrotRezerwy","8","29.08.2026 13:46:08","Zwolnienie rezerwy po usunięciu zlecenia 1"
"2527","52","1","","ZwrotRezerwy","18","29.08.2026 13:46:08","Zwolnienie rezerwy po usunięciu zlecenia 1"
"2528","48","1","","ZwrotRezerwy","12","29.08.2026 13:46:08","Zwolnienie rezerwy po usunięciu zlecenia 1"
"2529","53","1","","ZwrotRezerwy","10","29.08.2026 13:46:08","Zwolnienie rezerwy po usunięciu zlecenia 1"
"2530","1","2","","Rezerwacja","-3","29.08.2026 13:46:14","Rezerwacja dla zlecenia 2"
"2531","38","2","","Rezerwacja","0","29.08.2026 13:46:14","Rezerwacja dla zlecenia 2"
"2532","49","2","","Rezerwacja","-57","29.08.2026 13:46:14","Rezerwacja dla zlecenia 2"
"2533","27","2","","Rezerwacja","-18","29.08.2026 13:46:14","Rezerwacja dla zlecenia 2"
"2534","50","2","","Rezerwacja","-18","29.08.2026 13:46:14","Rezerwacja dla zlecenia 2"
"2535","51","2","","Rezerwacja","-18","29.08.2026 13:46:14","Rezerwacja dla zlecenia 2"
"2536","52","2","","Rezerwacja","-27","29.08.2026 13:46:14","Rezerwacja dla zlecenia 2"
"2537","48","2","","Rezerwacja","-12","29.08.2026 13:46:14","Rezerwacja dla zlecenia 2"
"2538","53","2","","Rezerwacja","-9","29.08.2026 13:46:14","Rezerwacja dla zlecenia 2"
"2539","1","2","","ZwrotRezerwy","3","29.08.2026 14:24:32","Zwolnienie rezerwy po usunięciu zlecenia 2"
"2540","38","2","","ZwrotRezerwy","0","29.08.2026 14:24:32","Zwolnienie rezerwy po usunięciu zlecenia 2"
"2541","49","2","","ZwrotRezerwy","57","29.08.2026 14:24:32","Zwolnienie rezerwy po usunięciu zlecenia 2"
"2542","27","2","","ZwrotRezerwy","18","29.08.2026 14:24:32","Zwolnienie rezerwy po usunięciu zlecenia 2"
"2543","50","2","","ZwrotRezerwy","18","29.08.2026 14:24:32","Zwolnienie rezerwy po usunięciu zlecenia 2"
"2544","51","2","","ZwrotRezerwy","18","29.08.2026 14:24:32","Zwolnienie rezerwy po usunięciu zlecenia 2"
"2545","52","2","","ZwrotRezerwy","27","29.08.2026 14:24:32","Zwolnienie rezerwy po usunięciu zlecenia 2"
"2546","48","2","","ZwrotRezerwy","12","29.08.2026 14:24:32","Zwolnienie rezerwy po usunięciu zlecenia 2"
"2547","53","2","","ZwrotRezerwy","9","29.08.2026 14:24:32","Zwolnienie rezerwy po usunięciu zlecenia 2"
"2548","1","","","ResetMagazynu","5","29.08.2026 14:25:32","Reset do stanu bazowego 15.07.2025"
"2549","27","","","ResetMagazynu","40","29.08.2026 14:25:32","Reset do stanu bazowego 15.07.2025"
"2550","38","","","ResetMagazynu","10","29.08.2026 14:25:32","Reset do stanu bazowego 15.07.2025"
"2551","48","","","ResetMagazynu","20","29.08.2026 14:25:32","Reset do stanu bazowego 15.07.2025"
"2552","49","","","ResetMagazynu","70","29.08.2026 14:25:32","Reset do stanu bazowego 15.07.2025"
"2553","50","","","ResetMagazynu","20","29.08.2026 14:25:32","Reset do stanu bazowego 15.07.2025"
"2554","51","","","ResetMagazynu","20","29.08.2026 14:25:32","Reset do stanu bazowego 15.07.2025"
"2555","52","","","ResetMagazynu","50","29.08.2026 14:25:32","Reset do stanu bazowego 15.07.2025"
"2556","53","","","ResetMagazynu","15","29.08.2026 14:25:32","Reset do stanu bazowego 15.07.2025"
"2557","1","1","","Rezerwacja","0","29.08.2026 14:25:55","Rezerwacja dla zlecenia 1"
"2558","38","1","","Rezerwacja","-3","29.08.2026 14:25:55","Rezerwacja dla zlecenia 1"
"2559","49","1","","Rezerwacja","-21","29.08.2026 14:25:55","Rezerwacja dla zlecenia 1"
"2560","27","1","","Rezerwacja","-6","29.08.2026 14:25:55","Rezerwacja dla zlecenia 1"
"2561","50","1","","Rezerwacja","-6","29.08.2026 14:25:55","Rezerwacja dla zlecenia 1"
"2562","51","1","","Rezerwacja","-12","29.08.2026 14:25:55","Rezerwacja dla zlecenia 1"
"2563","52","1","","Rezerwacja","-24","29.08.2026 14:25:55","Rezerwacja dla zlecenia 1"
"2564","48","1","","Rezerwacja","-9","29.08.2026 14:25:55","Rezerwacja dla zlecenia 1"
"2565","53","1","","Rezerwacja","-9","29.08.2026 14:25:55","Rezerwacja dla zlecenia 1"
"2566","1","","","ResetMagazynu","5","29.08.2026 14:35:24","Reset do stanu bazowego 15.07.2025"
"2567","27","","","ResetMagazynu","40","29.08.2026 14:35:24","Reset do stanu bazowego 15.07.2025"
"2568","38","","","ResetMagazynu","10","29.08.2026 14:35:24","Reset do stanu bazowego 15.07.2025"
"2569","48","","","ResetMagazynu","20","29.08.2026 14:35:24","Reset do stanu bazowego 15.07.2025"
"2570","49","","","ResetMagazynu","70","29.08.2026 14:35:24","Reset do stanu bazowego 15.07.2025"
"2571","50","","","ResetMagazynu","20","29.08.2026 14:35:24","Reset do stanu bazowego 15.07.2025"
"2572","51","","","ResetMagazynu","20","29.08.2026 14:35:24","Reset do stanu bazowego 15.07.2025"
"2573","52","","","ResetMagazynu","50","29.08.2026 14:35:24","Reset do stanu bazowego 15.07.2025"
"2574","53","","","ResetMagazynu","15","29.08.2026 14:35:24","Reset do stanu bazowego 15.07.2025"
"2575","1","1","","Rezerwacja","-1","29.08.2026 14:37:03","Rezerwacja dla zlecenia 1"
"2576","38","1","","Rezerwacja","0","29.08.2026 14:37:03","Rezerwacja dla zlecenia 1"
"2577","49","1","","Rezerwacja","-19","29.08.2026 14:37:03","Rezerwacja dla zlecenia 1"
"2578","27","1","","Rezerwacja","-6","29.08.2026 14:37:03","Rezerwacja dla zlecenia 1"
"2579","50","1","","Rezerwacja","-6","29.08.2026 14:37:03","Rezerwacja dla zlecenia 1"
"2580","51","1","","Rezerwacja","-6","29.08.2026 14:37:03","Rezerwacja dla zlecenia 1"
"2581","52","1","","Rezerwacja","-9","29.08.2026 14:37:03","Rezerwacja dla zlecenia 1"
"2582","48","1","","Rezerwacja","-4","29.08.2026 14:37:03","Rezerwacja dla zlecenia 1"
"2583","53","1","","Rezerwacja","-3","29.08.2026 14:37:03","Rezerwacja dla zlecenia 1"
"2584","1","2","","Rezerwacja","-2","29.08.2026 14:37:13","Rezerwacja dla zlecenia 2"
"2585","38","2","","Rezerwacja","0","29.08.2026 14:37:13","Rezerwacja dla zlecenia 2"
"2586","49","2","","Rezerwacja","-28","29.08.2026 14:37:13","Rezerwacja dla zlecenia 2"
"2587","27","2","","Rezerwacja","-8","29.08.2026 14:37:13","Rezerwacja dla zlecenia 2"
"2588","50","2","","Rezerwacja","-12","29.08.2026 14:37:13","Rezerwacja dla zlecenia 2"
"2589","51","2","","Rezerwacja","-8","29.08.2026 14:37:13","Rezerwacja dla zlecenia 2"
"2590","52","2","","Rezerwacja","-18","29.08.2026 14:37:13","Rezerwacja dla zlecenia 2"
"2591","48","2","","Rezerwacja","-12","29.08.2026 14:37:13","Rezerwacja dla zlecenia 2"
"2592","53","2","","Rezerwacja","-10","29.08.2026 14:37:13","Rezerwacja dla zlecenia 2"
"2593","1","","","ResetMagazynu","5","29.08.2026 14:39:47","Reset do stanu bazowego 15.07.2025"
"2594","27","","","ResetMagazynu","40","29.08.2026 14:39:47","Reset do stanu bazowego 15.07.2025"
"2595","38","","","ResetMagazynu","10","29.08.2026 14:39:47","Reset do stanu bazowego 15.07.2025"
"2596","48","","","ResetMagazynu","20","29.08.2026 14:39:47","Reset do stanu bazowego 15.07.2025"
"2597","49","","","ResetMagazynu","70","29.08.2026 14:39:47","Reset do stanu bazowego 15.07.2025"
"2598","50","","","ResetMagazynu","20","29.08.2026 14:39:47","Reset do stanu bazowego 15.07.2025"
"2599","51","","","ResetMagazynu","20","29.08.2026 14:39:47","Reset do stanu bazowego 15.07.2025"
"2600","52","","","ResetMagazynu","50","29.08.2026 14:39:47","Reset do stanu bazowego 15.07.2025"
"2601","53","","","ResetMagazynu","15","29.08.2026 14:39:47","Reset do stanu bazowego 15.07.2025"
"2602","1","","","KorektaReczna","-21","29.08.2026 15:57:49","Reczna korekta stanu: 41 -> 20 (max 41)"
"2603","1","","","KorektaReczna","21","29.08.2026 15:57:53","Reczna korekta stanu: 20 -> 41 (max 41)"
"2604","1","","","ResetMagazynu","41","29.08.2026 15:57:59","Reset do stanu bazowego 15.07.2025"
"2605","27","","","ResetMagazynu","90","29.08.2026 15:57:59","Reset do stanu bazowego 15.07.2025"
"2606","38","","","ResetMagazynu","29","29.08.2026 15:57:59","Reset do stanu bazowego 15.07.2025"
"2607","48","","","ResetMagazynu","234","29.08.2026 15:57:59","Reset do stanu bazowego 15.07.2025"
"2608","49","","","ResetMagazynu","151","29.08.2026 15:57:59","Reset do stanu bazowego 15.07.2025"
"2609","50","","","ResetMagazynu","48","29.08.2026 15:57:59","Reset do stanu bazowego 15.07.2025"
"2610","51","","","ResetMagazynu","47","29.08.2026 15:57:59","Reset do stanu bazowego 15.07.2025"
"2611","52","","","ResetMagazynu","91","29.08.2026 15:57:59","Reset do stanu bazowego 15.07.2025"
"2612","53","","","ResetMagazynu","35","29.08.2026 15:57:59","Reset do stanu bazowego 15.07.2025"
"2613","1","1","","Rezerwacja","-1","29.08.2026 17:05:55","Rezerwacja dla zlecenia 1"
"2614","38","1","","Rezerwacja","0","29.08.2026 17:05:55","Rezerwacja dla zlecenia 1"
"2615","49","1","","Rezerwacja","-19","29.08.2026 17:05:55","Rezerwacja dla zlecenia 1"
"2616","27","1","","Rezerwacja","-6","29.08.2026 17:05:55","Rezerwacja dla zlecenia 1"
"2617","50","1","","Rezerwacja","-6","29.08.2026 17:05:55","Rezerwacja dla zlecenia 1"
"2618","51","1","","Rezerwacja","-6","29.08.2026 17:05:55","Rezerwacja dla zlecenia 1"
"2619","52","1","","Rezerwacja","-9","29.08.2026 17:05:55","Rezerwacja dla zlecenia 1"
"2620","48","1","","Rezerwacja","-4","29.08.2026 17:05:55","Rezerwacja dla zlecenia 1"
"2621","53","1","","Rezerwacja","-3","29.08.2026 17:05:55","Rezerwacja dla zlecenia 1"
"2622","1","","","ResetMagazynu","41","29.08.2026 17:56:39","Reset do stanu bazowego 15.07.2025"
"2623","27","","","ResetMagazynu","90","29.08.2026 17:56:39","Reset do stanu bazowego 15.07.2025"
"2624","38","","","ResetMagazynu","29","29.08.2026 17:56:39","Reset do stanu bazowego 15.07.2025"
"2625","48","","","ResetMagazynu","234","29.08.2026 17:56:39","Reset do stanu bazowego 15.07.2025"
"2626","49","","","ResetMagazynu","151","29.08.2026 17:56:39","Reset do stanu bazowego 15.07.2025"
"2627","50","","","ResetMagazynu","48","29.08.2026 17:56:39","Reset do stanu bazowego 15.07.2025"
"2628","51","","","ResetMagazynu","47","29.08.2026 17:56:39","Reset do stanu bazowego 15.07.2025"
"2629","52","","","ResetMagazynu","91","29.08.2026 17:56:39","Reset do stanu bazowego 15.07.2025"
"2630","53","","","ResetMagazynu","35","29.08.2026 17:56:39","Reset do stanu bazowego 15.07.2025"
"2631","1","1","","Rezerwacja","-1","29.08.2026 17:56:56","Rezerwacja dla zlecenia 1"
"2632","38","1","","Rezerwacja","0","29.08.2026 17:56:56","Rezerwacja dla zlecenia 1"
"2633","49","1","","Rezerwacja","-19","29.08.2026 17:56:56","Rezerwacja dla zlecenia 1"
"2634","27","1","","Rezerwacja","-6","29.08.2026 17:56:56","Rezerwacja dla zlecenia 1"
"2635","50","1","","Rezerwacja","-6","29.08.2026 17:56:56","Rezerwacja dla zlecenia 1"
"2636","51","1","","Rezerwacja","-6","29.08.2026 17:56:56","Rezerwacja dla zlecenia 1"
"2637","52","1","","Rezerwacja","-9","29.08.2026 17:56:56","Rezerwacja dla zlecenia 1"
"2638","48","1","","Rezerwacja","-4","29.08.2026 17:56:56","Rezerwacja dla zlecenia 1"
"2639","53","1","","Rezerwacja","-3","29.08.2026 17:56:56","Rezerwacja dla zlecenia 1"
"2640","1","2","","Rezerwacja","-2","29.08.2026 17:57:04","Rezerwacja dla zlecenia 2"
"2641","38","2","","Rezerwacja","0","29.08.2026 17:57:04","Rezerwacja dla zlecenia 2"
"2642","49","2","","Rezerwacja","-16","29.08.2026 17:57:04","Rezerwacja dla zlecenia 2"
"2643","27","2","","Rezerwacja","-12","29.08.2026 17:57:04","Rezerwacja dla zlecenia 2"
"2644","50","2","","Rezerwacja","-16","29.08.2026 17:57:04","Rezerwacja dla zlecenia 2"
"2645","51","2","","Rezerwacja","-18","29.08.2026 17:57:04","Rezerwacja dla zlecenia 2"
"2646","52","2","","Rezerwacja","-14","29.08.2026 17:57:04","Rezerwacja dla zlecenia 2"
"2647","48","2","","Rezerwacja","-14","29.08.2026 17:57:04","Rezerwacja dla zlecenia 2"
"2648","53","2","","Rezerwacja","-6","29.08.2026 17:57:04","Rezerwacja dla zlecenia 2"
"2649","1","3","","Rezerwacja","0","29.08.2026 17:57:12","Rezerwacja dla zlecenia 3"
"2650","38","3","","Rezerwacja","-2","29.08.2026 17:57:12","Rezerwacja dla zlecenia 3"
"2651","49","3","","Rezerwacja","-10","29.08.2026 17:57:12","Rezerwacja dla zlecenia 3"
"2652","27","3","","Rezerwacja","-4","29.08.2026 17:57:12","Rezerwacja dla zlecenia 3"
"2653","50","3","","Rezerwacja","-10","29.08.2026 17:57:12","Rezerwacja dla zlecenia 3"
"2654","51","3","","Rezerwacja","-4","29.08.2026 17:57:12","Rezerwacja dla zlecenia 3"
"2655","52","3","","Rezerwacja","-10","29.08.2026 17:57:12","Rezerwacja dla zlecenia 3"
"2656","48","3","","Rezerwacja","-8","29.08.2026 17:57:12","Rezerwacja dla zlecenia 3"
"2657","53","3","","Rezerwacja","-8","29.08.2026 17:57:12","Rezerwacja dla zlecenia 3"
"2658","1","1","","Rezerwacja","-1","29.08.2026 18:57:49","Rezerwacja dla zlecenia 1"
"2659","38","1","","Rezerwacja","0","29.08.2026 18:57:49","Rezerwacja dla zlecenia 1"
"2660","49","1","","Rezerwacja","-19","29.08.2026 18:57:49","Rezerwacja dla zlecenia 1"
"2661","27","1","","Rezerwacja","-6","29.08.2026 18:57:49","Rezerwacja dla zlecenia 1"
"2662","50","1","","Rezerwacja","-6","29.08.2026 18:57:49","Rezerwacja dla zlecenia 1"
"2663","51","1","","Rezerwacja","-6","29.08.2026 18:57:49","Rezerwacja dla zlecenia 1"
"2664","52","1","","Rezerwacja","-9","29.08.2026 18:57:49","Rezerwacja dla zlecenia 1"
"2665","48","1","","Rezerwacja","-4","29.08.2026 18:57:49","Rezerwacja dla zlecenia 1"
"2666","53","1","","Rezerwacja","-3","29.08.2026 18:57:49","Rezerwacja dla zlecenia 1"
"2667","1","3","","Rezerwacja","0","30.08.2026 00:12:27","Rezerwacja dla zlecenia 3"
"2668","38","3","","Rezerwacja","-4","30.08.2026 00:12:27","Rezerwacja dla zlecenia 3"
"2669","49","3","","Rezerwacja","-32","30.08.2026 00:12:27","Rezerwacja dla zlecenia 3"
"2670","27","3","","Rezerwacja","-12","30.08.2026 00:12:27","Rezerwacja dla zlecenia 3"
"2671","50","3","","Rezerwacja","-12","30.08.2026 00:12:27","Rezerwacja dla zlecenia 3"
"2672","51","3","","Rezerwacja","-16","30.08.2026 00:12:27","Rezerwacja dla zlecenia 3"
"2673","52","3","","Rezerwacja","-40","30.08.2026 00:12:27","Rezerwacja dla zlecenia 3"
"2674","48","3","","Rezerwacja","-8","30.08.2026 00:12:27","Rezerwacja dla zlecenia 3"
"2675","53","3","","Rezerwacja","-8","30.08.2026 00:12:27","Rezerwacja dla zlecenia 3"
"2676","1","1","","Rezerwacja","-3","30.08.2026 00:16:19","Rezerwacja dla zlecenia 1"
"2677","38","1","","Rezerwacja","0","30.08.2026 00:16:19","Rezerwacja dla zlecenia 1"
"2678","49","1","","Rezerwacja","-57","30.08.2026 00:16:19","Rezerwacja dla zlecenia 1"
"2679","27","1","","Rezerwacja","-18","30.08.2026 00:16:19","Rezerwacja dla zlecenia 1"
"2680","50","1","","Rezerwacja","-18","30.08.2026 00:16:19","Rezerwacja dla zlecenia 1"
"2681","51","1","","Rezerwacja","-18","30.08.2026 00:16:19","Rezerwacja dla zlecenia 1"
"2682","52","1","","Rezerwacja","-27","30.08.2026 00:16:19","Rezerwacja dla zlecenia 1"
"2683","48","1","","Rezerwacja","-12","30.08.2026 00:16:19","Rezerwacja dla zlecenia 1"
"2684","53","1","","Rezerwacja","-9","30.08.2026 00:16:19","Rezerwacja dla zlecenia 1"
"2685","1","","","ResetMagazynu","41","30.08.2026 13:28:54","Reset do stanu bazowego 15.07.2025"
"2686","27","","","ResetMagazynu","90","30.08.2026 13:28:54","Reset do stanu bazowego 15.07.2025"
"2687","38","","","ResetMagazynu","29","30.08.2026 13:28:54","Reset do stanu bazowego 15.07.2025"
"2688","48","","","ResetMagazynu","234","30.08.2026 13:28:54","Reset do stanu bazowego 15.07.2025"
"2689","49","","","ResetMagazynu","151","30.08.2026 13:28:54","Reset do stanu bazowego 15.07.2025"
"2690","50","","","ResetMagazynu","48","30.08.2026 13:28:54","Reset do stanu bazowego 15.07.2025"
"2691","51","","","ResetMagazynu","47","30.08.2026 13:28:54","Reset do stanu bazowego 15.07.2025"
"2692","52","","","ResetMagazynu","91","30.08.2026 13:28:54","Reset do stanu bazowego 15.07.2025"
"2693","53","","","ResetMagazynu","35","30.08.2026 13:28:54","Reset do stanu bazowego 15.07.2025"
"2694","1","1","","Rezerwacja","-3","30.08.2026 13:29:27","Rezerwacja dla zlecenia 1"
"2695","38","1","","Rezerwacja","0","30.08.2026 13:29:27","Rezerwacja dla zlecenia 1"
"2696","49","1","","Rezerwacja","-57","30.08.2026 13:29:27","Rezerwacja dla zlecenia 1"
"2697","27","1","","Rezerwacja","-18","30.08.2026 13:29:27","Rezerwacja dla zlecenia 1"
"2698","50","1","","Rezerwacja","-18","30.08.2026 13:29:27","Rezerwacja dla zlecenia 1"
"2699","51","1","","Rezerwacja","-18","30.08.2026 13:29:27","Rezerwacja dla zlecenia 1"
"2700","52","1","","Rezerwacja","-27","30.08.2026 13:29:27","Rezerwacja dla zlecenia 1"
"2701","48","1","","Rezerwacja","-12","30.08.2026 13:29:27","Rezerwacja dla zlecenia 1"
"2702","53","1","","Rezerwacja","-9","30.08.2026 13:29:27","Rezerwacja dla zlecenia 1"
"2703","1","2","","Rezerwacja","-2","30.08.2026 13:29:39","Rezerwacja dla zlecenia 2"
"2704","38","2","","Rezerwacja","0","30.08.2026 13:29:39","Rezerwacja dla zlecenia 2"
"2705","49","2","","Rezerwacja","-28","30.08.2026 13:29:39","Rezerwacja dla zlecenia 2"
"2706","27","2","","Rezerwacja","-8","30.08.2026 13:29:39","Rezerwacja dla zlecenia 2"
"2707","50","2","","Rezerwacja","-12","30.08.2026 13:29:39","Rezerwacja dla zlecenia 2"
"2708","51","2","","Rezerwacja","-8","30.08.2026 13:29:39","Rezerwacja dla zlecenia 2"
"2709","52","2","","Rezerwacja","-18","30.08.2026 13:29:39","Rezerwacja dla zlecenia 2"
"2710","48","2","","Rezerwacja","-12","30.08.2026 13:29:39","Rezerwacja dla zlecenia 2"
"2711","53","2","","Rezerwacja","-10","30.08.2026 13:29:39","Rezerwacja dla zlecenia 2"
"2712","1","3","","Rezerwacja","0","30.08.2026 13:29:47","Rezerwacja dla zlecenia 3"
"2713","38","3","","Rezerwacja","-3","30.08.2026 13:29:47","Rezerwacja dla zlecenia 3"
"2714","49","3","","Rezerwacja","-15","30.08.2026 13:29:47","Rezerwacja dla zlecenia 3"
"2715","27","3","","Rezerwacja","-6","30.08.2026 13:29:47","Rezerwacja dla zlecenia 3"
"2716","50","3","","Rezerwacja","-15","30.08.2026 13:29:47","Rezerwacja dla zlecenia 3"
"2717","51","3","","Rezerwacja","-6","30.08.2026 13:29:47","Rezerwacja dla zlecenia 3"
"2718","52","3","","Rezerwacja","-15","30.08.2026 13:29:47","Rezerwacja dla zlecenia 3"
"2719","48","3","","Rezerwacja","-12","30.08.2026 13:29:47","Rezerwacja dla zlecenia 3"
"2720","53","3","","Rezerwacja","-12","30.08.2026 13:29:47","Rezerwacja dla zlecenia 3"
"2721","1","1","","Rezerwacja","-1","30.08.2026 13:35:18","Rezerwacja dla zlecenia 1"
"2722","38","1","","Rezerwacja","0","30.08.2026 13:35:18","Rezerwacja dla zlecenia 1"
"2723","49","1","","Rezerwacja","-19","30.08.2026 13:35:18","Rezerwacja dla zlecenia 1"
"2724","27","1","","Rezerwacja","-6","30.08.2026 13:35:18","Rezerwacja dla zlecenia 1"
"2725","50","1","","Rezerwacja","-6","30.08.2026 13:35:18","Rezerwacja dla zlecenia 1"
"2726","51","1","","Rezerwacja","-6","30.08.2026 13:35:18","Rezerwacja dla zlecenia 1"
"2727","52","1","","Rezerwacja","-9","30.08.2026 13:35:18","Rezerwacja dla zlecenia 1"
"2728","48","1","","Rezerwacja","-4","30.08.2026 13:35:18","Rezerwacja dla zlecenia 1"
"2729","53","1","","Rezerwacja","-3","30.08.2026 13:35:18","Rezerwacja dla zlecenia 1"
"2730","1","1","","ZwrotRezerwy","1","30.08.2026 13:35:25","Zwolnienie rezerwy po usunięciu zlecenia 1"
"2731","38","1","","ZwrotRezerwy","0","30.08.2026 13:35:25","Zwolnienie rezerwy po usunięciu zlecenia 1"
"2732","49","1","","ZwrotRezerwy","19","30.08.2026 13:35:25","Zwolnienie rezerwy po usunięciu zlecenia 1"
"2733","27","1","","ZwrotRezerwy","6","30.08.2026 13:35:25","Zwolnienie rezerwy po usunięciu zlecenia 1"
"2734","50","1","","ZwrotRezerwy","6","30.08.2026 13:35:25","Zwolnienie rezerwy po usunięciu zlecenia 1"
"2735","51","1","","ZwrotRezerwy","6","30.08.2026 13:35:25","Zwolnienie rezerwy po usunięciu zlecenia 1"
"2736","52","1","","ZwrotRezerwy","9","30.08.2026 13:35:25","Zwolnienie rezerwy po usunięciu zlecenia 1"
"2737","48","1","","ZwrotRezerwy","4","30.08.2026 13:35:25","Zwolnienie rezerwy po usunięciu zlecenia 1"
"2738","53","1","","ZwrotRezerwy","3","30.08.2026 13:35:25","Zwolnienie rezerwy po usunięciu zlecenia 1"
"2739","1","1","","Rezerwacja","-2","30.08.2026 13:35:25","Rezerwacja dla zlecenia 1"
"2740","38","1","","Rezerwacja","0","30.08.2026 13:35:25","Rezerwacja dla zlecenia 1"
"2741","49","1","","Rezerwacja","-38","30.08.2026 13:35:25","Rezerwacja dla zlecenia 1"
"2742","27","1","","Rezerwacja","-12","30.08.2026 13:35:25","Rezerwacja dla zlecenia 1"
"2743","50","1","","Rezerwacja","-12","30.08.2026 13:35:25","Rezerwacja dla zlecenia 1"
"2744","51","1","","Rezerwacja","-12","30.08.2026 13:35:25","Rezerwacja dla zlecenia 1"
"2745","52","1","","Rezerwacja","-18","30.08.2026 13:35:25","Rezerwacja dla zlecenia 1"
"2746","48","1","","Rezerwacja","-8","30.08.2026 13:35:25","Rezerwacja dla zlecenia 1"
"2747","53","1","","Rezerwacja","-6","30.08.2026 13:35:25","Rezerwacja dla zlecenia 1"
"2748","1","1","","ZwrotRezerwy","2","30.08.2026 13:38:04","Zwolnienie rezerwy po usunięciu zlecenia 1"
"2749","38","1","","ZwrotRezerwy","0","30.08.2026 13:38:04","Zwolnienie rezerwy po usunięciu zlecenia 1"
"2750","49","1","","ZwrotRezerwy","38","30.08.2026 13:38:04","Zwolnienie rezerwy po usunięciu zlecenia 1"
"2751","27","1","","ZwrotRezerwy","12","30.08.2026 13:38:04","Zwolnienie rezerwy po usunięciu zlecenia 1"
"2752","50","1","","ZwrotRezerwy","12","30.08.2026 13:38:04","Zwolnienie rezerwy po usunięciu zlecenia 1"
"2753","51","1","","ZwrotRezerwy","12","30.08.2026 13:38:04","Zwolnienie rezerwy po usunięciu zlecenia 1"
"2754","52","1","","ZwrotRezerwy","18","30.08.2026 13:38:04","Zwolnienie rezerwy po usunięciu zlecenia 1"
"2755","48","1","","ZwrotRezerwy","8","30.08.2026 13:38:04","Zwolnienie rezerwy po usunięciu zlecenia 1"
"2756","53","1","","ZwrotRezerwy","6","30.08.2026 13:38:04","Zwolnienie rezerwy po usunięciu zlecenia 1"
"2757","1","2","","Rezerwacja","-1","30.08.2026 13:38:06","Rezerwacja dla zlecenia 2"
"2758","38","2","","Rezerwacja","0","30.08.2026 13:38:06","Rezerwacja dla zlecenia 2"
"2759","49","2","","Rezerwacja","-19","30.08.2026 13:38:06","Rezerwacja dla zlecenia 2"
"2760","27","2","","Rezerwacja","-6","30.08.2026 13:38:06","Rezerwacja dla zlecenia 2"
"2761","50","2","","Rezerwacja","-6","30.08.2026 13:38:06","Rezerwacja dla zlecenia 2"
"2762","51","2","","Rezerwacja","-6","30.08.2026 13:38:06","Rezerwacja dla zlecenia 2"
"2763","52","2","","Rezerwacja","-9","30.08.2026 13:38:06","Rezerwacja dla zlecenia 2"
"2764","48","2","","Rezerwacja","-4","30.08.2026 13:38:06","Rezerwacja dla zlecenia 2"
"2765","53","2","","Rezerwacja","-3","30.08.2026 13:38:06","Rezerwacja dla zlecenia 2"
"2766","1","2","","ZwrotRezerwy","1","30.08.2026 13:38:10","Zwolnienie rezerwy po usunięciu zlecenia 2"
"2767","38","2","","ZwrotRezerwy","0","30.08.2026 13:38:10","Zwolnienie rezerwy po usunięciu zlecenia 2"
"2768","49","2","","ZwrotRezerwy","19","30.08.2026 13:38:10","Zwolnienie rezerwy po usunięciu zlecenia 2"
"2769","27","2","","ZwrotRezerwy","6","30.08.2026 13:38:10","Zwolnienie rezerwy po usunięciu zlecenia 2"
"2770","50","2","","ZwrotRezerwy","6","30.08.2026 13:38:10","Zwolnienie rezerwy po usunięciu zlecenia 2"
"2771","51","2","","ZwrotRezerwy","6","30.08.2026 13:38:10","Zwolnienie rezerwy po usunięciu zlecenia 2"
"2772","52","2","","ZwrotRezerwy","9","30.08.2026 13:38:10","Zwolnienie rezerwy po usunięciu zlecenia 2"
"2773","48","2","","ZwrotRezerwy","4","30.08.2026 13:38:10","Zwolnienie rezerwy po usunięciu zlecenia 2"
"2774","53","2","","ZwrotRezerwy","3","30.08.2026 13:38:10","Zwolnienie rezerwy po usunięciu zlecenia 2"
"2775","1","3","","Rezerwacja","-2","30.08.2026 13:38:14","Rezerwacja dla zlecenia 3"
"2776","38","3","","Rezerwacja","0","30.08.2026 13:38:14","Rezerwacja dla zlecenia 3"
"2777","49","3","","Rezerwacja","-38","30.08.2026 13:38:14","Rezerwacja dla zlecenia 3"
"2778","27","3","","Rezerwacja","-12","30.08.2026 13:38:14","Rezerwacja dla zlecenia 3"
"2779","50","3","","Rezerwacja","-12","30.08.2026 13:38:14","Rezerwacja dla zlecenia 3"
"2780","51","3","","Rezerwacja","-12","30.08.2026 13:38:14","Rezerwacja dla zlecenia 3"
"2781","52","3","","Rezerwacja","-18","30.08.2026 13:38:14","Rezerwacja dla zlecenia 3"
"2782","48","3","","Rezerwacja","-8","30.08.2026 13:38:14","Rezerwacja dla zlecenia 3"
"2783","53","3","","Rezerwacja","-6","30.08.2026 13:38:14","Rezerwacja dla zlecenia 3"
"2784","1","1","","Rezerwacja","-2","30.08.2026 13:45:57","Rezerwacja dla zlecenia 1"
"2785","38","1","","Rezerwacja","0","30.08.2026 13:45:57","Rezerwacja dla zlecenia 1"
"2786","49","1","","Rezerwacja","-28","30.08.2026 13:45:57","Rezerwacja dla zlecenia 1"
"2787","27","1","","Rezerwacja","-8","30.08.2026 13:45:57","Rezerwacja dla zlecenia 1"
"2788","50","1","","Rezerwacja","-12","30.08.2026 13:45:57","Rezerwacja dla zlecenia 1"
"2789","51","1","","Rezerwacja","-8","30.08.2026 13:45:57","Rezerwacja dla zlecenia 1"
"2790","52","1","","Rezerwacja","-18","30.08.2026 13:45:57","Rezerwacja dla zlecenia 1"
"2791","48","1","","Rezerwacja","-12","30.08.2026 13:45:57","Rezerwacja dla zlecenia 1"
"2792","53","1","","Rezerwacja","-10","30.08.2026 13:45:57","Rezerwacja dla zlecenia 1"
"2793","1","1","","Rezerwacja","-1","30.08.2026 13:50:40","Rezerwacja dla zlecenia 1"
"2794","38","1","","Rezerwacja","0","30.08.2026 13:50:40","Rezerwacja dla zlecenia 1"
"2795","49","1","","Rezerwacja","-19","30.08.2026 13:50:40","Rezerwacja dla zlecenia 1"
"2796","27","1","","Rezerwacja","-6","30.08.2026 13:50:40","Rezerwacja dla zlecenia 1"
"2797","50","1","","Rezerwacja","-6","30.08.2026 13:50:40","Rezerwacja dla zlecenia 1"
"2798","51","1","","Rezerwacja","-6","30.08.2026 13:50:40","Rezerwacja dla zlecenia 1"
"2799","52","1","","Rezerwacja","-9","30.08.2026 13:50:40","Rezerwacja dla zlecenia 1"
"2800","48","1","","Rezerwacja","-4","30.08.2026 13:50:40","Rezerwacja dla zlecenia 1"
"2801","53","1","","Rezerwacja","-3","30.08.2026 13:50:40","Rezerwacja dla zlecenia 1"
"2802","1","1","","ZwrotRezerwy","1","30.08.2026 13:54:17","Zwolnienie rezerwy po usunięciu zlecenia 1"
"2803","38","1","","ZwrotRezerwy","0","30.08.2026 13:54:17","Zwolnienie rezerwy po usunięciu zlecenia 1"
"2804","49","1","","ZwrotRezerwy","19","30.08.2026 13:54:17","Zwolnienie rezerwy po usunięciu zlecenia 1"
"2805","27","1","","ZwrotRezerwy","6","30.08.2026 13:54:17","Zwolnienie rezerwy po usunięciu zlecenia 1"
"2806","50","1","","ZwrotRezerwy","6","30.08.2026 13:54:17","Zwolnienie rezerwy po usunięciu zlecenia 1"
"2807","51","1","","ZwrotRezerwy","6","30.08.2026 13:54:17","Zwolnienie rezerwy po usunięciu zlecenia 1"
"2808","52","1","","ZwrotRezerwy","9","30.08.2026 13:54:17","Zwolnienie rezerwy po usunięciu zlecenia 1"
"2809","48","1","","ZwrotRezerwy","4","30.08.2026 13:54:17","Zwolnienie rezerwy po usunięciu zlecenia 1"
"2810","53","1","","ZwrotRezerwy","3","30.08.2026 13:54:17","Zwolnienie rezerwy po usunięciu zlecenia 1"
"2811","1","","","ResetMagazynu","41","30.08.2026 13:54:26","Reset do stanu bazowego 15.07.2025"
"2812","27","","","ResetMagazynu","90","30.08.2026 13:54:26","Reset do stanu bazowego 15.07.2025"
"2813","38","","","ResetMagazynu","29","30.08.2026 13:54:26","Reset do stanu bazowego 15.07.2025"
"2814","48","","","ResetMagazynu","234","30.08.2026 13:54:26","Reset do stanu bazowego 15.07.2025"
"2815","49","","","ResetMagazynu","151","30.08.2026 13:54:26","Reset do stanu bazowego 15.07.2025"
"2816","50","","","ResetMagazynu","48","30.08.2026 13:54:26","Reset do stanu bazowego 15.07.2025"
"2817","51","","","ResetMagazynu","47","30.08.2026 13:54:26","Reset do stanu bazowego 15.07.2025"
"2818","52","","","ResetMagazynu","91","30.08.2026 13:54:26","Reset do stanu bazowego 15.07.2025"
"2819","53","","","ResetMagazynu","35","30.08.2026 13:54:26","Reset do stanu bazowego 15.07.2025"
"2820","1","1","","Rezerwacja","-1","30.08.2026 13:55:03","Rezerwacja dla zlecenia 1"
"2821","38","1","","Rezerwacja","0","30.08.2026 13:55:03","Rezerwacja dla zlecenia 1"
"2822","49","1","","Rezerwacja","-19","30.08.2026 13:55:03","Rezerwacja dla zlecenia 1"
"2823","27","1","","Rezerwacja","-6","30.08.2026 13:55:03","Rezerwacja dla zlecenia 1"
"2824","50","1","","Rezerwacja","-6","30.08.2026 13:55:03","Rezerwacja dla zlecenia 1"
"2825","51","1","","Rezerwacja","-6","30.08.2026 13:55:03","Rezerwacja dla zlecenia 1"
"2826","52","1","","Rezerwacja","-9","30.08.2026 13:55:03","Rezerwacja dla zlecenia 1"
"2827","48","1","","Rezerwacja","-4","30.08.2026 13:55:03","Rezerwacja dla zlecenia 1"
"2828","53","1","","Rezerwacja","-3","30.08.2026 13:55:03","Rezerwacja dla zlecenia 1"
"2829","1","2","","Rezerwacja","-1","30.08.2026 13:59:31","Rezerwacja dla zlecenia 2"
"2830","38","2","","Rezerwacja","0","30.08.2026 13:59:31","Rezerwacja dla zlecenia 2"
"2831","49","2","","Rezerwacja","-14","30.08.2026 13:59:31","Rezerwacja dla zlecenia 2"
"2832","27","2","","Rezerwacja","-4","30.08.2026 13:59:31","Rezerwacja dla zlecenia 2"
"2833","50","2","","Rezerwacja","-6","30.08.2026 13:59:31","Rezerwacja dla zlecenia 2"
"2834","51","2","","Rezerwacja","-4","30.08.2026 13:59:31","Rezerwacja dla zlecenia 2"
"2835","52","2","","Rezerwacja","-9","30.08.2026 13:59:31","Rezerwacja dla zlecenia 2"
"2836","48","2","","Rezerwacja","-6","30.08.2026 13:59:31","Rezerwacja dla zlecenia 2"
"2837","53","2","","Rezerwacja","-5","30.08.2026 13:59:31","Rezerwacja dla zlecenia 2"
"2838","1","1","","ZwrotRezerwy","1","30.08.2026 14:10:46","Zwolnienie rezerwy po usunięciu zlecenia 1"
"2839","38","1","","ZwrotRezerwy","0","30.08.2026 14:10:46","Zwolnienie rezerwy po usunięciu zlecenia 1"
"2840","49","1","","ZwrotRezerwy","19","30.08.2026 14:10:46","Zwolnienie rezerwy po usunięciu zlecenia 1"
"2841","27","1","","ZwrotRezerwy","6","30.08.2026 14:10:46","Zwolnienie rezerwy po usunięciu zlecenia 1"
"2842","50","1","","ZwrotRezerwy","6","30.08.2026 14:10:46","Zwolnienie rezerwy po usunięciu zlecenia 1"
"2843","51","1","","ZwrotRezerwy","6","30.08.2026 14:10:46","Zwolnienie rezerwy po usunięciu zlecenia 1"
"2844","52","1","","ZwrotRezerwy","9","30.08.2026 14:10:46","Zwolnienie rezerwy po usunięciu zlecenia 1"
"2845","48","1","","ZwrotRezerwy","4","30.08.2026 14:10:46","Zwolnienie rezerwy po usunięciu zlecenia 1"
"2846","53","1","","ZwrotRezerwy","3","30.08.2026 14:10:46","Zwolnienie rezerwy po usunięciu zlecenia 1"
"2847","1","2","","ZwrotRezerwy","1","30.08.2026 14:10:49","Zwolnienie rezerwy po usunięciu zlecenia 2"
"2848","38","2","","ZwrotRezerwy","0","30.08.2026 14:10:49","Zwolnienie rezerwy po usunięciu zlecenia 2"
"2849","49","2","","ZwrotRezerwy","14","30.08.2026 14:10:49","Zwolnienie rezerwy po usunięciu zlecenia 2"
"2850","27","2","","ZwrotRezerwy","4","30.08.2026 14:10:49","Zwolnienie rezerwy po usunięciu zlecenia 2"
"2851","50","2","","ZwrotRezerwy","6","30.08.2026 14:10:49","Zwolnienie rezerwy po usunięciu zlecenia 2"
"2852","51","2","","ZwrotRezerwy","4","30.08.2026 14:10:49","Zwolnienie rezerwy po usunięciu zlecenia 2"
"2853","52","2","","ZwrotRezerwy","9","30.08.2026 14:10:49","Zwolnienie rezerwy po usunięciu zlecenia 2"
"2854","48","2","","ZwrotRezerwy","6","30.08.2026 14:10:49","Zwolnienie rezerwy po usunięciu zlecenia 2"
"2855","53","2","","ZwrotRezerwy","5","30.08.2026 14:10:49","Zwolnienie rezerwy po usunięciu zlecenia 2"
"2856","1","1","","Rezerwacja","-1","30.08.2026 14:11:07","Rezerwacja dla zlecenia 1"
"2857","38","1","","Rezerwacja","0","30.08.2026 14:11:07","Rezerwacja dla zlecenia 1"
"2858","49","1","","Rezerwacja","-19","30.08.2026 14:11:07","Rezerwacja dla zlecenia 1"
"2859","27","1","","Rezerwacja","-6","30.08.2026 14:11:07","Rezerwacja dla zlecenia 1"
"2860","50","1","","Rezerwacja","-6","30.08.2026 14:11:07","Rezerwacja dla zlecenia 1"
"2861","51","1","","Rezerwacja","-6","30.08.2026 14:11:07","Rezerwacja dla zlecenia 1"
"2862","52","1","","Rezerwacja","-9","30.08.2026 14:11:07","Rezerwacja dla zlecenia 1"
"2863","48","1","","Rezerwacja","-4","30.08.2026 14:11:07","Rezerwacja dla zlecenia 1"
"2864","53","1","","Rezerwacja","-3","30.08.2026 14:11:07","Rezerwacja dla zlecenia 1"
"2865","1","","","ResetMagazynu","41","30.08.2026 15:52:32","Reset do stanu bazowego 15.07.2025"
"2866","27","","","ResetMagazynu","90","30.08.2026 15:52:32","Reset do stanu bazowego 15.07.2025"
"2867","38","","","ResetMagazynu","29","30.08.2026 15:52:32","Reset do stanu bazowego 15.07.2025"
"2868","48","","","ResetMagazynu","234","30.08.2026 15:52:32","Reset do stanu bazowego 15.07.2025"
"2869","49","","","ResetMagazynu","151","30.08.2026 15:52:32","Reset do stanu bazowego 15.07.2025"
"2870","50","","","ResetMagazynu","48","30.08.2026 15:52:32","Reset do stanu bazowego 15.07.2025"
"2871","51","","","ResetMagazynu","47","30.08.2026 15:52:32","Reset do stanu bazowego 15.07.2025"
"2872","52","","","ResetMagazynu","91","30.08.2026 15:52:32","Reset do stanu bazowego 15.07.2025"
"2873","53","","","ResetMagazynu","35","30.08.2026 15:52:32","Reset do stanu bazowego 15.07.2025"
"2874","1","5","","Rezerwacja","-1","30.08.2026 16:27:33","Rezerwacja dla zlecenia 5"
"2875","38","5","","Rezerwacja","0","30.08.2026 16:27:33","Rezerwacja dla zlecenia 5"
"2876","49","5","","Rezerwacja","-19","30.08.2026 16:27:33","Rezerwacja dla zlecenia 5"
"2877","27","5","","Rezerwacja","-6","30.08.2026 16:27:33","Rezerwacja dla zlecenia 5"
"2878","50","5","","Rezerwacja","-6","30.08.2026 16:27:33","Rezerwacja dla zlecenia 5"
"2879","51","5","","Rezerwacja","-6","30.08.2026 16:27:33","Rezerwacja dla zlecenia 5"
"2880","52","5","","Rezerwacja","-9","30.08.2026 16:27:33","Rezerwacja dla zlecenia 5"
"2881","48","5","","Rezerwacja","-4","30.08.2026 16:27:33","Rezerwacja dla zlecenia 5"
"2882","53","5","","Rezerwacja","-3","30.08.2026 16:27:33","Rezerwacja dla zlecenia 5"
"2883","1","1","","Rezerwacja","-1","30.08.2026 16:30:16","Rezerwacja dla zlecenia 1"
"2884","38","1","","Rezerwacja","0","30.08.2026 16:30:16","Rezerwacja dla zlecenia 1"
"2885","49","1","","Rezerwacja","-19","30.08.2026 16:30:16","Rezerwacja dla zlecenia 1"
"2886","27","1","","Rezerwacja","-6","30.08.2026 16:30:16","Rezerwacja dla zlecenia 1"
"2887","50","1","","Rezerwacja","-6","30.08.2026 16:30:16","Rezerwacja dla zlecenia 1"
"2888","51","1","","Rezerwacja","-6","30.08.2026 16:30:16","Rezerwacja dla zlecenia 1"
"2889","52","1","","Rezerwacja","-9","30.08.2026 16:30:16","Rezerwacja dla zlecenia 1"
"2890","48","1","","Rezerwacja","-4","30.08.2026 16:30:16","Rezerwacja dla zlecenia 1"
"2891","53","1","","Rezerwacja","-3","30.08.2026 16:30:16","Rezerwacja dla zlecenia 1"
"2892","1","","","ResetMagazynu","41","30.08.2026 18:07:09","Reset do stanu bazowego 15.07.2025"
"2893","27","","","ResetMagazynu","90","30.08.2026 18:07:09","Reset do stanu bazowego 15.07.2025"
"2894","38","","","ResetMagazynu","29","30.08.2026 18:07:09","Reset do stanu bazowego 15.07.2025"
"2895","48","","","ResetMagazynu","234","30.08.2026 18:07:09","Reset do stanu bazowego 15.07.2025"
"2896","49","","","ResetMagazynu","151","30.08.2026 18:07:09","Reset do stanu bazowego 15.07.2025"
"2897","50","","","ResetMagazynu","48","30.08.2026 18:07:09","Reset do stanu bazowego 15.07.2025"
"2898","51","","","ResetMagazynu","47","30.08.2026 18:07:09","Reset do stanu bazowego 15.07.2025"
"2899","52","","","ResetMagazynu","91","30.08.2026 18:07:09","Reset do stanu bazowego 15.07.2025"
"2900","53","","","ResetMagazynu","35","30.08.2026 18:07:09","Reset do stanu bazowego 15.07.2025"
"2901","1","1","","Zuzycie","-1","30.08.2026 19:05:48","Zużycie na stanowisku 1"
"2902","38","1","","Zuzycie","0","30.08.2026 19:05:48","Zużycie na stanowisku 1"
"2903","49","1","","Zuzycie","-19","30.08.2026 19:05:48","Zużycie na stanowisku 1"
"2904","27","1","","Zuzycie","-6","30.08.2026 19:06:14","Zużycie na stanowisku 2"
"2905","50","1","","Zuzycie","-6","30.08.2026 19:06:14","Zużycie na stanowisku 2"
"2906","51","1","","Zuzycie","-6","30.08.2026 19:06:14","Zużycie na stanowisku 2"
"2907","1","1","","Zuzycie","-1","30.08.2026 19:06:19","Zużycie na stanowisku 1"
"2908","38","1","","Zuzycie","0","30.08.2026 19:06:19","Zużycie na stanowisku 1"
"2909","49","1","","Zuzycie","-19","30.08.2026 19:06:19","Zużycie na stanowisku 1"
"2910","52","1","","Zuzycie","-9","30.08.2026 19:06:42","Zużycie na stanowisku 3"
"2911","48","1","","Zuzycie","-4","30.08.2026 19:06:42","Zużycie na stanowisku 3"
"2912","53","1","","Zuzycie","-3","30.08.2026 19:06:42","Zużycie na stanowisku 3"
"2913","27","1","","Zuzycie","-6","30.08.2026 19:06:53","Zużycie na stanowisku 2"
"2914","50","1","","Zuzycie","-6","30.08.2026 19:06:53","Zużycie na stanowisku 2"
"2915","51","1","","Zuzycie","-6","30.08.2026 19:06:53","Zużycie na stanowisku 2"
"2916","1","1","","Zuzycie","-1","30.08.2026 19:06:56","Zużycie na stanowisku 1"
"2917","38","1","","Zuzycie","0","30.08.2026 19:06:56","Zużycie na stanowisku 1"
"2918","49","1","","Zuzycie","-19","30.08.2026 19:06:56","Zużycie na stanowisku 1"
"2919","1","1","","Zuzycie","-1","30.08.2026 19:07:20","Zużycie na stanowisku 1"
"2920","38","1","","Zuzycie","0","30.08.2026 19:07:20","Zużycie na stanowisku 1"
"2921","49","1","","Zuzycie","-19","30.08.2026 19:07:20","Zużycie na stanowisku 1"
"2922","52","1","","Zuzycie","-9","30.08.2026 19:07:21","Zużycie na stanowisku 3"
"2923","48","1","","Zuzycie","-4","30.08.2026 19:07:21","Zużycie na stanowisku 3"
"2924","53","1","","Zuzycie","-3","30.08.2026 19:07:21","Zużycie na stanowisku 3"
"2925","27","1","","Zuzycie","-6","30.08.2026 19:07:30","Zużycie na stanowisku 2"
"2926","50","1","","Zuzycie","-6","30.08.2026 19:07:30","Zużycie na stanowisku 2"
"2927","51","1","","Zuzycie","-6","30.08.2026 19:07:30","Zużycie na stanowisku 2"
"3901","1","","","ResetMagazynu","41","30.08.2026 19:48:15","Reset do stanu bazowego 15.07.2025"
"3902","27","","","ResetMagazynu","90","30.08.2026 19:48:15","Reset do stanu bazowego 15.07.2025"
"3903","38","","","ResetMagazynu","29","30.08.2026 19:48:15","Reset do stanu bazowego 15.07.2025"
"3904","48","","","ResetMagazynu","234","30.08.2026 19:48:15","Reset do stanu bazowego 15.07.2025"
"3905","49","","","ResetMagazynu","151","30.08.2026 19:48:15","Reset do stanu bazowego 15.07.2025"
"3906","50","","","ResetMagazynu","48","30.08.2026 19:48:15","Reset do stanu bazowego 15.07.2025"
"3907","51","","","ResetMagazynu","47","30.08.2026 19:48:15","Reset do stanu bazowego 15.07.2025"
"3908","52","","","ResetMagazynu","91","30.08.2026 19:48:15","Reset do stanu bazowego 15.07.2025"
"3909","53","","","ResetMagazynu","35","30.08.2026 19:48:15","Reset do stanu bazowego 15.07.2025"
"3910","1","1005","","Rezerwacja","-2","30.08.2026 19:59:25","Rezerwacja dla zlecenia 1005"
"3911","38","1005","","Rezerwacja","0","30.08.2026 19:59:25","Rezerwacja dla zlecenia 1005"
"3912","49","1005","","Rezerwacja","-16","30.08.2026 19:59:25","Rezerwacja dla zlecenia 1005"
"3913","27","1005","","Rezerwacja","-12","30.08.2026 19:59:25","Rezerwacja dla zlecenia 1005"
"3914","50","1005","","Rezerwacja","-16","30.08.2026 19:59:25","Rezerwacja dla zlecenia 1005"
"3915","51","1005","","Rezerwacja","-18","30.08.2026 19:59:25","Rezerwacja dla zlecenia 1005"
"3916","52","1005","","Rezerwacja","-14","30.08.2026 19:59:25","Rezerwacja dla zlecenia 1005"
"3917","48","1005","","Rezerwacja","-14","30.08.2026 19:59:25","Rezerwacja dla zlecenia 1005"
"3918","53","1005","","Rezerwacja","-6","30.08.2026 19:59:25","Rezerwacja dla zlecenia 1005"
"3919","1","1","","Rezerwacja","-1","30.08.2026 20:02:47","Rezerwacja dla zlecenia 1"
"3920","38","1","","Rezerwacja","0","30.08.2026 20:02:47","Rezerwacja dla zlecenia 1"
"3921","49","1","","Rezerwacja","-19","30.08.2026 20:02:47","Rezerwacja dla zlecenia 1"
"3922","27","1","","Rezerwacja","-6","30.08.2026 20:02:47","Rezerwacja dla zlecenia 1"
"3923","50","1","","Rezerwacja","-6","30.08.2026 20:02:47","Rezerwacja dla zlecenia 1"
"3924","51","1","","Rezerwacja","-6","30.08.2026 20:02:47","Rezerwacja dla zlecenia 1"
"3925","52","1","","Rezerwacja","-9","30.08.2026 20:02:47","Rezerwacja dla zlecenia 1"
"3926","48","1","","Rezerwacja","-4","30.08.2026 20:02:47","Rezerwacja dla zlecenia 1"
"3927","53","1","","Rezerwacja","-3","30.08.2026 20:02:47","Rezerwacja dla zlecenia 1"
"3928","1","1","","ZwrotRezerwy","1","30.08.2026 20:12:59","Zwolnienie rezerwy po usunięciu zlecenia 1"
"3929","38","1","","ZwrotRezerwy","0","30.08.2026 20:12:59","Zwolnienie rezerwy po usunięciu zlecenia 1"
"3930","49","1","","ZwrotRezerwy","19","30.08.2026 20:12:59","Zwolnienie rezerwy po usunięciu zlecenia 1"
"3931","27","1","","ZwrotRezerwy","6","30.08.2026 20:12:59","Zwolnienie rezerwy po usunięciu zlecenia 1"
"3932","50","1","","ZwrotRezerwy","6","30.08.2026 20:12:59","Zwolnienie rezerwy po usunięciu zlecenia 1"
"3933","51","1","","ZwrotRezerwy","6","30.08.2026 20:12:59","Zwolnienie rezerwy po usunięciu zlecenia 1"
"3934","52","1","","ZwrotRezerwy","9","30.08.2026 20:12:59","Zwolnienie rezerwy po usunięciu zlecenia 1"
"3935","48","1","","ZwrotRezerwy","4","30.08.2026 20:12:59","Zwolnienie rezerwy po usunięciu zlecenia 1"
"3936","53","1","","ZwrotRezerwy","3","30.08.2026 20:12:59","Zwolnienie rezerwy po usunięciu zlecenia 1"
"3937","1","2","","Rezerwacja","-1","30.08.2026 20:14:02","Rezerwacja dla zlecenia 2"
"3938","38","2","","Rezerwacja","0","30.08.2026 20:14:02","Rezerwacja dla zlecenia 2"
"3939","49","2","","Rezerwacja","-19","30.08.2026 20:14:02","Rezerwacja dla zlecenia 2"
"3940","27","2","","Rezerwacja","-6","30.08.2026 20:14:02","Rezerwacja dla zlecenia 2"
"3941","50","2","","Rezerwacja","-6","30.08.2026 20:14:02","Rezerwacja dla zlecenia 2"
"3942","51","2","","Rezerwacja","-6","30.08.2026 20:14:02","Rezerwacja dla zlecenia 2"
"3943","52","2","","Rezerwacja","-9","30.08.2026 20:14:02","Rezerwacja dla zlecenia 2"
"3944","48","2","","Rezerwacja","-4","30.08.2026 20:14:02","Rezerwacja dla zlecenia 2"
"3945","53","2","","Rezerwacja","-3","30.08.2026 20:14:02","Rezerwacja dla zlecenia 2"
"3946","1","1","","Rezerwacja","-1","30.08.2026 20:14:16","Rezerwacja dla zlecenia 1"
"3947","38","1","","Rezerwacja","0","30.08.2026 20:14:16","Rezerwacja dla zlecenia 1"
"3948","49","1","","Rezerwacja","-19","30.08.2026 20:14:16","Rezerwacja dla zlecenia 1"
"3949","27","1","","Rezerwacja","-6","30.08.2026 20:14:16","Rezerwacja dla zlecenia 1"
"3950","50","1","","Rezerwacja","-6","30.08.2026 20:14:16","Rezerwacja dla zlecenia 1"
"3951","51","1","","Rezerwacja","-6","30.08.2026 20:14:16","Rezerwacja dla zlecenia 1"
"3952","52","1","","Rezerwacja","-9","30.08.2026 20:14:16","Rezerwacja dla zlecenia 1"
"3953","48","1","","Rezerwacja","-4","30.08.2026 20:14:16","Rezerwacja dla zlecenia 1"
"3954","53","1","","Rezerwacja","-3","30.08.2026 20:14:16","Rezerwacja dla zlecenia 1"
"3955","1","2","","Rezerwacja","-1","30.08.2026 20:17:42","Rezerwacja dla zlecenia 2"
"3956","38","2","","Rezerwacja","0","30.08.2026 20:17:42","Rezerwacja dla zlecenia 2"
"3957","49","2","","Rezerwacja","-19","30.08.2026 20:17:42","Rezerwacja dla zlecenia 2"
"3958","27","2","","Rezerwacja","-6","30.08.2026 20:17:42","Rezerwacja dla zlecenia 2"
"3959","50","2","","Rezerwacja","-6","30.08.2026 20:17:42","Rezerwacja dla zlecenia 2"
"3960","51","2","","Rezerwacja","-6","30.08.2026 20:17:42","Rezerwacja dla zlecenia 2"
"3961","52","2","","Rezerwacja","-9","30.08.2026 20:17:42","Rezerwacja dla zlecenia 2"
"3962","48","2","","Rezerwacja","-4","30.08.2026 20:17:42","Rezerwacja dla zlecenia 2"
"3963","53","2","","Rezerwacja","-3","30.08.2026 20:17:42","Rezerwacja dla zlecenia 2"
"3964","1","1","","ZwrotRezerwy","1","30.08.2026 20:24:07","Zwolnienie rezerwy po usunięciu zlecenia 1"
"3965","38","1","","ZwrotRezerwy","0","30.08.2026 20:24:07","Zwolnienie rezerwy po usunięciu zlecenia 1"
"3966","49","1","","ZwrotRezerwy","19","30.08.2026 20:24:07","Zwolnienie rezerwy po usunięciu zlecenia 1"
"3967","27","1","","ZwrotRezerwy","6","30.08.2026 20:24:07","Zwolnienie rezerwy po usunięciu zlecenia 1"
"3968","50","1","","ZwrotRezerwy","6","30.08.2026 20:24:07","Zwolnienie rezerwy po usunięciu zlecenia 1"
"3969","51","1","","ZwrotRezerwy","6","30.08.2026 20:24:07","Zwolnienie rezerwy po usunięciu zlecenia 1"
"3970","52","1","","ZwrotRezerwy","9","30.08.2026 20:24:07","Zwolnienie rezerwy po usunięciu zlecenia 1"
"3971","48","1","","ZwrotRezerwy","4","30.08.2026 20:24:07","Zwolnienie rezerwy po usunięciu zlecenia 1"
"3972","53","1","","ZwrotRezerwy","3","30.08.2026 20:24:07","Zwolnienie rezerwy po usunięciu zlecenia 1"
"3973","1","2","","ZwrotRezerwy","1","30.08.2026 20:24:07","Zwolnienie rezerwy po usunięciu zlecenia 2"
"3974","38","2","","ZwrotRezerwy","0","30.08.2026 20:24:07","Zwolnienie rezerwy po usunięciu zlecenia 2"
"3975","49","2","","ZwrotRezerwy","19","30.08.2026 20:24:07","Zwolnienie rezerwy po usunięciu zlecenia 2"
"3976","27","2","","ZwrotRezerwy","6","30.08.2026 20:24:07","Zwolnienie rezerwy po usunięciu zlecenia 2"
"3977","50","2","","ZwrotRezerwy","6","30.08.2026 20:24:07","Zwolnienie rezerwy po usunięciu zlecenia 2"
"3978","51","2","","ZwrotRezerwy","6","30.08.2026 20:24:07","Zwolnienie rezerwy po usunięciu zlecenia 2"
"3979","52","2","","ZwrotRezerwy","9","30.08.2026 20:24:07","Zwolnienie rezerwy po usunięciu zlecenia 2"
"3980","48","2","","ZwrotRezerwy","4","30.08.2026 20:24:07","Zwolnienie rezerwy po usunięciu zlecenia 2"
"3981","53","2","","ZwrotRezerwy","3","30.08.2026 20:24:07","Zwolnienie rezerwy po usunięciu zlecenia 2"
"3982","1","1","","Rezerwacja","-1","30.08.2026 20:24:20","Rezerwacja dla zlecenia 1"
"3983","38","1","","Rezerwacja","0","30.08.2026 20:24:20","Rezerwacja dla zlecenia 1"
"3984","49","1","","Rezerwacja","-19","30.08.2026 20:24:20","Rezerwacja dla zlecenia 1"
"3985","27","1","","Rezerwacja","-6","30.08.2026 20:24:20","Rezerwacja dla zlecenia 1"
"3986","50","1","","Rezerwacja","-6","30.08.2026 20:24:20","Rezerwacja dla zlecenia 1"
"3987","51","1","","Rezerwacja","-6","30.08.2026 20:24:20","Rezerwacja dla zlecenia 1"
"3988","52","1","","Rezerwacja","-9","30.08.2026 20:24:20","Rezerwacja dla zlecenia 1"
"3989","48","1","","Rezerwacja","-4","30.08.2026 20:24:20","Rezerwacja dla zlecenia 1"
"3990","53","1","","Rezerwacja","-3","30.08.2026 20:24:20","Rezerwacja dla zlecenia 1"
"3991","1","","","ResetMagazynu","41","30.08.2026 22:01:13","Reset do stanu bazowego 15.07.2025"
"3992","27","","","ResetMagazynu","90","30.08.2026 22:01:13","Reset do stanu bazowego 15.07.2025"
"3993","38","","","ResetMagazynu","29","30.08.2026 22:01:13","Reset do stanu bazowego 15.07.2025"
"3994","48","","","ResetMagazynu","234","30.08.2026 22:01:13","Reset do stanu bazowego 15.07.2025"
"3995","49","","","ResetMagazynu","151","30.08.2026 22:01:13","Reset do stanu bazowego 15.07.2025"
"3996","50","","","ResetMagazynu","48","30.08.2026 22:01:13","Reset do stanu bazowego 15.07.2025"
"3997","51","","","ResetMagazynu","47","30.08.2026 22:01:13","Reset do stanu bazowego 15.07.2025"
"3998","52","","","ResetMagazynu","91","30.08.2026 22:01:13","Reset do stanu bazowego 15.07.2025"
"3999","53","","","ResetMagazynu","35","30.08.2026 22:01:13","Reset do stanu bazowego 15.07.2025"
"4000","1","1","","Rezerwacja","-1","30.08.2026 22:01:32","Rezerwacja dla zlecenia 1"
"4001","38","1","","Rezerwacja","0","30.08.2026 22:01:32","Rezerwacja dla zlecenia 1"
"4002","49","1","","Rezerwacja","-19","30.08.2026 22:01:32","Rezerwacja dla zlecenia 1"
"4003","27","1","","Rezerwacja","-6","30.08.2026 22:01:32","Rezerwacja dla zlecenia 1"
"4004","50","1","","Rezerwacja","-6","30.08.2026 22:01:32","Rezerwacja dla zlecenia 1"
"4005","51","1","","Rezerwacja","-6","30.08.2026 22:01:32","Rezerwacja dla zlecenia 1"
"4006","52","1","","Rezerwacja","-9","30.08.2026 22:01:32","Rezerwacja dla zlecenia 1"
"4007","48","1","","Rezerwacja","-4","30.08.2026 22:01:32","Rezerwacja dla zlecenia 1"
"4008","53","1","","Rezerwacja","-3","30.08.2026 22:01:32","Rezerwacja dla zlecenia 1"
"4009","1","","","ResetMagazynu","41","30.08.2026 22:14:11","Reset do stanu bazowego 15.07.2025"
"4010","27","","","ResetMagazynu","90","30.08.2026 22:14:11","Reset do stanu bazowego 15.07.2025"
"4011","38","","","ResetMagazynu","29","30.08.2026 22:14:11","Reset do stanu bazowego 15.07.2025"
"4012","48","","","ResetMagazynu","234","30.08.2026 22:14:11","Reset do stanu bazowego 15.07.2025"
"4013","49","","","ResetMagazynu","151","30.08.2026 22:14:11","Reset do stanu bazowego 15.07.2025"
"4014","50","","","ResetMagazynu","48","30.08.2026 22:14:11","Reset do stanu bazowego 15.07.2025"
"4015","51","","","ResetMagazynu","47","30.08.2026 22:14:11","Reset do stanu bazowego 15.07.2025"
"4016","52","","","ResetMagazynu","91","30.08.2026 22:14:11","Reset do stanu bazowego 15.07.2025"
"4017","53","","","ResetMagazynu","35","30.08.2026 22:14:11","Reset do stanu bazowego 15.07.2025"
"4018","1","1","","Rezerwacja","-1","30.08.2026 22:14:15","Rezerwacja dla zlecenia 1"
"4019","38","1","","Rezerwacja","0","30.08.2026 22:14:15","Rezerwacja dla zlecenia 1"
"4020","49","1","","Rezerwacja","-19","30.08.2026 22:14:15","Rezerwacja dla zlecenia 1"
"4021","27","1","","Rezerwacja","-6","30.08.2026 22:14:15","Rezerwacja dla zlecenia 1"
"4022","50","1","","Rezerwacja","-6","30.08.2026 22:14:15","Rezerwacja dla zlecenia 1"
"4023","51","1","","Rezerwacja","-6","30.08.2026 22:14:15","Rezerwacja dla zlecenia 1"
"4024","52","1","","Rezerwacja","-9","30.08.2026 22:14:15","Rezerwacja dla zlecenia 1"
"4025","48","1","","Rezerwacja","-4","30.08.2026 22:14:15","Rezerwacja dla zlecenia 1"
"4026","53","1","","Rezerwacja","-3","30.08.2026 22:14:15","Rezerwacja dla zlecenia 1"
"4027","1","1","","ZwrotRezerwy","1","30.08.2026 22:15:45","Zwolnienie rezerwy po usunięciu zlecenia 1"
"4028","38","1","","ZwrotRezerwy","0","30.08.2026 22:15:45","Zwolnienie rezerwy po usunięciu zlecenia 1"
"4029","49","1","","ZwrotRezerwy","19","30.08.2026 22:15:45","Zwolnienie rezerwy po usunięciu zlecenia 1"
"4030","27","1","","ZwrotRezerwy","6","30.08.2026 22:15:45","Zwolnienie rezerwy po usunięciu zlecenia 1"
"4031","50","1","","ZwrotRezerwy","6","30.08.2026 22:15:45","Zwolnienie rezerwy po usunięciu zlecenia 1"
"4032","51","1","","ZwrotRezerwy","6","30.08.2026 22:15:45","Zwolnienie rezerwy po usunięciu zlecenia 1"
"4033","52","1","","ZwrotRezerwy","9","30.08.2026 22:15:45","Zwolnienie rezerwy po usunięciu zlecenia 1"
"4034","48","1","","ZwrotRezerwy","4","30.08.2026 22:15:45","Zwolnienie rezerwy po usunięciu zlecenia 1"
"4035","53","1","","ZwrotRezerwy","3","30.08.2026 22:15:45","Zwolnienie rezerwy po usunięciu zlecenia 1"
"4036","1","1","","Rezerwacja","-1","30.08.2026 22:16:02","Rezerwacja dla zlecenia 1"
"4037","38","1","","Rezerwacja","0","30.08.2026 22:16:02","Rezerwacja dla zlecenia 1"
"4038","49","1","","Rezerwacja","-19","30.08.2026 22:16:02","Rezerwacja dla zlecenia 1"
"4039","27","1","","Rezerwacja","-6","30.08.2026 22:16:02","Rezerwacja dla zlecenia 1"
"4040","50","1","","Rezerwacja","-6","30.08.2026 22:16:02","Rezerwacja dla zlecenia 1"
"4041","51","1","","Rezerwacja","-6","30.08.2026 22:16:02","Rezerwacja dla zlecenia 1"
"4042","52","1","","Rezerwacja","-9","30.08.2026 22:16:02","Rezerwacja dla zlecenia 1"
"4043","48","1","","Rezerwacja","-4","30.08.2026 22:16:02","Rezerwacja dla zlecenia 1"
"4044","53","1","","Rezerwacja","-3","30.08.2026 22:16:02","Rezerwacja dla zlecenia 1"
"4045","1","1","","ZwrotRezerwy","1","31.08.2026 09:13:57","Zwolnienie rezerwy po usunięciu zlecenia 1"
"4046","38","1","","ZwrotRezerwy","0","31.08.2026 09:13:57","Zwolnienie rezerwy po usunięciu zlecenia 1"
"4047","49","1","","ZwrotRezerwy","19","31.08.2026 09:13:57","Zwolnienie rezerwy po usunięciu zlecenia 1"
"4048","27","1","","ZwrotRezerwy","6","31.08.2026 09:13:57","Zwolnienie rezerwy po usunięciu zlecenia 1"
"4049","50","1","","ZwrotRezerwy","6","31.08.2026 09:13:57","Zwolnienie rezerwy po usunięciu zlecenia 1"
"4050","51","1","","ZwrotRezerwy","6","31.08.2026 09:13:57","Zwolnienie rezerwy po usunięciu zlecenia 1"
"4051","52","1","","ZwrotRezerwy","9","31.08.2026 09:13:57","Zwolnienie rezerwy po usunięciu zlecenia 1"
"4052","48","1","","ZwrotRezerwy","4","31.08.2026 09:13:57","Zwolnienie rezerwy po usunięciu zlecenia 1"
"4053","53","1","","ZwrotRezerwy","3","31.08.2026 09:13:57","Zwolnienie rezerwy po usunięciu zlecenia 1"
"4054","1","","","ResetMagazynu","41","31.08.2026 09:14:06","Reset do stanu bazowego 15.07.2025"
"4055","27","","","ResetMagazynu","90","31.08.2026 09:14:06","Reset do stanu bazowego 15.07.2025"
"4056","38","","","ResetMagazynu","29","31.08.2026 09:14:06","Reset do stanu bazowego 15.07.2025"
"4057","48","","","ResetMagazynu","234","31.08.2026 09:14:06","Reset do stanu bazowego 15.07.2025"
"4058","49","","","ResetMagazynu","151","31.08.2026 09:14:06","Reset do stanu bazowego 15.07.2025"
"4059","50","","","ResetMagazynu","48","31.08.2026 09:14:06","Reset do stanu bazowego 15.07.2025"
"4060","51","","","ResetMagazynu","47","31.08.2026 09:14:06","Reset do stanu bazowego 15.07.2025"
"4061","52","","","ResetMagazynu","91","31.08.2026 09:14:06","Reset do stanu bazowego 15.07.2025"
"4062","53","","","ResetMagazynu","35","31.08.2026 09:14:06","Reset do stanu bazowego 15.07.2025"
"4063","1","2","","Rezerwacja","-3","31.08.2026 09:14:24","Rezerwacja dla zlecenia 2"
"4064","38","2","","Rezerwacja","0","31.08.2026 09:14:24","Rezerwacja dla zlecenia 2"
"4065","49","2","","Rezerwacja","-24","31.08.2026 09:14:24","Rezerwacja dla zlecenia 2"
"4066","27","2","","Rezerwacja","-18","31.08.2026 09:14:24","Rezerwacja dla zlecenia 2"
"4067","50","2","","Rezerwacja","-24","31.08.2026 09:14:24","Rezerwacja dla zlecenia 2"
"4068","51","2","","Rezerwacja","-27","31.08.2026 09:14:24","Rezerwacja dla zlecenia 2"
"4069","52","2","","Rezerwacja","-21","31.08.2026 09:14:24","Rezerwacja dla zlecenia 2"
"4070","48","2","","Rezerwacja","-21","31.08.2026 09:14:24","Rezerwacja dla zlecenia 2"
"4071","53","2","","Rezerwacja","-9","31.08.2026 09:14:24","Rezerwacja dla zlecenia 2"
"4072","1","2","","ZwrotRezerwy","3","31.08.2026 09:15:16","Zwolnienie rezerwy po usunięciu zlecenia 2"
"4073","38","2","","ZwrotRezerwy","0","31.08.2026 09:15:16","Zwolnienie rezerwy po usunięciu zlecenia 2"
"4074","49","2","","ZwrotRezerwy","24","31.08.2026 09:15:16","Zwolnienie rezerwy po usunięciu zlecenia 2"
"4075","27","2","","ZwrotRezerwy","18","31.08.2026 09:15:16","Zwolnienie rezerwy po usunięciu zlecenia 2"
"4076","50","2","","ZwrotRezerwy","24","31.08.2026 09:15:16","Zwolnienie rezerwy po usunięciu zlecenia 2"
"4077","51","2","","ZwrotRezerwy","27","31.08.2026 09:15:16","Zwolnienie rezerwy po usunięciu zlecenia 2"
"4078","52","2","","ZwrotRezerwy","21","31.08.2026 09:15:16","Zwolnienie rezerwy po usunięciu zlecenia 2"
"4079","48","2","","ZwrotRezerwy","21","31.08.2026 09:15:16","Zwolnienie rezerwy po usunięciu zlecenia 2"
"4080","53","2","","ZwrotRezerwy","9","31.08.2026 09:15:16","Zwolnienie rezerwy po usunięciu zlecenia 2"
"4081","1","1","","Rezerwacja","0","31.08.2026 09:15:36","Rezerwacja dla zlecenia 1"
"4082","38","1","","Rezerwacja","-3","31.08.2026 09:15:36","Rezerwacja dla zlecenia 1"
"4083","49","1","","Rezerwacja","-24","31.08.2026 09:15:36","Rezerwacja dla zlecenia 1"
"4084","27","1","","Rezerwacja","-9","31.08.2026 09:15:36","Rezerwacja dla zlecenia 1"
"4085","50","1","","Rezerwacja","-9","31.08.2026 09:15:36","Rezerwacja dla zlecenia 1"
"4086","51","1","","Rezerwacja","-12","31.08.2026 09:15:36","Rezerwacja dla zlecenia 1"
"4087","52","1","","Rezerwacja","-30","31.08.2026 09:15:36","Rezerwacja dla zlecenia 1"
"4088","48","1","","Rezerwacja","-6","31.08.2026 09:15:36","Rezerwacja dla zlecenia 1"
"4089","53","1","","Rezerwacja","-6","31.08.2026 09:15:36","Rezerwacja dla zlecenia 1"
"4090","1","2","","Rezerwacja","-2","31.08.2026 09:15:46","Rezerwacja dla zlecenia 2"
"4091","38","2","","Rezerwacja","0","31.08.2026 09:15:46","Rezerwacja dla zlecenia 2"
"4092","49","2","","Rezerwacja","-16","31.08.2026 09:15:46","Rezerwacja dla zlecenia 2"
"4093","27","2","","Rezerwacja","-12","31.08.2026 09:15:46","Rezerwacja dla zlecenia 2"
"4094","50","2","","Rezerwacja","-16","31.08.2026 09:15:46","Rezerwacja dla zlecenia 2"
"4095","51","2","","Rezerwacja","-18","31.08.2026 09:15:46","Rezerwacja dla zlecenia 2"
"4096","52","2","","Rezerwacja","-14","31.08.2026 09:15:46","Rezerwacja dla zlecenia 2"
"4097","48","2","","Rezerwacja","-14","31.08.2026 09:15:46","Rezerwacja dla zlecenia 2"
"4098","53","2","","Rezerwacja","-6","31.08.2026 09:15:46","Rezerwacja dla zlecenia 2"
"4099","1","3","","Rezerwacja","0","31.08.2026 09:15:54","Rezerwacja dla zlecenia 3"
"4100","38","3","","Rezerwacja","-3","31.08.2026 09:15:54","Rezerwacja dla zlecenia 3"
"4101","49","3","","Rezerwacja","-21","31.08.2026 09:15:54","Rezerwacja dla zlecenia 3"
"4102","27","3","","Rezerwacja","-6","31.08.2026 09:15:54","Rezerwacja dla zlecenia 3"
"4103","50","3","","Rezerwacja","-6","31.08.2026 09:15:54","Rezerwacja dla zlecenia 3"
"4104","51","3","","Rezerwacja","-12","31.08.2026 09:15:54","Rezerwacja dla zlecenia 3"
"4105","52","3","","Rezerwacja","-24","31.08.2026 09:15:54","Rezerwacja dla zlecenia 3"
"4106","48","3","","Rezerwacja","-9","31.08.2026 09:15:54","Rezerwacja dla zlecenia 3"
"4107","53","3","","Rezerwacja","-9","31.08.2026 09:15:54","Rezerwacja dla zlecenia 3"
"4108","1","","","ResetMagazynu","41","31.08.2026 11:09:08","Reset do stanu bazowego 15.07.2025"
"4109","27","","","ResetMagazynu","90","31.08.2026 11:09:08","Reset do stanu bazowego 15.07.2025"
"4110","38","","","ResetMagazynu","29","31.08.2026 11:09:08","Reset do stanu bazowego 15.07.2025"
"4111","48","","","ResetMagazynu","234","31.08.2026 11:09:08","Reset do stanu bazowego 15.07.2025"
"4112","49","","","ResetMagazynu","151","31.08.2026 11:09:08","Reset do stanu bazowego 15.07.2025"
"4113","50","","","ResetMagazynu","48","31.08.2026 11:09:08","Reset do stanu bazowego 15.07.2025"
"4114","51","","","ResetMagazynu","47","31.08.2026 11:09:08","Reset do stanu bazowego 15.07.2025"
"4115","52","","","ResetMagazynu","91","31.08.2026 11:09:08","Reset do stanu bazowego 15.07.2025"
"4116","53","","","ResetMagazynu","35","31.08.2026 11:09:08","Reset do stanu bazowego 15.07.2025"
"4117","1","1","","Rezerwacja","0","31.08.2026 11:09:22","Rezerwacja dla zlecenia 1"
"4118","38","1","","Rezerwacja","-2","31.08.2026 11:09:22","Rezerwacja dla zlecenia 1"
"4119","49","1","","Rezerwacja","-10","31.08.2026 11:09:22","Rezerwacja dla zlecenia 1"
"4120","27","1","","Rezerwacja","-4","31.08.2026 11:09:22","Rezerwacja dla zlecenia 1"
"4121","50","1","","Rezerwacja","-10","31.08.2026 11:09:22","Rezerwacja dla zlecenia 1"
"4122","51","1","","Rezerwacja","-4","31.08.2026 11:09:22","Rezerwacja dla zlecenia 1"
"4123","52","1","","Rezerwacja","-10","31.08.2026 11:09:22","Rezerwacja dla zlecenia 1"
"4124","48","1","","Rezerwacja","-8","31.08.2026 11:09:22","Rezerwacja dla zlecenia 1"
"4125","53","1","","Rezerwacja","-8","31.08.2026 11:09:22","Rezerwacja dla zlecenia 1"
"4126","1","2","","Rezerwacja","0","31.08.2026 11:09:32","Rezerwacja dla zlecenia 2"
"4127","38","2","","Rezerwacja","-1","31.08.2026 11:09:32","Rezerwacja dla zlecenia 2"
"4128","49","2","","Rezerwacja","-7","31.08.2026 11:09:32","Rezerwacja dla zlecenia 2"
"4129","27","2","","Rezerwacja","-2","31.08.2026 11:09:32","Rezerwacja dla zlecenia 2"
"4130","50","2","","Rezerwacja","-2","31.08.2026 11:09:32","Rezerwacja dla zlecenia 2"
"4131","51","2","","Rezerwacja","-4","31.08.2026 11:09:32","Rezerwacja dla zlecenia 2"
"4132","52","2","","Rezerwacja","-8","31.08.2026 11:09:32","Rezerwacja dla zlecenia 2"
"4133","48","2","","Rezerwacja","-3","31.08.2026 11:09:32","Rezerwacja dla zlecenia 2"
"4134","53","2","","Rezerwacja","-3","31.08.2026 11:09:32","Rezerwacja dla zlecenia 2"
"4135","1","3","","Rezerwacja","0","31.08.2026 11:09:42","Rezerwacja dla zlecenia 3"
"4136","38","3","","Rezerwacja","-1","31.08.2026 11:09:42","Rezerwacja dla zlecenia 3"
"4137","49","3","","Rezerwacja","-8","31.08.2026 11:09:42","Rezerwacja dla zlecenia 3"
"4138","27","3","","Rezerwacja","-3","31.08.2026 11:09:42","Rezerwacja dla zlecenia 3"
"4139","50","3","","Rezerwacja","-3","31.08.2026 11:09:42","Rezerwacja dla zlecenia 3"
"4140","51","3","","Rezerwacja","-4","31.08.2026 11:09:42","Rezerwacja dla zlecenia 3"
"4141","52","3","","Rezerwacja","-10","31.08.2026 11:09:42","Rezerwacja dla zlecenia 3"
"4142","48","3","","Rezerwacja","-2","31.08.2026 11:09:42","Rezerwacja dla zlecenia 3"
"4143","53","3","","Rezerwacja","-2","31.08.2026 11:09:42","Rezerwacja dla zlecenia 3"
"4144","1","","","ResetMagazynu","41","31.08.2026 12:02:02","Reset do stanu bazowego 15.07.2025"
"4145","27","","","ResetMagazynu","90","31.08.2026 12:02:02","Reset do stanu bazowego 15.07.2025"
"4146","38","","","ResetMagazynu","29","31.08.2026 12:02:02","Reset do stanu bazowego 15.07.2025"
"4147","48","","","ResetMagazynu","234","31.08.2026 12:02:02","Reset do stanu bazowego 15.07.2025"
"4148","49","","","ResetMagazynu","151","31.08.2026 12:02:02","Reset do stanu bazowego 15.07.2025"
"4149","50","","","ResetMagazynu","48","31.08.2026 12:02:02","Reset do stanu bazowego 15.07.2025"
"4150","51","","","ResetMagazynu","47","31.08.2026 12:02:02","Reset do stanu bazowego 15.07.2025"
"4151","52","","","ResetMagazynu","91","31.08.2026 12:02:02","Reset do stanu bazowego 15.07.2025"
"4152","53","","","ResetMagazynu","35","31.08.2026 12:02:02","Reset do stanu bazowego 15.07.2025"
"4153","1","1","","Rezerwacja","-1","31.08.2026 12:02:13","Rezerwacja dla zlecenia 1"
"4154","38","1","","Rezerwacja","0","31.08.2026 12:02:13","Rezerwacja dla zlecenia 1"
"4155","49","1","","Rezerwacja","-14","31.08.2026 12:02:13","Rezerwacja dla zlecenia 1"
"4156","27","1","","Rezerwacja","-4","31.08.2026 12:02:13","Rezerwacja dla zlecenia 1"
"4157","50","1","","Rezerwacja","-6","31.08.2026 12:02:13","Rezerwacja dla zlecenia 1"
"4158","51","1","","Rezerwacja","-4","31.08.2026 12:02:13","Rezerwacja dla zlecenia 1"
"4159","52","1","","Rezerwacja","-9","31.08.2026 12:02:13","Rezerwacja dla zlecenia 1"
"4160","48","1","","Rezerwacja","-6","31.08.2026 12:02:13","Rezerwacja dla zlecenia 1"
"4161","53","1","","Rezerwacja","-5","31.08.2026 12:02:13","Rezerwacja dla zlecenia 1"
"4162","1","2","","Rezerwacja","-1","31.08.2026 12:02:21","Rezerwacja dla zlecenia 2"
"4163","38","2","","Rezerwacja","0","31.08.2026 12:02:21","Rezerwacja dla zlecenia 2"
"4164","49","2","","Rezerwacja","-8","31.08.2026 12:02:21","Rezerwacja dla zlecenia 2"
"4165","27","2","","Rezerwacja","-6","31.08.2026 12:02:21","Rezerwacja dla zlecenia 2"
"4166","50","2","","Rezerwacja","-8","31.08.2026 12:02:21","Rezerwacja dla zlecenia 2"
"4167","51","2","","Rezerwacja","-9","31.08.2026 12:02:21","Rezerwacja dla zlecenia 2"
"4168","52","2","","Rezerwacja","-7","31.08.2026 12:02:21","Rezerwacja dla zlecenia 2"
"4169","48","2","","Rezerwacja","-7","31.08.2026 12:02:21","Rezerwacja dla zlecenia 2"
"4170","53","2","","Rezerwacja","-3","31.08.2026 12:02:21","Rezerwacja dla zlecenia 2"
"4171","1","3","","Rezerwacja","0","31.08.2026 12:02:32","Rezerwacja dla zlecenia 3"
"4172","38","3","","Rezerwacja","-1","31.08.2026 12:02:32","Rezerwacja dla zlecenia 3"
"4173","49","3","","Rezerwacja","-7","31.08.2026 12:02:32","Rezerwacja dla zlecenia 3"
"4174","27","3","","Rezerwacja","-2","31.08.2026 12:02:32","Rezerwacja dla zlecenia 3"
"4175","50","3","","Rezerwacja","-2","31.08.2026 12:02:32","Rezerwacja dla zlecenia 3"
"4176","51","3","","Rezerwacja","-4","31.08.2026 12:02:32","Rezerwacja dla zlecenia 3"
"4177","52","3","","Rezerwacja","-8","31.08.2026 12:02:32","Rezerwacja dla zlecenia 3"
"4178","48","3","","Rezerwacja","-3","31.08.2026 12:02:32","Rezerwacja dla zlecenia 3"
"4179","53","3","","Rezerwacja","-3","31.08.2026 12:02:32","Rezerwacja dla zlecenia 3"
"4180","1","","","ResetMagazynu","41","31.08.2026 12:07:40","Reset do stanu bazowego 15.07.2025"
"4181","27","","","ResetMagazynu","90","31.08.2026 12:07:40","Reset do stanu bazowego 15.07.2025"
"4182","38","","","ResetMagazynu","29","31.08.2026 12:07:40","Reset do stanu bazowego 15.07.2025"
"4183","48","","","ResetMagazynu","234","31.08.2026 12:07:40","Reset do stanu bazowego 15.07.2025"
"4184","49","","","ResetMagazynu","151","31.08.2026 12:07:40","Reset do stanu bazowego 15.07.2025"
"4185","50","","","ResetMagazynu","48","31.08.2026 12:07:40","Reset do stanu bazowego 15.07.2025"
"4186","51","","","ResetMagazynu","47","31.08.2026 12:07:40","Reset do stanu bazowego 15.07.2025"
"4187","52","","","ResetMagazynu","91","31.08.2026 12:07:40","Reset do stanu bazowego 15.07.2025"
"4188","53","","","ResetMagazynu","35","31.08.2026 12:07:40","Reset do stanu bazowego 15.07.2025"
"4189","1","1","","Rezerwacja","-1","31.08.2026 12:07:52","Rezerwacja dla zlecenia 1"
"4190","38","1","","Rezerwacja","0","31.08.2026 12:07:52","Rezerwacja dla zlecenia 1"
"4191","49","1","","Rezerwacja","-19","31.08.2026 12:07:52","Rezerwacja dla zlecenia 1"
"4192","27","1","","Rezerwacja","-6","31.08.2026 12:07:52","Rezerwacja dla zlecenia 1"
"4193","50","1","","Rezerwacja","-6","31.08.2026 12:07:52","Rezerwacja dla zlecenia 1"
"4194","51","1","","Rezerwacja","-6","31.08.2026 12:07:52","Rezerwacja dla zlecenia 1"
"4195","52","1","","Rezerwacja","-9","31.08.2026 12:07:52","Rezerwacja dla zlecenia 1"
"4196","48","1","","Rezerwacja","-4","31.08.2026 12:07:52","Rezerwacja dla zlecenia 1"
"4197","53","1","","Rezerwacja","-3","31.08.2026 12:07:52","Rezerwacja dla zlecenia 1"
"4198","1","2","","Rezerwacja","-1","31.08.2026 12:07:57","Rezerwacja dla zlecenia 2"
"4199","38","2","","Rezerwacja","0","31.08.2026 12:07:57","Rezerwacja dla zlecenia 2"
"4200","49","2","","Rezerwacja","-8","31.08.2026 12:07:57","Rezerwacja dla zlecenia 2"
"4201","27","2","","Rezerwacja","-6","31.08.2026 12:07:57","Rezerwacja dla zlecenia 2"
"4202","50","2","","Rezerwacja","-8","31.08.2026 12:07:57","Rezerwacja dla zlecenia 2"
"4203","51","2","","Rezerwacja","-9","31.08.2026 12:07:57","Rezerwacja dla zlecenia 2"
"4204","52","2","","Rezerwacja","-7","31.08.2026 12:07:57","Rezerwacja dla zlecenia 2"
"4205","48","2","","Rezerwacja","-7","31.08.2026 12:07:57","Rezerwacja dla zlecenia 2"
"4206","53","2","","Rezerwacja","-3","31.08.2026 12:07:57","Rezerwacja dla zlecenia 2"
"4207","1","3","","Rezerwacja","0","31.08.2026 12:08:04","Rezerwacja dla zlecenia 3"
"4208","38","3","","Rezerwacja","-1","31.08.2026 12:08:04","Rezerwacja dla zlecenia 3"
"4209","49","3","","Rezerwacja","-5","31.08.2026 12:08:04","Rezerwacja dla zlecenia 3"
"4210","27","3","","Rezerwacja","-2","31.08.2026 12:08:04","Rezerwacja dla zlecenia 3"
"4211","50","3","","Rezerwacja","-5","31.08.2026 12:08:04","Rezerwacja dla zlecenia 3"
"4212","51","3","","Rezerwacja","-2","31.08.2026 12:08:04","Rezerwacja dla zlecenia 3"
"4213","52","3","","Rezerwacja","-5","31.08.2026 12:08:04","Rezerwacja dla zlecenia 3"
"4214","48","3","","Rezerwacja","-4","31.08.2026 12:08:04","Rezerwacja dla zlecenia 3"
"4215","53","3","","Rezerwacja","-4","31.08.2026 12:08:04","Rezerwacja dla zlecenia 3"
"5108","1","","","ResetMagazynu","41","1.09.2026 00:51:42","Reset do stanu bazowego 15.07.2025"
"5109","27","","","ResetMagazynu","90","1.09.2026 00:51:42","Reset do stanu bazowego 15.07.2025"
"5110","38","","","ResetMagazynu","29","1.09.2026 00:51:42","Reset do stanu bazowego 15.07.2025"
"5111","48","","","ResetMagazynu","234","1.09.2026 00:51:42","Reset do stanu bazowego 15.07.2025"
"5112","49","","","ResetMagazynu","151","1.09.2026 00:51:42","Reset do stanu bazowego 15.07.2025"
"5113","50","","","ResetMagazynu","48","1.09.2026 00:51:42","Reset do stanu bazowego 15.07.2025"
"5114","51","","","ResetMagazynu","47","1.09.2026 00:51:42","Reset do stanu bazowego 15.07.2025"
"5115","52","","","ResetMagazynu","91","1.09.2026 00:51:42","Reset do stanu bazowego 15.07.2025"
"5116","53","","","ResetMagazynu","35","1.09.2026 00:51:42","Reset do stanu bazowego 15.07.2025"
