ISO-10303-21;
HEADER;
/* Generated by software containing ST-Developer
 * from STEP Tools, Inc. (www.steptools.com) 
 */

FILE_DESCRIPTION(
/* description */ (''),
/* implementation_level */ '2;1');

FILE_NAME(
/* name */ 'Liczba 2.step',
/* time_stamp */ '2026-09-04T13:57:35+02:00',
/* author */ (''),
/* organization */ (''),
/* preprocessor_version */ 'ST-DEVELOPER v20.1',
/* originating_system */ 'Autodesk Translation Framework v15.8.0.0',
/* authorisation */ '');

FILE_SCHEMA (('AUTOMOTIVE_DESIGN { 1 0 10303 214 3 1 1 }'));
ENDSEC;

DATA;
#10=MECHANICAL_DESIGN_GEOMETRIC_PRESENTATION_REPRESENTATION('',(#19,#20,
#21,#22),#1825);
#11=ITEM_DEFINED_TRANSFORMATION($,$,#908,#935);
#12=(
REPRESENTATION_RELATIONSHIP($,$,#1836,#1835)
REPRESENTATION_RELATIONSHIP_WITH_TRANSFORMATION(#11)
SHAPE_REPRESENTATION_RELATIONSHIP()
);
#13=CONTEXT_DEPENDENT_SHAPE_REPRESENTATION(#12,#1834);
#14=NEXT_ASSEMBLY_USAGE_OCCURRENCE('try1 v1:1','try1 v1:1','try1 v1:1',
#1838,#1839,'try1 v1:1');
#15=SHAPE_REPRESENTATION_RELATIONSHIP('SRR','None',#1836,#17);
#16=SHAPE_REPRESENTATION_RELATIONSHIP('SRR','None',#1835,#18);
#17=ADVANCED_BREP_SHAPE_REPRESENTATION('',(#23,#24,#25),#1824);
#18=ADVANCED_BREP_SHAPE_REPRESENTATION('',(#26),#1823);
#19=STYLED_ITEM('',(#1850),#23);
#20=STYLED_ITEM('',(#1850),#24);
#21=STYLED_ITEM('',(#1850),#25);
#22=STYLED_ITEM('',(#1849),#26);
#23=MANIFOLD_SOLID_BREP('Bry\X2\0142\X0\a1',#891);
#24=MANIFOLD_SOLID_BREP('Bry\X2\0142\X0\a2',#892);
#25=MANIFOLD_SOLID_BREP('Bry\X2\0142\X0\a3',#893);
#26=MANIFOLD_SOLID_BREP('Bry\X2\0142\X0\a1',#894);
#27=PLANE('',#909);
#28=PLANE('',#910);
#29=PLANE('',#911);
#30=PLANE('',#912);
#31=PLANE('',#913);
#32=PLANE('',#914);
#33=PLANE('',#915);
#34=PLANE('',#916);
#35=PLANE('',#917);
#36=PLANE('',#918);
#37=PLANE('',#919);
#38=PLANE('',#920);
#39=PLANE('',#921);
#40=PLANE('',#922);
#41=PLANE('',#923);
#42=PLANE('',#924);
#43=PLANE('',#925);
#44=PLANE('',#926);
#45=PLANE('',#927);
#46=PLANE('',#928);
#47=PLANE('',#929);
#48=PLANE('',#930);
#49=PLANE('',#931);
#50=PLANE('',#932);
#51=PLANE('',#933);
#52=PLANE('',#934);
#53=FACE_OUTER_BOUND('',#104,.T.);
#54=FACE_OUTER_BOUND('',#105,.T.);
#55=FACE_OUTER_BOUND('',#106,.T.);
#56=FACE_OUTER_BOUND('',#107,.T.);
#57=FACE_OUTER_BOUND('',#108,.T.);
#58=FACE_OUTER_BOUND('',#109,.T.);
#59=FACE_OUTER_BOUND('',#110,.T.);
#60=FACE_OUTER_BOUND('',#111,.T.);
#61=FACE_OUTER_BOUND('',#112,.T.);
#62=FACE_OUTER_BOUND('',#113,.T.);
#63=FACE_OUTER_BOUND('',#114,.T.);
#64=FACE_OUTER_BOUND('',#115,.T.);
#65=FACE_OUTER_BOUND('',#116,.T.);
#66=FACE_OUTER_BOUND('',#117,.T.);
#67=FACE_OUTER_BOUND('',#118,.T.);
#68=FACE_OUTER_BOUND('',#119,.T.);
#69=FACE_OUTER_BOUND('',#120,.T.);
#70=FACE_OUTER_BOUND('',#121,.T.);
#71=FACE_OUTER_BOUND('',#122,.T.);
#72=FACE_OUTER_BOUND('',#123,.T.);
#73=FACE_OUTER_BOUND('',#124,.T.);
#74=FACE_OUTER_BOUND('',#125,.T.);
#75=FACE_OUTER_BOUND('',#126,.T.);
#76=FACE_OUTER_BOUND('',#127,.T.);
#77=FACE_OUTER_BOUND('',#128,.T.);
#78=FACE_OUTER_BOUND('',#129,.T.);
#79=FACE_OUTER_BOUND('',#130,.T.);
#80=FACE_OUTER_BOUND('',#131,.T.);
#81=FACE_OUTER_BOUND('',#132,.T.);
#82=FACE_OUTER_BOUND('',#133,.T.);
#83=FACE_OUTER_BOUND('',#134,.T.);
#84=FACE_OUTER_BOUND('',#135,.T.);
#85=FACE_OUTER_BOUND('',#136,.T.);
#86=FACE_OUTER_BOUND('',#137,.T.);
#87=FACE_OUTER_BOUND('',#138,.T.);
#88=FACE_OUTER_BOUND('',#139,.T.);
#89=FACE_OUTER_BOUND('',#140,.T.);
#90=FACE_OUTER_BOUND('',#141,.T.);
#91=FACE_OUTER_BOUND('',#142,.T.);
#92=FACE_OUTER_BOUND('',#143,.T.);
#93=FACE_OUTER_BOUND('',#144,.T.);
#94=FACE_OUTER_BOUND('',#145,.T.);
#95=FACE_OUTER_BOUND('',#146,.T.);
#96=FACE_OUTER_BOUND('',#147,.T.);
#97=FACE_OUTER_BOUND('',#148,.T.);
#98=FACE_OUTER_BOUND('',#149,.T.);
#99=FACE_OUTER_BOUND('',#150,.T.);
#100=FACE_OUTER_BOUND('',#151,.T.);
#101=FACE_OUTER_BOUND('',#152,.T.);
#102=FACE_OUTER_BOUND('',#153,.T.);
#103=FACE_OUTER_BOUND('',#154,.T.);
#104=EDGE_LOOP('',(#557,#558,#559,#560,#561,#562,#563,#564));
#105=EDGE_LOOP('',(#565,#566,#567));
#106=EDGE_LOOP('',(#568,#569,#570,#571,#572,#573,#574));
#107=EDGE_LOOP('',(#575,#576,#577,#578));
#108=EDGE_LOOP('',(#579,#580,#581,#582));
#109=EDGE_LOOP('',(#583,#584,#585,#586,#587));
#110=EDGE_LOOP('',(#588,#589,#590,#591,#592));
#111=EDGE_LOOP('',(#593,#594,#595,#596,#597));
#112=EDGE_LOOP('',(#598,#599,#600,#601));
#113=EDGE_LOOP('',(#602,#603,#604,#605,#606));
#114=EDGE_LOOP('',(#607,#608,#609,#610));
#115=EDGE_LOOP('',(#611,#612,#613,#614,#615,#616,#617,#618));
#116=EDGE_LOOP('',(#619,#620,#621));
#117=EDGE_LOOP('',(#622,#623,#624));
#118=EDGE_LOOP('',(#625,#626,#627,#628,#629,#630,#631,#632));
#119=EDGE_LOOP('',(#633,#634,#635,#636,#637,#638));
#120=EDGE_LOOP('',(#639,#640,#641,#642));
#121=EDGE_LOOP('',(#643,#644,#645,#646));
#122=EDGE_LOOP('',(#647,#648,#649,#650));
#123=EDGE_LOOP('',(#651,#652,#653,#654));
#124=EDGE_LOOP('',(#655,#656,#657,#658));
#125=EDGE_LOOP('',(#659,#660,#661,#662,#663,#664));
#126=EDGE_LOOP('',(#665,#666,#667,#668));
#127=EDGE_LOOP('',(#669,#670,#671,#672));
#128=EDGE_LOOP('',(#673,#674,#675,#676));
#129=EDGE_LOOP('',(#677,#678,#679,#680));
#130=EDGE_LOOP('',(#681,#682,#683,#684));
#131=EDGE_LOOP('',(#685,#686,#687,#688));
#132=EDGE_LOOP('',(#689,#690,#691,#692));
#133=EDGE_LOOP('',(#693,#694,#695,#696));
#134=EDGE_LOOP('',(#697,#698,#699,#700));
#135=EDGE_LOOP('',(#701,#702,#703,#704));
#136=EDGE_LOOP('',(#705,#706,#707,#708));
#137=EDGE_LOOP('',(#709,#710,#711,#712));
#138=EDGE_LOOP('',(#713,#714,#715,#716));
#139=EDGE_LOOP('',(#717,#718,#719,#720));
#140=EDGE_LOOP('',(#721,#722,#723,#724));
#141=EDGE_LOOP('',(#725,#726,#727,#728));
#142=EDGE_LOOP('',(#729,#730,#731,#732));
#143=EDGE_LOOP('',(#733,#734,#735,#736));
#144=EDGE_LOOP('',(#737,#738,#739,#740));
#145=EDGE_LOOP('',(#741,#742,#743,#744));
#146=EDGE_LOOP('',(#745,#746,#747,#748));
#147=EDGE_LOOP('',(#749,#750,#751,#752));
#148=EDGE_LOOP('',(#753,#754,#755,#756));
#149=EDGE_LOOP('',(#757,#758,#759,#760));
#150=EDGE_LOOP('',(#761,#762,#763,#764));
#151=EDGE_LOOP('',(#765,#766,#767,#768));
#152=EDGE_LOOP('',(#769,#770,#771,#772));
#153=EDGE_LOOP('',(#773,#774,#775,#776,#777,#778,#779,#780,#781,#782,#783,
#784,#785,#786,#787,#788,#789,#790,#791,#792,#793));
#154=EDGE_LOOP('',(#794,#795,#796,#797,#798,#799,#800,#801,#802,#803,#804,
#805,#806,#807,#808,#809,#810,#811,#812,#813,#814));
#155=LINE('',#1071,#213);
#156=LINE('',#1179,#214);
#157=LINE('',#1181,#215);
#158=LINE('',#1182,#216);
#159=LINE('',#1184,#217);
#160=LINE('',#1185,#218);
#161=LINE('',#1187,#219);
#162=LINE('',#1188,#220);
#163=LINE('',#1190,#221);
#164=LINE('',#1192,#222);
#165=LINE('',#1193,#223);
#166=LINE('',#1214,#224);
#167=LINE('',#1276,#225);
#168=LINE('',#1345,#226);
#169=LINE('',#1346,#227);
#170=LINE('',#1348,#228);
#171=LINE('',#1350,#229);
#172=LINE('',#1352,#230);
#173=LINE('',#1354,#231);
#174=LINE('',#1356,#232);
#175=LINE('',#1361,#233);
#176=LINE('',#1368,#234);
#177=LINE('',#1369,#235);
#178=LINE('',#1377,#236);
#179=LINE('',#1378,#237);
#180=LINE('',#1382,#238);
#181=LINE('',#1383,#239);
#182=LINE('',#1389,#240);
#183=LINE('',#1400,#241);
#184=LINE('',#1405,#242);
#185=LINE('',#1407,#243);
#186=LINE('',#1409,#244);
#187=LINE('',#1410,#245);
#188=LINE('',#1413,#246);
#189=LINE('',#1415,#247);
#190=LINE('',#1416,#248);
#191=LINE('',#1439,#249);
#192=LINE('',#1462,#250);
#193=LINE('',#1485,#251);
#194=LINE('',#1508,#252);
#195=LINE('',#1531,#253);
#196=LINE('',#1554,#254);
#197=LINE('',#1577,#255);
#198=LINE('',#1600,#256);
#199=LINE('',#1603,#257);
#200=LINE('',#1605,#258);
#201=LINE('',#1606,#259);
#202=LINE('',#1629,#260);
#203=LINE('',#1652,#261);
#204=LINE('',#1675,#262);
#205=LINE('',#1698,#263);
#206=LINE('',#1721,#264);
#207=LINE('',#1744,#265);
#208=LINE('',#1767,#266);
#209=LINE('',#1790,#267);
#210=LINE('',#1813,#268);
#211=LINE('',#1815,#269);
#212=LINE('',#1816,#270);
#213=VECTOR('',#940,10.);
#214=VECTOR('',#943,10.);
#215=VECTOR('',#944,10.);
#216=VECTOR('',#945,10.);
#217=VECTOR('',#948,10.);
#218=VECTOR('',#949,10.);
#219=VECTOR('',#952,10.);
#220=VECTOR('',#953,10.);
#221=VECTOR('',#956,10.);
#222=VECTOR('',#959,10.);
#223=VECTOR('',#960,10.);
#224=VECTOR('',#967,10.);
#225=VECTOR('',#968,10.);
#226=VECTOR('',#971,10.);
#227=VECTOR('',#972,10.);
#228=VECTOR('',#975,10.);
#229=VECTOR('',#978,10.);
#230=VECTOR('',#981,10.);
#231=VECTOR('',#984,10.);
#232=VECTOR('',#987,10.);
#233=VECTOR('',#992,10.);
#234=VECTOR('',#993,10.);
#235=VECTOR('',#994,10.);
#236=VECTOR('',#997,10.);
#237=VECTOR('',#998,10.);
#238=VECTOR('',#1001,10.);
#239=VECTOR('',#1002,10.);
#240=VECTOR('',#1005,10.);
#241=VECTOR('',#1006,10.);
#242=VECTOR('',#1011,10.);
#243=VECTOR('',#1012,10.);
#244=VECTOR('',#1013,10.);
#245=VECTOR('',#1014,10.);
#246=VECTOR('',#1017,10.);
#247=VECTOR('',#1018,10.);
#248=VECTOR('',#1019,10.);
#249=VECTOR('',#1020,10.);
#250=VECTOR('',#1021,10.);
#251=VECTOR('',#1022,10.);
#252=VECTOR('',#1023,10.);
#253=VECTOR('',#1024,10.);
#254=VECTOR('',#1025,10.);
#255=VECTOR('',#1026,10.);
#256=VECTOR('',#1027,10.);
#257=VECTOR('',#1030,10.);
#258=VECTOR('',#1031,10.);
#259=VECTOR('',#1032,10.);
#260=VECTOR('',#1033,10.);
#261=VECTOR('',#1034,10.);
#262=VECTOR('',#1035,10.);
#263=VECTOR('',#1036,10.);
#264=VECTOR('',#1037,10.);
#265=VECTOR('',#1038,10.);
#266=VECTOR('',#1039,10.);
#267=VECTOR('',#1040,10.);
#268=VECTOR('',#1041,10.);
#269=VECTOR('',#1044,10.);
#270=VECTOR('',#1045,10.);
#271=B_SPLINE_CURVE_WITH_KNOTS('',3,(#1066,#1067,#1068,#1069),
 .UNSPECIFIED.,.F.,.F.,(4,4),(0.,0.194915627263646),.UNSPECIFIED.);
#272=B_SPLINE_CURVE_WITH_KNOTS('',3,(#1073,#1074,#1075,#1076),
 .UNSPECIFIED.,.F.,.F.,(4,4),(0.00506307575509084,0.215515114238759),
 .UNSPECIFIED.);
#273=B_SPLINE_CURVE_WITH_KNOTS('',3,(#1078,#1079,#1080,#1081),
 .UNSPECIFIED.,.F.,.F.,(4,4),(0.0072450148065496,0.148395316671405),
 .UNSPECIFIED.);
#274=B_SPLINE_CURVE_WITH_KNOTS('',3,(#1083,#1084,#1085,#1086),
 .UNSPECIFIED.,.F.,.F.,(4,4),(0.0177716493051996,0.156805422908163),
 .UNSPECIFIED.);
#275=B_SPLINE_CURVE_WITH_KNOTS('',3,(#1088,#1089,#1090,#1091),
 .UNSPECIFIED.,.F.,.F.,(4,4),(0.200809787652305,0.296175834193653),
 .UNSPECIFIED.);
#276=B_SPLINE_CURVE_WITH_KNOTS('',3,(#1093,#1094,#1095,#1096),
 .UNSPECIFIED.,.F.,.F.,(4,4),(0.00641288293714423,0.139850965054917),
 .UNSPECIFIED.);
#277=B_SPLINE_CURVE_WITH_KNOTS('',3,(#1097,#1098,#1099,#1100),
 .UNSPECIFIED.,.F.,.F.,(4,4),(0.00500000000000001,0.405),.UNSPECIFIED.);
#278=B_SPLINE_CURVE_WITH_KNOTS('',3,(#1112,#1113,#1114,#1115),
 .UNSPECIFIED.,.F.,.F.,(4,4),(0.0732760344877254,0.171649960592663),
 .UNSPECIFIED.);
#279=B_SPLINE_CURVE_WITH_KNOTS('',3,(#1116,#1117,#1118,#1119),
 .UNSPECIFIED.,.F.,.F.,(4,4),(0.,0.454737162020853),.UNSPECIFIED.);
#280=B_SPLINE_CURVE_WITH_KNOTS('',3,(#1132,#1133,#1134,#1135),
 .UNSPECIFIED.,.F.,.F.,(4,4),(0.00500000000000056,0.0450000000000005),
 .UNSPECIFIED.);
#281=B_SPLINE_CURVE_WITH_KNOTS('',3,(#1137,#1138,#1139,#1140),
 .UNSPECIFIED.,.F.,.F.,(4,4),(0.00600119873297506,0.20596800211263),
 .UNSPECIFIED.);
#282=B_SPLINE_CURVE_WITH_KNOTS('',3,(#1142,#1143,#1144,#1145,#1146,#1147,
#1148),.UNSPECIFIED.,.F.,.F.,(4,3,4),(0.00687435132198115,0.0312370786281847,
0.150247868706624),.UNSPECIFIED.);
#283=B_SPLINE_CURVE_WITH_KNOTS('',3,(#1150,#1151,#1152,#1153,#1154,#1155,
#1156,#1157,#1158,#1159),.UNSPECIFIED.,.F.,.F.,(4,3,3,4),(0.00504144510709594,
0.370263992345418,0.63225969648591,0.659679636001034),.UNSPECIFIED.);
#284=B_SPLINE_CURVE_WITH_KNOTS('',3,(#1161,#1162,#1163,#1164,#1165,#1166,
#1167),.UNSPECIFIED.,.F.,.F.,(4,3,4),(0.0785644238909668,0.247095493610981,
0.462037212683986),.UNSPECIFIED.);
#285=B_SPLINE_CURVE_WITH_KNOTS('',3,(#1169,#1170,#1171,#1172),
 .UNSPECIFIED.,.F.,.F.,(4,4),(0.00500000000000012,0.405),.UNSPECIFIED.);
#286=B_SPLINE_CURVE_WITH_KNOTS('',3,(#1173,#1174,#1175,#1176),
 .UNSPECIFIED.,.F.,.F.,(4,4),(0.00650838058460051,0.175720040148853),
 .UNSPECIFIED.);
#287=B_SPLINE_CURVE_WITH_KNOTS('',3,(#1209,#1210,#1211,#1212),
 .UNSPECIFIED.,.F.,.F.,(4,4),(0.,0.624748832068284),.UNSPECIFIED.);
#288=B_SPLINE_CURVE_WITH_KNOTS('',3,(#1216,#1217,#1218,#1219,#1220,#1221,
#1222),.UNSPECIFIED.,.F.,.F.,(4,3,4),(0.0550645538164816,0.0773292052826974,
0.303170249476769),.UNSPECIFIED.);
#289=B_SPLINE_CURVE_WITH_KNOTS('',3,(#1224,#1225,#1226,#1227),
 .UNSPECIFIED.,.F.,.F.,(4,4),(0.00500000000000045,0.405000000000001),
 .UNSPECIFIED.);
#290=B_SPLINE_CURVE_WITH_KNOTS('',3,(#1229,#1230,#1231,#1232,#1233,#1234,
#1235,#1236,#1237,#1238,#1239,#1240,#1241),.UNSPECIFIED.,.F.,.F.,(4,3,3,
3,4),(0.0050151372560812,0.0512206519305566,0.0933399804999843,0.130893972405723,
0.135165732018252),.UNSPECIFIED.);
#291=B_SPLINE_CURVE_WITH_KNOTS('',3,(#1243,#1244,#1245,#1246),
 .UNSPECIFIED.,.F.,.F.,(4,4),(0.0050000000000001,0.0449999999999997),
 .UNSPECIFIED.);
#292=B_SPLINE_CURVE_WITH_KNOTS('',3,(#1248,#1249,#1250,#1251),
 .UNSPECIFIED.,.F.,.F.,(4,4),(0.00508156158922647,0.169729695718834),
 .UNSPECIFIED.);
#293=B_SPLINE_CURVE_WITH_KNOTS('',3,(#1252,#1253,#1254,#1255,#1256,#1257,
#1258),.UNSPECIFIED.,.F.,.F.,(4,3,4),(0.00570316651622471,0.12258931191064,
0.13969440988597),.UNSPECIFIED.);
#294=B_SPLINE_CURVE_WITH_KNOTS('',3,(#1271,#1272,#1273,#1274),
 .UNSPECIFIED.,.F.,.F.,(4,4),(0.,0.0715359664695364),.UNSPECIFIED.);
#295=B_SPLINE_CURVE_WITH_KNOTS('',3,(#1277,#1278,#1279,#1280),
 .UNSPECIFIED.,.F.,.F.,(4,4),(0.0550541744224671,0.06668481478103),
 .UNSPECIFIED.);
#296=B_SPLINE_CURVE_WITH_KNOTS('',3,(#1292,#1293,#1294,#1295),
 .UNSPECIFIED.,.F.,.F.,(4,4),(0.00503912169581073,0.0352543746409291),
 .UNSPECIFIED.);
#297=B_SPLINE_CURVE_WITH_KNOTS('',3,(#1296,#1297,#1298,#1299),
 .UNSPECIFIED.,.F.,.F.,(4,4),(0.,0.00582298015499924),.UNSPECIFIED.);
#298=B_SPLINE_CURVE_WITH_KNOTS('',3,(#1311,#1312,#1313,#1314),
 .UNSPECIFIED.,.F.,.F.,(4,4),(0.00500555702219857,0.593959631229814),
 .UNSPECIFIED.);
#299=B_SPLINE_CURVE_WITH_KNOTS('',3,(#1316,#1317,#1318,#1319),
 .UNSPECIFIED.,.F.,.F.,(4,4),(0.00509501548630204,0.105093086252823),
 .UNSPECIFIED.);
#300=B_SPLINE_CURVE_WITH_KNOTS('',3,(#1321,#1322,#1323,#1324),
 .UNSPECIFIED.,.F.,.F.,(4,4),(0.00499779616493427,0.163657742876863),
 .UNSPECIFIED.);
#301=B_SPLINE_CURVE_WITH_KNOTS('',3,(#1326,#1327,#1328,#1329),
 .UNSPECIFIED.,.F.,.F.,(4,4),(0.00500000000000006,0.0449999999999997),
 .UNSPECIFIED.);
#302=B_SPLINE_CURVE_WITH_KNOTS('',3,(#1331,#1332,#1333,#1334),
 .UNSPECIFIED.,.F.,.F.,(4,4),(0.00505492124242398,0.137463693506884),
 .UNSPECIFIED.);
#303=B_SPLINE_CURVE_WITH_KNOTS('',3,(#1336,#1337,#1338,#1339),
 .UNSPECIFIED.,.F.,.F.,(4,4),(0.00500000000000001,0.405),.UNSPECIFIED.);
#304=B_SPLINE_CURVE_WITH_KNOTS('',3,(#1340,#1341,#1342,#1343),
 .UNSPECIFIED.,.F.,.F.,(4,4),(0.,0.236156409301291),.UNSPECIFIED.);
#305=B_SPLINE_CURVE_WITH_KNOTS('',3,(#1363,#1364,#1365,#1366),
 .UNSPECIFIED.,.F.,.F.,(4,4),(0.,0.0172046448735641),.UNSPECIFIED.);
#306=B_SPLINE_CURVE_WITH_KNOTS('',3,(#1372,#1373,#1374,#1375),
 .UNSPECIFIED.,.F.,.F.,(4,4),(0.00500000000000012,0.0450000000000001),
 .UNSPECIFIED.);
#307=B_SPLINE_CURVE_WITH_KNOTS('',3,(#1384,#1385,#1386,#1387),
 .UNSPECIFIED.,.F.,.F.,(4,4),(0.00500692998526434,0.0254883654194811),
 .UNSPECIFIED.);
#308=B_SPLINE_CURVE_WITH_KNOTS('',3,(#1428,#1429,#1430,#1431,#1432),
 .UNSPECIFIED.,.F.,.F.,(4,1,4),(0.,0.301867761259799,0.60945245357259),
 .UNSPECIFIED.);
#309=B_SPLINE_CURVE_WITH_KNOTS('',3,(#1434,#1435,#1436,#1437,#1438),
 .UNSPECIFIED.,.F.,.F.,(4,1,4),(-0.60945245357259,-0.301867761259799,0.),
 .UNSPECIFIED.);
#310=B_SPLINE_CURVE_WITH_KNOTS('',3,(#1451,#1452,#1453,#1454,#1455),
 .UNSPECIFIED.,.F.,.F.,(4,1,4),(0.,0.399077784130031,0.969924726121228),
 .UNSPECIFIED.);
#311=B_SPLINE_CURVE_WITH_KNOTS('',3,(#1457,#1458,#1459,#1460,#1461),
 .UNSPECIFIED.,.F.,.F.,(4,1,4),(-0.969924726121228,-0.399077784130031,0.),
 .UNSPECIFIED.);
#312=B_SPLINE_CURVE_WITH_KNOTS('',3,(#1474,#1475,#1476,#1477,#1478),
 .UNSPECIFIED.,.F.,.F.,(4,1,4),(0.,0.436690259257621,0.685073565665182),
 .UNSPECIFIED.);
#313=B_SPLINE_CURVE_WITH_KNOTS('',3,(#1480,#1481,#1482,#1483,#1484),
 .UNSPECIFIED.,.F.,.F.,(4,1,4),(-0.685073565665182,-0.436690259257621,0.),
 .UNSPECIFIED.);
#314=B_SPLINE_CURVE_WITH_KNOTS('',3,(#1497,#1498,#1499,#1500,#1501),
 .UNSPECIFIED.,.F.,.F.,(4,1,4),(0.,0.1981352184144,0.375599344826498),
 .UNSPECIFIED.);
#315=B_SPLINE_CURVE_WITH_KNOTS('',3,(#1503,#1504,#1505,#1506,#1507),
 .UNSPECIFIED.,.F.,.F.,(4,1,4),(-0.375599344826498,-0.1981352184144,0.),
 .UNSPECIFIED.);
#316=B_SPLINE_CURVE_WITH_KNOTS('',3,(#1520,#1521,#1522,#1523,#1524),
 .UNSPECIFIED.,.F.,.F.,(4,1,4),(0.,0.171842204700425,0.319182864250335),
 .UNSPECIFIED.);
#317=B_SPLINE_CURVE_WITH_KNOTS('',3,(#1526,#1527,#1528,#1529,#1530),
 .UNSPECIFIED.,.F.,.F.,(4,1,4),(-0.319182864250335,-0.171842204700425,0.),
 .UNSPECIFIED.);
#318=B_SPLINE_CURVE_WITH_KNOTS('',3,(#1543,#1544,#1545,#1546,#1547),
 .UNSPECIFIED.,.F.,.F.,(4,1,4),(0.,0.145179844224714,0.309441155560011),
 .UNSPECIFIED.);
#319=B_SPLINE_CURVE_WITH_KNOTS('',3,(#1549,#1550,#1551,#1552,#1553),
 .UNSPECIFIED.,.F.,.F.,(4,1,4),(-0.309441155560011,-0.145179844224714,0.),
 .UNSPECIFIED.);
#320=B_SPLINE_CURVE_WITH_KNOTS('',3,(#1566,#1567,#1568,#1569,#1570),
 .UNSPECIFIED.,.F.,.F.,(4,1,4),(0.,0.163922511833465,0.312916425757175),
 .UNSPECIFIED.);
#321=B_SPLINE_CURVE_WITH_KNOTS('',3,(#1572,#1573,#1574,#1575,#1576),
 .UNSPECIFIED.,.F.,.F.,(4,1,4),(-0.312916425757175,-0.163922511833465,0.),
 .UNSPECIFIED.);
#322=B_SPLINE_CURVE_WITH_KNOTS('',3,(#1589,#1590,#1591,#1592,#1593),
 .UNSPECIFIED.,.F.,.F.,(4,1,4),(0.,0.166893382568284,0.386260112047181),
 .UNSPECIFIED.);
#323=B_SPLINE_CURVE_WITH_KNOTS('',3,(#1595,#1596,#1597,#1598,#1599),
 .UNSPECIFIED.,.F.,.F.,(4,1,4),(-0.386260112047181,-0.166893382568284,0.),
 .UNSPECIFIED.);
#324=B_SPLINE_CURVE_WITH_KNOTS('',3,(#1618,#1619,#1620,#1621,#1622),
 .UNSPECIFIED.,.F.,.F.,(4,1,4),(0.,0.42127016775402,0.769556520405641),
 .UNSPECIFIED.);
#325=B_SPLINE_CURVE_WITH_KNOTS('',3,(#1624,#1625,#1626,#1627,#1628),
 .UNSPECIFIED.,.F.,.F.,(4,1,4),(-0.769556520405641,-0.42127016775402,0.),
 .UNSPECIFIED.);
#326=B_SPLINE_CURVE_WITH_KNOTS('',3,(#1641,#1642,#1643,#1644,#1645),
 .UNSPECIFIED.,.F.,.F.,(4,1,4),(0.,0.341141090573452,0.716136908788904),
 .UNSPECIFIED.);
#327=B_SPLINE_CURVE_WITH_KNOTS('',3,(#1647,#1648,#1649,#1650,#1651),
 .UNSPECIFIED.,.F.,.F.,(4,1,4),(-0.716136908788904,-0.341141090573452,0.),
 .UNSPECIFIED.);
#328=B_SPLINE_CURVE_WITH_KNOTS('',3,(#1664,#1665,#1666,#1667,#1668),
 .UNSPECIFIED.,.F.,.F.,(4,1,4),(0.,0.4009797656668,0.751758034044826),
 .UNSPECIFIED.);
#329=B_SPLINE_CURVE_WITH_KNOTS('',3,(#1670,#1671,#1672,#1673,#1674),
 .UNSPECIFIED.,.F.,.F.,(4,1,4),(-0.751758034044826,-0.4009797656668,0.),
 .UNSPECIFIED.);
#330=B_SPLINE_CURVE_WITH_KNOTS('',3,(#1687,#1688,#1689,#1690,#1691),
 .UNSPECIFIED.,.F.,.F.,(4,1,4),(0.,0.329179127283691,0.662187434291372),
 .UNSPECIFIED.);
#331=B_SPLINE_CURVE_WITH_KNOTS('',3,(#1693,#1694,#1695,#1696,#1697),
 .UNSPECIFIED.,.F.,.F.,(4,1,4),(-0.662187434291372,-0.329179127283691,0.),
 .UNSPECIFIED.);
#332=B_SPLINE_CURVE_WITH_KNOTS('',3,(#1710,#1711,#1712,#1713,#1714),
 .UNSPECIFIED.,.F.,.F.,(4,1,4),(0.,0.198842447194562,0.395541084742999),
 .UNSPECIFIED.);
#333=B_SPLINE_CURVE_WITH_KNOTS('',3,(#1716,#1717,#1718,#1719,#1720),
 .UNSPECIFIED.,.F.,.F.,(4,1,4),(-0.395541084742999,-0.198842447194562,0.),
 .UNSPECIFIED.);
#334=B_SPLINE_CURVE_WITH_KNOTS('',3,(#1733,#1734,#1735,#1736,#1737),
 .UNSPECIFIED.,.F.,.F.,(4,1,4),(0.,0.20865903388426,0.447221583568511),
 .UNSPECIFIED.);
#335=B_SPLINE_CURVE_WITH_KNOTS('',3,(#1739,#1740,#1741,#1742,#1743),
 .UNSPECIFIED.,.F.,.F.,(4,1,4),(-0.447221583568511,-0.20865903388426,0.),
 .UNSPECIFIED.);
#336=B_SPLINE_CURVE_WITH_KNOTS('',3,(#1756,#1757,#1758,#1759,#1760),
 .UNSPECIFIED.,.F.,.F.,(4,1,4),(0.,0.218425151903824,0.537203863770632),
 .UNSPECIFIED.);
#337=B_SPLINE_CURVE_WITH_KNOTS('',3,(#1762,#1763,#1764,#1765,#1766),
 .UNSPECIFIED.,.F.,.F.,(4,1,4),(-0.537203863770632,-0.218425151903824,0.),
 .UNSPECIFIED.);
#338=B_SPLINE_CURVE_WITH_KNOTS('',3,(#1779,#1780,#1781,#1782,#1783),
 .UNSPECIFIED.,.F.,.F.,(4,1,4),(0.,0.304415070636647,0.479142370835584),
 .UNSPECIFIED.);
#339=B_SPLINE_CURVE_WITH_KNOTS('',3,(#1785,#1786,#1787,#1788,#1789),
 .UNSPECIFIED.,.F.,.F.,(4,1,4),(-0.479142370835584,-0.304415070636647,0.),
 .UNSPECIFIED.);
#340=B_SPLINE_CURVE_WITH_KNOTS('',3,(#1802,#1803,#1804,#1805,#1806),
 .UNSPECIFIED.,.F.,.F.,(4,1,4),(0.,0.103707628838605,0.197926124496823),
 .UNSPECIFIED.);
#341=B_SPLINE_CURVE_WITH_KNOTS('',3,(#1808,#1809,#1810,#1811,#1812),
 .UNSPECIFIED.,.F.,.F.,(4,1,4),(-0.197926124496823,-0.103707628838605,0.),
 .UNSPECIFIED.);
#342=VERTEX_POINT('',#1064);
#343=VERTEX_POINT('',#1065);
#344=VERTEX_POINT('',#1070);
#345=VERTEX_POINT('',#1072);
#346=VERTEX_POINT('',#1077);
#347=VERTEX_POINT('',#1082);
#348=VERTEX_POINT('',#1087);
#349=VERTEX_POINT('',#1092);
#350=VERTEX_POINT('',#1111);
#351=VERTEX_POINT('',#1130);
#352=VERTEX_POINT('',#1131);
#353=VERTEX_POINT('',#1136);
#354=VERTEX_POINT('',#1141);
#355=VERTEX_POINT('',#1149);
#356=VERTEX_POINT('',#1160);
#357=VERTEX_POINT('',#1168);
#358=VERTEX_POINT('',#1178);
#359=VERTEX_POINT('',#1180);
#360=VERTEX_POINT('',#1207);
#361=VERTEX_POINT('',#1208);
#362=VERTEX_POINT('',#1213);
#363=VERTEX_POINT('',#1215);
#364=VERTEX_POINT('',#1223);
#365=VERTEX_POINT('',#1228);
#366=VERTEX_POINT('',#1242);
#367=VERTEX_POINT('',#1247);
#368=VERTEX_POINT('',#1269);
#369=VERTEX_POINT('',#1270);
#370=VERTEX_POINT('',#1275);
#371=VERTEX_POINT('',#1291);
#372=VERTEX_POINT('',#1310);
#373=VERTEX_POINT('',#1315);
#374=VERTEX_POINT('',#1320);
#375=VERTEX_POINT('',#1325);
#376=VERTEX_POINT('',#1330);
#377=VERTEX_POINT('',#1335);
#378=VERTEX_POINT('',#1359);
#379=VERTEX_POINT('',#1360);
#380=VERTEX_POINT('',#1362);
#381=VERTEX_POINT('',#1367);
#382=VERTEX_POINT('',#1371);
#383=VERTEX_POINT('',#1376);
#384=VERTEX_POINT('',#1380);
#385=VERTEX_POINT('',#1381);
#386=VERTEX_POINT('',#1403);
#387=VERTEX_POINT('',#1404);
#388=VERTEX_POINT('',#1406);
#389=VERTEX_POINT('',#1408);
#390=VERTEX_POINT('',#1412);
#391=VERTEX_POINT('',#1414);
#392=VERTEX_POINT('',#1427);
#393=VERTEX_POINT('',#1433);
#394=VERTEX_POINT('',#1450);
#395=VERTEX_POINT('',#1456);
#396=VERTEX_POINT('',#1473);
#397=VERTEX_POINT('',#1479);
#398=VERTEX_POINT('',#1496);
#399=VERTEX_POINT('',#1502);
#400=VERTEX_POINT('',#1519);
#401=VERTEX_POINT('',#1525);
#402=VERTEX_POINT('',#1542);
#403=VERTEX_POINT('',#1548);
#404=VERTEX_POINT('',#1565);
#405=VERTEX_POINT('',#1571);
#406=VERTEX_POINT('',#1588);
#407=VERTEX_POINT('',#1594);
#408=VERTEX_POINT('',#1602);
#409=VERTEX_POINT('',#1604);
#410=VERTEX_POINT('',#1617);
#411=VERTEX_POINT('',#1623);
#412=VERTEX_POINT('',#1640);
#413=VERTEX_POINT('',#1646);
#414=VERTEX_POINT('',#1663);
#415=VERTEX_POINT('',#1669);
#416=VERTEX_POINT('',#1686);
#417=VERTEX_POINT('',#1692);
#418=VERTEX_POINT('',#1709);
#419=VERTEX_POINT('',#1715);
#420=VERTEX_POINT('',#1732);
#421=VERTEX_POINT('',#1738);
#422=VERTEX_POINT('',#1755);
#423=VERTEX_POINT('',#1761);
#424=VERTEX_POINT('',#1778);
#425=VERTEX_POINT('',#1784);
#426=VERTEX_POINT('',#1801);
#427=VERTEX_POINT('',#1807);
#428=EDGE_CURVE('',#342,#343,#271,.T.);
#429=EDGE_CURVE('',#342,#344,#155,.T.);
#430=EDGE_CURVE('',#345,#344,#272,.T.);
#431=EDGE_CURVE('',#346,#345,#273,.T.);
#432=EDGE_CURVE('',#347,#346,#274,.T.);
#433=EDGE_CURVE('',#348,#347,#275,.T.);
#434=EDGE_CURVE('',#349,#348,#276,.T.);
#435=EDGE_CURVE('',#343,#349,#277,.T.);
#436=EDGE_CURVE('',#350,#342,#278,.T.);
#437=EDGE_CURVE('',#344,#350,#279,.T.);
#438=EDGE_CURVE('',#351,#352,#280,.T.);
#439=EDGE_CURVE('',#353,#351,#281,.T.);
#440=EDGE_CURVE('',#354,#353,#282,.T.);
#441=EDGE_CURVE('',#355,#354,#283,.T.);
#442=EDGE_CURVE('',#356,#355,#284,.T.);
#443=EDGE_CURVE('',#357,#356,#285,.T.);
#444=EDGE_CURVE('',#352,#357,#286,.T.);
#445=EDGE_CURVE('',#347,#358,#156,.T.);
#446=EDGE_CURVE('',#358,#359,#157,.T.);
#447=EDGE_CURVE('',#359,#348,#158,.T.);
#448=EDGE_CURVE('',#345,#354,#159,.T.);
#449=EDGE_CURVE('',#346,#353,#160,.T.);
#450=EDGE_CURVE('',#359,#352,#161,.T.);
#451=EDGE_CURVE('',#349,#357,#162,.T.);
#452=EDGE_CURVE('',#358,#351,#163,.T.);
#453=EDGE_CURVE('',#343,#356,#164,.T.);
#454=EDGE_CURVE('',#355,#350,#165,.T.);
#455=EDGE_CURVE('',#360,#361,#287,.T.);
#456=EDGE_CURVE('',#362,#360,#166,.T.);
#457=EDGE_CURVE('',#363,#362,#288,.T.);
#458=EDGE_CURVE('',#364,#363,#289,.T.);
#459=EDGE_CURVE('',#365,#364,#290,.T.);
#460=EDGE_CURVE('',#366,#365,#291,.T.);
#461=EDGE_CURVE('',#367,#366,#292,.T.);
#462=EDGE_CURVE('',#361,#367,#293,.T.);
#463=EDGE_CURVE('',#368,#369,#294,.T.);
#464=EDGE_CURVE('',#370,#368,#167,.T.);
#465=EDGE_CURVE('',#369,#370,#295,.T.);
#466=EDGE_CURVE('',#371,#360,#296,.T.);
#467=EDGE_CURVE('',#362,#371,#297,.T.);
#468=EDGE_CURVE('',#372,#368,#298,.T.);
#469=EDGE_CURVE('',#373,#372,#299,.T.);
#470=EDGE_CURVE('',#374,#373,#300,.T.);
#471=EDGE_CURVE('',#375,#374,#301,.T.);
#472=EDGE_CURVE('',#376,#375,#302,.T.);
#473=EDGE_CURVE('',#377,#376,#303,.T.);
#474=EDGE_CURVE('',#370,#377,#304,.T.);
#475=EDGE_CURVE('',#372,#361,#168,.T.);
#476=EDGE_CURVE('',#371,#369,#169,.T.);
#477=EDGE_CURVE('',#373,#367,#170,.T.);
#478=EDGE_CURVE('',#374,#366,#171,.T.);
#479=EDGE_CURVE('',#375,#365,#172,.T.);
#480=EDGE_CURVE('',#376,#364,#173,.T.);
#481=EDGE_CURVE('',#377,#363,#174,.T.);
#482=EDGE_CURVE('',#378,#379,#175,.T.);
#483=EDGE_CURVE('',#379,#380,#305,.T.);
#484=EDGE_CURVE('',#380,#381,#176,.T.);
#485=EDGE_CURVE('',#378,#381,#177,.T.);
#486=EDGE_CURVE('',#380,#382,#306,.T.);
#487=EDGE_CURVE('',#382,#383,#178,.T.);
#488=EDGE_CURVE('',#381,#383,#179,.T.);
#489=EDGE_CURVE('',#384,#385,#180,.T.);
#490=EDGE_CURVE('',#383,#385,#181,.T.);
#491=EDGE_CURVE('',#382,#384,#307,.T.);
#492=EDGE_CURVE('',#385,#378,#182,.T.);
#493=EDGE_CURVE('',#379,#384,#183,.T.);
#494=EDGE_CURVE('',#386,#387,#184,.T.);
#495=EDGE_CURVE('',#386,#388,#185,.T.);
#496=EDGE_CURVE('',#389,#388,#186,.T.);
#497=EDGE_CURVE('',#387,#389,#187,.T.);
#498=EDGE_CURVE('',#387,#390,#188,.T.);
#499=EDGE_CURVE('',#391,#389,#189,.T.);
#500=EDGE_CURVE('',#390,#391,#190,.T.);
#501=EDGE_CURVE('',#390,#392,#308,.T.);
#502=EDGE_CURVE('',#393,#391,#309,.T.);
#503=EDGE_CURVE('',#392,#393,#191,.T.);
#504=EDGE_CURVE('',#392,#394,#310,.T.);
#505=EDGE_CURVE('',#395,#393,#311,.T.);
#506=EDGE_CURVE('',#394,#395,#192,.T.);
#507=EDGE_CURVE('',#394,#396,#312,.T.);
#508=EDGE_CURVE('',#397,#395,#313,.T.);
#509=EDGE_CURVE('',#396,#397,#193,.T.);
#510=EDGE_CURVE('',#396,#398,#314,.T.);
#511=EDGE_CURVE('',#399,#397,#315,.T.);
#512=EDGE_CURVE('',#398,#399,#194,.T.);
#513=EDGE_CURVE('',#398,#400,#316,.T.);
#514=EDGE_CURVE('',#401,#399,#317,.T.);
#515=EDGE_CURVE('',#400,#401,#195,.T.);
#516=EDGE_CURVE('',#400,#402,#318,.T.);
#517=EDGE_CURVE('',#403,#401,#319,.T.);
#518=EDGE_CURVE('',#402,#403,#196,.T.);
#519=EDGE_CURVE('',#402,#404,#320,.T.);
#520=EDGE_CURVE('',#405,#403,#321,.T.);
#521=EDGE_CURVE('',#404,#405,#197,.T.);
#522=EDGE_CURVE('',#404,#406,#322,.T.);
#523=EDGE_CURVE('',#407,#405,#323,.T.);
#524=EDGE_CURVE('',#406,#407,#198,.T.);
#525=EDGE_CURVE('',#406,#408,#199,.T.);
#526=EDGE_CURVE('',#409,#407,#200,.T.);
#527=EDGE_CURVE('',#408,#409,#201,.T.);
#528=EDGE_CURVE('',#408,#410,#324,.T.);
#529=EDGE_CURVE('',#411,#409,#325,.T.);
#530=EDGE_CURVE('',#410,#411,#202,.T.);
#531=EDGE_CURVE('',#410,#412,#326,.T.);
#532=EDGE_CURVE('',#413,#411,#327,.T.);
#533=EDGE_CURVE('',#412,#413,#203,.T.);
#534=EDGE_CURVE('',#412,#414,#328,.T.);
#535=EDGE_CURVE('',#415,#413,#329,.T.);
#536=EDGE_CURVE('',#414,#415,#204,.T.);
#537=EDGE_CURVE('',#414,#416,#330,.T.);
#538=EDGE_CURVE('',#417,#415,#331,.T.);
#539=EDGE_CURVE('',#416,#417,#205,.T.);
#540=EDGE_CURVE('',#416,#418,#332,.T.);
#541=EDGE_CURVE('',#419,#417,#333,.T.);
#542=EDGE_CURVE('',#418,#419,#206,.T.);
#543=EDGE_CURVE('',#418,#420,#334,.T.);
#544=EDGE_CURVE('',#421,#419,#335,.T.);
#545=EDGE_CURVE('',#420,#421,#207,.T.);
#546=EDGE_CURVE('',#420,#422,#336,.T.);
#547=EDGE_CURVE('',#423,#421,#337,.T.);
#548=EDGE_CURVE('',#422,#423,#208,.T.);
#549=EDGE_CURVE('',#422,#424,#338,.T.);
#550=EDGE_CURVE('',#425,#423,#339,.T.);
#551=EDGE_CURVE('',#424,#425,#209,.T.);
#552=EDGE_CURVE('',#424,#426,#340,.T.);
#553=EDGE_CURVE('',#427,#425,#341,.T.);
#554=EDGE_CURVE('',#426,#427,#210,.T.);
#555=EDGE_CURVE('',#426,#386,#211,.T.);
#556=EDGE_CURVE('',#388,#427,#212,.T.);
#557=ORIENTED_EDGE('',*,*,#428,.F.);
#558=ORIENTED_EDGE('',*,*,#429,.T.);
#559=ORIENTED_EDGE('',*,*,#430,.F.);
#560=ORIENTED_EDGE('',*,*,#431,.F.);
#561=ORIENTED_EDGE('',*,*,#432,.F.);
#562=ORIENTED_EDGE('',*,*,#433,.F.);
#563=ORIENTED_EDGE('',*,*,#434,.F.);
#564=ORIENTED_EDGE('',*,*,#435,.F.);
#565=ORIENTED_EDGE('',*,*,#436,.F.);
#566=ORIENTED_EDGE('',*,*,#437,.F.);
#567=ORIENTED_EDGE('',*,*,#429,.F.);
#568=ORIENTED_EDGE('',*,*,#438,.F.);
#569=ORIENTED_EDGE('',*,*,#439,.F.);
#570=ORIENTED_EDGE('',*,*,#440,.F.);
#571=ORIENTED_EDGE('',*,*,#441,.F.);
#572=ORIENTED_EDGE('',*,*,#442,.F.);
#573=ORIENTED_EDGE('',*,*,#443,.F.);
#574=ORIENTED_EDGE('',*,*,#444,.F.);
#575=ORIENTED_EDGE('',*,*,#433,.T.);
#576=ORIENTED_EDGE('',*,*,#445,.T.);
#577=ORIENTED_EDGE('',*,*,#446,.T.);
#578=ORIENTED_EDGE('',*,*,#447,.T.);
#579=ORIENTED_EDGE('',*,*,#431,.T.);
#580=ORIENTED_EDGE('',*,*,#448,.T.);
#581=ORIENTED_EDGE('',*,*,#440,.T.);
#582=ORIENTED_EDGE('',*,*,#449,.F.);
#583=ORIENTED_EDGE('',*,*,#434,.T.);
#584=ORIENTED_EDGE('',*,*,#447,.F.);
#585=ORIENTED_EDGE('',*,*,#450,.T.);
#586=ORIENTED_EDGE('',*,*,#444,.T.);
#587=ORIENTED_EDGE('',*,*,#451,.F.);
#588=ORIENTED_EDGE('',*,*,#432,.T.);
#589=ORIENTED_EDGE('',*,*,#449,.T.);
#590=ORIENTED_EDGE('',*,*,#439,.T.);
#591=ORIENTED_EDGE('',*,*,#452,.F.);
#592=ORIENTED_EDGE('',*,*,#445,.F.);
#593=ORIENTED_EDGE('',*,*,#428,.T.);
#594=ORIENTED_EDGE('',*,*,#453,.T.);
#595=ORIENTED_EDGE('',*,*,#442,.T.);
#596=ORIENTED_EDGE('',*,*,#454,.T.);
#597=ORIENTED_EDGE('',*,*,#436,.T.);
#598=ORIENTED_EDGE('',*,*,#435,.T.);
#599=ORIENTED_EDGE('',*,*,#451,.T.);
#600=ORIENTED_EDGE('',*,*,#443,.T.);
#601=ORIENTED_EDGE('',*,*,#453,.F.);
#602=ORIENTED_EDGE('',*,*,#437,.T.);
#603=ORIENTED_EDGE('',*,*,#454,.F.);
#604=ORIENTED_EDGE('',*,*,#441,.T.);
#605=ORIENTED_EDGE('',*,*,#448,.F.);
#606=ORIENTED_EDGE('',*,*,#430,.T.);
#607=ORIENTED_EDGE('',*,*,#438,.T.);
#608=ORIENTED_EDGE('',*,*,#450,.F.);
#609=ORIENTED_EDGE('',*,*,#446,.F.);
#610=ORIENTED_EDGE('',*,*,#452,.T.);
#611=ORIENTED_EDGE('',*,*,#455,.F.);
#612=ORIENTED_EDGE('',*,*,#456,.F.);
#613=ORIENTED_EDGE('',*,*,#457,.F.);
#614=ORIENTED_EDGE('',*,*,#458,.F.);
#615=ORIENTED_EDGE('',*,*,#459,.F.);
#616=ORIENTED_EDGE('',*,*,#460,.F.);
#617=ORIENTED_EDGE('',*,*,#461,.F.);
#618=ORIENTED_EDGE('',*,*,#462,.F.);
#619=ORIENTED_EDGE('',*,*,#463,.F.);
#620=ORIENTED_EDGE('',*,*,#464,.F.);
#621=ORIENTED_EDGE('',*,*,#465,.F.);
#622=ORIENTED_EDGE('',*,*,#466,.F.);
#623=ORIENTED_EDGE('',*,*,#467,.F.);
#624=ORIENTED_EDGE('',*,*,#456,.T.);
#625=ORIENTED_EDGE('',*,*,#468,.F.);
#626=ORIENTED_EDGE('',*,*,#469,.F.);
#627=ORIENTED_EDGE('',*,*,#470,.F.);
#628=ORIENTED_EDGE('',*,*,#471,.F.);
#629=ORIENTED_EDGE('',*,*,#472,.F.);
#630=ORIENTED_EDGE('',*,*,#473,.F.);
#631=ORIENTED_EDGE('',*,*,#474,.F.);
#632=ORIENTED_EDGE('',*,*,#464,.T.);
#633=ORIENTED_EDGE('',*,*,#466,.T.);
#634=ORIENTED_EDGE('',*,*,#455,.T.);
#635=ORIENTED_EDGE('',*,*,#475,.F.);
#636=ORIENTED_EDGE('',*,*,#468,.T.);
#637=ORIENTED_EDGE('',*,*,#463,.T.);
#638=ORIENTED_EDGE('',*,*,#476,.F.);
#639=ORIENTED_EDGE('',*,*,#462,.T.);
#640=ORIENTED_EDGE('',*,*,#477,.F.);
#641=ORIENTED_EDGE('',*,*,#469,.T.);
#642=ORIENTED_EDGE('',*,*,#475,.T.);
#643=ORIENTED_EDGE('',*,*,#461,.T.);
#644=ORIENTED_EDGE('',*,*,#478,.F.);
#645=ORIENTED_EDGE('',*,*,#470,.T.);
#646=ORIENTED_EDGE('',*,*,#477,.T.);
#647=ORIENTED_EDGE('',*,*,#460,.T.);
#648=ORIENTED_EDGE('',*,*,#479,.F.);
#649=ORIENTED_EDGE('',*,*,#471,.T.);
#650=ORIENTED_EDGE('',*,*,#478,.T.);
#651=ORIENTED_EDGE('',*,*,#459,.T.);
#652=ORIENTED_EDGE('',*,*,#480,.F.);
#653=ORIENTED_EDGE('',*,*,#472,.T.);
#654=ORIENTED_EDGE('',*,*,#479,.T.);
#655=ORIENTED_EDGE('',*,*,#458,.T.);
#656=ORIENTED_EDGE('',*,*,#481,.F.);
#657=ORIENTED_EDGE('',*,*,#473,.T.);
#658=ORIENTED_EDGE('',*,*,#480,.T.);
#659=ORIENTED_EDGE('',*,*,#467,.T.);
#660=ORIENTED_EDGE('',*,*,#476,.T.);
#661=ORIENTED_EDGE('',*,*,#465,.T.);
#662=ORIENTED_EDGE('',*,*,#474,.T.);
#663=ORIENTED_EDGE('',*,*,#481,.T.);
#664=ORIENTED_EDGE('',*,*,#457,.T.);
#665=ORIENTED_EDGE('',*,*,#482,.T.);
#666=ORIENTED_EDGE('',*,*,#483,.T.);
#667=ORIENTED_EDGE('',*,*,#484,.T.);
#668=ORIENTED_EDGE('',*,*,#485,.F.);
#669=ORIENTED_EDGE('',*,*,#486,.T.);
#670=ORIENTED_EDGE('',*,*,#487,.T.);
#671=ORIENTED_EDGE('',*,*,#488,.F.);
#672=ORIENTED_EDGE('',*,*,#484,.F.);
#673=ORIENTED_EDGE('',*,*,#489,.T.);
#674=ORIENTED_EDGE('',*,*,#490,.F.);
#675=ORIENTED_EDGE('',*,*,#487,.F.);
#676=ORIENTED_EDGE('',*,*,#491,.T.);
#677=ORIENTED_EDGE('',*,*,#492,.T.);
#678=ORIENTED_EDGE('',*,*,#485,.T.);
#679=ORIENTED_EDGE('',*,*,#488,.T.);
#680=ORIENTED_EDGE('',*,*,#490,.T.);
#681=ORIENTED_EDGE('',*,*,#491,.F.);
#682=ORIENTED_EDGE('',*,*,#486,.F.);
#683=ORIENTED_EDGE('',*,*,#483,.F.);
#684=ORIENTED_EDGE('',*,*,#493,.T.);
#685=ORIENTED_EDGE('',*,*,#489,.F.);
#686=ORIENTED_EDGE('',*,*,#493,.F.);
#687=ORIENTED_EDGE('',*,*,#482,.F.);
#688=ORIENTED_EDGE('',*,*,#492,.F.);
#689=ORIENTED_EDGE('',*,*,#494,.F.);
#690=ORIENTED_EDGE('',*,*,#495,.T.);
#691=ORIENTED_EDGE('',*,*,#496,.F.);
#692=ORIENTED_EDGE('',*,*,#497,.F.);
#693=ORIENTED_EDGE('',*,*,#498,.F.);
#694=ORIENTED_EDGE('',*,*,#497,.T.);
#695=ORIENTED_EDGE('',*,*,#499,.F.);
#696=ORIENTED_EDGE('',*,*,#500,.F.);
#697=ORIENTED_EDGE('',*,*,#501,.F.);
#698=ORIENTED_EDGE('',*,*,#500,.T.);
#699=ORIENTED_EDGE('',*,*,#502,.F.);
#700=ORIENTED_EDGE('',*,*,#503,.F.);
#701=ORIENTED_EDGE('',*,*,#504,.F.);
#702=ORIENTED_EDGE('',*,*,#503,.T.);
#703=ORIENTED_EDGE('',*,*,#505,.F.);
#704=ORIENTED_EDGE('',*,*,#506,.F.);
#705=ORIENTED_EDGE('',*,*,#507,.F.);
#706=ORIENTED_EDGE('',*,*,#506,.T.);
#707=ORIENTED_EDGE('',*,*,#508,.F.);
#708=ORIENTED_EDGE('',*,*,#509,.F.);
#709=ORIENTED_EDGE('',*,*,#510,.F.);
#710=ORIENTED_EDGE('',*,*,#509,.T.);
#711=ORIENTED_EDGE('',*,*,#511,.F.);
#712=ORIENTED_EDGE('',*,*,#512,.F.);
#713=ORIENTED_EDGE('',*,*,#513,.F.);
#714=ORIENTED_EDGE('',*,*,#512,.T.);
#715=ORIENTED_EDGE('',*,*,#514,.F.);
#716=ORIENTED_EDGE('',*,*,#515,.F.);
#717=ORIENTED_EDGE('',*,*,#516,.F.);
#718=ORIENTED_EDGE('',*,*,#515,.T.);
#719=ORIENTED_EDGE('',*,*,#517,.F.);
#720=ORIENTED_EDGE('',*,*,#518,.F.);
#721=ORIENTED_EDGE('',*,*,#519,.F.);
#722=ORIENTED_EDGE('',*,*,#518,.T.);
#723=ORIENTED_EDGE('',*,*,#520,.F.);
#724=ORIENTED_EDGE('',*,*,#521,.F.);
#725=ORIENTED_EDGE('',*,*,#522,.F.);
#726=ORIENTED_EDGE('',*,*,#521,.T.);
#727=ORIENTED_EDGE('',*,*,#523,.F.);
#728=ORIENTED_EDGE('',*,*,#524,.F.);
#729=ORIENTED_EDGE('',*,*,#525,.F.);
#730=ORIENTED_EDGE('',*,*,#524,.T.);
#731=ORIENTED_EDGE('',*,*,#526,.F.);
#732=ORIENTED_EDGE('',*,*,#527,.F.);
#733=ORIENTED_EDGE('',*,*,#528,.F.);
#734=ORIENTED_EDGE('',*,*,#527,.T.);
#735=ORIENTED_EDGE('',*,*,#529,.F.);
#736=ORIENTED_EDGE('',*,*,#530,.F.);
#737=ORIENTED_EDGE('',*,*,#531,.F.);
#738=ORIENTED_EDGE('',*,*,#530,.T.);
#739=ORIENTED_EDGE('',*,*,#532,.F.);
#740=ORIENTED_EDGE('',*,*,#533,.F.);
#741=ORIENTED_EDGE('',*,*,#534,.F.);
#742=ORIENTED_EDGE('',*,*,#533,.T.);
#743=ORIENTED_EDGE('',*,*,#535,.F.);
#744=ORIENTED_EDGE('',*,*,#536,.F.);
#745=ORIENTED_EDGE('',*,*,#537,.F.);
#746=ORIENTED_EDGE('',*,*,#536,.T.);
#747=ORIENTED_EDGE('',*,*,#538,.F.);
#748=ORIENTED_EDGE('',*,*,#539,.F.);
#749=ORIENTED_EDGE('',*,*,#540,.F.);
#750=ORIENTED_EDGE('',*,*,#539,.T.);
#751=ORIENTED_EDGE('',*,*,#541,.F.);
#752=ORIENTED_EDGE('',*,*,#542,.F.);
#753=ORIENTED_EDGE('',*,*,#543,.F.);
#754=ORIENTED_EDGE('',*,*,#542,.T.);
#755=ORIENTED_EDGE('',*,*,#544,.F.);
#756=ORIENTED_EDGE('',*,*,#545,.F.);
#757=ORIENTED_EDGE('',*,*,#546,.F.);
#758=ORIENTED_EDGE('',*,*,#545,.T.);
#759=ORIENTED_EDGE('',*,*,#547,.F.);
#760=ORIENTED_EDGE('',*,*,#548,.F.);
#761=ORIENTED_EDGE('',*,*,#549,.F.);
#762=ORIENTED_EDGE('',*,*,#548,.T.);
#763=ORIENTED_EDGE('',*,*,#550,.F.);
#764=ORIENTED_EDGE('',*,*,#551,.F.);
#765=ORIENTED_EDGE('',*,*,#552,.F.);
#766=ORIENTED_EDGE('',*,*,#551,.T.);
#767=ORIENTED_EDGE('',*,*,#553,.F.);
#768=ORIENTED_EDGE('',*,*,#554,.F.);
#769=ORIENTED_EDGE('',*,*,#555,.F.);
#770=ORIENTED_EDGE('',*,*,#554,.T.);
#771=ORIENTED_EDGE('',*,*,#556,.F.);
#772=ORIENTED_EDGE('',*,*,#495,.F.);
#773=ORIENTED_EDGE('',*,*,#556,.T.);
#774=ORIENTED_EDGE('',*,*,#553,.T.);
#775=ORIENTED_EDGE('',*,*,#550,.T.);
#776=ORIENTED_EDGE('',*,*,#547,.T.);
#777=ORIENTED_EDGE('',*,*,#544,.T.);
#778=ORIENTED_EDGE('',*,*,#541,.T.);
#779=ORIENTED_EDGE('',*,*,#538,.T.);
#780=ORIENTED_EDGE('',*,*,#535,.T.);
#781=ORIENTED_EDGE('',*,*,#532,.T.);
#782=ORIENTED_EDGE('',*,*,#529,.T.);
#783=ORIENTED_EDGE('',*,*,#526,.T.);
#784=ORIENTED_EDGE('',*,*,#523,.T.);
#785=ORIENTED_EDGE('',*,*,#520,.T.);
#786=ORIENTED_EDGE('',*,*,#517,.T.);
#787=ORIENTED_EDGE('',*,*,#514,.T.);
#788=ORIENTED_EDGE('',*,*,#511,.T.);
#789=ORIENTED_EDGE('',*,*,#508,.T.);
#790=ORIENTED_EDGE('',*,*,#505,.T.);
#791=ORIENTED_EDGE('',*,*,#502,.T.);
#792=ORIENTED_EDGE('',*,*,#499,.T.);
#793=ORIENTED_EDGE('',*,*,#496,.T.);
#794=ORIENTED_EDGE('',*,*,#555,.T.);
#795=ORIENTED_EDGE('',*,*,#494,.T.);
#796=ORIENTED_EDGE('',*,*,#498,.T.);
#797=ORIENTED_EDGE('',*,*,#501,.T.);
#798=ORIENTED_EDGE('',*,*,#504,.T.);
#799=ORIENTED_EDGE('',*,*,#507,.T.);
#800=ORIENTED_EDGE('',*,*,#510,.T.);
#801=ORIENTED_EDGE('',*,*,#513,.T.);
#802=ORIENTED_EDGE('',*,*,#516,.T.);
#803=ORIENTED_EDGE('',*,*,#519,.T.);
#804=ORIENTED_EDGE('',*,*,#522,.T.);
#805=ORIENTED_EDGE('',*,*,#525,.T.);
#806=ORIENTED_EDGE('',*,*,#528,.T.);
#807=ORIENTED_EDGE('',*,*,#531,.T.);
#808=ORIENTED_EDGE('',*,*,#534,.T.);
#809=ORIENTED_EDGE('',*,*,#537,.T.);
#810=ORIENTED_EDGE('',*,*,#540,.T.);
#811=ORIENTED_EDGE('',*,*,#543,.T.);
#812=ORIENTED_EDGE('',*,*,#546,.T.);
#813=ORIENTED_EDGE('',*,*,#549,.T.);
#814=ORIENTED_EDGE('',*,*,#552,.T.);
#815=B_SPLINE_SURFACE_WITH_KNOTS('',3,1,((#1054,#1055),(#1056,#1057),(#1058,
#1059),(#1060,#1061),(#1062,#1063)),.UNSPECIFIED.,.F.,.F.,.F.,(4,1,4),(2,
2),(-0.969924726121228,-0.399077784130031,0.),(0.,20.),.UNSPECIFIED.);
#816=B_SPLINE_SURFACE_WITH_KNOTS('',3,1,((#1101,#1102),(#1103,#1104),(#1105,
#1106),(#1107,#1108),(#1109,#1110)),.UNSPECIFIED.,.F.,.F.,.F.,(4,1,4),(2,
2),(-0.685073565665182,-0.436690259257621,0.),(0.,20.),.UNSPECIFIED.);
#817=B_SPLINE_SURFACE_WITH_KNOTS('',3,1,((#1120,#1121),(#1122,#1123),(#1124,
#1125),(#1126,#1127),(#1128,#1129)),.UNSPECIFIED.,.F.,.F.,.F.,(4,1,4),(2,
2),(-0.537203863770632,-0.218425151903824,0.),(0.,20.),.UNSPECIFIED.);
#818=B_SPLINE_SURFACE_WITH_KNOTS('',3,1,((#1197,#1198),(#1199,#1200),(#1201,
#1202),(#1203,#1204),(#1205,#1206)),.UNSPECIFIED.,.F.,.F.,.F.,(4,1,4),(2,
2),(-0.375599344826498,-0.1981352184144,0.),(0.,20.),.UNSPECIFIED.);
#819=B_SPLINE_SURFACE_WITH_KNOTS('',3,1,((#1259,#1260),(#1261,#1262),(#1263,
#1264),(#1265,#1266),(#1267,#1268)),.UNSPECIFIED.,.F.,.F.,.F.,(4,1,4),(2,
2),(-0.447221583568511,-0.20865903388426,0.),(0.,20.),.UNSPECIFIED.);
#820=B_SPLINE_SURFACE_WITH_KNOTS('',3,1,((#1281,#1282),(#1283,#1284),(#1285,
#1286),(#1287,#1288),(#1289,#1290)),.UNSPECIFIED.,.F.,.F.,.F.,(4,1,4),(2,
2),(-0.685073565665182,-0.436690259257621,0.),(0.,20.),.UNSPECIFIED.);
#821=B_SPLINE_SURFACE_WITH_KNOTS('',3,1,((#1300,#1301),(#1302,#1303),(#1304,
#1305),(#1306,#1307),(#1308,#1309)),.UNSPECIFIED.,.F.,.F.,.F.,(4,1,4),(2,
2),(-0.395541084742999,-0.198842447194562,0.),(0.,20.),.UNSPECIFIED.);
#822=B_SPLINE_SURFACE_WITH_KNOTS('',3,1,((#1390,#1391),(#1392,#1393),(#1394,
#1395),(#1396,#1397),(#1398,#1399)),.UNSPECIFIED.,.F.,.F.,.F.,(4,1,4),(2,
2),(-0.386260112047181,-0.166893382568284,0.),(0.,20.),.UNSPECIFIED.);
#823=B_SPLINE_SURFACE_WITH_KNOTS('',3,1,((#1417,#1418),(#1419,#1420),(#1421,
#1422),(#1423,#1424),(#1425,#1426)),.UNSPECIFIED.,.F.,.F.,.F.,(4,1,4),(2,
2),(-0.60945245357259,-0.301867761259799,0.),(0.,0.5),.UNSPECIFIED.);
#824=B_SPLINE_SURFACE_WITH_KNOTS('',3,1,((#1440,#1441),(#1442,#1443),(#1444,
#1445),(#1446,#1447),(#1448,#1449)),.UNSPECIFIED.,.F.,.F.,.F.,(4,1,4),(2,
2),(-0.969924726121228,-0.399077784130031,0.),(0.,0.5),.UNSPECIFIED.);
#825=B_SPLINE_SURFACE_WITH_KNOTS('',3,1,((#1463,#1464),(#1465,#1466),(#1467,
#1468),(#1469,#1470),(#1471,#1472)),.UNSPECIFIED.,.F.,.F.,.F.,(4,1,4),(2,
2),(-0.685073565665182,-0.436690259257621,0.),(0.,0.5),.UNSPECIFIED.);
#826=B_SPLINE_SURFACE_WITH_KNOTS('',3,1,((#1486,#1487),(#1488,#1489),(#1490,
#1491),(#1492,#1493),(#1494,#1495)),.UNSPECIFIED.,.F.,.F.,.F.,(4,1,4),(2,
2),(-0.375599344826498,-0.1981352184144,0.),(0.,0.5),.UNSPECIFIED.);
#827=B_SPLINE_SURFACE_WITH_KNOTS('',3,1,((#1509,#1510),(#1511,#1512),(#1513,
#1514),(#1515,#1516),(#1517,#1518)),.UNSPECIFIED.,.F.,.F.,.F.,(4,1,4),(2,
2),(-0.319182864250335,-0.171842204700425,0.),(0.,0.5),.UNSPECIFIED.);
#828=B_SPLINE_SURFACE_WITH_KNOTS('',3,1,((#1532,#1533),(#1534,#1535),(#1536,
#1537),(#1538,#1539),(#1540,#1541)),.UNSPECIFIED.,.F.,.F.,.F.,(4,1,4),(2,
2),(-0.309441155560011,-0.145179844224714,0.),(0.,0.5),.UNSPECIFIED.);
#829=B_SPLINE_SURFACE_WITH_KNOTS('',3,1,((#1555,#1556),(#1557,#1558),(#1559,
#1560),(#1561,#1562),(#1563,#1564)),.UNSPECIFIED.,.F.,.F.,.F.,(4,1,4),(2,
2),(-0.312916425757175,-0.163922511833465,0.),(0.,0.5),.UNSPECIFIED.);
#830=B_SPLINE_SURFACE_WITH_KNOTS('',3,1,((#1578,#1579),(#1580,#1581),(#1582,
#1583),(#1584,#1585),(#1586,#1587)),.UNSPECIFIED.,.F.,.F.,.F.,(4,1,4),(2,
2),(-0.386260112047181,-0.166893382568284,0.),(0.,0.5),.UNSPECIFIED.);
#831=B_SPLINE_SURFACE_WITH_KNOTS('',3,1,((#1607,#1608),(#1609,#1610),(#1611,
#1612),(#1613,#1614),(#1615,#1616)),.UNSPECIFIED.,.F.,.F.,.F.,(4,1,4),(2,
2),(-0.769556520405641,-0.42127016775402,0.),(0.,0.5),.UNSPECIFIED.);
#832=B_SPLINE_SURFACE_WITH_KNOTS('',3,1,((#1630,#1631),(#1632,#1633),(#1634,
#1635),(#1636,#1637),(#1638,#1639)),.UNSPECIFIED.,.F.,.F.,.F.,(4,1,4),(2,
2),(-0.716136908788904,-0.341141090573452,0.),(0.,0.5),.UNSPECIFIED.);
#833=B_SPLINE_SURFACE_WITH_KNOTS('',3,1,((#1653,#1654),(#1655,#1656),(#1657,
#1658),(#1659,#1660),(#1661,#1662)),.UNSPECIFIED.,.F.,.F.,.F.,(4,1,4),(2,
2),(-0.751758034044826,-0.4009797656668,0.),(0.,0.5),.UNSPECIFIED.);
#834=B_SPLINE_SURFACE_WITH_KNOTS('',3,1,((#1676,#1677),(#1678,#1679),(#1680,
#1681),(#1682,#1683),(#1684,#1685)),.UNSPECIFIED.,.F.,.F.,.F.,(4,1,4),(2,
2),(-0.662187434291372,-0.329179127283691,0.),(0.,0.5),.UNSPECIFIED.);
#835=B_SPLINE_SURFACE_WITH_KNOTS('',3,1,((#1699,#1700),(#1701,#1702),(#1703,
#1704),(#1705,#1706),(#1707,#1708)),.UNSPECIFIED.,.F.,.F.,.F.,(4,1,4),(2,
2),(-0.395541084742999,-0.198842447194562,0.),(0.,0.5),.UNSPECIFIED.);
#836=B_SPLINE_SURFACE_WITH_KNOTS('',3,1,((#1722,#1723),(#1724,#1725),(#1726,
#1727),(#1728,#1729),(#1730,#1731)),.UNSPECIFIED.,.F.,.F.,.F.,(4,1,4),(2,
2),(-0.447221583568511,-0.20865903388426,0.),(0.,0.5),.UNSPECIFIED.);
#837=B_SPLINE_SURFACE_WITH_KNOTS('',3,1,((#1745,#1746),(#1747,#1748),(#1749,
#1750),(#1751,#1752),(#1753,#1754)),.UNSPECIFIED.,.F.,.F.,.F.,(4,1,4),(2,
2),(-0.537203863770632,-0.218425151903824,0.),(0.,0.5),.UNSPECIFIED.);
#838=B_SPLINE_SURFACE_WITH_KNOTS('',3,1,((#1768,#1769),(#1770,#1771),(#1772,
#1773),(#1774,#1775),(#1776,#1777)),.UNSPECIFIED.,.F.,.F.,.F.,(4,1,4),(2,
2),(-0.479142370835584,-0.304415070636647,0.),(0.,0.5),.UNSPECIFIED.);
#839=B_SPLINE_SURFACE_WITH_KNOTS('',3,1,((#1791,#1792),(#1793,#1794),(#1795,
#1796),(#1797,#1798),(#1799,#1800)),.UNSPECIFIED.,.F.,.F.,.F.,(4,1,4),(2,
2),(-0.197926124496823,-0.103707628838605,0.),(0.,0.5),.UNSPECIFIED.);
#840=ADVANCED_FACE('',(#53),#815,.F.);
#841=ADVANCED_FACE('',(#54),#816,.F.);
#842=ADVANCED_FACE('',(#55),#817,.F.);
#843=ADVANCED_FACE('',(#56),#27,.T.);
#844=ADVANCED_FACE('',(#57),#28,.T.);
#845=ADVANCED_FACE('',(#58),#29,.T.);
#846=ADVANCED_FACE('',(#59),#30,.T.);
#847=ADVANCED_FACE('',(#60),#31,.F.);
#848=ADVANCED_FACE('',(#61),#32,.T.);
#849=ADVANCED_FACE('',(#62),#33,.T.);
#850=ADVANCED_FACE('',(#63),#34,.T.);
#851=ADVANCED_FACE('',(#64),#818,.F.);
#852=ADVANCED_FACE('',(#65),#819,.F.);
#853=ADVANCED_FACE('',(#66),#820,.F.);
#854=ADVANCED_FACE('',(#67),#821,.F.);
#855=ADVANCED_FACE('',(#68),#35,.T.);
#856=ADVANCED_FACE('',(#69),#36,.T.);
#857=ADVANCED_FACE('',(#70),#37,.T.);
#858=ADVANCED_FACE('',(#71),#38,.T.);
#859=ADVANCED_FACE('',(#72),#39,.T.);
#860=ADVANCED_FACE('',(#73),#40,.T.);
#861=ADVANCED_FACE('',(#74),#41,.F.);
#862=ADVANCED_FACE('',(#75),#42,.T.);
#863=ADVANCED_FACE('',(#76),#43,.T.);
#864=ADVANCED_FACE('',(#77),#44,.T.);
#865=ADVANCED_FACE('',(#78),#45,.T.);
#866=ADVANCED_FACE('',(#79),#822,.F.);
#867=ADVANCED_FACE('',(#80),#46,.F.);
#868=ADVANCED_FACE('',(#81),#47,.T.);
#869=ADVANCED_FACE('',(#82),#48,.T.);
#870=ADVANCED_FACE('',(#83),#823,.T.);
#871=ADVANCED_FACE('',(#84),#824,.T.);
#872=ADVANCED_FACE('',(#85),#825,.T.);
#873=ADVANCED_FACE('',(#86),#826,.T.);
#874=ADVANCED_FACE('',(#87),#827,.T.);
#875=ADVANCED_FACE('',(#88),#828,.T.);
#876=ADVANCED_FACE('',(#89),#829,.T.);
#877=ADVANCED_FACE('',(#90),#830,.T.);
#878=ADVANCED_FACE('',(#91),#49,.T.);
#879=ADVANCED_FACE('',(#92),#831,.T.);
#880=ADVANCED_FACE('',(#93),#832,.T.);
#881=ADVANCED_FACE('',(#94),#833,.T.);
#882=ADVANCED_FACE('',(#95),#834,.T.);
#883=ADVANCED_FACE('',(#96),#835,.T.);
#884=ADVANCED_FACE('',(#97),#836,.T.);
#885=ADVANCED_FACE('',(#98),#837,.T.);
#886=ADVANCED_FACE('',(#99),#838,.T.);
#887=ADVANCED_FACE('',(#100),#839,.T.);
#888=ADVANCED_FACE('',(#101),#50,.T.);
#889=ADVANCED_FACE('',(#102),#51,.T.);
#890=ADVANCED_FACE('',(#103),#52,.F.);
#891=CLOSED_SHELL('',(#840,#841,#842,#843,#844,#845,#846,#847,#848,#849,
#850));
#892=CLOSED_SHELL('',(#851,#852,#853,#854,#855,#856,#857,#858,#859,#860,
#861));
#893=CLOSED_SHELL('',(#862,#863,#864,#865,#866,#867));
#894=CLOSED_SHELL('',(#868,#869,#870,#871,#872,#873,#874,#875,#876,#877,
#878,#879,#880,#881,#882,#883,#884,#885,#886,#887,#888,#889,#890));
#895=DERIVED_UNIT_ELEMENT(#897,1.);
#896=DERIVED_UNIT_ELEMENT(#1827,-3.);
#897=(
MASS_UNIT()
NAMED_UNIT(*)
SI_UNIT(.KILO.,.GRAM.)
);
#898=DERIVED_UNIT((#895,#896));
#899=MEASURE_REPRESENTATION_ITEM('density measure',
POSITIVE_RATIO_MEASURE(1000.),#898);
#900=PROPERTY_DEFINITION_REPRESENTATION(#905,#902);
#901=PROPERTY_DEFINITION_REPRESENTATION(#906,#903);
#902=REPRESENTATION('material name',(#904),#1824);
#903=REPRESENTATION('density',(#899),#1824);
#904=DESCRIPTIVE_REPRESENTATION_ITEM('Og\X\F3lny','Og\X\F3lny');
#905=PROPERTY_DEFINITION('material property','material name',#1839);
#906=PROPERTY_DEFINITION('material property','density of part',#1839);
#907=AXIS2_PLACEMENT_3D('',#1052,#936,#937);
#908=AXIS2_PLACEMENT_3D('',#1053,#938,#939);
#909=AXIS2_PLACEMENT_3D('',#1177,#941,#942);
#910=AXIS2_PLACEMENT_3D('',#1183,#946,#947);
#911=AXIS2_PLACEMENT_3D('',#1186,#950,#951);
#912=AXIS2_PLACEMENT_3D('',#1189,#954,#955);
#913=AXIS2_PLACEMENT_3D('',#1191,#957,#958);
#914=AXIS2_PLACEMENT_3D('',#1194,#961,#962);
#915=AXIS2_PLACEMENT_3D('',#1195,#963,#964);
#916=AXIS2_PLACEMENT_3D('',#1196,#965,#966);
#917=AXIS2_PLACEMENT_3D('',#1344,#969,#970);
#918=AXIS2_PLACEMENT_3D('',#1347,#973,#974);
#919=AXIS2_PLACEMENT_3D('',#1349,#976,#977);
#920=AXIS2_PLACEMENT_3D('',#1351,#979,#980);
#921=AXIS2_PLACEMENT_3D('',#1353,#982,#983);
#922=AXIS2_PLACEMENT_3D('',#1355,#985,#986);
#923=AXIS2_PLACEMENT_3D('',#1357,#988,#989);
#924=AXIS2_PLACEMENT_3D('',#1358,#990,#991);
#925=AXIS2_PLACEMENT_3D('',#1370,#995,#996);
#926=AXIS2_PLACEMENT_3D('',#1379,#999,#1000);
#927=AXIS2_PLACEMENT_3D('',#1388,#1003,#1004);
#928=AXIS2_PLACEMENT_3D('',#1401,#1007,#1008);
#929=AXIS2_PLACEMENT_3D('',#1402,#1009,#1010);
#930=AXIS2_PLACEMENT_3D('',#1411,#1015,#1016);
#931=AXIS2_PLACEMENT_3D('',#1601,#1028,#1029);
#932=AXIS2_PLACEMENT_3D('',#1814,#1042,#1043);
#933=AXIS2_PLACEMENT_3D('',#1817,#1046,#1047);
#934=AXIS2_PLACEMENT_3D('',#1818,#1048,#1049);
#935=AXIS2_PLACEMENT_3D('',#1819,#1050,#1051);
#936=DIRECTION('axis',(0.,0.,1.));
#937=DIRECTION('refdir',(1.,0.,0.));
#938=DIRECTION('axis',(0.,0.,1.));
#939=DIRECTION('refdir',(1.,0.,0.));
#940=DIRECTION('',(2.4980018054066E-15,-1.,7.54951656745106E-16));
#941=DIRECTION('center_axis',(0.992277876713668,-0.124034734589209,0.));
#942=DIRECTION('ref_axis',(-0.124034734589209,-0.992277876713668,0.));
#943=DIRECTION('',(0.0953195540281533,0.762556432225226,-0.63986082103205));
#944=DIRECTION('',(0.124034734589209,0.992277876713668,0.));
#945=DIRECTION('',(0.0800903405649414,0.640722724519531,0.763583608802901));
#946=DIRECTION('center_axis',(0.,-1.,0.));
#947=DIRECTION('ref_axis',(-1.,0.,0.));
#948=DIRECTION('',(-1.,0.,0.));
#949=DIRECTION('',(-1.,0.,0.));
#950=DIRECTION('center_axis',(0.,0.766044443118978,-0.642787609686539));
#951=DIRECTION('ref_axis',(1.,0.,0.));
#952=DIRECTION('',(-1.,0.,0.));
#953=DIRECTION('',(-1.,0.,0.));
#954=DIRECTION('center_axis',(0.,-0.642787609686539,-0.766044443118978));
#955=DIRECTION('ref_axis',(-1.,0.,0.));
#956=DIRECTION('',(-1.,0.,0.));
#957=DIRECTION('center_axis',(-2.49800180540661E-15,-1.,7.54951656745106E-16));
#958=DIRECTION('ref_axis',(-1.,2.49800180540661E-15,-2.7755575615629E-16));
#959=DIRECTION('',(-1.,0.,0.));
#960=DIRECTION('',(1.,0.,0.));
#961=DIRECTION('center_axis',(0.,0.,-1.));
#962=DIRECTION('ref_axis',(0.,-1.,0.));
#963=DIRECTION('center_axis',(0.,-0.148340452930245,0.988936352868298));
#964=DIRECTION('ref_axis',(0.,0.988936352868298,0.148340452930245));
#965=DIRECTION('center_axis',(0.,0.,-1.));
#966=DIRECTION('ref_axis',(0.,-1.,0.));
#967=DIRECTION('',(2.4980018054066E-15,-1.,7.54951656745106E-16));
#968=DIRECTION('',(2.4980018054066E-15,-1.,7.54951656745106E-16));
#969=DIRECTION('center_axis',(0.,-0.148340452930245,-0.988936352868298));
#970=DIRECTION('ref_axis',(0.,0.988936352868298,-0.148340452930245));
#971=DIRECTION('',(1.,0.,0.));
#972=DIRECTION('',(-1.,0.,0.));
#973=DIRECTION('center_axis',(0.,-1.,0.));
#974=DIRECTION('ref_axis',(1.,0.,0.));
#975=DIRECTION('',(1.,0.,0.));
#976=DIRECTION('center_axis',(0.,-0.642787609686539,0.766044443118978));
#977=DIRECTION('ref_axis',(1.,0.,0.));
#978=DIRECTION('',(1.,0.,0.));
#979=DIRECTION('center_axis',(0.,0.,1.));
#980=DIRECTION('ref_axis',(0.,-1.,0.));
#981=DIRECTION('',(1.,0.,0.));
#982=DIRECTION('center_axis',(0.,0.766044443118978,0.642787609686539));
#983=DIRECTION('ref_axis',(-1.,0.,0.));
#984=DIRECTION('',(1.,0.,0.));
#985=DIRECTION('center_axis',(0.,0.,1.));
#986=DIRECTION('ref_axis',(0.,-1.,0.));
#987=DIRECTION('',(1.,0.,0.));
#988=DIRECTION('center_axis',(-2.49800180540661E-15,-1.,7.54951656745106E-16));
#989=DIRECTION('ref_axis',(-1.,2.49800180540661E-15,-2.7755575615629E-16));
#990=DIRECTION('center_axis',(0.,0.766044443118978,0.642787609686539));
#991=DIRECTION('ref_axis',(-1.,0.,0.));
#992=DIRECTION('',(-0.991586965480095,0.0832038590880873,-0.0991584979859304));
#993=DIRECTION('',(1.,0.,0.));
#994=DIRECTION('',(-0.0800903405649414,-0.640722724519531,0.763583608802901));
#995=DIRECTION('center_axis',(0.,0.,1.));
#996=DIRECTION('ref_axis',(0.,-1.,0.));
#997=DIRECTION('',(1.,0.,0.));
#998=DIRECTION('',(-0.124034734589209,-0.992277876713668,0.));
#999=DIRECTION('center_axis',(0.,-0.642787609686539,0.766044443118978));
#1000=DIRECTION('ref_axis',(1.,0.,0.));
#1001=DIRECTION('',(0.988113990244627,0.1177586039684,0.0988112011578356));
#1002=DIRECTION('',(-0.0953195540281533,-0.762556432225226,-0.63986082103205));
#1003=DIRECTION('center_axis',(0.992277876713668,-0.124034734589209,0.));
#1004=DIRECTION('ref_axis',(0.124034734589209,0.992277876713668,0.));
#1005=DIRECTION('',(0.124025194594741,0.992201556757921,0.0124024946238299));
#1006=DIRECTION('',(2.4980018054066E-15,-1.,7.54951656745106E-16));
#1007=DIRECTION('center_axis',(-0.0995035217408193,5.0264501321283E-16,
0.995037209937987));
#1008=DIRECTION('ref_axis',(-0.995037209937987,-2.56155362871853E-15,-0.0995035217408193));
#1009=DIRECTION('center_axis',(0.,1.,0.));
#1010=DIRECTION('ref_axis',(0.,0.,1.));
#1011=DIRECTION('',(0.,0.,-1.));
#1012=DIRECTION('',(1.,0.,0.));
#1013=DIRECTION('',(0.,0.,1.));
#1014=DIRECTION('',(1.,0.,0.));
#1015=DIRECTION('center_axis',(0.,0.,-1.));
#1016=DIRECTION('ref_axis',(0.,1.,0.));
#1017=DIRECTION('',(0.,-1.,0.));
#1018=DIRECTION('',(0.,1.,0.));
#1019=DIRECTION('',(1.,0.,0.));
#1020=DIRECTION('',(1.,0.,0.));
#1021=DIRECTION('',(1.,0.,0.));
#1022=DIRECTION('',(1.,0.,0.));
#1023=DIRECTION('',(1.,0.,0.));
#1024=DIRECTION('',(1.,0.,0.));
#1025=DIRECTION('',(1.,0.,0.));
#1026=DIRECTION('',(1.,0.,0.));
#1027=DIRECTION('',(1.,0.,0.));
#1028=DIRECTION('center_axis',(0.,-0.0995035217408202,-0.995037209937987));
#1029=DIRECTION('ref_axis',(0.,0.995037209937987,-0.0995035217408202));
#1030=DIRECTION('',(0.,-0.995037209937987,0.0995035217408202));
#1031=DIRECTION('',(0.,0.995037209937987,-0.0995035217408202));
#1032=DIRECTION('',(1.,0.,0.));
#1033=DIRECTION('',(1.,0.,0.));
#1034=DIRECTION('',(1.,0.,0.));
#1035=DIRECTION('',(1.,0.,0.));
#1036=DIRECTION('',(1.,0.,0.));
#1037=DIRECTION('',(1.,0.,0.));
#1038=DIRECTION('',(1.,0.,0.));
#1039=DIRECTION('',(1.,0.,0.));
#1040=DIRECTION('',(1.,0.,0.));
#1041=DIRECTION('',(1.,0.,0.));
#1042=DIRECTION('center_axis',(0.,0.,1.));
#1043=DIRECTION('ref_axis',(0.,-1.,0.));
#1044=DIRECTION('',(0.,1.,0.));
#1045=DIRECTION('',(0.,-1.,0.));
#1046=DIRECTION('center_axis',(1.,0.,0.));
#1047=DIRECTION('ref_axis',(0.,1.,0.));
#1048=DIRECTION('center_axis',(1.,0.,0.));
#1049=DIRECTION('ref_axis',(0.,1.,0.));
#1050=DIRECTION('',(-1.97215226305254E-31,3.38788096113656E-16,1.));
#1051=DIRECTION('',(7.88860905221014E-31,-1.,6.12323399573678E-17));
#1052=CARTESIAN_POINT('',(0.,0.,0.));
#1053=CARTESIAN_POINT('',(0.,0.,0.));
#1054=CARTESIAN_POINT('Ctrl Pts',(-4.82995970315229,4.99999999999999,-22.7668482780457));
#1055=CARTESIAN_POINT('Ctrl Pts',(-4.82995970315179,-195.,-22.7668482780455));
#1056=CARTESIAN_POINT('Ctrl Pts',(-3.4324094173012,5.,-24.0668811434758));
#1057=CARTESIAN_POINT('Ctrl Pts',(-3.4324094173007,-195.,-24.0668811434757));
#1058=CARTESIAN_POINT('Ctrl Pts',(-1.05783494114388,5.,-26.2757639948976));
#1059=CARTESIAN_POINT('Ctrl Pts',(-1.05783494114338,-195.,-26.2757639948975));
#1060=CARTESIAN_POINT('Ctrl Pts',(0.851157411145421,5.,-28.893180105649));
#1061=CARTESIAN_POINT('Ctrl Pts',(0.851157411145921,-195.,-28.8931801056488));
#1062=CARTESIAN_POINT('Ctrl Pts',(1.63661675387133,5.,-29.970122051239));
#1063=CARTESIAN_POINT('Ctrl Pts',(1.63661675387183,-195.,-29.9701220512389));
#1064=CARTESIAN_POINT('',(-4.82995970315228,1.11022302462516E-14,-22.7668482780457));
#1065=CARTESIAN_POINT('',(-3.40916695380018,0.,-24.1));
#1066=CARTESIAN_POINT('Ctrl Pts',(-4.82995970315228,1.11022302462516E-14,
-22.7668482780457));
#1067=CARTESIAN_POINT('Ctrl Pts',(-4.35424188372801,9.57980244875985E-15,
-23.2093717465631));
#1068=CARTESIAN_POINT('Ctrl Pts',(-3.87852406430627,1.47592262082703E-15,
-23.6518952150781));
#1069=CARTESIAN_POINT('Ctrl Pts',(-3.40916695380018,0.,-24.1));
#1070=CARTESIAN_POINT('',(-4.82995970315226,-4.44565518697098,-22.7668482780457));
#1071=CARTESIAN_POINT('',(-4.82995970315229,4.99999999999999,-22.7668482780457));
#1072=CARTESIAN_POINT('',(-4.49884753586167,-6.5,-23.075));
#1073=CARTESIAN_POINT('Ctrl Pts',(-4.49884753586167,-6.5,-23.075));
#1074=CARTESIAN_POINT('Ctrl Pts',(-4.60916526261844,-5.81490838238609,-22.9722362573579));
#1075=CARTESIAN_POINT('Ctrl Pts',(-4.71956248288654,-5.13028178467115,-22.8695422677007));
#1076=CARTESIAN_POINT('Ctrl Pts',(-4.82995970315226,-4.44565518697098,-22.7668482780457));
#1077=CARTESIAN_POINT('',(-3.47000706557057,-6.5,-24.0419789655696));
#1078=CARTESIAN_POINT('Ctrl Pts',(-3.47000706557057,-6.5,-24.0419789655696));
#1079=CARTESIAN_POINT('Ctrl Pts',(-3.81071482642943,-6.5,-23.7174123722677));
#1080=CARTESIAN_POINT('Ctrl Pts',(-4.15473016681223,-6.5,-23.3955540015309));
#1081=CARTESIAN_POINT('Ctrl Pts',(-4.49884753586167,-6.5,-23.075));
#1082=CARTESIAN_POINT('',(-2.70167209396653,-5.61337675173223,-24.7859442061843));
#1083=CARTESIAN_POINT('Ctrl Pts',(-2.70167209396652,-5.61337675173225,-24.7859442061843));
#1084=CARTESIAN_POINT('Ctrl Pts',(-2.95450381587058,-5.91071138188978,-24.5364508276829));
#1085=CARTESIAN_POINT('Ctrl Pts',(-3.21074744728918,-6.20566416651199,-24.2889560548916));
#1086=CARTESIAN_POINT('Ctrl Pts',(-3.47000706557057,-6.5,-24.0419789655696));
#1087=CARTESIAN_POINT('',(-2.58415201955217,-4.67321615641735,-24.9023077730029));
#1088=CARTESIAN_POINT('Ctrl Pts',(-2.58415201955217,-4.67321615641735,-24.9023077730029));
#1089=CARTESIAN_POINT('Ctrl Pts',(-2.6233282499986,-4.98662599998884,-24.8633824048405));
#1090=CARTESIAN_POINT('Ctrl Pts',(-2.66250530676589,-5.30004245412717,-24.8245938423539));
#1091=CARTESIAN_POINT('Ctrl Pts',(-2.70167209396653,-5.61337675173223,-24.7859442061843));
#1092=CARTESIAN_POINT('',(-3.40916695380016,-4.,-24.1));
#1093=CARTESIAN_POINT('Ctrl Pts',(-3.40916695374907,-4.,-24.1000000000488));
#1094=CARTESIAN_POINT('Ctrl Pts',(-3.13084606485435,-4.22296438852153,-24.3657186165691));
#1095=CARTESIAN_POINT('Ctrl Pts',(-2.85555461716431,-4.44694045517892,-24.6326430831668));
#1096=CARTESIAN_POINT('Ctrl Pts',(-2.58415201955218,-4.67321615641735,-24.9023077730029));
#1097=CARTESIAN_POINT('Ctrl Pts',(-3.40916695380018,0.,-24.1));
#1098=CARTESIAN_POINT('Ctrl Pts',(-3.40916695380018,-1.33333333333333,-24.1));
#1099=CARTESIAN_POINT('Ctrl Pts',(-3.40916695380016,-2.66666666666667,-24.1));
#1100=CARTESIAN_POINT('Ctrl Pts',(-3.40916695380016,-4.,-24.1));
#1101=CARTESIAN_POINT('Ctrl Pts',(-9.5980362421919,4.99999999999999,-17.8555256843567));
#1102=CARTESIAN_POINT('Ctrl Pts',(-9.5980362421914,-195.,-17.8555256843565));
#1103=CARTESIAN_POINT('Ctrl Pts',(-9.06320997331031,4.99999999999999,-18.4883715865676));
#1104=CARTESIAN_POINT('Ctrl Pts',(-9.06320997330981,-195.,-18.4883715865674));
#1105=CARTESIAN_POINT('Ctrl Pts',(-7.58808934490175,4.99999999999999,-20.233843152329));
#1106=CARTESIAN_POINT('Ctrl Pts',(-7.58808934490125,-195.,-20.2338431523289));
#1107=CARTESIAN_POINT('Ctrl Pts',(-5.90366908971108,4.99999999999999,-21.7807773774921));
#1108=CARTESIAN_POINT('Ctrl Pts',(-5.90366908971058,-195.,-21.7807773774919));
#1109=CARTESIAN_POINT('Ctrl Pts',(-4.82995970315229,4.99999999999999,-22.7668482780457));
#1110=CARTESIAN_POINT('Ctrl Pts',(-4.82995970315179,-195.,-22.7668482780455));
#1111=CARTESIAN_POINT('',(-5.55410290681429,0.,-22.1));
#1112=CARTESIAN_POINT('Ctrl Pts',(-5.55410290681429,0.,-22.1));
#1113=CARTESIAN_POINT('Ctrl Pts',(-5.31336859939025,-8.85252223862786E-16,
-22.3228962630812));
#1114=CARTESIAN_POINT('Ctrl Pts',(-5.07166415127158,1.1873589548635E-14,
-22.5448722705631));
#1115=CARTESIAN_POINT('Ctrl Pts',(-4.82995970315228,1.11022302462516E-14,
-22.7668482780457));
#1116=CARTESIAN_POINT('Ctrl Pts',(-4.82995970315226,-4.44565518697098,-22.7668482780457));
#1117=CARTESIAN_POINT('Ctrl Pts',(-5.07166415127088,-2.96581513709184,-22.5448722705638));
#1118=CARTESIAN_POINT('Ctrl Pts',(-5.31336859938993,-1.48597508720999,-22.3228962630815));
#1119=CARTESIAN_POINT('Ctrl Pts',(-5.55410290681429,0.,-22.1));
#1120=CARTESIAN_POINT('Ctrl Pts',(-9.76174635953199,4.99999999999998,-25.4476124763489));
#1121=CARTESIAN_POINT('Ctrl Pts',(-9.76174635953149,-195.,-25.4476124763487));
#1122=CARTESIAN_POINT('Ctrl Pts',(-10.5456351980995,4.99999999999998,-24.7286290177778));
#1123=CARTESIAN_POINT('Ctrl Pts',(-10.545635198099,-195.,-24.7286290177777));
#1124=CARTESIAN_POINT('Ctrl Pts',(-11.8666396979893,4.99999999999998,-23.5170026526744));
#1125=CARTESIAN_POINT('Ctrl Pts',(-11.8666396979888,-195.,-23.5170026526743));
#1126=CARTESIAN_POINT('Ctrl Pts',(-13.0471168191708,4.99999999999997,-22.1689756156667));
#1127=CARTESIAN_POINT('Ctrl Pts',(-13.0471168191703,-195.,-22.1689756156665));
#1128=CARTESIAN_POINT('Ctrl Pts',(-13.5270945555617,4.99999999999997,-21.6208726882935));
#1129=CARTESIAN_POINT('Ctrl Pts',(-13.5270945555612,-195.,-21.6208726882933));
#1130=CARTESIAN_POINT('',(-10.140313567371,-5.23909963117728,-25.1));
#1131=CARTESIAN_POINT('',(-10.140313567371,-4.83909963117728,-25.1));
#1132=CARTESIAN_POINT('Ctrl Pts',(-10.140313567371,-5.23909963117728,-25.1));
#1133=CARTESIAN_POINT('Ctrl Pts',(-10.140313567371,-5.10576629784395,-25.1));
#1134=CARTESIAN_POINT('Ctrl Pts',(-10.140313567371,-4.97243296451061,-25.1));
#1135=CARTESIAN_POINT('Ctrl Pts',(-10.140313567371,-4.83909963117728,-25.1));
#1136=CARTESIAN_POINT('',(-11.2668549447286,-6.5,-24.0419789655696));
#1137=CARTESIAN_POINT('Ctrl Pts',(-11.2668549447286,-6.5,-24.0419789655696));
#1138=CARTESIAN_POINT('Ctrl Pts',(-10.8984189470238,-6.07486624350893,-24.3987085438423));
#1139=CARTESIAN_POINT('Ctrl Pts',(-10.5233993983316,-5.6592558234413,-24.7474470940345));
#1140=CARTESIAN_POINT('Ctrl Pts',(-10.140313567371,-5.2390996311773,-25.1));
#1141=CARTESIAN_POINT('',(-12.2229805799065,-6.5,-23.075));
#1142=CARTESIAN_POINT('Ctrl Pts',(-12.2229805799065,-6.5,-23.075));
#1143=CARTESIAN_POINT('Ctrl Pts',(-12.1702054368991,-6.5,-23.1311120628701));
#1144=CARTESIAN_POINT('Ctrl Pts',(-12.1171975203456,-6.5,-23.1869981877887));
#1145=CARTESIAN_POINT('Ctrl Pts',(-12.0639292723585,-6.5,-23.2426316261291));
#1146=CARTESIAN_POINT('Ctrl Pts',(-11.803716357796,-6.5,-23.5143983855916));
#1147=CARTESIAN_POINT('Ctrl Pts',(-11.5372912139226,-6.5,-23.780135343176));
#1148=CARTESIAN_POINT('Ctrl Pts',(-11.2668549447286,-6.5,-24.0419789655696));
#1149=CARTESIAN_POINT('',(-13.1064522267573,0.,-22.1));
#1150=CARTESIAN_POINT('Ctrl Pts',(-13.1064522266866,-2.63983084487051E-16,
-22.1000000000801));
#1151=CARTESIAN_POINT('Ctrl Pts',(-12.948371024265,-1.19432199649401,-22.2791483055478));
#1152=CARTESIAN_POINT('Ctrl Pts',(-12.7862693381476,-2.4088295263235,-22.4613300164945));
#1153=CARTESIAN_POINT('Ctrl Pts',(-12.6210721816815,-3.62324113463738,-22.643492856934));
#1154=CARTESIAN_POINT('Ctrl Pts',(-12.5025665043689,-4.49441030763197,-22.7741690213988));
#1155=CARTESIAN_POINT('Ctrl Pts',(-12.382464248013,-5.36553011902856,-22.9048319443009));
#1156=CARTESIAN_POINT('Ctrl Pts',(-12.2611198369985,-6.22911355090292,-23.0343674300608));
#1157=CARTESIAN_POINT('Ctrl Pts',(-12.2484201768212,-6.3194944430093,-23.0479243515235));
#1158=CARTESIAN_POINT('Ctrl Pts',(-12.235706946282,-6.40979278695422,-23.0614689581216));
#1159=CARTESIAN_POINT('Ctrl Pts',(-12.2229805799065,-6.5,-23.075));
#1160=CARTESIAN_POINT('',(-11.2067999289504,0.,-24.1));
#1161=CARTESIAN_POINT('Ctrl Pts',(-11.2067999289503,-5.39782291405694E-16,
-24.1));
#1162=CARTESIAN_POINT('Ctrl Pts',(-11.4978570241455,-9.99558836956587E-16,
-23.8194008276461));
#1163=CARTESIAN_POINT('Ctrl Pts',(-11.7844755926102,-1.36224138716153E-15,
-23.5344934696997));
#1164=CARTESIAN_POINT('Ctrl Pts',(-12.0639292723585,-1.56819002228303E-15,
-23.2426316261291));
#1165=CARTESIAN_POINT('Ctrl Pts',(-12.4203398406067,-2.04867646571348E-15,
-22.8703958924268));
#1166=CARTESIAN_POINT('Ctrl Pts',(-12.76509598173,-2.7035296246735E-15,
-22.4868479738313));
#1167=CARTESIAN_POINT('Ctrl Pts',(-13.1064522267573,-3.43758959162321E-15,
-22.1));
#1168=CARTESIAN_POINT('',(-11.2067999289503,-4.,-24.1));
#1169=CARTESIAN_POINT('Ctrl Pts',(-11.2067999289503,-4.,-24.1));
#1170=CARTESIAN_POINT('Ctrl Pts',(-11.2067999289503,-2.66666666666667,-24.1));
#1171=CARTESIAN_POINT('Ctrl Pts',(-11.2067999289503,-1.33333333333333,-24.1));
#1172=CARTESIAN_POINT('Ctrl Pts',(-11.2067999289504,0.,-24.1));
#1173=CARTESIAN_POINT('Ctrl Pts',(-10.140313567371,-4.83909963117728,-25.1));
#1174=CARTESIAN_POINT('Ctrl Pts',(-10.5009506100505,-4.56060804881421,-24.7681066562116));
#1175=CARTESIAN_POINT('Ctrl Pts',(-10.8568902605645,-4.28305945614271,-24.4373371237758));
#1176=CARTESIAN_POINT('Ctrl Pts',(-11.2067999289503,-4.,-24.1));
#1177=CARTESIAN_POINT('Origin',(-2.8125,-6.5,-19.81));
#1178=CARTESIAN_POINT('',(-2.65488745389716,-5.23909963117728,-25.1));
#1179=CARTESIAN_POINT('',(-2.87267498651026,-6.9813998920821,-23.6380364936747));
#1180=CARTESIAN_POINT('',(-2.60488745389716,-4.83909963117728,-25.1));
#1181=CARTESIAN_POINT('',(-2.61827151576476,-4.94617212611805,-25.1));
#1182=CARTESIAN_POINT('',(-2.43844791484541,-3.50758331876324,-23.5131606510828));
#1183=CARTESIAN_POINT('Origin',(12.35,-6.5,-23.075));
#1184=CARTESIAN_POINT('',(12.35,-6.5,-23.075));
#1185=CARTESIAN_POINT('',(12.35,-6.5,-24.0419789655696));
#1186=CARTESIAN_POINT('Origin',(12.35,-4.83909963117728,-25.1));
#1187=CARTESIAN_POINT('',(12.35,-4.83909963117728,-25.1));
#1188=CARTESIAN_POINT('',(12.35,-4.,-24.1));
#1189=CARTESIAN_POINT('Origin',(12.35,-6.5,-24.0419789655696));
#1190=CARTESIAN_POINT('',(12.35,-5.23909963117728,-25.1));
#1191=CARTESIAN_POINT('Origin',(4.83185853956503,4.31068699508998E-15,1.11022302462516E-14));
#1192=CARTESIAN_POINT('',(1.175,0.,-24.1));
#1193=CARTESIAN_POINT('',(1.175,0.,-22.1));
#1194=CARTESIAN_POINT('Origin',(12.35,-4.,-24.1));
#1195=CARTESIAN_POINT('Origin',(12.35,10.5,-20.525));
#1196=CARTESIAN_POINT('Origin',(12.35,-5.23909963117728,-25.1));
#1197=CARTESIAN_POINT('Ctrl Pts',(-10.7849399573256,4.99999999999998,-14.3357426643372));
#1198=CARTESIAN_POINT('Ctrl Pts',(-10.7849399573251,-195.,-14.335742664337));
#1199=CARTESIAN_POINT('Ctrl Pts',(-10.7254504824699,4.99999999999998,-14.9318930987363));
#1200=CARTESIAN_POINT('Ctrl Pts',(-10.7254504824694,-195.,-14.9318930987362));
#1201=CARTESIAN_POINT('Ctrl Pts',(-10.5995421750749,4.99999999999998,-16.1936338071565));
#1202=CARTESIAN_POINT('Ctrl Pts',(-10.5995421750744,-195.,-16.1936338071563));
#1203=CARTESIAN_POINT('Ctrl Pts',(-9.94389931105458,4.99999999999998,-17.2816029487102));
#1204=CARTESIAN_POINT('Ctrl Pts',(-9.94389931105408,-195.,-17.28160294871));
#1205=CARTESIAN_POINT('Ctrl Pts',(-9.5980362421919,4.99999999999999,-17.8555256843567));
#1206=CARTESIAN_POINT('Ctrl Pts',(-9.5980362421914,-195.,-17.8555256843565));
#1207=CARTESIAN_POINT('',(-9.59803624219189,-0.296495437622084,-17.8555256843567));
#1208=CARTESIAN_POINT('',(-10.1315932408906,-6.5,-16.925));
#1209=CARTESIAN_POINT('Ctrl Pts',(-9.59803624219189,-0.296495437622084,
-17.8555256843567));
#1210=CARTESIAN_POINT('Ctrl Pts',(-9.78346033173803,-2.34777160841108,-17.5478342587383));
#1211=CARTESIAN_POINT('Ctrl Pts',(-9.96888442128412,-4.39904777919945,-17.2401428331201));
#1212=CARTESIAN_POINT('Ctrl Pts',(-10.1315932408906,-6.5,-16.925));
#1213=CARTESIAN_POINT('',(-9.59803624219189,2.72004641033163E-14,-17.8555256843567));
#1214=CARTESIAN_POINT('',(-9.5980362421919,4.99999999999999,-17.8555256843567));
#1215=CARTESIAN_POINT('',(-10.5427665741002,0.,-15.9));
#1216=CARTESIAN_POINT('Ctrl Pts',(-10.5427665741014,-5.37605355650751E-16,
-15.8999999999958));
#1217=CARTESIAN_POINT('Ctrl Pts',(-10.5259098711212,-5.48554392632509E-16,
-15.9622359086568));
#1218=CARTESIAN_POINT('Ctrl Pts',(-10.507778155444,-5.7335349365928E-16,
-16.0240535683073));
#1219=CARTESIAN_POINT('Ctrl Pts',(-10.4882137305189,-5.55111512312578E-16,
-16.0854012489319));
#1220=CARTESIAN_POINT('Ctrl Pts',(-10.2897623799172,-3.70074341541719E-16,
-16.7076802130636));
#1221=CARTESIAN_POINT('Ctrl Pts',(-9.94389931105457,-5.55111512312578E-16,
-17.2816029487102));
#1222=CARTESIAN_POINT('Ctrl Pts',(-9.59803624219189,5.27355936696949E-16,
-17.8555256843567));
#1223=CARTESIAN_POINT('',(-10.5427665741002,-4.,-15.9));
#1224=CARTESIAN_POINT('Ctrl Pts',(-10.5427665741002,-4.,-15.9));
#1225=CARTESIAN_POINT('Ctrl Pts',(-10.5427665741002,-2.66666666666667,-15.9));
#1226=CARTESIAN_POINT('Ctrl Pts',(-10.5427665741002,-1.33333333333333,-15.9));
#1227=CARTESIAN_POINT('Ctrl Pts',(-10.5427665741002,0.,-15.9));
#1228=CARTESIAN_POINT('',(-10.7247725430701,-4.83909963117728,-14.9));
#1229=CARTESIAN_POINT('Ctrl Pts',(-10.7247725430701,-4.83909963117728,-14.9));
#1230=CARTESIAN_POINT('Ctrl Pts',(-10.7105954379723,-4.74029929946453,-15.0177457919672));
#1231=CARTESIAN_POINT('Ctrl Pts',(-10.6947613697429,-4.64062252607205,-15.1365389572701));
#1232=CARTESIAN_POINT('Ctrl Pts',(-10.6762555565129,-4.54081463955475,-15.2554893887583));
#1233=CARTESIAN_POINT('Ctrl Pts',(-10.6593863054426,-4.44983326653772,-15.3639204351955));
#1234=CARTESIAN_POINT('Ctrl Pts',(-10.6402925898654,-4.35874294497871,-15.4724807265486));
#1235=CARTESIAN_POINT('Ctrl Pts',(-10.6181968488954,-4.26810823557657,-15.5804931182721));
#1236=CARTESIAN_POINT('Ctrl Pts',(-10.5984960771662,-4.18729747104464,-15.6767979887977));
#1237=CARTESIAN_POINT('Ctrl Pts',(-10.5764068589204,-4.10684890333976,-15.7726666625098));
#1238=CARTESIAN_POINT('Ctrl Pts',(-10.5514101166393,-4.02716269335973,-15.8676296951818));
#1239=CARTESIAN_POINT('Ctrl Pts',(-10.5485667418421,-4.01809840175732,-15.8784317225314));
#1240=CARTESIAN_POINT('Ctrl Pts',(-10.5456858005462,-4.00904397431699,-15.8892220494917));
#1241=CARTESIAN_POINT('Ctrl Pts',(-10.5427665741002,-4.,-15.9));
#1242=CARTESIAN_POINT('',(-10.7247725430701,-5.23909963117728,-14.9));
#1243=CARTESIAN_POINT('Ctrl Pts',(-10.7247725430701,-5.23909963117728,-14.9));
#1244=CARTESIAN_POINT('Ctrl Pts',(-10.7247725430701,-5.10576629784395,-14.9));
#1245=CARTESIAN_POINT('Ctrl Pts',(-10.7247725430701,-4.97243296451061,-14.9));
#1246=CARTESIAN_POINT('Ctrl Pts',(-10.7247725430701,-4.83909963117728,-14.9));
#1247=CARTESIAN_POINT('',(-10.5266423734887,-6.5,-15.9580210344304));
#1248=CARTESIAN_POINT('Ctrl Pts',(-10.5266423734887,-6.5,-15.9580210344304));
#1249=CARTESIAN_POINT('Ctrl Pts',(-10.6257203507472,-6.08580333126132,-15.6104687624569));
#1250=CARTESIAN_POINT('Ctrl Pts',(-10.6827484039053,-5.65505154995952,-15.2490251016376));
#1251=CARTESIAN_POINT('Ctrl Pts',(-10.7247725430701,-5.2390996311773,-14.9));
#1252=CARTESIAN_POINT('Ctrl Pts',(-10.1315932408905,-6.5,-16.925));
#1253=CARTESIAN_POINT('Ctrl Pts',(-10.2723777366233,-6.5,-16.6523213280514));
#1254=CARTESIAN_POINT('Ctrl Pts',(-10.3961561071386,-6.5,-16.3740640488769));
#1255=CARTESIAN_POINT('Ctrl Pts',(-10.4882137305189,-6.5,-16.0854012489319));
#1256=CARTESIAN_POINT('Ctrl Pts',(-10.5016854269461,-6.5,-16.0431583855178));
#1257=CARTESIAN_POINT('Ctrl Pts',(-10.5144778126562,-6.5,-16.0006926842952));
#1258=CARTESIAN_POINT('Ctrl Pts',(-10.5266423734887,-6.5,-15.9580210344304));
#1259=CARTESIAN_POINT('Ctrl Pts',(-13.5270945555617,4.99999999999997,-21.6208726882935));
#1260=CARTESIAN_POINT('Ctrl Pts',(-13.5270945555612,-195.,-21.6208726882933));
#1261=CARTESIAN_POINT('Ctrl Pts',(-14.0070530972542,4.99999999999997,-20.9833394291843));
#1262=CARTESIAN_POINT('Ctrl Pts',(-14.0070530972537,-195.,-20.9833394291841));
#1263=CARTESIAN_POINT('Ctrl Pts',(-14.9068079806049,4.99999999999997,-19.7881869038036));
#1264=CARTESIAN_POINT('Ctrl Pts',(-14.9068079806044,-195.,-19.7881869038034));
#1265=CARTESIAN_POINT('Ctrl Pts',(-15.5288303460859,4.99999999999997,-18.4285126498835));
#1266=CARTESIAN_POINT('Ctrl Pts',(-15.5288303460854,-195.,-18.4285126498834));
#1267=CARTESIAN_POINT('Ctrl Pts',(-15.819045735066,4.99999999999997,-17.794132900238));
#1268=CARTESIAN_POINT('Ctrl Pts',(-15.8190457350655,-195.,-17.7941329002379));
#1269=CARTESIAN_POINT('',(-15.819045735066,-0.705780665079767,-17.794132900238));
#1270=CARTESIAN_POINT('',(-15.7706005345836,0.,-17.9));
#1271=CARTESIAN_POINT('Ctrl Pts',(-15.819045735066,-0.705780665079767,-17.794132900238));
#1272=CARTESIAN_POINT('Ctrl Pts',(-15.8029008045301,-0.470506741404327,
-17.8294239887893));
#1273=CARTESIAN_POINT('Ctrl Pts',(-15.7867558739821,-0.235232817554301,
-17.8647150773669));
#1274=CARTESIAN_POINT('Ctrl Pts',(-15.7706005345836,0.,-17.9));
#1275=CARTESIAN_POINT('',(-15.819045735066,4.27435864480685E-14,-17.794132900238));
#1276=CARTESIAN_POINT('',(-15.819045735066,4.99999999999997,-17.794132900238));
#1277=CARTESIAN_POINT('Ctrl Pts',(-15.7706005345836,0.,-17.9));
#1278=CARTESIAN_POINT('Ctrl Pts',(-15.7867558739791,9.25771749246618E-17,
-17.8647150773735));
#1279=CARTESIAN_POINT('Ctrl Pts',(-15.8029008045225,4.26766133166401E-14,
-17.8294239888058));
#1280=CARTESIAN_POINT('Ctrl Pts',(-15.819045735066,4.27435864480685E-14,
-17.794132900238));
#1281=CARTESIAN_POINT('Ctrl Pts',(-9.5980362421919,4.99999999999999,-17.8555256843567));
#1282=CARTESIAN_POINT('Ctrl Pts',(-9.5980362421914,-195.,-17.8555256843565));
#1283=CARTESIAN_POINT('Ctrl Pts',(-9.06320997331031,4.99999999999999,-18.4883715865676));
#1284=CARTESIAN_POINT('Ctrl Pts',(-9.06320997330981,-195.,-18.4883715865674));
#1285=CARTESIAN_POINT('Ctrl Pts',(-7.58808934490175,4.99999999999999,-20.233843152329));
#1286=CARTESIAN_POINT('Ctrl Pts',(-7.58808934490125,-195.,-20.2338431523289));
#1287=CARTESIAN_POINT('Ctrl Pts',(-5.90366908971108,4.99999999999999,-21.7807773774921));
#1288=CARTESIAN_POINT('Ctrl Pts',(-5.90366908971058,-195.,-21.7807773774919));
#1289=CARTESIAN_POINT('Ctrl Pts',(-4.82995970315229,4.99999999999999,-22.7668482780457));
#1290=CARTESIAN_POINT('Ctrl Pts',(-4.82995970315179,-195.,-22.7668482780455));
#1291=CARTESIAN_POINT('',(-9.56044978476691,0.,-17.9));
#1292=CARTESIAN_POINT('Ctrl Pts',(-9.56044978476691,0.,-17.9));
#1293=CARTESIAN_POINT('Ctrl Pts',(-9.57297883973681,-0.0988303217218409,
-17.8851754517417));
#1294=CARTESIAN_POINT('Ctrl Pts',(-9.585507541024,-0.197662880142486,-17.8703505679786));
#1295=CARTESIAN_POINT('Ctrl Pts',(-9.59803624219189,-0.296495437622084,
-17.8555256843567));
#1296=CARTESIAN_POINT('Ctrl Pts',(-9.59803624219189,2.66453525910038E-14,
-17.8555256843567));
#1297=CARTESIAN_POINT('Ctrl Pts',(-9.5855075409458,2.66028638021503E-14,
-17.8703505680712));
#1298=CARTESIAN_POINT('Ctrl Pts',(-9.57297883969973,3.69477919965152E-17,
-17.8851754517856));
#1299=CARTESIAN_POINT('Ctrl Pts',(-9.56044978476691,0.,-17.9));
#1300=CARTESIAN_POINT('Ctrl Pts',(-15.819045735066,4.99999999999997,-17.794132900238));
#1301=CARTESIAN_POINT('Ctrl Pts',(-15.8190457350655,-195.,-17.7941329002379));
#1302=CARTESIAN_POINT('Ctrl Pts',(-16.0339151073571,4.99999999999997,-17.1707326987615));
#1303=CARTESIAN_POINT('Ctrl Pts',(-16.0339151073566,-195.,-17.1707326987613));
#1304=CARTESIAN_POINT('Ctrl Pts',(-16.46599570361,4.99999999999997,-15.9171378849167));
#1305=CARTESIAN_POINT('Ctrl Pts',(-16.4659957036095,-195.,-15.9171378849166));
#1306=CARTESIAN_POINT('Ctrl Pts',(-16.5257205590406,4.99999999999997,-14.5924167180959));
#1307=CARTESIAN_POINT('Ctrl Pts',(-16.5257205590401,-195.,-14.5924167180958));
#1308=CARTESIAN_POINT('Ctrl Pts',(-16.5557448393751,4.99999999999997,-13.926466178894));
#1309=CARTESIAN_POINT('Ctrl Pts',(-16.5557448393746,-195.,-13.9264661788939));
#1310=CARTESIAN_POINT('',(-16.1088215316893,-6.5,-16.925));
#1311=CARTESIAN_POINT('Ctrl Pts',(-16.1088215316893,-6.5,-16.925));
#1312=CARTESIAN_POINT('Ctrl Pts',(-16.0183537686486,-4.56079474383418,-17.2158807884249));
#1313=CARTESIAN_POINT('Ctrl Pts',(-15.9186997518574,-2.63328770445798,-17.5050068443313));
#1314=CARTESIAN_POINT('Ctrl Pts',(-15.819045735066,-0.705780665079767,-17.794132900238));
#1315=CARTESIAN_POINT('',(-16.3614666365634,-6.5,-15.9580210344304));
#1316=CARTESIAN_POINT('Ctrl Pts',(-16.3614666365634,-6.5,-15.9580210344304));
#1317=CARTESIAN_POINT('Ctrl Pts',(-16.2962666361128,-6.5,-16.2848845025554));
#1318=CARTESIAN_POINT('Ctrl Pts',(-16.2077532599202,-6.5,-16.6069050439537));
#1319=CARTESIAN_POINT('Ctrl Pts',(-16.1088215316893,-6.5,-16.925));
#1320=CARTESIAN_POINT('',(-16.5008002412265,-5.23909963117728,-14.9));
#1321=CARTESIAN_POINT('Ctrl Pts',(-16.5008002412265,-5.2390996311773,-14.9));
#1322=CARTESIAN_POINT('Ctrl Pts',(-16.4737885808686,-5.6450814994853,-15.2406592359619));
#1323=CARTESIAN_POINT('Ctrl Pts',(-16.4330923088354,-6.07206878509286,-15.5989441098326));
#1324=CARTESIAN_POINT('Ctrl Pts',(-16.3614666365634,-6.5,-15.9580210344304));
#1325=CARTESIAN_POINT('',(-16.5008002412265,-4.83909963117728,-14.9));
#1326=CARTESIAN_POINT('Ctrl Pts',(-16.5008002412265,-4.83909963117728,-14.9));
#1327=CARTESIAN_POINT('Ctrl Pts',(-16.5008002412265,-4.97243296451061,-14.9));
#1328=CARTESIAN_POINT('Ctrl Pts',(-16.5008002412265,-5.10576629784395,-14.9));
#1329=CARTESIAN_POINT('Ctrl Pts',(-16.5008002412265,-5.23909963117728,-14.9));
#1330=CARTESIAN_POINT('',(-16.3727831847499,-4.,-15.9));
#1331=CARTESIAN_POINT('Ctrl Pts',(-16.3727831847499,-4.,-15.9));
#1332=CARTESIAN_POINT('Ctrl Pts',(-16.436534914356,-4.28069428484546,-15.5654815776148));
#1333=CARTESIAN_POINT('Ctrl Pts',(-16.4747334772788,-4.56325182328158,-15.2287426160689));
#1334=CARTESIAN_POINT('Ctrl Pts',(-16.5008002412265,-4.83909963117728,-14.9));
#1335=CARTESIAN_POINT('',(-16.3727831847499,0.,-15.9));
#1336=CARTESIAN_POINT('Ctrl Pts',(-16.3727831847499,0.,-15.9));
#1337=CARTESIAN_POINT('Ctrl Pts',(-16.3727831847499,-1.33333333333333,-15.9));
#1338=CARTESIAN_POINT('Ctrl Pts',(-16.3727831847499,-2.66666666666667,-15.9));
#1339=CARTESIAN_POINT('Ctrl Pts',(-16.3727831847499,-4.,-15.9));
#1340=CARTESIAN_POINT('Ctrl Pts',(-15.819045735066,4.27435864480685E-14,
-17.794132900238));
#1341=CARTESIAN_POINT('Ctrl Pts',(-16.0346237925206,4.22005676189375E-14,
-17.1686765915137));
#1342=CARTESIAN_POINT('Ctrl Pts',(-16.2501998573862,4.1101496699805E-14,
-16.5432199021706));
#1343=CARTESIAN_POINT('Ctrl Pts',(-16.3727831847499,4.16386609992803E-14,
-15.9));
#1344=CARTESIAN_POINT('Origin',(-32.35,10.5,-19.475));
#1345=CARTESIAN_POINT('',(-32.35,-6.5,-16.925));
#1346=CARTESIAN_POINT('',(-21.175,0.,-17.9));
#1347=CARTESIAN_POINT('Origin',(-32.35,-6.5,-16.925));
#1348=CARTESIAN_POINT('',(-32.35,-6.5,-15.9580210344304));
#1349=CARTESIAN_POINT('Origin',(-32.35,-6.5,-15.9580210344304));
#1350=CARTESIAN_POINT('',(-32.35,-5.23909963117728,-14.9));
#1351=CARTESIAN_POINT('Origin',(-32.35,-5.23909963117728,-14.9));
#1352=CARTESIAN_POINT('',(-32.35,-4.83909963117728,-14.9));
#1353=CARTESIAN_POINT('Origin',(-32.35,-4.83909963117728,-14.9));
#1354=CARTESIAN_POINT('',(-32.35,-4.,-15.9));
#1355=CARTESIAN_POINT('Origin',(-32.35,-4.,-15.9));
#1356=CARTESIAN_POINT('',(-21.175,0.,-15.9));
#1357=CARTESIAN_POINT('Origin',(4.83185853956503,4.31068699508998E-15,1.11022302462516E-14));
#1358=CARTESIAN_POINT('Origin',(-32.35,-4.83909963117728,-14.9));
#1359=CARTESIAN_POINT('',(-2.59330378460116,-4.74643027680931,-15.0104390359914));
#1360=CARTESIAN_POINT('',(-2.80403835839518,-4.72874758190375,-15.0315124511719));
#1361=CARTESIAN_POINT('',(-14.8747004419429,-3.71590079986365,-16.2385762424156));
#1362=CARTESIAN_POINT('',(-2.81503669264681,-4.83909963117728,-14.9));
#1363=CARTESIAN_POINT('Ctrl Pts',(-2.80403835839518,-4.72874758190375,-15.0315124511719));
#1364=CARTESIAN_POINT('Ctrl Pts',(-2.80769066831534,-4.76553585807683,-14.9876698908773));
#1365=CARTESIAN_POINT('Ctrl Pts',(-2.81134297823547,-4.80232413424971,-14.9438273305829));
#1366=CARTESIAN_POINT('Ctrl Pts',(-2.81503669264681,-4.83909963117728,-14.9));
#1367=CARTESIAN_POINT('',(-2.60488745389716,-4.83909963117728,-14.9));
#1368=CARTESIAN_POINT('',(-32.35,-4.83909963117728,-14.9));
#1369=CARTESIAN_POINT('',(-2.13881232822281,-1.11049862578248,-19.3435736435296));
#1370=CARTESIAN_POINT('Origin',(-32.35,-5.23909963117728,-14.9));
#1371=CARTESIAN_POINT('',(-2.81503669264681,-5.23909963117728,-14.9));
#1372=CARTESIAN_POINT('Ctrl Pts',(-2.81503669264681,-4.83909963117728,-14.9));
#1373=CARTESIAN_POINT('Ctrl Pts',(-2.81503669264681,-4.97243296451061,-14.9));
#1374=CARTESIAN_POINT('Ctrl Pts',(-2.81503669264681,-5.10576629784395,-14.9));
#1375=CARTESIAN_POINT('Ctrl Pts',(-2.81503669264681,-5.23909963117728,-14.9));
#1376=CARTESIAN_POINT('',(-2.65488745389716,-5.23909963117728,-14.9));
#1377=CARTESIAN_POINT('',(-32.35,-5.23909963117728,-14.9));
#1378=CARTESIAN_POINT('',(-1.89961766961091,0.803058643112722,-14.9));
#1379=CARTESIAN_POINT('Origin',(-32.35,-6.5,-15.9580210344304));
#1380=CARTESIAN_POINT('',(-2.80403835839518,-5.39583006733227,-15.0315124511719));
#1381=CARTESIAN_POINT('',(-2.67251953699103,-5.38015629592824,-15.0183605953677));
#1382=CARTESIAN_POINT('',(-13.9073591322432,-6.71906965977846,-16.1418423051526));
#1383=CARTESIAN_POINT('',(-2.44825374214113,-3.58602993712901,-13.5129098294138));
#1384=CARTESIAN_POINT('Ctrl Pts',(-2.81503669264681,-5.23909963117728,-14.9));
#1385=CARTESIAN_POINT('Ctrl Pts',(-2.81134297823545,-5.29133100985352,-14.9438273305831));
#1386=CARTESIAN_POINT('Ctrl Pts',(-2.8076906683153,-5.34358053859317,-14.9876698908777));
#1387=CARTESIAN_POINT('Ctrl Pts',(-2.80403835839518,-5.39583006733227,-15.0315124511719));
#1388=CARTESIAN_POINT('Origin',(-0.687499999999999,10.5,-20.19));
#1389=CARTESIAN_POINT('',(-1.00197116332769,7.98423069337847,-14.8513060925232));
#1390=CARTESIAN_POINT('Ctrl Pts',(-2.80403835839521,5.,-15.0315124511719));
#1391=CARTESIAN_POINT('Ctrl Pts',(-2.80403835839471,-195.,-15.0315124511717));
#1392=CARTESIAN_POINT('Ctrl Pts',(-2.86605935936295,5.,-14.287008415669));
#1393=CARTESIAN_POINT('Ctrl Pts',(-2.86605935936245,-195.,-14.2870084156689));
#1394=CARTESIAN_POINT('Ctrl Pts',(-2.97526570455478,5.00000000000001,-12.9760885106495));
#1395=CARTESIAN_POINT('Ctrl Pts',(-2.97526570455428,-195.,-12.9760885106494));
#1396=CARTESIAN_POINT('Ctrl Pts',(-3.71307888683266,5.,-11.8963875024969));
#1397=CARTESIAN_POINT('Ctrl Pts',(-3.71307888683216,-195.,-11.8963875024967));
#1398=CARTESIAN_POINT('Ctrl Pts',(-4.0318696028639,5.,-11.4298755645752));
#1399=CARTESIAN_POINT('Ctrl Pts',(-4.0318696028634,-195.,-11.429875564575));
#1400=CARTESIAN_POINT('',(-2.80403835839521,5.,-15.0315124511719));
#1401=CARTESIAN_POINT('Origin',(2.92583914333094,5.00000000000002,-14.4585258483887));
#1402=CARTESIAN_POINT('Origin',(0.,20.1568909734488,0.));
#1403=CARTESIAN_POINT('',(0.,20.1568909734488,5.34106492996216));
#1404=CARTESIAN_POINT('',(0.,20.1568909734488,0.));
#1405=CARTESIAN_POINT('',(0.,20.1568909734488,5.34106492996216));
#1406=CARTESIAN_POINT('',(5.,20.1568909734488,5.34106492996216));
#1407=CARTESIAN_POINT('',(0.,20.1568909734488,5.34106492996216));
#1408=CARTESIAN_POINT('',(5.,20.1568909734488,0.));
#1409=CARTESIAN_POINT('',(5.,20.1568909734488,5.34106492996216));
#1410=CARTESIAN_POINT('',(0.,20.1568909734488,0.));
#1411=CARTESIAN_POINT('Origin',(0.,0.,0.));
#1412=CARTESIAN_POINT('',(0.,0.,0.));
#1413=CARTESIAN_POINT('',(0.,20.1568909734488,0.));
#1414=CARTESIAN_POINT('',(5.,0.,0.));
#1415=CARTESIAN_POINT('',(5.,20.1568909734488,0.));
#1416=CARTESIAN_POINT('',(0.,0.,0.));
#1417=CARTESIAN_POINT('Ctrl Pts',(0.,1.96452938020229,5.72987794876099));
#1418=CARTESIAN_POINT('Ctrl Pts',(5.,1.96452938020229,5.72987794876099));
#1419=CARTESIAN_POINT('Ctrl Pts',(0.,1.47392829211243,4.82064807971249));
#1420=CARTESIAN_POINT('Ctrl Pts',(5.,1.47392829211243,4.82064807971249));
#1421=CARTESIAN_POINT('Ctrl Pts',(0.,0.501844686086653,3.01908776672532));
#1422=CARTESIAN_POINT('Ctrl Pts',(5.,0.501844686086653,3.01908776672532));
#1423=CARTESIAN_POINT('Ctrl Pts',(0.,0.166232164527336,1.00004943416715));
#1424=CARTESIAN_POINT('Ctrl Pts',(5.,0.166232164527336,1.00004943416715));
#1425=CARTESIAN_POINT('Ctrl Pts',(0.,0.,0.));
#1426=CARTESIAN_POINT('Ctrl Pts',(5.,0.,0.));
#1427=CARTESIAN_POINT('',(0.,1.96452938020229,5.72987794876099));
#1428=CARTESIAN_POINT('Ctrl Pts',(0.,0.,0.));
#1429=CARTESIAN_POINT('Ctrl Pts',(0.,0.166232164527336,1.00004943416715));
#1430=CARTESIAN_POINT('Ctrl Pts',(0.,0.501844686086653,3.01908776672532));
#1431=CARTESIAN_POINT('Ctrl Pts',(0.,1.47392829211243,4.82064807971249));
#1432=CARTESIAN_POINT('Ctrl Pts',(0.,1.96452938020229,5.72987794876099));
#1433=CARTESIAN_POINT('',(5.,1.96452938020229,5.72987794876099));
#1434=CARTESIAN_POINT('Ctrl Pts',(5.,1.96452938020229,5.72987794876099));
#1435=CARTESIAN_POINT('Ctrl Pts',(5.,1.47392829211243,4.82064807971249));
#1436=CARTESIAN_POINT('Ctrl Pts',(5.,0.501844686086653,3.01908776672532));
#1437=CARTESIAN_POINT('Ctrl Pts',(5.,0.166232164527336,1.00004943416715));
#1438=CARTESIAN_POINT('Ctrl Pts',(5.,0.,0.));
#1439=CARTESIAN_POINT('',(0.,1.96452938020229,5.72987794876099));
#1440=CARTESIAN_POINT('Ctrl Pts',(0.,8.43110583722591,12.9331517219543));
#1441=CARTESIAN_POINT('Ctrl Pts',(5.,8.43110583722591,12.9331517219543));
#1442=CARTESIAN_POINT('Ctrl Pts',(0.,7.03355555137483,11.6331188565242));
#1443=CARTESIAN_POINT('Ctrl Pts',(5.,7.03355555137483,11.6331188565242));
#1444=CARTESIAN_POINT('Ctrl Pts',(0.,4.6589810752175,9.42423600510238));
#1445=CARTESIAN_POINT('Ctrl Pts',(5.,4.6589810752175,9.42423600510238));
#1446=CARTESIAN_POINT('Ctrl Pts',(0.,2.7499887229282,6.80681989435104));
#1447=CARTESIAN_POINT('Ctrl Pts',(5.,2.7499887229282,6.80681989435104));
#1448=CARTESIAN_POINT('Ctrl Pts',(0.,1.96452938020229,5.72987794876099));
#1449=CARTESIAN_POINT('Ctrl Pts',(5.,1.96452938020229,5.72987794876099));
#1450=CARTESIAN_POINT('',(0.,8.43110583722591,12.9331517219543));
#1451=CARTESIAN_POINT('Ctrl Pts',(0.,1.96452938020229,5.72987794876099));
#1452=CARTESIAN_POINT('Ctrl Pts',(0.,2.7499887229282,6.80681989435104));
#1453=CARTESIAN_POINT('Ctrl Pts',(0.,4.6589810752175,9.42423600510238));
#1454=CARTESIAN_POINT('Ctrl Pts',(0.,7.03355555137483,11.6331188565242));
#1455=CARTESIAN_POINT('Ctrl Pts',(0.,8.43110583722591,12.9331517219543));
#1456=CARTESIAN_POINT('',(5.,8.43110583722591,12.9331517219543));
#1457=CARTESIAN_POINT('Ctrl Pts',(5.,8.43110583722591,12.9331517219543));
#1458=CARTESIAN_POINT('Ctrl Pts',(5.,7.03355555137483,11.6331188565242));
#1459=CARTESIAN_POINT('Ctrl Pts',(5.,4.6589810752175,9.42423600510238));
#1460=CARTESIAN_POINT('Ctrl Pts',(5.,2.7499887229282,6.80681989435104));
#1461=CARTESIAN_POINT('Ctrl Pts',(5.,1.96452938020229,5.72987794876099));
#1462=CARTESIAN_POINT('',(0.,8.43110583722591,12.9331517219543));
#1463=CARTESIAN_POINT('Ctrl Pts',(0.,13.1991823762655,17.8444743156433));
#1464=CARTESIAN_POINT('Ctrl Pts',(5.,13.1991823762655,17.8444743156433));
#1465=CARTESIAN_POINT('Ctrl Pts',(0.,12.6643561073839,17.2116284134324));
#1466=CARTESIAN_POINT('Ctrl Pts',(5.,12.6643561073839,17.2116284134324));
#1467=CARTESIAN_POINT('Ctrl Pts',(0.,11.1892354789754,15.466156847671));
#1468=CARTESIAN_POINT('Ctrl Pts',(5.,11.1892354789754,15.466156847671));
#1469=CARTESIAN_POINT('Ctrl Pts',(0.,9.5048152237847,13.9192226225079));
#1470=CARTESIAN_POINT('Ctrl Pts',(5.,9.5048152237847,13.9192226225079));
#1471=CARTESIAN_POINT('Ctrl Pts',(0.,8.43110583722591,12.9331517219543));
#1472=CARTESIAN_POINT('Ctrl Pts',(5.,8.43110583722591,12.9331517219543));
#1473=CARTESIAN_POINT('',(0.,13.1991823762655,17.8444743156433));
#1474=CARTESIAN_POINT('Ctrl Pts',(0.,8.43110583722591,12.9331517219543));
#1475=CARTESIAN_POINT('Ctrl Pts',(0.,9.5048152237847,13.9192226225079));
#1476=CARTESIAN_POINT('Ctrl Pts',(0.,11.1892354789754,15.466156847671));
#1477=CARTESIAN_POINT('Ctrl Pts',(0.,12.6643561073839,17.2116284134324));
#1478=CARTESIAN_POINT('Ctrl Pts',(0.,13.1991823762655,17.8444743156433));
#1479=CARTESIAN_POINT('',(5.,13.1991823762655,17.8444743156433));
#1480=CARTESIAN_POINT('Ctrl Pts',(5.,13.1991823762655,17.8444743156433));
#1481=CARTESIAN_POINT('Ctrl Pts',(5.,12.6643561073839,17.2116284134324));
#1482=CARTESIAN_POINT('Ctrl Pts',(5.,11.1892354789754,15.466156847671));
#1483=CARTESIAN_POINT('Ctrl Pts',(5.,9.5048152237847,13.9192226225079));
#1484=CARTESIAN_POINT('Ctrl Pts',(5.,8.43110583722591,12.9331517219543));
#1485=CARTESIAN_POINT('',(0.,13.1991823762655,17.8444743156433));
#1486=CARTESIAN_POINT('Ctrl Pts',(0.,14.3860860913992,21.3642573356628));
#1487=CARTESIAN_POINT('Ctrl Pts',(5.,14.3860860913992,21.3642573356628));
#1488=CARTESIAN_POINT('Ctrl Pts',(0.,14.3265966165435,20.7681069012637));
#1489=CARTESIAN_POINT('Ctrl Pts',(5.,14.3265966165435,20.7681069012637));
#1490=CARTESIAN_POINT('Ctrl Pts',(0.,14.2006883091485,19.5063661928435));
#1491=CARTESIAN_POINT('Ctrl Pts',(5.,14.2006883091485,19.5063661928435));
#1492=CARTESIAN_POINT('Ctrl Pts',(0.,13.5450454451282,18.4183970512898));
#1493=CARTESIAN_POINT('Ctrl Pts',(5.,13.5450454451282,18.4183970512898));
#1494=CARTESIAN_POINT('Ctrl Pts',(0.,13.1991823762655,17.8444743156433));
#1495=CARTESIAN_POINT('Ctrl Pts',(5.,13.1991823762655,17.8444743156433));
#1496=CARTESIAN_POINT('',(0.,14.3860860913992,21.3642573356628));
#1497=CARTESIAN_POINT('Ctrl Pts',(0.,13.1991823762655,17.8444743156433));
#1498=CARTESIAN_POINT('Ctrl Pts',(0.,13.5450454451282,18.4183970512898));
#1499=CARTESIAN_POINT('Ctrl Pts',(0.,14.2006883091485,19.5063661928435));
#1500=CARTESIAN_POINT('Ctrl Pts',(0.,14.3265966165435,20.7681069012637));
#1501=CARTESIAN_POINT('Ctrl Pts',(0.,14.3860860913992,21.3642573356628));
#1502=CARTESIAN_POINT('',(5.,14.3860860913992,21.3642573356628));
#1503=CARTESIAN_POINT('Ctrl Pts',(5.,14.3860860913992,21.3642573356628));
#1504=CARTESIAN_POINT('Ctrl Pts',(5.,14.3265966165435,20.7681069012637));
#1505=CARTESIAN_POINT('Ctrl Pts',(5.,14.2006883091485,19.5063661928435));
#1506=CARTESIAN_POINT('Ctrl Pts',(5.,13.5450454451282,18.4183970512898));
#1507=CARTESIAN_POINT('Ctrl Pts',(5.,13.1991823762655,17.8444743156433));
#1508=CARTESIAN_POINT('',(0.,14.3860860913992,21.3642573356628));
#1509=CARTESIAN_POINT('Ctrl Pts',(0.,13.3424290269613,24.3110513687134));
#1510=CARTESIAN_POINT('Ctrl Pts',(5.,13.3424290269613,24.3110513687134));
#1511=CARTESIAN_POINT('Ctrl Pts',(0.,13.6463529091049,23.9109579071888));
#1512=CARTESIAN_POINT('Ctrl Pts',(5.,13.6463529091049,23.9109579071888));
#1513=CARTESIAN_POINT('Ctrl Pts',(0.,14.3047407262423,23.0442387177446));
#1514=CARTESIAN_POINT('Ctrl Pts',(5.,14.3047407262423,23.0442387177446));
#1515=CARTESIAN_POINT('Ctrl Pts',(0.,14.3576179585591,21.9521941291335));
#1516=CARTESIAN_POINT('Ctrl Pts',(5.,14.3576179585591,21.9521941291335));
#1517=CARTESIAN_POINT('Ctrl Pts',(0.,14.3860860913992,21.3642573356628));
#1518=CARTESIAN_POINT('Ctrl Pts',(5.,14.3860860913992,21.3642573356628));
#1519=CARTESIAN_POINT('',(0.,13.3424290269613,24.3110513687134));
#1520=CARTESIAN_POINT('Ctrl Pts',(0.,14.3860860913992,21.3642573356628));
#1521=CARTESIAN_POINT('Ctrl Pts',(0.,14.3576179585591,21.9521941291335));
#1522=CARTESIAN_POINT('Ctrl Pts',(0.,14.3047407262423,23.0442387177446));
#1523=CARTESIAN_POINT('Ctrl Pts',(0.,13.6463529091049,23.9109579071888));
#1524=CARTESIAN_POINT('Ctrl Pts',(0.,13.3424290269613,24.3110513687134));
#1525=CARTESIAN_POINT('',(5.,13.3424290269613,24.3110513687134));
#1526=CARTESIAN_POINT('Ctrl Pts',(5.,13.3424290269613,24.3110513687134));
#1527=CARTESIAN_POINT('Ctrl Pts',(5.,13.6463529091049,23.9109579071888));
#1528=CARTESIAN_POINT('Ctrl Pts',(5.,14.3047407262423,23.0442387177446));
#1529=CARTESIAN_POINT('Ctrl Pts',(5.,14.3576179585591,21.9521941291335));
#1530=CARTESIAN_POINT('Ctrl Pts',(5.,14.3860860913992,21.3642573356628));
#1531=CARTESIAN_POINT('',(0.,13.3424290269613,24.3110513687134));
#1532=CARTESIAN_POINT('Ctrl Pts',(0.,10.497954711318,25.3547072410583));
#1533=CARTESIAN_POINT('Ctrl Pts',(5.,10.497954711318,25.3547072410583));
#1534=CARTESIAN_POINT('Ctrl Pts',(0.,11.0596272720828,25.3230052594015));
#1535=CARTESIAN_POINT('Ctrl Pts',(5.,11.0596272720828,25.3230052594015));
#1536=CARTESIAN_POINT('Ctrl Pts',(0.,12.1177255231959,25.2632839667996));
#1537=CARTESIAN_POINT('Ctrl Pts',(5.,12.1177255231959,25.2632839667996));
#1538=CARTESIAN_POINT('Ctrl Pts',(0.,12.9513290470169,24.6151397859253));
#1539=CARTESIAN_POINT('Ctrl Pts',(5.,12.9513290470169,24.6151397859253));
#1540=CARTESIAN_POINT('Ctrl Pts',(0.,13.3424290269613,24.3110513687134));
#1541=CARTESIAN_POINT('Ctrl Pts',(5.,13.3424290269613,24.3110513687134));
#1542=CARTESIAN_POINT('',(0.,10.497954711318,25.3547072410583));
#1543=CARTESIAN_POINT('Ctrl Pts',(0.,13.3424290269613,24.3110513687134));
#1544=CARTESIAN_POINT('Ctrl Pts',(0.,12.9513290470169,24.6151397859253));
#1545=CARTESIAN_POINT('Ctrl Pts',(0.,12.1177255231959,25.2632839667996));
#1546=CARTESIAN_POINT('Ctrl Pts',(0.,11.0596272720828,25.3230052594015));
#1547=CARTESIAN_POINT('Ctrl Pts',(0.,10.497954711318,25.3547072410583));
#1548=CARTESIAN_POINT('',(5.,10.497954711318,25.3547072410583));
#1549=CARTESIAN_POINT('Ctrl Pts',(5.,10.497954711318,25.3547072410583));
#1550=CARTESIAN_POINT('Ctrl Pts',(5.,11.0596272720828,25.3230052594015));
#1551=CARTESIAN_POINT('Ctrl Pts',(5.,12.1177255231959,25.2632839667996));
#1552=CARTESIAN_POINT('Ctrl Pts',(5.,12.9513290470169,24.6151397859253));
#1553=CARTESIAN_POINT('Ctrl Pts',(5.,13.3424290269613,24.3110513687134));
#1554=CARTESIAN_POINT('',(0.,10.497954711318,25.3547072410583));
#1555=CARTESIAN_POINT('Ctrl Pts',(0.,7.63301573693752,24.2701244354248));
#1556=CARTESIAN_POINT('Ctrl Pts',(5.,7.63301573693752,24.2701244354248));
#1557=CARTESIAN_POINT('Ctrl Pts',(0.,8.03156640278187,24.5862644518677));
#1558=CARTESIAN_POINT('Ctrl Pts',(5.,8.03156640278187,24.5862644518677));
#1559=CARTESIAN_POINT('Ctrl Pts',(0.,8.86860092691022,25.2502204577136));
#1560=CARTESIAN_POINT('Ctrl Pts',(5.,8.86860092691022,25.2502204577136));
#1561=CARTESIAN_POINT('Ctrl Pts',(0.,9.93783316093662,25.3187879093322));
#1562=CARTESIAN_POINT('Ctrl Pts',(5.,9.93783316093662,25.3187879093322));
#1563=CARTESIAN_POINT('Ctrl Pts',(0.,10.497954711318,25.3547072410583));
#1564=CARTESIAN_POINT('Ctrl Pts',(5.,10.497954711318,25.3547072410583));
#1565=CARTESIAN_POINT('',(0.,7.63301573693752,24.2701244354248));
#1566=CARTESIAN_POINT('Ctrl Pts',(0.,10.497954711318,25.3547072410583));
#1567=CARTESIAN_POINT('Ctrl Pts',(0.,9.93783316093662,25.3187879093322));
#1568=CARTESIAN_POINT('Ctrl Pts',(0.,8.86860092691022,25.2502204577136));
#1569=CARTESIAN_POINT('Ctrl Pts',(0.,8.03156640278187,24.5862644518677));
#1570=CARTESIAN_POINT('Ctrl Pts',(0.,7.63301573693752,24.2701244354248));
#1571=CARTESIAN_POINT('',(5.,7.63301573693752,24.2701244354248));
#1572=CARTESIAN_POINT('Ctrl Pts',(5.,7.63301573693752,24.2701244354248));
#1573=CARTESIAN_POINT('Ctrl Pts',(5.,8.03156640278187,24.5862644518677));
#1574=CARTESIAN_POINT('Ctrl Pts',(5.,8.86860092691022,25.2502204577136));
#1575=CARTESIAN_POINT('Ctrl Pts',(5.,9.93783316093662,25.3187879093322));
#1576=CARTESIAN_POINT('Ctrl Pts',(5.,10.497954711318,25.3547072410583));
#1577=CARTESIAN_POINT('',(0.,7.63301573693752,24.2701244354248));
#1578=CARTESIAN_POINT('Ctrl Pts',(0.,6.40518449246883,20.6684875488281));
#1579=CARTESIAN_POINT('Ctrl Pts',(5.,6.40518449246883,20.6684875488281));
#1580=CARTESIAN_POINT('Ctrl Pts',(0.,6.46720549343657,21.412991584331));
#1581=CARTESIAN_POINT('Ctrl Pts',(5.,6.46720549343657,21.412991584331));
#1582=CARTESIAN_POINT('Ctrl Pts',(0.,6.57641183862841,22.7239114893505));
#1583=CARTESIAN_POINT('Ctrl Pts',(5.,6.57641183862841,22.7239114893505));
#1584=CARTESIAN_POINT('Ctrl Pts',(0.,7.31422502090629,23.8036124975031));
#1585=CARTESIAN_POINT('Ctrl Pts',(5.,7.31422502090629,23.8036124975031));
#1586=CARTESIAN_POINT('Ctrl Pts',(0.,7.63301573693752,24.2701244354248));
#1587=CARTESIAN_POINT('Ctrl Pts',(5.,7.63301573693752,24.2701244354248));
#1588=CARTESIAN_POINT('',(0.,6.40518449246883,20.6684875488281));
#1589=CARTESIAN_POINT('Ctrl Pts',(0.,7.63301573693752,24.2701244354248));
#1590=CARTESIAN_POINT('Ctrl Pts',(0.,7.31422502090629,23.8036124975031));
#1591=CARTESIAN_POINT('Ctrl Pts',(0.,6.57641183862841,22.7239114893505));
#1592=CARTESIAN_POINT('Ctrl Pts',(0.,6.46720549343657,21.412991584331));
#1593=CARTESIAN_POINT('Ctrl Pts',(0.,6.40518449246883,20.6684875488281));
#1594=CARTESIAN_POINT('',(5.,6.40518449246883,20.6684875488281));
#1595=CARTESIAN_POINT('Ctrl Pts',(5.,6.40518449246883,20.6684875488281));
#1596=CARTESIAN_POINT('Ctrl Pts',(5.,6.46720549343657,21.412991584331));
#1597=CARTESIAN_POINT('Ctrl Pts',(5.,6.57641183862841,22.7239114893505));
#1598=CARTESIAN_POINT('Ctrl Pts',(5.,7.31422502090629,23.8036124975031));
#1599=CARTESIAN_POINT('Ctrl Pts',(5.,7.63301573693752,24.2701244354248));
#1600=CARTESIAN_POINT('',(0.,6.40518449246883,20.6684875488281));
#1601=CARTESIAN_POINT('Origin',(0.,0.675306990742683,21.2414741516113));
#1602=CARTESIAN_POINT('',(0.,0.675306990742683,21.2414741516113));
#1603=CARTESIAN_POINT('',(0.,6.40518449246883,20.6684875488281));
#1604=CARTESIAN_POINT('',(5.,0.675306990742683,21.2414741516113));
#1605=CARTESIAN_POINT('',(5.,6.40518449246883,20.6684875488281));
#1606=CARTESIAN_POINT('',(0.,0.675306990742683,21.2414741516113));
#1607=CARTESIAN_POINT('Ctrl Pts',(0.,3.88813130557537,28.0559372901917));
#1608=CARTESIAN_POINT('Ctrl Pts',(5.,3.88813130557537,28.0559372901917));
#1609=CARTESIAN_POINT('Ctrl Pts',(0.,3.07377008936696,27.1914111123415));
#1610=CARTESIAN_POINT('Ctrl Pts',(5.,3.07377008936696,27.1914111123415));
#1611=CARTESIAN_POINT('Ctrl Pts',(0.,1.27439730565783,25.2811962785969));
#1612=CARTESIAN_POINT('Ctrl Pts',(5.,1.27439730565783,25.2811962785969));
#1613=CARTESIAN_POINT('Ctrl Pts',(0.,0.887242850069238,22.6705775089982));
#1614=CARTESIAN_POINT('Ctrl Pts',(5.,0.887242850069238,22.6705775089982));
#1615=CARTESIAN_POINT('Ctrl Pts',(0.,0.675306990742683,21.2414741516113));
#1616=CARTESIAN_POINT('Ctrl Pts',(5.,0.675306990742683,21.2414741516113));
#1617=CARTESIAN_POINT('',(0.,3.88813130557537,28.0559372901917));
#1618=CARTESIAN_POINT('Ctrl Pts',(0.,0.675306990742683,21.2414741516113));
#1619=CARTESIAN_POINT('Ctrl Pts',(0.,0.887242850069238,22.6705775089982));
#1620=CARTESIAN_POINT('Ctrl Pts',(0.,1.27439730565783,25.2811962785969));
#1621=CARTESIAN_POINT('Ctrl Pts',(0.,3.07377008936696,27.1914111123415));
#1622=CARTESIAN_POINT('Ctrl Pts',(0.,3.88813130557537,28.0559372901917));
#1623=CARTESIAN_POINT('',(5.,3.88813130557537,28.0559372901917));
#1624=CARTESIAN_POINT('Ctrl Pts',(5.,3.88813130557537,28.0559372901917));
#1625=CARTESIAN_POINT('Ctrl Pts',(5.,3.07377008936696,27.1914111123415));
#1626=CARTESIAN_POINT('Ctrl Pts',(5.,1.27439730565783,25.2811962785969));
#1627=CARTESIAN_POINT('Ctrl Pts',(5.,0.887242850069238,22.6705775089982));
#1628=CARTESIAN_POINT('Ctrl Pts',(5.,0.675306990742683,21.2414741516113));
#1629=CARTESIAN_POINT('',(0.,3.88813130557537,28.0559372901917));
#1630=CARTESIAN_POINT('Ctrl Pts',(0.,10.6412013620138,30.1227855682373));
#1631=CARTESIAN_POINT('Ctrl Pts',(5.,10.6412013620138,30.1227855682373));
#1632=CARTESIAN_POINT('Ctrl Pts',(0.,9.37052218988521,30.0541636904303));
#1633=CARTESIAN_POINT('Ctrl Pts',(5.,9.37052218988521,30.0541636904303));
#1634=CARTESIAN_POINT('Ctrl Pts',(0.,6.94388111766985,29.9231151371907));
#1635=CARTESIAN_POINT('Ctrl Pts',(5.,6.94388111766985,29.9231151371907));
#1636=CARTESIAN_POINT('Ctrl Pts',(0.,4.87409887895364,28.6584004904134));
#1637=CARTESIAN_POINT('Ctrl Pts',(5.,4.87409887895364,28.6584004904134));
#1638=CARTESIAN_POINT('Ctrl Pts',(0.,3.88813130557537,28.0559372901917));
#1639=CARTESIAN_POINT('Ctrl Pts',(5.,3.88813130557537,28.0559372901917));
#1640=CARTESIAN_POINT('',(0.,10.6412013620138,30.1227855682373));
#1641=CARTESIAN_POINT('Ctrl Pts',(0.,3.88813130557537,28.0559372901917));
#1642=CARTESIAN_POINT('Ctrl Pts',(0.,4.87409887895364,28.6584004904134));
#1643=CARTESIAN_POINT('Ctrl Pts',(0.,6.94388111766985,29.9231151371907));
#1644=CARTESIAN_POINT('Ctrl Pts',(0.,9.37052218988521,30.0541636904303));
#1645=CARTESIAN_POINT('Ctrl Pts',(0.,10.6412013620138,30.1227855682373));
#1646=CARTESIAN_POINT('',(5.,10.6412013620138,30.1227855682373));
#1647=CARTESIAN_POINT('Ctrl Pts',(5.,10.6412013620138,30.1227855682373));
#1648=CARTESIAN_POINT('Ctrl Pts',(5.,9.37052218988521,30.0541636904303));
#1649=CARTESIAN_POINT('Ctrl Pts',(5.,6.94388111766985,29.9231151371907));
#1650=CARTESIAN_POINT('Ctrl Pts',(5.,4.87409887895364,28.6584004904134));
#1651=CARTESIAN_POINT('Ctrl Pts',(5.,3.88813130557537,28.0559372901917));
#1652=CARTESIAN_POINT('',(0.,10.6412013620138,30.1227855682373));
#1653=CARTESIAN_POINT('Ctrl Pts',(0.,17.6193734258413,27.7285146713257));
#1654=CARTESIAN_POINT('Ctrl Pts',(5.,17.6193734258413,27.7285146713257));
#1655=CARTESIAN_POINT('Ctrl Pts',(0.,16.6503378556343,28.4260096276182));
#1656=CARTESIAN_POINT('Ctrl Pts',(5.,16.6503378556343,28.4260096276182));
#1657=CARTESIAN_POINT('Ctrl Pts',(0.,14.5735835613995,29.9208212632512));
#1658=CARTESIAN_POINT('Ctrl Pts',(5.,14.5735835613995,29.9208212632512));
#1659=CARTESIAN_POINT('Ctrl Pts',(0.,12.0090802441121,30.0525322984073));
#1660=CARTESIAN_POINT('Ctrl Pts',(5.,12.0090802441121,30.0525322984073));
#1661=CARTESIAN_POINT('Ctrl Pts',(0.,10.6412013620138,30.1227855682373));
#1662=CARTESIAN_POINT('Ctrl Pts',(5.,10.6412013620138,30.1227855682373));
#1663=CARTESIAN_POINT('',(0.,17.6193734258413,27.7285146713257));
#1664=CARTESIAN_POINT('Ctrl Pts',(0.,10.6412013620138,30.1227855682373));
#1665=CARTESIAN_POINT('Ctrl Pts',(0.,12.0090802441121,30.0525322984073));
#1666=CARTESIAN_POINT('Ctrl Pts',(0.,14.5735835613995,29.9208212632512));
#1667=CARTESIAN_POINT('Ctrl Pts',(0.,16.6503378556343,28.4260096276182));
#1668=CARTESIAN_POINT('Ctrl Pts',(0.,17.6193734258413,27.7285146713257));
#1669=CARTESIAN_POINT('',(5.,17.6193734258413,27.7285146713257));
#1670=CARTESIAN_POINT('Ctrl Pts',(5.,17.6193734258413,27.7285146713257));
#1671=CARTESIAN_POINT('Ctrl Pts',(5.,16.6503378556343,28.4260096276182));
#1672=CARTESIAN_POINT('Ctrl Pts',(5.,14.5735835613995,29.9208212632512));
#1673=CARTESIAN_POINT('Ctrl Pts',(5.,12.0090802441121,30.0525322984073));
#1674=CARTESIAN_POINT('Ctrl Pts',(5.,10.6412013620138,30.1227855682373));
#1675=CARTESIAN_POINT('',(0.,17.6193734258413,27.7285146713257));
#1676=CARTESIAN_POINT('Ctrl Pts',(0.,20.1568909734488,21.773533821106));
#1677=CARTESIAN_POINT('Ctrl Pts',(5.,20.1568909734488,21.773533821106));
#1678=CARTESIAN_POINT('Ctrl Pts',(0.,20.0536279960405,22.9094978726124));
#1679=CARTESIAN_POINT('Ctrl Pts',(5.,20.0536279960405,22.9094978726124));
#1680=CARTESIAN_POINT('Ctrl Pts',(0.,19.8482894365263,25.1683638074399));
#1681=CARTESIAN_POINT('Ctrl Pts',(5.,19.8482894365263,25.1683638074399));
#1682=CARTESIAN_POINT('Ctrl Pts',(0.,18.359475680269,26.8784272669759));
#1683=CARTESIAN_POINT('Ctrl Pts',(5.,18.359475680269,26.8784272669759));
#1684=CARTESIAN_POINT('Ctrl Pts',(0.,17.6193734258413,27.7285146713257));
#1685=CARTESIAN_POINT('Ctrl Pts',(5.,17.6193734258413,27.7285146713257));
#1686=CARTESIAN_POINT('',(0.,20.1568909734488,21.773533821106));
#1687=CARTESIAN_POINT('Ctrl Pts',(0.,17.6193734258413,27.7285146713257));
#1688=CARTESIAN_POINT('Ctrl Pts',(0.,18.359475680269,26.8784272669759));
#1689=CARTESIAN_POINT('Ctrl Pts',(0.,19.8482894365263,25.1683638074399));
#1690=CARTESIAN_POINT('Ctrl Pts',(0.,20.0536279960405,22.9094978726124));
#1691=CARTESIAN_POINT('Ctrl Pts',(0.,20.1568909734488,21.773533821106));
#1692=CARTESIAN_POINT('',(5.,20.1568909734488,21.773533821106));
#1693=CARTESIAN_POINT('Ctrl Pts',(5.,20.1568909734488,21.773533821106));
#1694=CARTESIAN_POINT('Ctrl Pts',(5.,20.0536279960405,22.9094978726124));
#1695=CARTESIAN_POINT('Ctrl Pts',(5.,19.8482894365263,25.1683638074399));
#1696=CARTESIAN_POINT('Ctrl Pts',(5.,18.359475680269,26.8784272669759));
#1697=CARTESIAN_POINT('Ctrl Pts',(5.,17.6193734258413,27.7285146713257));
#1698=CARTESIAN_POINT('',(0.,20.1568909734488,21.773533821106));
#1699=CARTESIAN_POINT('Ctrl Pts',(0.,19.4201918691397,17.905867099762));
#1700=CARTESIAN_POINT('Ctrl Pts',(5.,19.4201918691397,17.905867099762));
#1701=CARTESIAN_POINT('Ctrl Pts',(0.,19.6350612414307,18.5292673012385));
#1702=CARTESIAN_POINT('Ctrl Pts',(5.,19.6350612414307,18.5292673012385));
#1703=CARTESIAN_POINT('Ctrl Pts',(0.,20.0671418376836,19.7828621150833));
#1704=CARTESIAN_POINT('Ctrl Pts',(5.,20.0671418376836,19.7828621150833));
#1705=CARTESIAN_POINT('Ctrl Pts',(0.,20.1268666931142,21.1075832819041));
#1706=CARTESIAN_POINT('Ctrl Pts',(5.,20.1268666931142,21.1075832819041));
#1707=CARTESIAN_POINT('Ctrl Pts',(0.,20.1568909734488,21.773533821106));
#1708=CARTESIAN_POINT('Ctrl Pts',(5.,20.1568909734488,21.773533821106));
#1709=CARTESIAN_POINT('',(0.,19.4201918691397,17.905867099762));
#1710=CARTESIAN_POINT('Ctrl Pts',(0.,20.1568909734488,21.773533821106));
#1711=CARTESIAN_POINT('Ctrl Pts',(0.,20.1268666931142,21.1075832819041));
#1712=CARTESIAN_POINT('Ctrl Pts',(0.,20.0671418376836,19.7828621150833));
#1713=CARTESIAN_POINT('Ctrl Pts',(0.,19.6350612414307,18.5292673012385));
#1714=CARTESIAN_POINT('Ctrl Pts',(0.,19.4201918691397,17.905867099762));
#1715=CARTESIAN_POINT('',(5.,19.4201918691397,17.905867099762));
#1716=CARTESIAN_POINT('Ctrl Pts',(5.,19.4201918691397,17.905867099762));
#1717=CARTESIAN_POINT('Ctrl Pts',(5.,19.6350612414307,18.5292673012385));
#1718=CARTESIAN_POINT('Ctrl Pts',(5.,20.0671418376836,19.7828621150833));
#1719=CARTESIAN_POINT('Ctrl Pts',(5.,20.1268666931142,21.1075832819041));
#1720=CARTESIAN_POINT('Ctrl Pts',(5.,20.1568909734488,21.773533821106));
#1721=CARTESIAN_POINT('',(0.,19.4201918691397,17.905867099762));
#1722=CARTESIAN_POINT('Ctrl Pts',(0.,17.1282406896353,14.0791273117065));
#1723=CARTESIAN_POINT('Ctrl Pts',(5.,17.1282406896353,14.0791273117065));
#1724=CARTESIAN_POINT('Ctrl Pts',(0.,17.6081992313278,14.7166605708157));
#1725=CARTESIAN_POINT('Ctrl Pts',(5.,17.6081992313278,14.7166605708157));
#1726=CARTESIAN_POINT('Ctrl Pts',(0.,18.5079541146785,15.9118130961964));
#1727=CARTESIAN_POINT('Ctrl Pts',(5.,18.5079541146785,15.9118130961964));
#1728=CARTESIAN_POINT('Ctrl Pts',(0.,19.1299764801595,17.2714873501165));
#1729=CARTESIAN_POINT('Ctrl Pts',(5.,19.1299764801595,17.2714873501165));
#1730=CARTESIAN_POINT('Ctrl Pts',(0.,19.4201918691397,17.905867099762));
#1731=CARTESIAN_POINT('Ctrl Pts',(5.,19.4201918691397,17.905867099762));
#1732=CARTESIAN_POINT('',(0.,17.1282406896353,14.0791273117065));
#1733=CARTESIAN_POINT('Ctrl Pts',(0.,19.4201918691397,17.905867099762));
#1734=CARTESIAN_POINT('Ctrl Pts',(0.,19.1299764801595,17.2714873501165));
#1735=CARTESIAN_POINT('Ctrl Pts',(0.,18.5079541146785,15.9118130961964));
#1736=CARTESIAN_POINT('Ctrl Pts',(0.,17.6081992313278,14.7166605708157));
#1737=CARTESIAN_POINT('Ctrl Pts',(0.,17.1282406896353,14.0791273117065));
#1738=CARTESIAN_POINT('',(5.,17.1282406896353,14.0791273117065));
#1739=CARTESIAN_POINT('Ctrl Pts',(5.,17.1282406896353,14.0791273117065));
#1740=CARTESIAN_POINT('Ctrl Pts',(5.,17.6081992313278,14.7166605708157));
#1741=CARTESIAN_POINT('Ctrl Pts',(5.,18.5079541146785,15.9118130961964));
#1742=CARTESIAN_POINT('Ctrl Pts',(5.,19.1299764801595,17.2714873501165));
#1743=CARTESIAN_POINT('Ctrl Pts',(5.,19.4201918691397,17.905867099762));
#1744=CARTESIAN_POINT('',(0.,17.1282406896353,14.0791273117065));
#1745=CARTESIAN_POINT('Ctrl Pts',(0.,13.3628924936056,10.2523875236511));
#1746=CARTESIAN_POINT('Ctrl Pts',(5.,13.3628924936056,10.2523875236511));
#1747=CARTESIAN_POINT('Ctrl Pts',(0.,14.1467813321731,10.9713709822222));
#1748=CARTESIAN_POINT('Ctrl Pts',(5.,14.1467813321731,10.9713709822222));
#1749=CARTESIAN_POINT('Ctrl Pts',(0.,15.467785832063,12.1829973473256));
#1750=CARTESIAN_POINT('Ctrl Pts',(5.,15.467785832063,12.1829973473256));
#1751=CARTESIAN_POINT('Ctrl Pts',(0.,16.6482629532444,13.5310243843333));
#1752=CARTESIAN_POINT('Ctrl Pts',(5.,16.6482629532444,13.5310243843333));
#1753=CARTESIAN_POINT('Ctrl Pts',(0.,17.1282406896353,14.0791273117065));
#1754=CARTESIAN_POINT('Ctrl Pts',(5.,17.1282406896353,14.0791273117065));
#1755=CARTESIAN_POINT('',(0.,13.3628924936056,10.2523875236511));
#1756=CARTESIAN_POINT('Ctrl Pts',(0.,17.1282406896353,14.0791273117065));
#1757=CARTESIAN_POINT('Ctrl Pts',(0.,16.6482629532444,13.5310243843333));
#1758=CARTESIAN_POINT('Ctrl Pts',(0.,15.467785832063,12.1829973473256));
#1759=CARTESIAN_POINT('Ctrl Pts',(0.,14.1467813321731,10.9713709822222));
#1760=CARTESIAN_POINT('Ctrl Pts',(0.,13.3628924936056,10.2523875236511));
#1761=CARTESIAN_POINT('',(5.,13.3628924936056,10.2523875236511));
#1762=CARTESIAN_POINT('Ctrl Pts',(5.,13.3628924936056,10.2523875236511));
#1763=CARTESIAN_POINT('Ctrl Pts',(5.,14.1467813321731,10.9713709822222));
#1764=CARTESIAN_POINT('Ctrl Pts',(5.,15.467785832063,12.1829973473256));
#1765=CARTESIAN_POINT('Ctrl Pts',(5.,16.6482629532444,13.5310243843333));
#1766=CARTESIAN_POINT('Ctrl Pts',(5.,17.1282406896353,14.0791273117065));
#1767=CARTESIAN_POINT('',(0.,13.3628924936056,10.2523875236511));
#1768=CARTESIAN_POINT('Ctrl Pts',(0.,9.90450225770473,6.93724393844604));
#1769=CARTESIAN_POINT('Ctrl Pts',(5.,9.90450225770473,6.93724393844604));
#1770=CARTESIAN_POINT('Ctrl Pts',(0.,10.3127857030934,7.35272000721306));
#1771=CARTESIAN_POINT('Ctrl Pts',(5.,10.3127857030934,7.35272000721306));
#1772=CARTESIAN_POINT('Ctrl Pts',(0.,11.4323926435869,8.49205077228421));
#1773=CARTESIAN_POINT('Ctrl Pts',(5.,11.4323926435869,8.49205077228421));
#1774=CARTESIAN_POINT('Ctrl Pts',(0.,12.6128858991901,9.56848994556828));
#1775=CARTESIAN_POINT('Ctrl Pts',(5.,12.6128858991901,9.56848994556828));
#1776=CARTESIAN_POINT('Ctrl Pts',(0.,13.3628924936056,10.2523875236511));
#1777=CARTESIAN_POINT('Ctrl Pts',(5.,13.3628924936056,10.2523875236511));
#1778=CARTESIAN_POINT('',(0.,9.90450225770473,6.93724393844604));
#1779=CARTESIAN_POINT('Ctrl Pts',(0.,13.3628924936056,10.2523875236511));
#1780=CARTESIAN_POINT('Ctrl Pts',(0.,12.6128858991901,9.56848994556828));
#1781=CARTESIAN_POINT('Ctrl Pts',(0.,11.4323926435869,8.49205077228421));
#1782=CARTESIAN_POINT('Ctrl Pts',(0.,10.3127857030934,7.35272000721306));
#1783=CARTESIAN_POINT('Ctrl Pts',(0.,9.90450225770473,6.93724393844604));
#1784=CARTESIAN_POINT('',(5.,9.90450225770473,6.93724393844604));
#1785=CARTESIAN_POINT('Ctrl Pts',(5.,9.90450225770473,6.93724393844604));
#1786=CARTESIAN_POINT('Ctrl Pts',(5.,10.3127857030934,7.35272000721306));
#1787=CARTESIAN_POINT('Ctrl Pts',(5.,11.4323926435869,8.49205077228421));
#1788=CARTESIAN_POINT('Ctrl Pts',(5.,12.6128858991901,9.56848994556828));
#1789=CARTESIAN_POINT('Ctrl Pts',(5.,13.3628924936056,10.2523875236511));
#1790=CARTESIAN_POINT('',(0.,9.90450225770473,6.93724393844604));
#1791=CARTESIAN_POINT('Ctrl Pts',(0.,8.73806320130825,5.34106492996216));
#1792=CARTESIAN_POINT('Ctrl Pts',(5.,8.73806320130825,5.34106492996216));
#1793=CARTESIAN_POINT('Ctrl Pts',(0.,8.90446371256591,5.6079291176134));
#1794=CARTESIAN_POINT('Ctrl Pts',(5.,8.90446371256591,5.6079291176134));
#1795=CARTESIAN_POINT('Ctrl Pts',(0.,9.25402361667424,6.16853448559135));
#1796=CARTESIAN_POINT('Ctrl Pts',(5.,9.25402361667424,6.16853448559135));
#1797=CARTESIAN_POINT('Ctrl Pts',(0.,9.68085488162208,6.67294647922659));
#1798=CARTESIAN_POINT('Ctrl Pts',(5.,9.68085488162208,6.67294647922659));
#1799=CARTESIAN_POINT('Ctrl Pts',(0.,9.90450225770473,6.93724393844604));
#1800=CARTESIAN_POINT('Ctrl Pts',(5.,9.90450225770473,6.93724393844604));
#1801=CARTESIAN_POINT('',(0.,8.73806320130825,5.34106492996216));
#1802=CARTESIAN_POINT('Ctrl Pts',(0.,9.90450225770473,6.93724393844604));
#1803=CARTESIAN_POINT('Ctrl Pts',(0.,9.68085488162208,6.67294647922659));
#1804=CARTESIAN_POINT('Ctrl Pts',(0.,9.25402361667424,6.16853448559135));
#1805=CARTESIAN_POINT('Ctrl Pts',(0.,8.90446371256591,5.6079291176134));
#1806=CARTESIAN_POINT('Ctrl Pts',(0.,8.73806320130825,5.34106492996216));
#1807=CARTESIAN_POINT('',(5.,8.73806320130825,5.34106492996216));
#1808=CARTESIAN_POINT('Ctrl Pts',(5.,8.73806320130825,5.34106492996216));
#1809=CARTESIAN_POINT('Ctrl Pts',(5.,8.90446371256591,5.6079291176134));
#1810=CARTESIAN_POINT('Ctrl Pts',(5.,9.25402361667424,6.16853448559135));
#1811=CARTESIAN_POINT('Ctrl Pts',(5.,9.68085488162208,6.67294647922659));
#1812=CARTESIAN_POINT('Ctrl Pts',(5.,9.90450225770473,6.93724393844604));
#1813=CARTESIAN_POINT('',(0.,8.73806320130825,5.34106492996216));
#1814=CARTESIAN_POINT('Origin',(0.,20.1568909734488,5.34106492996216));
#1815=CARTESIAN_POINT('',(0.,8.73806320130825,5.34106492996216));
#1816=CARTESIAN_POINT('',(5.,8.73806320130825,5.34106492996216));
#1817=CARTESIAN_POINT('Origin',(5.,10.0784454867244,15.0613927841187));
#1818=CARTESIAN_POINT('Origin',(0.,10.0784454867244,15.0613927841187));
#1819=CARTESIAN_POINT('',(-4.2396641752873E-15,3.60114613407365,35.7));
#1820=UNCERTAINTY_MEASURE_WITH_UNIT(LENGTH_MEASURE(0.01),#1826,
'DISTANCE_ACCURACY_VALUE',
'Maximum model space distance between geometric entities at asserted c
onnectivities');
#1821=UNCERTAINTY_MEASURE_WITH_UNIT(LENGTH_MEASURE(0.01),#1826,
'DISTANCE_ACCURACY_VALUE',
'Maximum model space distance between geometric entities at asserted c
onnectivities');
#1822=UNCERTAINTY_MEASURE_WITH_UNIT(LENGTH_MEASURE(0.01),#1826,
'DISTANCE_ACCURACY_VALUE',
'Maximum model space distance between geometric entities at asserted c
onnectivities');
#1823=(
GEOMETRIC_REPRESENTATION_CONTEXT(3)
GLOBAL_UNCERTAINTY_ASSIGNED_CONTEXT((#1820))
GLOBAL_UNIT_ASSIGNED_CONTEXT((#1826,#1828,#1829))
REPRESENTATION_CONTEXT('','3D')
);
#1824=(
GEOMETRIC_REPRESENTATION_CONTEXT(3)
GLOBAL_UNCERTAINTY_ASSIGNED_CONTEXT((#1821))
GLOBAL_UNIT_ASSIGNED_CONTEXT((#1826,#1828,#1829))
REPRESENTATION_CONTEXT('','3D')
);
#1825=(
GEOMETRIC_REPRESENTATION_CONTEXT(3)
GLOBAL_UNCERTAINTY_ASSIGNED_CONTEXT((#1822))
GLOBAL_UNIT_ASSIGNED_CONTEXT((#1826,#1828,#1829))
REPRESENTATION_CONTEXT('','3D')
);
#1826=(
LENGTH_UNIT()
NAMED_UNIT(*)
SI_UNIT(.MILLI.,.METRE.)
);
#1827=(
LENGTH_UNIT()
NAMED_UNIT(*)
SI_UNIT($,.METRE.)
);
#1828=(
NAMED_UNIT(*)
PLANE_ANGLE_UNIT()
SI_UNIT($,.RADIAN.)
);
#1829=(
NAMED_UNIT(*)
SI_UNIT($,.STERADIAN.)
SOLID_ANGLE_UNIT()
);
#1830=SHAPE_DEFINITION_REPRESENTATION(#1832,#1835);
#1831=SHAPE_DEFINITION_REPRESENTATION(#1833,#1836);
#1832=PRODUCT_DEFINITION_SHAPE('',$,#1838);
#1833=PRODUCT_DEFINITION_SHAPE('',$,#1839);
#1834=PRODUCT_DEFINITION_SHAPE($,$,#14);
#1835=SHAPE_REPRESENTATION('',(#907,#935),#1823);
#1836=SHAPE_REPRESENTATION('',(#908),#1824);
#1837=PRODUCT_DEFINITION_CONTEXT('part definition',#1845,'design');
#1838=PRODUCT_DEFINITION('2 liczba','2 liczba v1',#1840,#1837);
#1839=PRODUCT_DEFINITION('try1','try1 v1',#1841,#1837);
#1840=PRODUCT_DEFINITION_FORMATION('',$,#1847);
#1841=PRODUCT_DEFINITION_FORMATION('',$,#1848);
#1842=PRODUCT_RELATED_PRODUCT_CATEGORY('2 liczba v1','2 liczba v1',(#1847));
#1843=PRODUCT_RELATED_PRODUCT_CATEGORY('try1 v1','try1 v1',(#1848));
#1844=APPLICATION_PROTOCOL_DEFINITION('international standard',
'automotive_design',2009,#1845);
#1845=APPLICATION_CONTEXT(
'Core Data for Automotive Mechanical Design Process');
#1846=PRODUCT_CONTEXT('part definition',#1845,'mechanical');
#1847=PRODUCT('2 liczba','2 liczba v1',$,(#1846));
#1848=PRODUCT('try1','try1 v1',$,(#1846));
#1849=PRESENTATION_STYLE_ASSIGNMENT((#1851));
#1850=PRESENTATION_STYLE_ASSIGNMENT((#1852));
#1851=SURFACE_STYLE_USAGE(.BOTH.,#1853);
#1852=SURFACE_STYLE_USAGE(.BOTH.,#1854);
#1853=SURFACE_SIDE_STYLE('',(#1855));
#1854=SURFACE_SIDE_STYLE('',(#1856));
#1855=SURFACE_STYLE_FILL_AREA(#1857);
#1856=SURFACE_STYLE_FILL_AREA(#1858);
#1857=FILL_AREA_STYLE('Stal \X2\2014\X0\ satynowa',(#1859));
#1858=FILL_AREA_STYLE('Opaque(191,191,191)',(#1860));
#1859=FILL_AREA_STYLE_COLOUR('Stal \X2\2014\X0\ satynowa',#1861);
#1860=FILL_AREA_STYLE_COLOUR('Opaque(191,191,191)',#1862);
#1861=COLOUR_RGB('Stal \X2\2014\X0\ satynowa',0.627450980392157,0.627450980392157,
0.627450980392157);
#1862=COLOUR_RGB('Opaque(191,191,191)',0.749019607843137,0.749019607843137,
0.749019607843137);
ENDSEC;
END-ISO-10303-21;
