ISO-10303-21;
HEADER;
/* Generated by software containing ST-Developer
 * from STEP Tools, Inc. (www.steptools.com) 
 */

FILE_DESCRIPTION(
/* description */ (''),
/* implementation_level */ '2;1');

FILE_NAME(
/* name */ 'Liczba 3.step',
/* time_stamp */ '2026-09-04T13:57:49+02:00',
/* author */ (''),
/* organization */ (''),
/* preprocessor_version */ 'ST-DEVELOPER v20.1',
/* originating_system */ 'Autodesk Translation Framework v15.8.0.0',
/* authorisation */ '');

FILE_SCHEMA (('AUTOMOTIVE_DESIGN { 1 0 10303 214 3 1 1 }'));
ENDSEC;

DATA;
#10=MECHANICAL_DESIGN_GEOMETRIC_PRESENTATION_REPRESENTATION('',(#19,#20,
#21,#22),#2013);
#11=ITEM_DEFINED_TRANSFORMATION($,$,#979,#1003);
#12=(
REPRESENTATION_RELATIONSHIP($,$,#2024,#2023)
REPRESENTATION_RELATIONSHIP_WITH_TRANSFORMATION(#11)
SHAPE_REPRESENTATION_RELATIONSHIP()
);
#13=CONTEXT_DEPENDENT_SHAPE_REPRESENTATION(#12,#2022);
#14=NEXT_ASSEMBLY_USAGE_OCCURRENCE('try1 v1:1','try1 v1:1','try1 v1:1',
#2026,#2027,'try1 v1:1');
#15=SHAPE_REPRESENTATION_RELATIONSHIP('SRR','None',#2024,#17);
#16=SHAPE_REPRESENTATION_RELATIONSHIP('SRR','None',#2023,#18);
#17=ADVANCED_BREP_SHAPE_REPRESENTATION('',(#23,#24,#25),#2012);
#18=ADVANCED_BREP_SHAPE_REPRESENTATION('',(#26),#2011);
#19=STYLED_ITEM('',(#2038),#23);
#20=STYLED_ITEM('',(#2038),#24);
#21=STYLED_ITEM('',(#2038),#25);
#22=STYLED_ITEM('',(#2037),#26);
#23=MANIFOLD_SOLID_BREP('Bry\X2\0142\X0\a1',#962);
#24=MANIFOLD_SOLID_BREP('Bry\X2\0142\X0\a2',#963);
#25=MANIFOLD_SOLID_BREP('Bry\X2\0142\X0\a3',#964);
#26=MANIFOLD_SOLID_BREP('Bry\X2\0142\X0\a1',#965);
#27=PLANE('',#980);
#28=PLANE('',#981);
#29=PLANE('',#982);
#30=PLANE('',#983);
#31=PLANE('',#984);
#32=PLANE('',#985);
#33=PLANE('',#986);
#34=PLANE('',#987);
#35=PLANE('',#988);
#36=PLANE('',#989);
#37=PLANE('',#990);
#38=PLANE('',#991);
#39=PLANE('',#992);
#40=PLANE('',#993);
#41=PLANE('',#994);
#42=PLANE('',#995);
#43=PLANE('',#996);
#44=PLANE('',#997);
#45=PLANE('',#998);
#46=PLANE('',#999);
#47=PLANE('',#1000);
#48=PLANE('',#1001);
#49=PLANE('',#1002);
#50=FACE_OUTER_BOUND('',#105,.T.);
#51=FACE_OUTER_BOUND('',#106,.T.);
#52=FACE_OUTER_BOUND('',#107,.T.);
#53=FACE_OUTER_BOUND('',#108,.T.);
#54=FACE_OUTER_BOUND('',#109,.T.);
#55=FACE_OUTER_BOUND('',#110,.T.);
#56=FACE_OUTER_BOUND('',#111,.T.);
#57=FACE_OUTER_BOUND('',#112,.T.);
#58=FACE_OUTER_BOUND('',#113,.T.);
#59=FACE_OUTER_BOUND('',#114,.T.);
#60=FACE_OUTER_BOUND('',#115,.T.);
#61=FACE_OUTER_BOUND('',#116,.T.);
#62=FACE_OUTER_BOUND('',#117,.T.);
#63=FACE_OUTER_BOUND('',#118,.T.);
#64=FACE_OUTER_BOUND('',#119,.T.);
#65=FACE_OUTER_BOUND('',#120,.T.);
#66=FACE_OUTER_BOUND('',#121,.T.);
#67=FACE_OUTER_BOUND('',#122,.T.);
#68=FACE_OUTER_BOUND('',#123,.T.);
#69=FACE_OUTER_BOUND('',#124,.T.);
#70=FACE_OUTER_BOUND('',#125,.T.);
#71=FACE_OUTER_BOUND('',#126,.T.);
#72=FACE_OUTER_BOUND('',#127,.T.);
#73=FACE_OUTER_BOUND('',#128,.T.);
#74=FACE_OUTER_BOUND('',#129,.T.);
#75=FACE_OUTER_BOUND('',#130,.T.);
#76=FACE_OUTER_BOUND('',#131,.T.);
#77=FACE_OUTER_BOUND('',#132,.T.);
#78=FACE_OUTER_BOUND('',#133,.T.);
#79=FACE_OUTER_BOUND('',#134,.T.);
#80=FACE_OUTER_BOUND('',#135,.T.);
#81=FACE_OUTER_BOUND('',#136,.T.);
#82=FACE_OUTER_BOUND('',#137,.T.);
#83=FACE_OUTER_BOUND('',#138,.T.);
#84=FACE_OUTER_BOUND('',#139,.T.);
#85=FACE_OUTER_BOUND('',#140,.T.);
#86=FACE_OUTER_BOUND('',#141,.T.);
#87=FACE_OUTER_BOUND('',#142,.T.);
#88=FACE_OUTER_BOUND('',#143,.T.);
#89=FACE_OUTER_BOUND('',#144,.T.);
#90=FACE_OUTER_BOUND('',#145,.T.);
#91=FACE_OUTER_BOUND('',#146,.T.);
#92=FACE_OUTER_BOUND('',#147,.T.);
#93=FACE_OUTER_BOUND('',#148,.T.);
#94=FACE_OUTER_BOUND('',#149,.T.);
#95=FACE_OUTER_BOUND('',#150,.T.);
#96=FACE_OUTER_BOUND('',#151,.T.);
#97=FACE_OUTER_BOUND('',#152,.T.);
#98=FACE_OUTER_BOUND('',#153,.T.);
#99=FACE_OUTER_BOUND('',#154,.T.);
#100=FACE_OUTER_BOUND('',#155,.T.);
#101=FACE_OUTER_BOUND('',#156,.T.);
#102=FACE_OUTER_BOUND('',#157,.T.);
#103=FACE_OUTER_BOUND('',#158,.T.);
#104=FACE_OUTER_BOUND('',#159,.T.);
#105=EDGE_LOOP('',(#593,#594,#595));
#106=EDGE_LOOP('',(#596,#597,#598,#599,#600,#601,#602,#603));
#107=EDGE_LOOP('',(#604,#605,#606,#607,#608,#609,#610));
#108=EDGE_LOOP('',(#611,#612,#613,#614,#615));
#109=EDGE_LOOP('',(#616,#617,#618,#619));
#110=EDGE_LOOP('',(#620,#621,#622,#623));
#111=EDGE_LOOP('',(#624,#625,#626,#627,#628));
#112=EDGE_LOOP('',(#629,#630,#631,#632));
#113=EDGE_LOOP('',(#633,#634,#635,#636));
#114=EDGE_LOOP('',(#637,#638,#639,#640));
#115=EDGE_LOOP('',(#641,#642,#643,#644,#645));
#116=EDGE_LOOP('',(#646,#647,#648,#649,#650,#651,#652));
#117=EDGE_LOOP('',(#653,#654,#655));
#118=EDGE_LOOP('',(#656,#657,#658,#659,#660,#661,#662));
#119=EDGE_LOOP('',(#663,#664,#665,#666,#667));
#120=EDGE_LOOP('',(#668,#669,#670,#671,#672));
#121=EDGE_LOOP('',(#673,#674,#675,#676));
#122=EDGE_LOOP('',(#677,#678,#679,#680));
#123=EDGE_LOOP('',(#681,#682,#683,#684));
#124=EDGE_LOOP('',(#685,#686,#687,#688));
#125=EDGE_LOOP('',(#689,#690,#691,#692,#693,#694));
#126=EDGE_LOOP('',(#695,#696,#697));
#127=EDGE_LOOP('',(#698,#699,#700));
#128=EDGE_LOOP('',(#701,#702,#703));
#129=EDGE_LOOP('',(#704,#705,#706));
#130=EDGE_LOOP('',(#707,#708,#709,#710));
#131=EDGE_LOOP('',(#711,#712,#713,#714));
#132=EDGE_LOOP('',(#715,#716,#717,#718));
#133=EDGE_LOOP('',(#719,#720,#721,#722));
#134=EDGE_LOOP('',(#723,#724,#725,#726));
#135=EDGE_LOOP('',(#727,#728,#729,#730));
#136=EDGE_LOOP('',(#731,#732,#733,#734));
#137=EDGE_LOOP('',(#735,#736,#737,#738));
#138=EDGE_LOOP('',(#739,#740,#741,#742));
#139=EDGE_LOOP('',(#743,#744,#745,#746));
#140=EDGE_LOOP('',(#747,#748,#749,#750));
#141=EDGE_LOOP('',(#751,#752,#753,#754));
#142=EDGE_LOOP('',(#755,#756,#757,#758));
#143=EDGE_LOOP('',(#759,#760,#761,#762));
#144=EDGE_LOOP('',(#763,#764,#765,#766));
#145=EDGE_LOOP('',(#767,#768,#769,#770));
#146=EDGE_LOOP('',(#771,#772,#773,#774));
#147=EDGE_LOOP('',(#775,#776,#777,#778));
#148=EDGE_LOOP('',(#779,#780,#781,#782));
#149=EDGE_LOOP('',(#783,#784,#785,#786));
#150=EDGE_LOOP('',(#787,#788,#789,#790));
#151=EDGE_LOOP('',(#791,#792,#793,#794));
#152=EDGE_LOOP('',(#795,#796,#797,#798));
#153=EDGE_LOOP('',(#799,#800,#801,#802));
#154=EDGE_LOOP('',(#803,#804,#805,#806));
#155=EDGE_LOOP('',(#807,#808,#809,#810));
#156=EDGE_LOOP('',(#811,#812,#813,#814));
#157=EDGE_LOOP('',(#815,#816,#817,#818));
#158=EDGE_LOOP('',(#819,#820,#821,#822,#823,#824,#825,#826,#827,#828,#829,
#830,#831,#832,#833,#834,#835,#836,#837,#838,#839,#840,#841,#842,#843,#844,
#845,#846));
#159=EDGE_LOOP('',(#847,#848,#849,#850,#851,#852,#853,#854,#855,#856,#857,
#858,#859,#860,#861,#862,#863,#864,#865,#866,#867,#868,#869,#870,#871,#872,
#873,#874));
#160=LINE('',#1132,#217);
#161=LINE('',#1227,#218);
#162=LINE('',#1228,#219);
#163=LINE('',#1230,#220);
#164=LINE('',#1232,#221);
#165=LINE('',#1234,#222);
#166=LINE('',#1236,#223);
#167=LINE('',#1238,#224);
#168=LINE('',#1263,#225);
#169=LINE('',#1273,#226);
#170=LINE('',#1319,#227);
#171=LINE('',#1320,#228);
#172=LINE('',#1370,#229);
#173=LINE('',#1371,#230);
#174=LINE('',#1373,#231);
#175=LINE('',#1375,#232);
#176=LINE('',#1377,#233);
#177=LINE('',#1379,#234);
#178=LINE('',#1381,#235);
#179=LINE('',#1386,#236);
#180=LINE('',#1392,#237);
#181=LINE('',#1395,#238);
#182=LINE('',#1410,#239);
#183=LINE('',#1415,#240);
#184=LINE('',#1417,#241);
#185=LINE('',#1419,#242);
#186=LINE('',#1420,#243);
#187=LINE('',#1443,#244);
#188=LINE('',#1466,#245);
#189=LINE('',#1489,#246);
#190=LINE('',#1512,#247);
#191=LINE('',#1535,#248);
#192=LINE('',#1558,#249);
#193=LINE('',#1581,#250);
#194=LINE('',#1584,#251);
#195=LINE('',#1586,#252);
#196=LINE('',#1587,#253);
#197=LINE('',#1610,#254);
#198=LINE('',#1633,#255);
#199=LINE('',#1656,#256);
#200=LINE('',#1679,#257);
#201=LINE('',#1702,#258);
#202=LINE('',#1725,#259);
#203=LINE('',#1728,#260);
#204=LINE('',#1730,#261);
#205=LINE('',#1731,#262);
#206=LINE('',#1754,#263);
#207=LINE('',#1777,#264);
#208=LINE('',#1800,#265);
#209=LINE('',#1823,#266);
#210=LINE('',#1846,#267);
#211=LINE('',#1869,#268);
#212=LINE('',#1892,#269);
#213=LINE('',#1915,#270);
#214=LINE('',#1938,#271);
#215=LINE('',#1961,#272);
#216=LINE('',#1984,#273);
#217=VECTOR('',#1008,10.);
#218=VECTOR('',#1011,10.);
#219=VECTOR('',#1012,10.);
#220=VECTOR('',#1015,10.);
#221=VECTOR('',#1018,10.);
#222=VECTOR('',#1021,10.);
#223=VECTOR('',#1024,10.);
#224=VECTOR('',#1027,10.);
#225=VECTOR('',#1030,10.);
#226=VECTOR('',#1031,10.);
#227=VECTOR('',#1034,10.);
#228=VECTOR('',#1035,10.);
#229=VECTOR('',#1038,10.);
#230=VECTOR('',#1039,10.);
#231=VECTOR('',#1042,10.);
#232=VECTOR('',#1045,10.);
#233=VECTOR('',#1048,10.);
#234=VECTOR('',#1051,10.);
#235=VECTOR('',#1054,10.);
#236=VECTOR('',#1059,10.);
#237=VECTOR('',#1060,10.);
#238=VECTOR('',#1063,10.);
#239=VECTOR('',#1064,10.);
#240=VECTOR('',#1069,10.);
#241=VECTOR('',#1070,10.);
#242=VECTOR('',#1071,10.);
#243=VECTOR('',#1072,10.);
#244=VECTOR('',#1073,10.);
#245=VECTOR('',#1074,10.);
#246=VECTOR('',#1075,10.);
#247=VECTOR('',#1076,10.);
#248=VECTOR('',#1077,10.);
#249=VECTOR('',#1078,10.);
#250=VECTOR('',#1079,10.);
#251=VECTOR('',#1082,10.);
#252=VECTOR('',#1083,10.);
#253=VECTOR('',#1084,10.);
#254=VECTOR('',#1085,10.);
#255=VECTOR('',#1086,10.);
#256=VECTOR('',#1087,10.);
#257=VECTOR('',#1088,10.);
#258=VECTOR('',#1089,10.);
#259=VECTOR('',#1090,10.);
#260=VECTOR('',#1093,10.);
#261=VECTOR('',#1094,10.);
#262=VECTOR('',#1095,10.);
#263=VECTOR('',#1096,10.);
#264=VECTOR('',#1097,10.);
#265=VECTOR('',#1098,10.);
#266=VECTOR('',#1099,10.);
#267=VECTOR('',#1100,10.);
#268=VECTOR('',#1101,10.);
#269=VECTOR('',#1102,10.);
#270=VECTOR('',#1103,10.);
#271=VECTOR('',#1104,10.);
#272=VECTOR('',#1105,10.);
#273=VECTOR('',#1106,10.);
#274=B_SPLINE_CURVE_WITH_KNOTS('',3,(#1127,#1128,#1129,#1130),
 .UNSPECIFIED.,.F.,.F.,(4,4),(0.,0.731557855631369),.UNSPECIFIED.);
#275=B_SPLINE_CURVE_WITH_KNOTS('',3,(#1133,#1134,#1135,#1136),
 .UNSPECIFIED.,.F.,.F.,(4,4),(0.170960023833589,0.332602343122519),
 .UNSPECIFIED.);
#276=B_SPLINE_CURVE_WITH_KNOTS('',3,(#1148,#1149,#1150,#1151),
 .UNSPECIFIED.,.F.,.F.,(4,4),(0.0050274520189599,0.0364848610612955),
 .UNSPECIFIED.);
#277=B_SPLINE_CURVE_WITH_KNOTS('',3,(#1153,#1154,#1155,#1156),
 .UNSPECIFIED.,.F.,.F.,(4,4),(0.00564931067886657,0.118705869291254),
 .UNSPECIFIED.);
#278=B_SPLINE_CURVE_WITH_KNOTS('',3,(#1158,#1159,#1160,#1161),
 .UNSPECIFIED.,.F.,.F.,(4,4),(0.00506475563165715,0.196096037899709),
 .UNSPECIFIED.);
#279=B_SPLINE_CURVE_WITH_KNOTS('',3,(#1163,#1164,#1165,#1166),
 .UNSPECIFIED.,.F.,.F.,(4,4),(0.00500000000000001,0.045),.UNSPECIFIED.);
#280=B_SPLINE_CURVE_WITH_KNOTS('',3,(#1168,#1169,#1170,#1171),
 .UNSPECIFIED.,.F.,.F.,(4,4),(0.00540554544413763,0.137835089055944),
 .UNSPECIFIED.);
#281=B_SPLINE_CURVE_WITH_KNOTS('',3,(#1173,#1174,#1175,#1176),
 .UNSPECIFIED.,.F.,.F.,(4,4),(0.00500000000000017,0.405000000000001),
 .UNSPECIFIED.);
#282=B_SPLINE_CURVE_WITH_KNOTS('',3,(#1177,#1178,#1179,#1180),
 .UNSPECIFIED.,.F.,.F.,(4,4),(0.,0.137217709298212),.UNSPECIFIED.);
#283=B_SPLINE_CURVE_WITH_KNOTS('',3,(#1193,#1194,#1195,#1196),
 .UNSPECIFIED.,.F.,.F.,(4,4),(0.00500000000000078,0.0450000000000007),
 .UNSPECIFIED.);
#284=B_SPLINE_CURVE_WITH_KNOTS('',3,(#1198,#1199,#1200,#1201),
 .UNSPECIFIED.,.F.,.F.,(4,4),(0.00512182878360712,0.138358002803135),
 .UNSPECIFIED.);
#285=B_SPLINE_CURVE_WITH_KNOTS('',3,(#1203,#1204,#1205,#1206),
 .UNSPECIFIED.,.F.,.F.,(4,4),(0.00579066595156015,0.113317491484579),
 .UNSPECIFIED.);
#286=B_SPLINE_CURVE_WITH_KNOTS('',3,(#1208,#1209,#1210,#1211),
 .UNSPECIFIED.,.F.,.F.,(4,4),(0.00503190976480286,0.752307152975457),
 .UNSPECIFIED.);
#287=B_SPLINE_CURVE_WITH_KNOTS('',3,(#1213,#1214,#1215,#1216),
 .UNSPECIFIED.,.F.,.F.,(4,4),(0.0544540661064391,0.290012707988978),
 .UNSPECIFIED.);
#288=B_SPLINE_CURVE_WITH_KNOTS('',3,(#1218,#1219,#1220,#1221),
 .UNSPECIFIED.,.F.,.F.,(4,4),(0.005,0.405),.UNSPECIFIED.);
#289=B_SPLINE_CURVE_WITH_KNOTS('',3,(#1222,#1223,#1224,#1225),
 .UNSPECIFIED.,.F.,.F.,(4,4),(0.00507975436796325,0.175531120120244),
 .UNSPECIFIED.);
#290=B_SPLINE_CURVE_WITH_KNOTS('',3,(#1252,#1253,#1254,#1255,#1256,#1257,
#1258,#1259,#1260,#1261),.UNSPECIFIED.,.F.,.F.,(4,2,2,2,4),(0.,0.0777515628131271,
0.133557428319615,0.187370908198213,0.282439645947009),.UNSPECIFIED.);
#291=B_SPLINE_CURVE_WITH_KNOTS('',3,(#1265,#1266,#1267,#1268,#1269,#1270,
#1271),.UNSPECIFIED.,.F.,.F.,(4,3,4),(0.,0.192160968909348,0.426568627077206),
 .UNSPECIFIED.);
#292=B_SPLINE_CURVE_WITH_KNOTS('',3,(#1274,#1275,#1276,#1277),
 .UNSPECIFIED.,.F.,.F.,(4,4),(0.010450802795759,0.0917000276698758),
 .UNSPECIFIED.);
#293=B_SPLINE_CURVE_WITH_KNOTS('',3,(#1289,#1290,#1291,#1292),
 .UNSPECIFIED.,.F.,.F.,(4,4),(0.,0.0722275348903272),.UNSPECIFIED.);
#294=B_SPLINE_CURVE_WITH_KNOTS('',3,(#1294,#1295,#1296,#1297),
 .UNSPECIFIED.,.F.,.F.,(4,4),(0.0591499459287645,0.13499733245762),
 .UNSPECIFIED.);
#295=B_SPLINE_CURVE_WITH_KNOTS('',3,(#1299,#1300,#1301,#1302),
 .UNSPECIFIED.,.F.,.F.,(4,4),(0.00500000000000045,0.405000000000001),
 .UNSPECIFIED.);
#296=B_SPLINE_CURVE_WITH_KNOTS('',3,(#1304,#1305,#1306,#1307),
 .UNSPECIFIED.,.F.,.F.,(4,4),(0.00513433300771065,0.143122959873576),
 .UNSPECIFIED.);
#297=B_SPLINE_CURVE_WITH_KNOTS('',3,(#1309,#1310,#1311,#1312),
 .UNSPECIFIED.,.F.,.F.,(4,4),(0.0050000000000001,0.0449999999999997),
 .UNSPECIFIED.);
#298=B_SPLINE_CURVE_WITH_KNOTS('',3,(#1313,#1314,#1315,#1316),
 .UNSPECIFIED.,.F.,.F.,(4,4),(0.00566754694996134,0.213131925350351),
 .UNSPECIFIED.);
#299=B_SPLINE_CURVE_WITH_KNOTS('',3,(#1333,#1334,#1335,#1336),
 .UNSPECIFIED.,.F.,.F.,(4,4),(0.00520473594684109,0.138488438905555),
 .UNSPECIFIED.);
#300=B_SPLINE_CURVE_WITH_KNOTS('',3,(#1338,#1339,#1340,#1341),
 .UNSPECIFIED.,.F.,.F.,(4,4),(0.005,0.405),.UNSPECIFIED.);
#301=B_SPLINE_CURVE_WITH_KNOTS('',3,(#1343,#1344,#1345,#1346,#1347,#1348,
#1349),.UNSPECIFIED.,.F.,.F.,(4,3,4),(0.077067342965634,0.202540290720791,
0.296707327718041),.UNSPECIFIED.);
#302=B_SPLINE_CURVE_WITH_KNOTS('',3,(#1351,#1352,#1353,#1354),
 .UNSPECIFIED.,.F.,.F.,(4,4),(0.00502431725181159,0.669327687819198),
 .UNSPECIFIED.);
#303=B_SPLINE_CURVE_WITH_KNOTS('',3,(#1356,#1357,#1358,#1359),
 .UNSPECIFIED.,.F.,.F.,(4,4),(0.00540442367043236,0.146717711658426),
 .UNSPECIFIED.);
#304=B_SPLINE_CURVE_WITH_KNOTS('',3,(#1361,#1362,#1363,#1364),
 .UNSPECIFIED.,.F.,.F.,(4,4),(0.00505616713714468,0.170982383103694),
 .UNSPECIFIED.);
#305=B_SPLINE_CURVE_WITH_KNOTS('',3,(#1365,#1366,#1367,#1368),
 .UNSPECIFIED.,.F.,.F.,(4,4),(0.00500000000000001,0.045),.UNSPECIFIED.);
#306=B_SPLINE_CURVE_WITH_KNOTS('',3,(#1388,#1389,#1390,#1391),
 .UNSPECIFIED.,.F.,.F.,(4,4),(0.,0.0353477424196772),.UNSPECIFIED.);
#307=B_SPLINE_CURVE_WITH_KNOTS('',3,(#1396,#1397,#1398,#1399),
 .UNSPECIFIED.,.F.,.F.,(4,4),(0.00576377977661588,0.0740803490770443),
 .UNSPECIFIED.);
#308=B_SPLINE_CURVE_WITH_KNOTS('',3,(#1432,#1433,#1434,#1435,#1436),
 .UNSPECIFIED.,.F.,.F.,(4,1,4),(0.,0.194072840406183,0.360806982978846),
 .UNSPECIFIED.);
#309=B_SPLINE_CURVE_WITH_KNOTS('',3,(#1438,#1439,#1440,#1441,#1442),
 .UNSPECIFIED.,.F.,.F.,(4,1,4),(-0.360806982978846,-0.194072840406183,0.),
 .UNSPECIFIED.);
#310=B_SPLINE_CURVE_WITH_KNOTS('',3,(#1455,#1456,#1457,#1458,#1459),
 .UNSPECIFIED.,.F.,.F.,(4,1,4),(0.,0.154099265529562,0.310136088051871),
 .UNSPECIFIED.);
#311=B_SPLINE_CURVE_WITH_KNOTS('',3,(#1461,#1462,#1463,#1464,#1465),
 .UNSPECIFIED.,.F.,.F.,(4,1,4),(-0.310136088051871,-0.154099265529562,0.),
 .UNSPECIFIED.);
#312=B_SPLINE_CURVE_WITH_KNOTS('',3,(#1478,#1479,#1480,#1481,#1482),
 .UNSPECIFIED.,.F.,.F.,(4,1,4),(0.,0.167156613014386,0.335983431480614),
 .UNSPECIFIED.);
#313=B_SPLINE_CURVE_WITH_KNOTS('',3,(#1484,#1485,#1486,#1487,#1488),
 .UNSPECIFIED.,.F.,.F.,(4,1,4),(-0.335983431480614,-0.167156613014386,0.),
 .UNSPECIFIED.);
#314=B_SPLINE_CURVE_WITH_KNOTS('',3,(#1501,#1502,#1503,#1504,#1505),
 .UNSPECIFIED.,.F.,.F.,(4,1,4),(0.,0.183391418675061,0.391331289138397),
 .UNSPECIFIED.);
#315=B_SPLINE_CURVE_WITH_KNOTS('',3,(#1507,#1508,#1509,#1510,#1511),
 .UNSPECIFIED.,.F.,.F.,(4,1,4),(-0.391331289138397,-0.183391418675061,0.),
 .UNSPECIFIED.);
#316=B_SPLINE_CURVE_WITH_KNOTS('',3,(#1524,#1525,#1526,#1527,#1528),
 .UNSPECIFIED.,.F.,.F.,(4,1,4),(0.,0.196581181047051,0.369698164485402),
 .UNSPECIFIED.);
#317=B_SPLINE_CURVE_WITH_KNOTS('',3,(#1530,#1531,#1532,#1533,#1534),
 .UNSPECIFIED.,.F.,.F.,(4,1,4),(-0.369698164485402,-0.196581181047051,0.),
 .UNSPECIFIED.);
#318=B_SPLINE_CURVE_WITH_KNOTS('',3,(#1547,#1548,#1549,#1550,#1551),
 .UNSPECIFIED.,.F.,.F.,(4,1,4),(0.,0.160648572765828,0.318874035910494),
 .UNSPECIFIED.);
#319=B_SPLINE_CURVE_WITH_KNOTS('',3,(#1553,#1554,#1555,#1556,#1557),
 .UNSPECIFIED.,.F.,.F.,(4,1,4),(-0.318874035910494,-0.160648572765828,0.),
 .UNSPECIFIED.);
#320=B_SPLINE_CURVE_WITH_KNOTS('',3,(#1570,#1571,#1572,#1573,#1574),
 .UNSPECIFIED.,.F.,.F.,(4,1,4),(0.,0.121723420956791,0.268052378375608),
 .UNSPECIFIED.);
#321=B_SPLINE_CURVE_WITH_KNOTS('',3,(#1576,#1577,#1578,#1579,#1580),
 .UNSPECIFIED.,.F.,.F.,(4,1,4),(-0.268052378375608,-0.121723420956791,0.),
 .UNSPECIFIED.);
#322=B_SPLINE_CURVE_WITH_KNOTS('',3,(#1599,#1600,#1601,#1602,#1603),
 .UNSPECIFIED.,.F.,.F.,(4,1,4),(0.,0.206834971622844,0.376392608357228),
 .UNSPECIFIED.);
#323=B_SPLINE_CURVE_WITH_KNOTS('',3,(#1605,#1606,#1607,#1608,#1609),
 .UNSPECIFIED.,.F.,.F.,(4,1,4),(-0.376392608357228,-0.206834971622844,0.),
 .UNSPECIFIED.);
#324=B_SPLINE_CURVE_WITH_KNOTS('',3,(#1622,#1623,#1624,#1625,#1626),
 .UNSPECIFIED.,.F.,.F.,(4,1,4),(0.,0.155945471726534,0.319493072100734),
 .UNSPECIFIED.);
#325=B_SPLINE_CURVE_WITH_KNOTS('',3,(#1628,#1629,#1630,#1631,#1632),
 .UNSPECIFIED.,.F.,.F.,(4,1,4),(-0.319493072100734,-0.155945471726534,0.),
 .UNSPECIFIED.);
#326=B_SPLINE_CURVE_WITH_KNOTS('',3,(#1645,#1646,#1647,#1648,#1649),
 .UNSPECIFIED.,.F.,.F.,(4,1,4),(0.,0.137933751134068,0.263102446267203),
 .UNSPECIFIED.);
#327=B_SPLINE_CURVE_WITH_KNOTS('',3,(#1651,#1652,#1653,#1654,#1655),
 .UNSPECIFIED.,.F.,.F.,(4,1,4),(-0.263102446267203,-0.137933751134068,0.),
 .UNSPECIFIED.);
#328=B_SPLINE_CURVE_WITH_KNOTS('',3,(#1668,#1669,#1670,#1671,#1672),
 .UNSPECIFIED.,.F.,.F.,(4,1,4),(0.,0.124738107104201,0.261157962558242),
 .UNSPECIFIED.);
#329=B_SPLINE_CURVE_WITH_KNOTS('',3,(#1674,#1675,#1676,#1677,#1678),
 .UNSPECIFIED.,.F.,.F.,(4,1,4),(-0.261157962558242,-0.124738107104201,0.),
 .UNSPECIFIED.);
#330=B_SPLINE_CURVE_WITH_KNOTS('',3,(#1691,#1692,#1693,#1694,#1695),
 .UNSPECIFIED.,.F.,.F.,(4,1,4),(0.,0.138970677914656,0.277314703136941),
 .UNSPECIFIED.);
#331=B_SPLINE_CURVE_WITH_KNOTS('',3,(#1697,#1698,#1699,#1700,#1701),
 .UNSPECIFIED.,.F.,.F.,(4,1,4),(-0.277314703136941,-0.138970677914656,0.),
 .UNSPECIFIED.);
#332=B_SPLINE_CURVE_WITH_KNOTS('',3,(#1714,#1715,#1716,#1717,#1718),
 .UNSPECIFIED.,.F.,.F.,(4,1,4),(0.,0.151256004637215,0.329435715606353),
 .UNSPECIFIED.);
#333=B_SPLINE_CURVE_WITH_KNOTS('',3,(#1720,#1721,#1722,#1723,#1724),
 .UNSPECIFIED.,.F.,.F.,(4,1,4),(-0.329435715606353,-0.151256004637215,0.),
 .UNSPECIFIED.);
#334=B_SPLINE_CURVE_WITH_KNOTS('',3,(#1743,#1744,#1745,#1746,#1747),
 .UNSPECIFIED.,.F.,.F.,(4,1,4),(0.,0.254108950231541,0.466665250926257),
 .UNSPECIFIED.);
#335=B_SPLINE_CURVE_WITH_KNOTS('',3,(#1749,#1750,#1751,#1752,#1753),
 .UNSPECIFIED.,.F.,.F.,(4,1,4),(-0.466665250926257,-0.254108950231541,0.),
 .UNSPECIFIED.);
#336=B_SPLINE_CURVE_WITH_KNOTS('',3,(#1766,#1767,#1768,#1769,#1770),
 .UNSPECIFIED.,.F.,.F.,(4,1,4),(0.,0.198053817783824,0.406456932353256),
 .UNSPECIFIED.);
#337=B_SPLINE_CURVE_WITH_KNOTS('',3,(#1772,#1773,#1774,#1775,#1776),
 .UNSPECIFIED.,.F.,.F.,(4,1,4),(-0.406456932353256,-0.198053817783824,0.),
 .UNSPECIFIED.);
#338=B_SPLINE_CURVE_WITH_KNOTS('',3,(#1789,#1790,#1791,#1792,#1793),
 .UNSPECIFIED.,.F.,.F.,(4,1,4),(0.,0.223743146884226,0.460760165827693),
 .UNSPECIFIED.);
#339=B_SPLINE_CURVE_WITH_KNOTS('',3,(#1795,#1796,#1797,#1798,#1799),
 .UNSPECIFIED.,.F.,.F.,(4,1,4),(-0.460760165827693,-0.223743146884226,0.),
 .UNSPECIFIED.);
#340=B_SPLINE_CURVE_WITH_KNOTS('',3,(#1812,#1813,#1814,#1815,#1816),
 .UNSPECIFIED.,.F.,.F.,(4,1,4),(0.,0.387579323016094,0.747715465491091),
 .UNSPECIFIED.);
#341=B_SPLINE_CURVE_WITH_KNOTS('',3,(#1818,#1819,#1820,#1821,#1822),
 .UNSPECIFIED.,.F.,.F.,(4,1,4),(-0.747715465491091,-0.387579323016094,0.),
 .UNSPECIFIED.);
#342=B_SPLINE_CURVE_WITH_KNOTS('',3,(#1835,#1836,#1837,#1838,#1839),
 .UNSPECIFIED.,.F.,.F.,(4,1,4),(0.,0.283500642093102,0.552691974442786),
 .UNSPECIFIED.);
#343=B_SPLINE_CURVE_WITH_KNOTS('',3,(#1841,#1842,#1843,#1844,#1845),
 .UNSPECIFIED.,.F.,.F.,(4,1,4),(-0.552691974442786,-0.283500642093102,0.),
 .UNSPECIFIED.);
#344=B_SPLINE_CURVE_WITH_KNOTS('',3,(#1858,#1859,#1860,#1861,#1862),
 .UNSPECIFIED.,.F.,.F.,(4,1,4),(0.,0.371095058101771,0.796099810483452),
 .UNSPECIFIED.);
#345=B_SPLINE_CURVE_WITH_KNOTS('',3,(#1864,#1865,#1866,#1867,#1868),
 .UNSPECIFIED.,.F.,.F.,(4,1,4),(-0.796099810483452,-0.371095058101771,0.),
 .UNSPECIFIED.);
#346=B_SPLINE_CURVE_WITH_KNOTS('',3,(#1881,#1882,#1883,#1884,#1885),
 .UNSPECIFIED.,.F.,.F.,(4,1,4),(0.,0.248445156216208,0.487685107514027),
 .UNSPECIFIED.);
#347=B_SPLINE_CURVE_WITH_KNOTS('',3,(#1887,#1888,#1889,#1890,#1891),
 .UNSPECIFIED.,.F.,.F.,(4,1,4),(-0.487685107514027,-0.248445156216208,0.),
 .UNSPECIFIED.);
#348=B_SPLINE_CURVE_WITH_KNOTS('',3,(#1904,#1905,#1906,#1907,#1908),
 .UNSPECIFIED.,.F.,.F.,(4,1,4),(0.,0.242244466130925,0.497440621828982),
 .UNSPECIFIED.);
#349=B_SPLINE_CURVE_WITH_KNOTS('',3,(#1910,#1911,#1912,#1913,#1914),
 .UNSPECIFIED.,.F.,.F.,(4,1,4),(-0.497440621828982,-0.242244466130925,0.),
 .UNSPECIFIED.);
#350=B_SPLINE_CURVE_WITH_KNOTS('',3,(#1927,#1928,#1929,#1930,#1931),
 .UNSPECIFIED.,.F.,.F.,(4,1,4),(0.,0.372836082620237,0.748826314149472),
 .UNSPECIFIED.);
#351=B_SPLINE_CURVE_WITH_KNOTS('',3,(#1933,#1934,#1935,#1936,#1937),
 .UNSPECIFIED.,.F.,.F.,(4,1,4),(-0.748826314149472,-0.372836082620237,0.),
 .UNSPECIFIED.);
#352=B_SPLINE_CURVE_WITH_KNOTS('',3,(#1950,#1951,#1952,#1953,#1954),
 .UNSPECIFIED.,.F.,.F.,(4,1,4),(0.,0.385280799844917,0.785810968812987),
 .UNSPECIFIED.);
#353=B_SPLINE_CURVE_WITH_KNOTS('',3,(#1956,#1957,#1958,#1959,#1960),
 .UNSPECIFIED.,.F.,.F.,(4,1,4),(-0.785810968812987,-0.385280799844917,0.),
 .UNSPECIFIED.);
#354=B_SPLINE_CURVE_WITH_KNOTS('',3,(#1973,#1974,#1975,#1976,#1977),
 .UNSPECIFIED.,.F.,.F.,(4,1,4),(0.,0.376980767158205,0.72675249127371),
 .UNSPECIFIED.);
#355=B_SPLINE_CURVE_WITH_KNOTS('',3,(#1979,#1980,#1981,#1982,#1983),
 .UNSPECIFIED.,.F.,.F.,(4,1,4),(-0.72675249127371,-0.376980767158205,0.),
 .UNSPECIFIED.);
#356=B_SPLINE_CURVE_WITH_KNOTS('',3,(#1995,#1996,#1997,#1998,#1999),
 .UNSPECIFIED.,.F.,.F.,(4,1,4),(0.,0.34406380120092,0.700912768673518),
 .UNSPECIFIED.);
#357=B_SPLINE_CURVE_WITH_KNOTS('',3,(#2000,#2001,#2002,#2003,#2004),
 .UNSPECIFIED.,.F.,.F.,(4,1,4),(-0.700912768673518,-0.34406380120092,0.),
 .UNSPECIFIED.);
#358=VERTEX_POINT('',#1125);
#359=VERTEX_POINT('',#1126);
#360=VERTEX_POINT('',#1131);
#361=VERTEX_POINT('',#1147);
#362=VERTEX_POINT('',#1152);
#363=VERTEX_POINT('',#1157);
#364=VERTEX_POINT('',#1162);
#365=VERTEX_POINT('',#1167);
#366=VERTEX_POINT('',#1172);
#367=VERTEX_POINT('',#1191);
#368=VERTEX_POINT('',#1192);
#369=VERTEX_POINT('',#1197);
#370=VERTEX_POINT('',#1202);
#371=VERTEX_POINT('',#1207);
#372=VERTEX_POINT('',#1212);
#373=VERTEX_POINT('',#1217);
#374=VERTEX_POINT('',#1250);
#375=VERTEX_POINT('',#1251);
#376=VERTEX_POINT('',#1262);
#377=VERTEX_POINT('',#1264);
#378=VERTEX_POINT('',#1272);
#379=VERTEX_POINT('',#1288);
#380=VERTEX_POINT('',#1293);
#381=VERTEX_POINT('',#1298);
#382=VERTEX_POINT('',#1303);
#383=VERTEX_POINT('',#1308);
#384=VERTEX_POINT('',#1318);
#385=VERTEX_POINT('',#1331);
#386=VERTEX_POINT('',#1332);
#387=VERTEX_POINT('',#1337);
#388=VERTEX_POINT('',#1342);
#389=VERTEX_POINT('',#1350);
#390=VERTEX_POINT('',#1355);
#391=VERTEX_POINT('',#1360);
#392=VERTEX_POINT('',#1384);
#393=VERTEX_POINT('',#1385);
#394=VERTEX_POINT('',#1387);
#395=VERTEX_POINT('',#1394);
#396=VERTEX_POINT('',#1413);
#397=VERTEX_POINT('',#1414);
#398=VERTEX_POINT('',#1416);
#399=VERTEX_POINT('',#1418);
#400=VERTEX_POINT('',#1431);
#401=VERTEX_POINT('',#1437);
#402=VERTEX_POINT('',#1454);
#403=VERTEX_POINT('',#1460);
#404=VERTEX_POINT('',#1477);
#405=VERTEX_POINT('',#1483);
#406=VERTEX_POINT('',#1500);
#407=VERTEX_POINT('',#1506);
#408=VERTEX_POINT('',#1523);
#409=VERTEX_POINT('',#1529);
#410=VERTEX_POINT('',#1546);
#411=VERTEX_POINT('',#1552);
#412=VERTEX_POINT('',#1569);
#413=VERTEX_POINT('',#1575);
#414=VERTEX_POINT('',#1583);
#415=VERTEX_POINT('',#1585);
#416=VERTEX_POINT('',#1598);
#417=VERTEX_POINT('',#1604);
#418=VERTEX_POINT('',#1621);
#419=VERTEX_POINT('',#1627);
#420=VERTEX_POINT('',#1644);
#421=VERTEX_POINT('',#1650);
#422=VERTEX_POINT('',#1667);
#423=VERTEX_POINT('',#1673);
#424=VERTEX_POINT('',#1690);
#425=VERTEX_POINT('',#1696);
#426=VERTEX_POINT('',#1713);
#427=VERTEX_POINT('',#1719);
#428=VERTEX_POINT('',#1727);
#429=VERTEX_POINT('',#1729);
#430=VERTEX_POINT('',#1742);
#431=VERTEX_POINT('',#1748);
#432=VERTEX_POINT('',#1765);
#433=VERTEX_POINT('',#1771);
#434=VERTEX_POINT('',#1788);
#435=VERTEX_POINT('',#1794);
#436=VERTEX_POINT('',#1811);
#437=VERTEX_POINT('',#1817);
#438=VERTEX_POINT('',#1834);
#439=VERTEX_POINT('',#1840);
#440=VERTEX_POINT('',#1857);
#441=VERTEX_POINT('',#1863);
#442=VERTEX_POINT('',#1880);
#443=VERTEX_POINT('',#1886);
#444=VERTEX_POINT('',#1903);
#445=VERTEX_POINT('',#1909);
#446=VERTEX_POINT('',#1926);
#447=VERTEX_POINT('',#1932);
#448=VERTEX_POINT('',#1949);
#449=VERTEX_POINT('',#1955);
#450=VERTEX_POINT('',#1972);
#451=VERTEX_POINT('',#1978);
#452=EDGE_CURVE('',#358,#359,#274,.T.);
#453=EDGE_CURVE('',#360,#358,#160,.T.);
#454=EDGE_CURVE('',#359,#360,#275,.T.);
#455=EDGE_CURVE('',#361,#358,#276,.T.);
#456=EDGE_CURVE('',#362,#361,#277,.T.);
#457=EDGE_CURVE('',#363,#362,#278,.T.);
#458=EDGE_CURVE('',#364,#363,#279,.T.);
#459=EDGE_CURVE('',#365,#364,#280,.T.);
#460=EDGE_CURVE('',#366,#365,#281,.T.);
#461=EDGE_CURVE('',#360,#366,#282,.T.);
#462=EDGE_CURVE('',#367,#368,#283,.T.);
#463=EDGE_CURVE('',#369,#367,#284,.T.);
#464=EDGE_CURVE('',#370,#369,#285,.T.);
#465=EDGE_CURVE('',#371,#370,#286,.T.);
#466=EDGE_CURVE('',#372,#371,#287,.T.);
#467=EDGE_CURVE('',#373,#372,#288,.T.);
#468=EDGE_CURVE('',#368,#373,#289,.T.);
#469=EDGE_CURVE('',#366,#372,#161,.T.);
#470=EDGE_CURVE('',#371,#359,#162,.T.);
#471=EDGE_CURVE('',#365,#373,#163,.T.);
#472=EDGE_CURVE('',#364,#368,#164,.T.);
#473=EDGE_CURVE('',#361,#370,#165,.T.);
#474=EDGE_CURVE('',#363,#367,#166,.T.);
#475=EDGE_CURVE('',#362,#369,#167,.T.);
#476=EDGE_CURVE('',#374,#375,#290,.T.);
#477=EDGE_CURVE('',#376,#374,#168,.T.);
#478=EDGE_CURVE('',#377,#376,#291,.T.);
#479=EDGE_CURVE('',#377,#378,#169,.T.);
#480=EDGE_CURVE('',#375,#378,#292,.T.);
#481=EDGE_CURVE('',#378,#379,#293,.T.);
#482=EDGE_CURVE('',#380,#377,#294,.T.);
#483=EDGE_CURVE('',#381,#380,#295,.T.);
#484=EDGE_CURVE('',#382,#381,#296,.T.);
#485=EDGE_CURVE('',#383,#382,#297,.T.);
#486=EDGE_CURVE('',#379,#383,#298,.T.);
#487=EDGE_CURVE('',#384,#374,#170,.T.);
#488=EDGE_CURVE('',#376,#384,#171,.T.);
#489=EDGE_CURVE('',#385,#386,#299,.T.);
#490=EDGE_CURVE('',#387,#385,#300,.T.);
#491=EDGE_CURVE('',#388,#387,#301,.T.);
#492=EDGE_CURVE('',#389,#388,#302,.T.);
#493=EDGE_CURVE('',#390,#389,#303,.T.);
#494=EDGE_CURVE('',#391,#390,#304,.T.);
#495=EDGE_CURVE('',#386,#391,#305,.T.);
#496=EDGE_CURVE('',#389,#375,#172,.T.);
#497=EDGE_CURVE('',#384,#388,#173,.T.);
#498=EDGE_CURVE('',#390,#379,#174,.T.);
#499=EDGE_CURVE('',#391,#383,#175,.T.);
#500=EDGE_CURVE('',#386,#382,#176,.T.);
#501=EDGE_CURVE('',#385,#381,#177,.T.);
#502=EDGE_CURVE('',#387,#380,#178,.T.);
#503=EDGE_CURVE('',#392,#393,#179,.T.);
#504=EDGE_CURVE('',#393,#394,#306,.T.);
#505=EDGE_CURVE('',#394,#392,#180,.T.);
#506=EDGE_CURVE('',#395,#392,#181,.T.);
#507=EDGE_CURVE('',#394,#395,#307,.T.);
#508=EDGE_CURVE('',#393,#395,#182,.T.);
#509=EDGE_CURVE('',#396,#397,#183,.T.);
#510=EDGE_CURVE('',#396,#398,#184,.T.);
#511=EDGE_CURVE('',#399,#398,#185,.T.);
#512=EDGE_CURVE('',#397,#399,#186,.T.);
#513=EDGE_CURVE('',#397,#400,#308,.T.);
#514=EDGE_CURVE('',#401,#399,#309,.T.);
#515=EDGE_CURVE('',#400,#401,#187,.T.);
#516=EDGE_CURVE('',#400,#402,#310,.T.);
#517=EDGE_CURVE('',#403,#401,#311,.T.);
#518=EDGE_CURVE('',#402,#403,#188,.T.);
#519=EDGE_CURVE('',#402,#404,#312,.T.);
#520=EDGE_CURVE('',#405,#403,#313,.T.);
#521=EDGE_CURVE('',#404,#405,#189,.T.);
#522=EDGE_CURVE('',#404,#406,#314,.T.);
#523=EDGE_CURVE('',#407,#405,#315,.T.);
#524=EDGE_CURVE('',#406,#407,#190,.T.);
#525=EDGE_CURVE('',#406,#408,#316,.T.);
#526=EDGE_CURVE('',#409,#407,#317,.T.);
#527=EDGE_CURVE('',#408,#409,#191,.T.);
#528=EDGE_CURVE('',#408,#410,#318,.T.);
#529=EDGE_CURVE('',#411,#409,#319,.T.);
#530=EDGE_CURVE('',#410,#411,#192,.T.);
#531=EDGE_CURVE('',#410,#412,#320,.T.);
#532=EDGE_CURVE('',#413,#411,#321,.T.);
#533=EDGE_CURVE('',#412,#413,#193,.T.);
#534=EDGE_CURVE('',#412,#414,#194,.T.);
#535=EDGE_CURVE('',#415,#413,#195,.T.);
#536=EDGE_CURVE('',#414,#415,#196,.T.);
#537=EDGE_CURVE('',#414,#416,#322,.T.);
#538=EDGE_CURVE('',#417,#415,#323,.T.);
#539=EDGE_CURVE('',#416,#417,#197,.T.);
#540=EDGE_CURVE('',#416,#418,#324,.T.);
#541=EDGE_CURVE('',#419,#417,#325,.T.);
#542=EDGE_CURVE('',#418,#419,#198,.T.);
#543=EDGE_CURVE('',#418,#420,#326,.T.);
#544=EDGE_CURVE('',#421,#419,#327,.T.);
#545=EDGE_CURVE('',#420,#421,#199,.T.);
#546=EDGE_CURVE('',#420,#422,#328,.T.);
#547=EDGE_CURVE('',#423,#421,#329,.T.);
#548=EDGE_CURVE('',#422,#423,#200,.T.);
#549=EDGE_CURVE('',#422,#424,#330,.T.);
#550=EDGE_CURVE('',#425,#423,#331,.T.);
#551=EDGE_CURVE('',#424,#425,#201,.T.);
#552=EDGE_CURVE('',#424,#426,#332,.T.);
#553=EDGE_CURVE('',#427,#425,#333,.T.);
#554=EDGE_CURVE('',#426,#427,#202,.T.);
#555=EDGE_CURVE('',#426,#428,#203,.T.);
#556=EDGE_CURVE('',#429,#427,#204,.T.);
#557=EDGE_CURVE('',#428,#429,#205,.T.);
#558=EDGE_CURVE('',#428,#430,#334,.T.);
#559=EDGE_CURVE('',#431,#429,#335,.T.);
#560=EDGE_CURVE('',#430,#431,#206,.T.);
#561=EDGE_CURVE('',#430,#432,#336,.T.);
#562=EDGE_CURVE('',#433,#431,#337,.T.);
#563=EDGE_CURVE('',#432,#433,#207,.T.);
#564=EDGE_CURVE('',#432,#434,#338,.T.);
#565=EDGE_CURVE('',#435,#433,#339,.T.);
#566=EDGE_CURVE('',#434,#435,#208,.T.);
#567=EDGE_CURVE('',#434,#436,#340,.T.);
#568=EDGE_CURVE('',#437,#435,#341,.T.);
#569=EDGE_CURVE('',#436,#437,#209,.T.);
#570=EDGE_CURVE('',#436,#438,#342,.T.);
#571=EDGE_CURVE('',#439,#437,#343,.T.);
#572=EDGE_CURVE('',#438,#439,#210,.T.);
#573=EDGE_CURVE('',#438,#440,#344,.T.);
#574=EDGE_CURVE('',#441,#439,#345,.T.);
#575=EDGE_CURVE('',#440,#441,#211,.T.);
#576=EDGE_CURVE('',#440,#442,#346,.T.);
#577=EDGE_CURVE('',#443,#441,#347,.T.);
#578=EDGE_CURVE('',#442,#443,#212,.T.);
#579=EDGE_CURVE('',#442,#444,#348,.T.);
#580=EDGE_CURVE('',#445,#443,#349,.T.);
#581=EDGE_CURVE('',#444,#445,#213,.T.);
#582=EDGE_CURVE('',#444,#446,#350,.T.);
#583=EDGE_CURVE('',#447,#445,#351,.T.);
#584=EDGE_CURVE('',#446,#447,#214,.T.);
#585=EDGE_CURVE('',#446,#448,#352,.T.);
#586=EDGE_CURVE('',#449,#447,#353,.T.);
#587=EDGE_CURVE('',#448,#449,#215,.T.);
#588=EDGE_CURVE('',#448,#450,#354,.T.);
#589=EDGE_CURVE('',#451,#449,#355,.T.);
#590=EDGE_CURVE('',#450,#451,#216,.T.);
#591=EDGE_CURVE('',#450,#396,#356,.T.);
#592=EDGE_CURVE('',#398,#451,#357,.T.);
#593=ORIENTED_EDGE('',*,*,#452,.F.);
#594=ORIENTED_EDGE('',*,*,#453,.F.);
#595=ORIENTED_EDGE('',*,*,#454,.F.);
#596=ORIENTED_EDGE('',*,*,#455,.F.);
#597=ORIENTED_EDGE('',*,*,#456,.F.);
#598=ORIENTED_EDGE('',*,*,#457,.F.);
#599=ORIENTED_EDGE('',*,*,#458,.F.);
#600=ORIENTED_EDGE('',*,*,#459,.F.);
#601=ORIENTED_EDGE('',*,*,#460,.F.);
#602=ORIENTED_EDGE('',*,*,#461,.F.);
#603=ORIENTED_EDGE('',*,*,#453,.T.);
#604=ORIENTED_EDGE('',*,*,#462,.F.);
#605=ORIENTED_EDGE('',*,*,#463,.F.);
#606=ORIENTED_EDGE('',*,*,#464,.F.);
#607=ORIENTED_EDGE('',*,*,#465,.F.);
#608=ORIENTED_EDGE('',*,*,#466,.F.);
#609=ORIENTED_EDGE('',*,*,#467,.F.);
#610=ORIENTED_EDGE('',*,*,#468,.F.);
#611=ORIENTED_EDGE('',*,*,#454,.T.);
#612=ORIENTED_EDGE('',*,*,#461,.T.);
#613=ORIENTED_EDGE('',*,*,#469,.T.);
#614=ORIENTED_EDGE('',*,*,#466,.T.);
#615=ORIENTED_EDGE('',*,*,#470,.T.);
#616=ORIENTED_EDGE('',*,*,#460,.T.);
#617=ORIENTED_EDGE('',*,*,#471,.T.);
#618=ORIENTED_EDGE('',*,*,#467,.T.);
#619=ORIENTED_EDGE('',*,*,#469,.F.);
#620=ORIENTED_EDGE('',*,*,#459,.T.);
#621=ORIENTED_EDGE('',*,*,#472,.T.);
#622=ORIENTED_EDGE('',*,*,#468,.T.);
#623=ORIENTED_EDGE('',*,*,#471,.F.);
#624=ORIENTED_EDGE('',*,*,#452,.T.);
#625=ORIENTED_EDGE('',*,*,#470,.F.);
#626=ORIENTED_EDGE('',*,*,#465,.T.);
#627=ORIENTED_EDGE('',*,*,#473,.F.);
#628=ORIENTED_EDGE('',*,*,#455,.T.);
#629=ORIENTED_EDGE('',*,*,#458,.T.);
#630=ORIENTED_EDGE('',*,*,#474,.T.);
#631=ORIENTED_EDGE('',*,*,#462,.T.);
#632=ORIENTED_EDGE('',*,*,#472,.F.);
#633=ORIENTED_EDGE('',*,*,#456,.T.);
#634=ORIENTED_EDGE('',*,*,#473,.T.);
#635=ORIENTED_EDGE('',*,*,#464,.T.);
#636=ORIENTED_EDGE('',*,*,#475,.F.);
#637=ORIENTED_EDGE('',*,*,#457,.T.);
#638=ORIENTED_EDGE('',*,*,#475,.T.);
#639=ORIENTED_EDGE('',*,*,#463,.T.);
#640=ORIENTED_EDGE('',*,*,#474,.F.);
#641=ORIENTED_EDGE('',*,*,#476,.F.);
#642=ORIENTED_EDGE('',*,*,#477,.F.);
#643=ORIENTED_EDGE('',*,*,#478,.F.);
#644=ORIENTED_EDGE('',*,*,#479,.T.);
#645=ORIENTED_EDGE('',*,*,#480,.F.);
#646=ORIENTED_EDGE('',*,*,#481,.F.);
#647=ORIENTED_EDGE('',*,*,#479,.F.);
#648=ORIENTED_EDGE('',*,*,#482,.F.);
#649=ORIENTED_EDGE('',*,*,#483,.F.);
#650=ORIENTED_EDGE('',*,*,#484,.F.);
#651=ORIENTED_EDGE('',*,*,#485,.F.);
#652=ORIENTED_EDGE('',*,*,#486,.F.);
#653=ORIENTED_EDGE('',*,*,#487,.F.);
#654=ORIENTED_EDGE('',*,*,#488,.F.);
#655=ORIENTED_EDGE('',*,*,#477,.T.);
#656=ORIENTED_EDGE('',*,*,#489,.F.);
#657=ORIENTED_EDGE('',*,*,#490,.F.);
#658=ORIENTED_EDGE('',*,*,#491,.F.);
#659=ORIENTED_EDGE('',*,*,#492,.F.);
#660=ORIENTED_EDGE('',*,*,#493,.F.);
#661=ORIENTED_EDGE('',*,*,#494,.F.);
#662=ORIENTED_EDGE('',*,*,#495,.F.);
#663=ORIENTED_EDGE('',*,*,#487,.T.);
#664=ORIENTED_EDGE('',*,*,#476,.T.);
#665=ORIENTED_EDGE('',*,*,#496,.F.);
#666=ORIENTED_EDGE('',*,*,#492,.T.);
#667=ORIENTED_EDGE('',*,*,#497,.F.);
#668=ORIENTED_EDGE('',*,*,#480,.T.);
#669=ORIENTED_EDGE('',*,*,#481,.T.);
#670=ORIENTED_EDGE('',*,*,#498,.F.);
#671=ORIENTED_EDGE('',*,*,#493,.T.);
#672=ORIENTED_EDGE('',*,*,#496,.T.);
#673=ORIENTED_EDGE('',*,*,#486,.T.);
#674=ORIENTED_EDGE('',*,*,#499,.F.);
#675=ORIENTED_EDGE('',*,*,#494,.T.);
#676=ORIENTED_EDGE('',*,*,#498,.T.);
#677=ORIENTED_EDGE('',*,*,#485,.T.);
#678=ORIENTED_EDGE('',*,*,#500,.F.);
#679=ORIENTED_EDGE('',*,*,#495,.T.);
#680=ORIENTED_EDGE('',*,*,#499,.T.);
#681=ORIENTED_EDGE('',*,*,#484,.T.);
#682=ORIENTED_EDGE('',*,*,#501,.F.);
#683=ORIENTED_EDGE('',*,*,#489,.T.);
#684=ORIENTED_EDGE('',*,*,#500,.T.);
#685=ORIENTED_EDGE('',*,*,#483,.T.);
#686=ORIENTED_EDGE('',*,*,#502,.F.);
#687=ORIENTED_EDGE('',*,*,#490,.T.);
#688=ORIENTED_EDGE('',*,*,#501,.T.);
#689=ORIENTED_EDGE('',*,*,#488,.T.);
#690=ORIENTED_EDGE('',*,*,#497,.T.);
#691=ORIENTED_EDGE('',*,*,#491,.T.);
#692=ORIENTED_EDGE('',*,*,#502,.T.);
#693=ORIENTED_EDGE('',*,*,#482,.T.);
#694=ORIENTED_EDGE('',*,*,#478,.T.);
#695=ORIENTED_EDGE('',*,*,#503,.T.);
#696=ORIENTED_EDGE('',*,*,#504,.T.);
#697=ORIENTED_EDGE('',*,*,#505,.T.);
#698=ORIENTED_EDGE('',*,*,#506,.T.);
#699=ORIENTED_EDGE('',*,*,#505,.F.);
#700=ORIENTED_EDGE('',*,*,#507,.T.);
#701=ORIENTED_EDGE('',*,*,#507,.F.);
#702=ORIENTED_EDGE('',*,*,#504,.F.);
#703=ORIENTED_EDGE('',*,*,#508,.T.);
#704=ORIENTED_EDGE('',*,*,#506,.F.);
#705=ORIENTED_EDGE('',*,*,#508,.F.);
#706=ORIENTED_EDGE('',*,*,#503,.F.);
#707=ORIENTED_EDGE('',*,*,#509,.F.);
#708=ORIENTED_EDGE('',*,*,#510,.T.);
#709=ORIENTED_EDGE('',*,*,#511,.F.);
#710=ORIENTED_EDGE('',*,*,#512,.F.);
#711=ORIENTED_EDGE('',*,*,#513,.F.);
#712=ORIENTED_EDGE('',*,*,#512,.T.);
#713=ORIENTED_EDGE('',*,*,#514,.F.);
#714=ORIENTED_EDGE('',*,*,#515,.F.);
#715=ORIENTED_EDGE('',*,*,#516,.F.);
#716=ORIENTED_EDGE('',*,*,#515,.T.);
#717=ORIENTED_EDGE('',*,*,#517,.F.);
#718=ORIENTED_EDGE('',*,*,#518,.F.);
#719=ORIENTED_EDGE('',*,*,#519,.F.);
#720=ORIENTED_EDGE('',*,*,#518,.T.);
#721=ORIENTED_EDGE('',*,*,#520,.F.);
#722=ORIENTED_EDGE('',*,*,#521,.F.);
#723=ORIENTED_EDGE('',*,*,#522,.F.);
#724=ORIENTED_EDGE('',*,*,#521,.T.);
#725=ORIENTED_EDGE('',*,*,#523,.F.);
#726=ORIENTED_EDGE('',*,*,#524,.F.);
#727=ORIENTED_EDGE('',*,*,#525,.F.);
#728=ORIENTED_EDGE('',*,*,#524,.T.);
#729=ORIENTED_EDGE('',*,*,#526,.F.);
#730=ORIENTED_EDGE('',*,*,#527,.F.);
#731=ORIENTED_EDGE('',*,*,#528,.F.);
#732=ORIENTED_EDGE('',*,*,#527,.T.);
#733=ORIENTED_EDGE('',*,*,#529,.F.);
#734=ORIENTED_EDGE('',*,*,#530,.F.);
#735=ORIENTED_EDGE('',*,*,#531,.F.);
#736=ORIENTED_EDGE('',*,*,#530,.T.);
#737=ORIENTED_EDGE('',*,*,#532,.F.);
#738=ORIENTED_EDGE('',*,*,#533,.F.);
#739=ORIENTED_EDGE('',*,*,#534,.F.);
#740=ORIENTED_EDGE('',*,*,#533,.T.);
#741=ORIENTED_EDGE('',*,*,#535,.F.);
#742=ORIENTED_EDGE('',*,*,#536,.F.);
#743=ORIENTED_EDGE('',*,*,#537,.F.);
#744=ORIENTED_EDGE('',*,*,#536,.T.);
#745=ORIENTED_EDGE('',*,*,#538,.F.);
#746=ORIENTED_EDGE('',*,*,#539,.F.);
#747=ORIENTED_EDGE('',*,*,#540,.F.);
#748=ORIENTED_EDGE('',*,*,#539,.T.);
#749=ORIENTED_EDGE('',*,*,#541,.F.);
#750=ORIENTED_EDGE('',*,*,#542,.F.);
#751=ORIENTED_EDGE('',*,*,#543,.F.);
#752=ORIENTED_EDGE('',*,*,#542,.T.);
#753=ORIENTED_EDGE('',*,*,#544,.F.);
#754=ORIENTED_EDGE('',*,*,#545,.F.);
#755=ORIENTED_EDGE('',*,*,#546,.F.);
#756=ORIENTED_EDGE('',*,*,#545,.T.);
#757=ORIENTED_EDGE('',*,*,#547,.F.);
#758=ORIENTED_EDGE('',*,*,#548,.F.);
#759=ORIENTED_EDGE('',*,*,#549,.F.);
#760=ORIENTED_EDGE('',*,*,#548,.T.);
#761=ORIENTED_EDGE('',*,*,#550,.F.);
#762=ORIENTED_EDGE('',*,*,#551,.F.);
#763=ORIENTED_EDGE('',*,*,#552,.F.);
#764=ORIENTED_EDGE('',*,*,#551,.T.);
#765=ORIENTED_EDGE('',*,*,#553,.F.);
#766=ORIENTED_EDGE('',*,*,#554,.F.);
#767=ORIENTED_EDGE('',*,*,#555,.F.);
#768=ORIENTED_EDGE('',*,*,#554,.T.);
#769=ORIENTED_EDGE('',*,*,#556,.F.);
#770=ORIENTED_EDGE('',*,*,#557,.F.);
#771=ORIENTED_EDGE('',*,*,#558,.F.);
#772=ORIENTED_EDGE('',*,*,#557,.T.);
#773=ORIENTED_EDGE('',*,*,#559,.F.);
#774=ORIENTED_EDGE('',*,*,#560,.F.);
#775=ORIENTED_EDGE('',*,*,#561,.F.);
#776=ORIENTED_EDGE('',*,*,#560,.T.);
#777=ORIENTED_EDGE('',*,*,#562,.F.);
#778=ORIENTED_EDGE('',*,*,#563,.F.);
#779=ORIENTED_EDGE('',*,*,#564,.F.);
#780=ORIENTED_EDGE('',*,*,#563,.T.);
#781=ORIENTED_EDGE('',*,*,#565,.F.);
#782=ORIENTED_EDGE('',*,*,#566,.F.);
#783=ORIENTED_EDGE('',*,*,#567,.F.);
#784=ORIENTED_EDGE('',*,*,#566,.T.);
#785=ORIENTED_EDGE('',*,*,#568,.F.);
#786=ORIENTED_EDGE('',*,*,#569,.F.);
#787=ORIENTED_EDGE('',*,*,#570,.F.);
#788=ORIENTED_EDGE('',*,*,#569,.T.);
#789=ORIENTED_EDGE('',*,*,#571,.F.);
#790=ORIENTED_EDGE('',*,*,#572,.F.);
#791=ORIENTED_EDGE('',*,*,#573,.F.);
#792=ORIENTED_EDGE('',*,*,#572,.T.);
#793=ORIENTED_EDGE('',*,*,#574,.F.);
#794=ORIENTED_EDGE('',*,*,#575,.F.);
#795=ORIENTED_EDGE('',*,*,#576,.F.);
#796=ORIENTED_EDGE('',*,*,#575,.T.);
#797=ORIENTED_EDGE('',*,*,#577,.F.);
#798=ORIENTED_EDGE('',*,*,#578,.F.);
#799=ORIENTED_EDGE('',*,*,#579,.F.);
#800=ORIENTED_EDGE('',*,*,#578,.T.);
#801=ORIENTED_EDGE('',*,*,#580,.F.);
#802=ORIENTED_EDGE('',*,*,#581,.F.);
#803=ORIENTED_EDGE('',*,*,#582,.F.);
#804=ORIENTED_EDGE('',*,*,#581,.T.);
#805=ORIENTED_EDGE('',*,*,#583,.F.);
#806=ORIENTED_EDGE('',*,*,#584,.F.);
#807=ORIENTED_EDGE('',*,*,#585,.F.);
#808=ORIENTED_EDGE('',*,*,#584,.T.);
#809=ORIENTED_EDGE('',*,*,#586,.F.);
#810=ORIENTED_EDGE('',*,*,#587,.F.);
#811=ORIENTED_EDGE('',*,*,#588,.F.);
#812=ORIENTED_EDGE('',*,*,#587,.T.);
#813=ORIENTED_EDGE('',*,*,#589,.F.);
#814=ORIENTED_EDGE('',*,*,#590,.F.);
#815=ORIENTED_EDGE('',*,*,#591,.F.);
#816=ORIENTED_EDGE('',*,*,#590,.T.);
#817=ORIENTED_EDGE('',*,*,#592,.F.);
#818=ORIENTED_EDGE('',*,*,#510,.F.);
#819=ORIENTED_EDGE('',*,*,#592,.T.);
#820=ORIENTED_EDGE('',*,*,#589,.T.);
#821=ORIENTED_EDGE('',*,*,#586,.T.);
#822=ORIENTED_EDGE('',*,*,#583,.T.);
#823=ORIENTED_EDGE('',*,*,#580,.T.);
#824=ORIENTED_EDGE('',*,*,#577,.T.);
#825=ORIENTED_EDGE('',*,*,#574,.T.);
#826=ORIENTED_EDGE('',*,*,#571,.T.);
#827=ORIENTED_EDGE('',*,*,#568,.T.);
#828=ORIENTED_EDGE('',*,*,#565,.T.);
#829=ORIENTED_EDGE('',*,*,#562,.T.);
#830=ORIENTED_EDGE('',*,*,#559,.T.);
#831=ORIENTED_EDGE('',*,*,#556,.T.);
#832=ORIENTED_EDGE('',*,*,#553,.T.);
#833=ORIENTED_EDGE('',*,*,#550,.T.);
#834=ORIENTED_EDGE('',*,*,#547,.T.);
#835=ORIENTED_EDGE('',*,*,#544,.T.);
#836=ORIENTED_EDGE('',*,*,#541,.T.);
#837=ORIENTED_EDGE('',*,*,#538,.T.);
#838=ORIENTED_EDGE('',*,*,#535,.T.);
#839=ORIENTED_EDGE('',*,*,#532,.T.);
#840=ORIENTED_EDGE('',*,*,#529,.T.);
#841=ORIENTED_EDGE('',*,*,#526,.T.);
#842=ORIENTED_EDGE('',*,*,#523,.T.);
#843=ORIENTED_EDGE('',*,*,#520,.T.);
#844=ORIENTED_EDGE('',*,*,#517,.T.);
#845=ORIENTED_EDGE('',*,*,#514,.T.);
#846=ORIENTED_EDGE('',*,*,#511,.T.);
#847=ORIENTED_EDGE('',*,*,#591,.T.);
#848=ORIENTED_EDGE('',*,*,#509,.T.);
#849=ORIENTED_EDGE('',*,*,#513,.T.);
#850=ORIENTED_EDGE('',*,*,#516,.T.);
#851=ORIENTED_EDGE('',*,*,#519,.T.);
#852=ORIENTED_EDGE('',*,*,#522,.T.);
#853=ORIENTED_EDGE('',*,*,#525,.T.);
#854=ORIENTED_EDGE('',*,*,#528,.T.);
#855=ORIENTED_EDGE('',*,*,#531,.T.);
#856=ORIENTED_EDGE('',*,*,#534,.T.);
#857=ORIENTED_EDGE('',*,*,#537,.T.);
#858=ORIENTED_EDGE('',*,*,#540,.T.);
#859=ORIENTED_EDGE('',*,*,#543,.T.);
#860=ORIENTED_EDGE('',*,*,#546,.T.);
#861=ORIENTED_EDGE('',*,*,#549,.T.);
#862=ORIENTED_EDGE('',*,*,#552,.T.);
#863=ORIENTED_EDGE('',*,*,#555,.T.);
#864=ORIENTED_EDGE('',*,*,#558,.T.);
#865=ORIENTED_EDGE('',*,*,#561,.T.);
#866=ORIENTED_EDGE('',*,*,#564,.T.);
#867=ORIENTED_EDGE('',*,*,#567,.T.);
#868=ORIENTED_EDGE('',*,*,#570,.T.);
#869=ORIENTED_EDGE('',*,*,#573,.T.);
#870=ORIENTED_EDGE('',*,*,#576,.T.);
#871=ORIENTED_EDGE('',*,*,#579,.T.);
#872=ORIENTED_EDGE('',*,*,#582,.T.);
#873=ORIENTED_EDGE('',*,*,#585,.T.);
#874=ORIENTED_EDGE('',*,*,#588,.T.);
#875=B_SPLINE_SURFACE_WITH_KNOTS('',3,1,((#1115,#1116),(#1117,#1118),(#1119,
#1120),(#1121,#1122),(#1123,#1124)),.UNSPECIFIED.,.F.,.F.,.F.,(4,1,4),(2,
2),(-0.318874035910494,-0.160648572765828,0.),(0.,20.),.UNSPECIFIED.);
#876=B_SPLINE_SURFACE_WITH_KNOTS('',3,1,((#1137,#1138),(#1139,#1140),(#1141,
#1142),(#1143,#1144),(#1145,#1146)),.UNSPECIFIED.,.F.,.F.,.F.,(4,1,4),(2,
2),(-0.369698164485402,-0.196581181047051,0.),(0.,20.),.UNSPECIFIED.);
#877=B_SPLINE_SURFACE_WITH_KNOTS('',3,1,((#1181,#1182),(#1183,#1184),(#1185,
#1186),(#1187,#1188),(#1189,#1190)),.UNSPECIFIED.,.F.,.F.,.F.,(4,1,4),(2,
2),(-0.497440621828982,-0.242244466130925,0.),(0.,20.),.UNSPECIFIED.);
#878=B_SPLINE_SURFACE_WITH_KNOTS('',3,1,((#1240,#1241),(#1242,#1243),(#1244,
#1245),(#1246,#1247),(#1248,#1249)),.UNSPECIFIED.,.F.,.F.,.F.,(4,1,4),(2,
2),(-0.376392608357228,-0.206834971622844,0.),(0.,20.),.UNSPECIFIED.);
#879=B_SPLINE_SURFACE_WITH_KNOTS('',3,1,((#1278,#1279),(#1280,#1281),(#1282,
#1283),(#1284,#1285),(#1286,#1287)),.UNSPECIFIED.,.F.,.F.,.F.,(4,1,4),(2,
2),(-0.319493072100734,-0.155945471726534,0.),(0.,20.),.UNSPECIFIED.);
#880=B_SPLINE_SURFACE_WITH_KNOTS('',3,1,((#1321,#1322),(#1323,#1324),(#1325,
#1326),(#1327,#1328),(#1329,#1330)),.UNSPECIFIED.,.F.,.F.,.F.,(4,1,4),(2,
2),(-0.796099810483452,-0.371095058101771,0.),(0.,20.),.UNSPECIFIED.);
#881=B_SPLINE_SURFACE_WITH_KNOTS('',3,1,((#1400,#1401),(#1402,#1403),(#1404,
#1405),(#1406,#1407),(#1408,#1409)),.UNSPECIFIED.,.F.,.F.,.F.,(4,1,4),(2,
2),(-0.268052378375608,-0.121723420956791,0.),(0.,20.),.UNSPECIFIED.);
#882=B_SPLINE_SURFACE_WITH_KNOTS('',3,1,((#1421,#1422),(#1423,#1424),(#1425,
#1426),(#1427,#1428),(#1429,#1430)),.UNSPECIFIED.,.F.,.F.,.F.,(4,1,4),(2,
2),(-0.360806982978846,-0.194072840406183,0.),(0.,0.5),.UNSPECIFIED.);
#883=B_SPLINE_SURFACE_WITH_KNOTS('',3,1,((#1444,#1445),(#1446,#1447),(#1448,
#1449),(#1450,#1451),(#1452,#1453)),.UNSPECIFIED.,.F.,.F.,.F.,(4,1,4),(2,
2),(-0.310136088051871,-0.154099265529562,0.),(0.,0.5),.UNSPECIFIED.);
#884=B_SPLINE_SURFACE_WITH_KNOTS('',3,1,((#1467,#1468),(#1469,#1470),(#1471,
#1472),(#1473,#1474),(#1475,#1476)),.UNSPECIFIED.,.F.,.F.,.F.,(4,1,4),(2,
2),(-0.335983431480614,-0.167156613014386,0.),(0.,0.5),.UNSPECIFIED.);
#885=B_SPLINE_SURFACE_WITH_KNOTS('',3,1,((#1490,#1491),(#1492,#1493),(#1494,
#1495),(#1496,#1497),(#1498,#1499)),.UNSPECIFIED.,.F.,.F.,.F.,(4,1,4),(2,
2),(-0.391331289138397,-0.183391418675061,0.),(0.,0.5),.UNSPECIFIED.);
#886=B_SPLINE_SURFACE_WITH_KNOTS('',3,1,((#1513,#1514),(#1515,#1516),(#1517,
#1518),(#1519,#1520),(#1521,#1522)),.UNSPECIFIED.,.F.,.F.,.F.,(4,1,4),(2,
2),(-0.369698164485402,-0.196581181047051,0.),(0.,0.5),.UNSPECIFIED.);
#887=B_SPLINE_SURFACE_WITH_KNOTS('',3,1,((#1536,#1537),(#1538,#1539),(#1540,
#1541),(#1542,#1543),(#1544,#1545)),.UNSPECIFIED.,.F.,.F.,.F.,(4,1,4),(2,
2),(-0.318874035910494,-0.160648572765828,0.),(0.,0.5),.UNSPECIFIED.);
#888=B_SPLINE_SURFACE_WITH_KNOTS('',3,1,((#1559,#1560),(#1561,#1562),(#1563,
#1564),(#1565,#1566),(#1567,#1568)),.UNSPECIFIED.,.F.,.F.,.F.,(4,1,4),(2,
2),(-0.268052378375608,-0.121723420956791,0.),(0.,0.5),.UNSPECIFIED.);
#889=B_SPLINE_SURFACE_WITH_KNOTS('',3,1,((#1588,#1589),(#1590,#1591),(#1592,
#1593),(#1594,#1595),(#1596,#1597)),.UNSPECIFIED.,.F.,.F.,.F.,(4,1,4),(2,
2),(-0.376392608357228,-0.206834971622844,0.),(0.,0.5),.UNSPECIFIED.);
#890=B_SPLINE_SURFACE_WITH_KNOTS('',3,1,((#1611,#1612),(#1613,#1614),(#1615,
#1616),(#1617,#1618),(#1619,#1620)),.UNSPECIFIED.,.F.,.F.,.F.,(4,1,4),(2,
2),(-0.319493072100734,-0.155945471726534,0.),(0.,0.5),.UNSPECIFIED.);
#891=B_SPLINE_SURFACE_WITH_KNOTS('',3,1,((#1634,#1635),(#1636,#1637),(#1638,
#1639),(#1640,#1641),(#1642,#1643)),.UNSPECIFIED.,.F.,.F.,.F.,(4,1,4),(2,
2),(-0.263102446267203,-0.137933751134068,0.),(0.,0.5),.UNSPECIFIED.);
#892=B_SPLINE_SURFACE_WITH_KNOTS('',3,1,((#1657,#1658),(#1659,#1660),(#1661,
#1662),(#1663,#1664),(#1665,#1666)),.UNSPECIFIED.,.F.,.F.,.F.,(4,1,4),(2,
2),(-0.261157962558242,-0.124738107104201,0.),(0.,0.5),.UNSPECIFIED.);
#893=B_SPLINE_SURFACE_WITH_KNOTS('',3,1,((#1680,#1681),(#1682,#1683),(#1684,
#1685),(#1686,#1687),(#1688,#1689)),.UNSPECIFIED.,.F.,.F.,.F.,(4,1,4),(2,
2),(-0.277314703136941,-0.138970677914656,0.),(0.,0.5),.UNSPECIFIED.);
#894=B_SPLINE_SURFACE_WITH_KNOTS('',3,1,((#1703,#1704),(#1705,#1706),(#1707,
#1708),(#1709,#1710),(#1711,#1712)),.UNSPECIFIED.,.F.,.F.,.F.,(4,1,4),(2,
2),(-0.329435715606353,-0.151256004637215,0.),(0.,0.5),.UNSPECIFIED.);
#895=B_SPLINE_SURFACE_WITH_KNOTS('',3,1,((#1732,#1733),(#1734,#1735),(#1736,
#1737),(#1738,#1739),(#1740,#1741)),.UNSPECIFIED.,.F.,.F.,.F.,(4,1,4),(2,
2),(-0.466665250926257,-0.254108950231541,0.),(0.,0.5),.UNSPECIFIED.);
#896=B_SPLINE_SURFACE_WITH_KNOTS('',3,1,((#1755,#1756),(#1757,#1758),(#1759,
#1760),(#1761,#1762),(#1763,#1764)),.UNSPECIFIED.,.F.,.F.,.F.,(4,1,4),(2,
2),(-0.406456932353256,-0.198053817783824,0.),(0.,0.5),.UNSPECIFIED.);
#897=B_SPLINE_SURFACE_WITH_KNOTS('',3,1,((#1778,#1779),(#1780,#1781),(#1782,
#1783),(#1784,#1785),(#1786,#1787)),.UNSPECIFIED.,.F.,.F.,.F.,(4,1,4),(2,
2),(-0.460760165827693,-0.223743146884226,0.),(0.,0.5),.UNSPECIFIED.);
#898=B_SPLINE_SURFACE_WITH_KNOTS('',3,1,((#1801,#1802),(#1803,#1804),(#1805,
#1806),(#1807,#1808),(#1809,#1810)),.UNSPECIFIED.,.F.,.F.,.F.,(4,1,4),(2,
2),(-0.747715465491091,-0.387579323016094,0.),(0.,0.5),.UNSPECIFIED.);
#899=B_SPLINE_SURFACE_WITH_KNOTS('',3,1,((#1824,#1825),(#1826,#1827),(#1828,
#1829),(#1830,#1831),(#1832,#1833)),.UNSPECIFIED.,.F.,.F.,.F.,(4,1,4),(2,
2),(-0.552691974442786,-0.283500642093102,0.),(0.,0.5),.UNSPECIFIED.);
#900=B_SPLINE_SURFACE_WITH_KNOTS('',3,1,((#1847,#1848),(#1849,#1850),(#1851,
#1852),(#1853,#1854),(#1855,#1856)),.UNSPECIFIED.,.F.,.F.,.F.,(4,1,4),(2,
2),(-0.796099810483452,-0.371095058101771,0.),(0.,0.5),.UNSPECIFIED.);
#901=B_SPLINE_SURFACE_WITH_KNOTS('',3,1,((#1870,#1871),(#1872,#1873),(#1874,
#1875),(#1876,#1877),(#1878,#1879)),.UNSPECIFIED.,.F.,.F.,.F.,(4,1,4),(2,
2),(-0.487685107514027,-0.248445156216208,0.),(0.,0.5),.UNSPECIFIED.);
#902=B_SPLINE_SURFACE_WITH_KNOTS('',3,1,((#1893,#1894),(#1895,#1896),(#1897,
#1898),(#1899,#1900),(#1901,#1902)),.UNSPECIFIED.,.F.,.F.,.F.,(4,1,4),(2,
2),(-0.497440621828982,-0.242244466130925,0.),(0.,0.5),.UNSPECIFIED.);
#903=B_SPLINE_SURFACE_WITH_KNOTS('',3,1,((#1916,#1917),(#1918,#1919),(#1920,
#1921),(#1922,#1923),(#1924,#1925)),.UNSPECIFIED.,.F.,.F.,.F.,(4,1,4),(2,
2),(-0.748826314149472,-0.372836082620237,0.),(0.,0.5),.UNSPECIFIED.);
#904=B_SPLINE_SURFACE_WITH_KNOTS('',3,1,((#1939,#1940),(#1941,#1942),(#1943,
#1944),(#1945,#1946),(#1947,#1948)),.UNSPECIFIED.,.F.,.F.,.F.,(4,1,4),(2,
2),(-0.785810968812987,-0.385280799844917,0.),(0.,0.5),.UNSPECIFIED.);
#905=B_SPLINE_SURFACE_WITH_KNOTS('',3,1,((#1962,#1963),(#1964,#1965),(#1966,
#1967),(#1968,#1969),(#1970,#1971)),.UNSPECIFIED.,.F.,.F.,.F.,(4,1,4),(2,
2),(-0.72675249127371,-0.376980767158205,0.),(0.,0.5),.UNSPECIFIED.);
#906=B_SPLINE_SURFACE_WITH_KNOTS('',3,1,((#1985,#1986),(#1987,#1988),(#1989,
#1990),(#1991,#1992),(#1993,#1994)),.UNSPECIFIED.,.F.,.F.,.F.,(4,1,4),(2,
2),(-0.700912768673518,-0.34406380120092,0.),(0.,0.5),.UNSPECIFIED.);
#907=ADVANCED_FACE('',(#50),#875,.F.);
#908=ADVANCED_FACE('',(#51),#876,.F.);
#909=ADVANCED_FACE('',(#52),#877,.F.);
#910=ADVANCED_FACE('',(#53),#27,.F.);
#911=ADVANCED_FACE('',(#54),#28,.T.);
#912=ADVANCED_FACE('',(#55),#29,.T.);
#913=ADVANCED_FACE('',(#56),#30,.T.);
#914=ADVANCED_FACE('',(#57),#31,.T.);
#915=ADVANCED_FACE('',(#58),#32,.T.);
#916=ADVANCED_FACE('',(#59),#33,.T.);
#917=ADVANCED_FACE('',(#60),#878,.F.);
#918=ADVANCED_FACE('',(#61),#879,.F.);
#919=ADVANCED_FACE('',(#62),#34,.F.);
#920=ADVANCED_FACE('',(#63),#880,.F.);
#921=ADVANCED_FACE('',(#64),#35,.T.);
#922=ADVANCED_FACE('',(#65),#36,.T.);
#923=ADVANCED_FACE('',(#66),#37,.T.);
#924=ADVANCED_FACE('',(#67),#38,.T.);
#925=ADVANCED_FACE('',(#68),#39,.T.);
#926=ADVANCED_FACE('',(#69),#40,.T.);
#927=ADVANCED_FACE('',(#70),#41,.F.);
#928=ADVANCED_FACE('',(#71),#42,.F.);
#929=ADVANCED_FACE('',(#72),#43,.T.);
#930=ADVANCED_FACE('',(#73),#881,.F.);
#931=ADVANCED_FACE('',(#74),#44,.F.);
#932=ADVANCED_FACE('',(#75),#45,.T.);
#933=ADVANCED_FACE('',(#76),#882,.T.);
#934=ADVANCED_FACE('',(#77),#883,.T.);
#935=ADVANCED_FACE('',(#78),#884,.T.);
#936=ADVANCED_FACE('',(#79),#885,.T.);
#937=ADVANCED_FACE('',(#80),#886,.T.);
#938=ADVANCED_FACE('',(#81),#887,.T.);
#939=ADVANCED_FACE('',(#82),#888,.T.);
#940=ADVANCED_FACE('',(#83),#46,.T.);
#941=ADVANCED_FACE('',(#84),#889,.T.);
#942=ADVANCED_FACE('',(#85),#890,.T.);
#943=ADVANCED_FACE('',(#86),#891,.T.);
#944=ADVANCED_FACE('',(#87),#892,.T.);
#945=ADVANCED_FACE('',(#88),#893,.T.);
#946=ADVANCED_FACE('',(#89),#894,.T.);
#947=ADVANCED_FACE('',(#90),#47,.T.);
#948=ADVANCED_FACE('',(#91),#895,.T.);
#949=ADVANCED_FACE('',(#92),#896,.T.);
#950=ADVANCED_FACE('',(#93),#897,.T.);
#951=ADVANCED_FACE('',(#94),#898,.T.);
#952=ADVANCED_FACE('',(#95),#899,.T.);
#953=ADVANCED_FACE('',(#96),#900,.T.);
#954=ADVANCED_FACE('',(#97),#901,.T.);
#955=ADVANCED_FACE('',(#98),#902,.T.);
#956=ADVANCED_FACE('',(#99),#903,.T.);
#957=ADVANCED_FACE('',(#100),#904,.T.);
#958=ADVANCED_FACE('',(#101),#905,.T.);
#959=ADVANCED_FACE('',(#102),#906,.T.);
#960=ADVANCED_FACE('',(#103),#48,.T.);
#961=ADVANCED_FACE('',(#104),#49,.F.);
#962=CLOSED_SHELL('',(#907,#908,#909,#910,#911,#912,#913,#914,#915,#916));
#963=CLOSED_SHELL('',(#917,#918,#919,#920,#921,#922,#923,#924,#925,#926,
#927));
#964=CLOSED_SHELL('',(#928,#929,#930,#931));
#965=CLOSED_SHELL('',(#932,#933,#934,#935,#936,#937,#938,#939,#940,#941,
#942,#943,#944,#945,#946,#947,#948,#949,#950,#951,#952,#953,#954,#955,#956,
#957,#958,#959,#960,#961));
#966=DERIVED_UNIT_ELEMENT(#968,1.);
#967=DERIVED_UNIT_ELEMENT(#2015,-3.);
#968=(
MASS_UNIT()
NAMED_UNIT(*)
SI_UNIT(.KILO.,.GRAM.)
);
#969=DERIVED_UNIT((#966,#967));
#970=MEASURE_REPRESENTATION_ITEM('density measure',
POSITIVE_RATIO_MEASURE(1000.),#969);
#971=PROPERTY_DEFINITION_REPRESENTATION(#976,#973);
#972=PROPERTY_DEFINITION_REPRESENTATION(#977,#974);
#973=REPRESENTATION('material name',(#975),#2012);
#974=REPRESENTATION('density',(#970),#2012);
#975=DESCRIPTIVE_REPRESENTATION_ITEM('Og\X\F3lny','Og\X\F3lny');
#976=PROPERTY_DEFINITION('material property','material name',#2027);
#977=PROPERTY_DEFINITION('material property','density of part',#2027);
#978=AXIS2_PLACEMENT_3D('',#1113,#1004,#1005);
#979=AXIS2_PLACEMENT_3D('',#1114,#1006,#1007);
#980=AXIS2_PLACEMENT_3D('',#1226,#1009,#1010);
#981=AXIS2_PLACEMENT_3D('',#1229,#1013,#1014);
#982=AXIS2_PLACEMENT_3D('',#1231,#1016,#1017);
#983=AXIS2_PLACEMENT_3D('',#1233,#1019,#1020);
#984=AXIS2_PLACEMENT_3D('',#1235,#1022,#1023);
#985=AXIS2_PLACEMENT_3D('',#1237,#1025,#1026);
#986=AXIS2_PLACEMENT_3D('',#1239,#1028,#1029);
#987=AXIS2_PLACEMENT_3D('',#1317,#1032,#1033);
#988=AXIS2_PLACEMENT_3D('',#1369,#1036,#1037);
#989=AXIS2_PLACEMENT_3D('',#1372,#1040,#1041);
#990=AXIS2_PLACEMENT_3D('',#1374,#1043,#1044);
#991=AXIS2_PLACEMENT_3D('',#1376,#1046,#1047);
#992=AXIS2_PLACEMENT_3D('',#1378,#1049,#1050);
#993=AXIS2_PLACEMENT_3D('',#1380,#1052,#1053);
#994=AXIS2_PLACEMENT_3D('',#1382,#1055,#1056);
#995=AXIS2_PLACEMENT_3D('',#1383,#1057,#1058);
#996=AXIS2_PLACEMENT_3D('',#1393,#1061,#1062);
#997=AXIS2_PLACEMENT_3D('',#1411,#1065,#1066);
#998=AXIS2_PLACEMENT_3D('',#1412,#1067,#1068);
#999=AXIS2_PLACEMENT_3D('',#1582,#1080,#1081);
#1000=AXIS2_PLACEMENT_3D('',#1726,#1091,#1092);
#1001=AXIS2_PLACEMENT_3D('',#2005,#1107,#1108);
#1002=AXIS2_PLACEMENT_3D('',#2006,#1109,#1110);
#1003=AXIS2_PLACEMENT_3D('',#2007,#1111,#1112);
#1004=DIRECTION('axis',(0.,0.,1.));
#1005=DIRECTION('refdir',(1.,0.,0.));
#1006=DIRECTION('axis',(0.,0.,1.));
#1007=DIRECTION('refdir',(1.,0.,0.));
#1008=DIRECTION('',(0.,-1.,1.99840144432528E-16));
#1009=DIRECTION('center_axis',(-2.43805688736363E-31,-1.,1.85037170770859E-16));
#1010=DIRECTION('ref_axis',(-1.,6.38744786902889E-32,-9.72405756618986E-16));
#1011=DIRECTION('',(-1.,0.,0.));
#1012=DIRECTION('',(1.,0.,0.));
#1013=DIRECTION('center_axis',(0.,0.,-1.));
#1014=DIRECTION('ref_axis',(0.,-1.,0.));
#1015=DIRECTION('',(-1.,0.,0.));
#1016=DIRECTION('center_axis',(0.,0.766044443118978,-0.642787609686539));
#1017=DIRECTION('ref_axis',(1.,0.,0.));
#1018=DIRECTION('',(-1.,0.,0.));
#1019=DIRECTION('center_axis',(0.,-0.148340452930245,0.988936352868298));
#1020=DIRECTION('ref_axis',(0.,0.988936352868298,0.148340452930245));
#1021=DIRECTION('',(-1.,0.,0.));
#1022=DIRECTION('center_axis',(0.,0.,-1.));
#1023=DIRECTION('ref_axis',(0.,-1.,0.));
#1024=DIRECTION('',(-1.,0.,0.));
#1025=DIRECTION('center_axis',(0.,-1.,0.));
#1026=DIRECTION('ref_axis',(-1.,0.,0.));
#1027=DIRECTION('',(-1.,0.,0.));
#1028=DIRECTION('center_axis',(0.,-0.642787609686539,-0.766044443118978));
#1029=DIRECTION('ref_axis',(-1.,0.,0.));
#1030=DIRECTION('',(0.,-1.,1.99840144432528E-16));
#1031=DIRECTION('',(0.,-1.,1.99840144432528E-16));
#1032=DIRECTION('center_axis',(-0.990961373963329,-2.68080584243004E-17,
-0.134147513255784));
#1033=DIRECTION('ref_axis',(0.134147513255784,-2.02550871318729E-16,-0.990961373963329));
#1034=DIRECTION('',(-0.0200769600163095,-0.988737020408937,0.148310553061341));
#1035=DIRECTION('',(0.134147513255784,-1.83364688981378E-16,-0.990961373963329));
#1036=DIRECTION('center_axis',(0.,-0.148340452930245,-0.988936352868298));
#1037=DIRECTION('ref_axis',(0.,0.988936352868298,-0.148340452930245));
#1038=DIRECTION('',(1.,0.,0.));
#1039=DIRECTION('',(-1.,0.,0.));
#1040=DIRECTION('center_axis',(0.,-1.,0.));
#1041=DIRECTION('ref_axis',(1.,0.,0.));
#1042=DIRECTION('',(1.,0.,0.));
#1043=DIRECTION('center_axis',(0.,-0.642787609686539,0.766044443118978));
#1044=DIRECTION('ref_axis',(1.,0.,0.));
#1045=DIRECTION('',(1.,0.,0.));
#1046=DIRECTION('center_axis',(0.,0.,1.));
#1047=DIRECTION('ref_axis',(0.,-1.,0.));
#1048=DIRECTION('',(1.,0.,0.));
#1049=DIRECTION('center_axis',(0.,0.766044443118978,0.642787609686539));
#1050=DIRECTION('ref_axis',(-1.,0.,0.));
#1051=DIRECTION('',(1.,0.,0.));
#1052=DIRECTION('center_axis',(0.,0.,1.));
#1053=DIRECTION('ref_axis',(0.,-1.,0.));
#1054=DIRECTION('',(1.,0.,0.));
#1055=DIRECTION('center_axis',(-2.43805688736363E-31,-1.,1.85037170770859E-16));
#1056=DIRECTION('ref_axis',(-1.,6.38744786902889E-32,-9.72405756618986E-16));
#1057=DIRECTION('center_axis',(-2.43805688736363E-31,-1.,1.85037170770859E-16));
#1058=DIRECTION('ref_axis',(-1.,6.38744786902889E-32,-9.72405756618986E-16));
#1059=DIRECTION('',(0.134147513255784,-1.83364688981378E-16,-0.990961373963329));
#1060=DIRECTION('',(1.,0.,0.));
#1061=DIRECTION('center_axis',(0.,-0.148340452930245,0.988936352868298));
#1062=DIRECTION('ref_axis',(0.,0.988936352868298,0.148340452930245));
#1063=DIRECTION('',(-0.0200769600163095,0.988737020408937,0.148310553061341));
#1064=DIRECTION('',(0.,-1.,1.99840144432528E-16));
#1065=DIRECTION('center_axis',(-0.990961373963329,-2.68080584243004E-17,
-0.134147513255784));
#1066=DIRECTION('ref_axis',(0.134147513255784,-2.02550871318729E-16,-0.990961373963329));
#1067=DIRECTION('center_axis',(0.,-0.12044023674768,0.992720579706174));
#1068=DIRECTION('ref_axis',(0.,-0.992720579706174,-0.12044023674768));
#1069=DIRECTION('',(0.,0.992720579706174,0.12044023674768));
#1070=DIRECTION('',(1.,0.,0.));
#1071=DIRECTION('',(0.,-0.992720579706174,-0.12044023674768));
#1072=DIRECTION('',(1.,0.,0.));
#1073=DIRECTION('',(1.,0.,0.));
#1074=DIRECTION('',(1.,0.,0.));
#1075=DIRECTION('',(1.,0.,0.));
#1076=DIRECTION('',(1.,0.,0.));
#1077=DIRECTION('',(1.,0.,0.));
#1078=DIRECTION('',(1.,0.,0.));
#1079=DIRECTION('',(1.,0.,0.));
#1080=DIRECTION('center_axis',(0.,-0.990961373963329,0.134147513255785));
#1081=DIRECTION('ref_axis',(0.,-0.134147513255785,-0.990961373963329));
#1082=DIRECTION('',(0.,0.134147513255785,0.990961373963329));
#1083=DIRECTION('',(0.,-0.134147513255785,-0.990961373963329));
#1084=DIRECTION('',(1.,0.,0.));
#1085=DIRECTION('',(1.,0.,0.));
#1086=DIRECTION('',(1.,0.,0.));
#1087=DIRECTION('',(1.,0.,0.));
#1088=DIRECTION('',(1.,0.,0.));
#1089=DIRECTION('',(1.,0.,0.));
#1090=DIRECTION('',(1.,0.,0.));
#1091=DIRECTION('center_axis',(0.,-0.16748448018731,-0.985874712575785));
#1092=DIRECTION('ref_axis',(0.,0.985874712575785,-0.16748448018731));
#1093=DIRECTION('',(0.,-0.985874712575785,0.16748448018731));
#1094=DIRECTION('',(0.,0.985874712575785,-0.16748448018731));
#1095=DIRECTION('',(1.,0.,0.));
#1096=DIRECTION('',(1.,0.,0.));
#1097=DIRECTION('',(1.,0.,0.));
#1098=DIRECTION('',(1.,0.,0.));
#1099=DIRECTION('',(1.,0.,0.));
#1100=DIRECTION('',(1.,0.,0.));
#1101=DIRECTION('',(1.,0.,0.));
#1102=DIRECTION('',(1.,0.,0.));
#1103=DIRECTION('',(1.,0.,0.));
#1104=DIRECTION('',(1.,0.,0.));
#1105=DIRECTION('',(1.,0.,0.));
#1106=DIRECTION('',(1.,0.,0.));
#1107=DIRECTION('center_axis',(1.,0.,0.));
#1108=DIRECTION('ref_axis',(0.,1.,0.));
#1109=DIRECTION('center_axis',(1.,0.,0.));
#1110=DIRECTION('ref_axis',(0.,1.,0.));
#1111=DIRECTION('',(-4.93038065763128E-32,9.13126139851689E-16,0.999999999999996));
#1112=DIRECTION('',(-1.33922842397701E-46,-1.,-5.92796167672916E-17));
#1113=CARTESIAN_POINT('',(0.,0.,0.));
#1114=CARTESIAN_POINT('',(0.,0.,0.));
#1115=CARTESIAN_POINT('Ctrl Pts',(-6.53613476014411,5.00000000000001,-21.7598362254638));
#1116=CARTESIAN_POINT('Ctrl Pts',(-6.53613476014411,-195.,-21.7598362254637));
#1117=CARTESIAN_POINT('Ctrl Pts',(-7.07561560241873,5.00000000000001,-21.8142898702476));
#1118=CARTESIAN_POINT('Ctrl Pts',(-7.07561560241873,-195.,-21.8142898702476));
#1119=CARTESIAN_POINT('Ctrl Pts',(-8.1628390496032,5.00000000000001,-21.9240310783766));
#1120=CARTESIAN_POINT('Ctrl Pts',(-8.1628390496032,-195.,-21.9240310783765));
#1121=CARTESIAN_POINT('Ctrl Pts',(-8.97263453376629,5.,-22.6585465089375));
#1122=CARTESIAN_POINT('Ctrl Pts',(-8.97263453376629,-195.,-22.6585465089375));
#1123=CARTESIAN_POINT('Ctrl Pts',(-9.38060907578742,5.,-23.0285949992675));
#1124=CARTESIAN_POINT('Ctrl Pts',(-9.38060907578742,-195.,-23.0285949992674));
#1125=CARTESIAN_POINT('',(-9.38060907578742,-6.19063332844987,-23.0285949992675));
#1126=CARTESIAN_POINT('',(-8.13665756662806,0.,-22.1));
#1127=CARTESIAN_POINT('Ctrl Pts',(-9.38060907578742,-6.19063332844987,-23.0285949992675));
#1128=CARTESIAN_POINT('Ctrl Pts',(-8.98703197596312,-3.81070359236225,-22.6716055388543));
#1129=CARTESIAN_POINT('Ctrl Pts',(-8.59345487613889,-1.43077385627499,-22.3146160784413));
#1130=CARTESIAN_POINT('Ctrl Pts',(-8.13665756662806,0.,-22.1));
#1131=CARTESIAN_POINT('',(-9.38060907578742,-2.22044604925031E-15,-23.0285949992675));
#1132=CARTESIAN_POINT('',(-9.38060907578742,5.,-23.0285949992675));
#1133=CARTESIAN_POINT('Ctrl Pts',(-8.13665756662806,0.,-22.1));
#1134=CARTESIAN_POINT('Ctrl Pts',(-8.59345487613889,0.,-22.3146160784413));
#1135=CARTESIAN_POINT('Ctrl Pts',(-8.98703197596316,0.,-22.6716055388544));
#1136=CARTESIAN_POINT('Ctrl Pts',(-9.38060907578742,0.,-23.0285949992675));
#1137=CARTESIAN_POINT('Ctrl Pts',(-9.38060907578742,5.,-23.0285949992675));
#1138=CARTESIAN_POINT('Ctrl Pts',(-9.38060907578742,-195.,-23.0285949992674));
#1139=CARTESIAN_POINT('Ctrl Pts',(-9.72045227638612,5.,-23.509523134307));
#1140=CARTESIAN_POINT('Ctrl Pts',(-9.72045227638612,-195.,-23.5095231343069));
#1141=CARTESIAN_POINT('Ctrl Pts',(-10.4462008712311,5.,-24.536564186214));
#1142=CARTESIAN_POINT('Ctrl Pts',(-10.4462008712311,-195.,-24.5365641862139));
#1143=CARTESIAN_POINT('Ctrl Pts',(-10.5120394852681,5.,-25.7965446179826));
#1144=CARTESIAN_POINT('Ctrl Pts',(-10.5120394852681,-195.,-25.7965446179825));
#1145=CARTESIAN_POINT('Ctrl Pts',(-10.5470481321839,5.,-26.4665193843383));
#1146=CARTESIAN_POINT('Ctrl Pts',(-10.5470481321839,-195.,-26.4665193843382));
#1147=CARTESIAN_POINT('',(-9.41339470447089,-6.5,-23.075));
#1148=CARTESIAN_POINT('Ctrl Pts',(-9.41339470447089,-6.5,-23.075));
#1149=CARTESIAN_POINT('Ctrl Pts',(-9.4024693709468,-6.39687022365902,-23.0595305335489));
#1150=CARTESIAN_POINT('Ctrl Pts',(-9.391539223359,-6.29375177597795,-23.0440627663967));
#1151=CARTESIAN_POINT('Ctrl Pts',(-9.38060907578742,-6.19063332844987,-23.0285949992675));
#1152=CARTESIAN_POINT('',(-10.0371299579107,-6.5,-24.0419789655696));
#1153=CARTESIAN_POINT('Ctrl Pts',(-10.0371299579107,-6.5,-24.0419789655696));
#1154=CARTESIAN_POINT('Ctrl Pts',(-9.85878831269895,-6.5,-23.7092147925826));
#1155=CARTESIAN_POINT('Ctrl Pts',(-9.63710068611738,-6.5,-23.3917511701468));
#1156=CARTESIAN_POINT('Ctrl Pts',(-9.41339470447089,-6.5,-23.075));
#1157=CARTESIAN_POINT('',(-10.4130319772029,-5.23909963117728,-25.1));
#1158=CARTESIAN_POINT('Ctrl Pts',(-10.4130319772029,-5.2390996311773,-25.1));
#1159=CARTESIAN_POINT('Ctrl Pts',(-10.3349973088906,-5.71794094948594,-24.6982044264148));
#1160=CARTESIAN_POINT('Ctrl Pts',(-10.2190527263897,-6.09546386633694,-24.3814250861242));
#1161=CARTESIAN_POINT('Ctrl Pts',(-10.0371299579107,-6.5,-24.0419789655696));
#1162=CARTESIAN_POINT('',(-10.4130319772029,-4.83909963117728,-25.1));
#1163=CARTESIAN_POINT('Ctrl Pts',(-10.4130319772029,-4.83909963117728,-25.1));
#1164=CARTESIAN_POINT('Ctrl Pts',(-10.4130319772029,-4.97243296451061,-25.1));
#1165=CARTESIAN_POINT('Ctrl Pts',(-10.4130319772029,-5.10576629784395,-25.1));
#1166=CARTESIAN_POINT('Ctrl Pts',(-10.4130319772029,-5.23909963117728,-25.1));
#1167=CARTESIAN_POINT('',(-10.0676966435865,-4.,-24.1));
#1168=CARTESIAN_POINT('Ctrl Pts',(-10.0676966435865,-4.,-24.1));
#1169=CARTESIAN_POINT('Ctrl Pts',(-10.2293330390885,-4.26204099118517,-24.4122882926519));
#1170=CARTESIAN_POINT('Ctrl Pts',(-10.3380011929626,-4.51493130744629,-24.7136712355884));
#1171=CARTESIAN_POINT('Ctrl Pts',(-10.4130319772029,-4.83909963117728,-25.1));
#1172=CARTESIAN_POINT('',(-10.0676966435865,0.,-24.1));
#1173=CARTESIAN_POINT('Ctrl Pts',(-10.0676966435865,0.,-24.1));
#1174=CARTESIAN_POINT('Ctrl Pts',(-10.0676966435865,-1.33333333333333,-24.1));
#1175=CARTESIAN_POINT('Ctrl Pts',(-10.0676966435865,-2.66666666666667,-24.1));
#1176=CARTESIAN_POINT('Ctrl Pts',(-10.0676966435865,-4.,-24.1));
#1177=CARTESIAN_POINT('Ctrl Pts',(-9.38060907578741,-1.11022302462516E-15,
-23.0285949992675));
#1178=CARTESIAN_POINT('Ctrl Pts',(-9.64456850045283,-1.17934207329188E-15,
-23.4021364254511));
#1179=CARTESIAN_POINT('Ctrl Pts',(-9.88176969557099,-1.40536745288278E-15,
-23.7407813415202));
#1180=CARTESIAN_POINT('Ctrl Pts',(-10.0676966435865,-1.47183625713599E-15,
-24.1));
#1181=CARTESIAN_POINT('Ctrl Pts',(-16.440636198285,5.,-26.7120857524413));
#1182=CARTESIAN_POINT('Ctrl Pts',(-16.440636198285,-195.,-26.7120857524413));
#1183=CARTESIAN_POINT('Ctrl Pts',(-16.3828535806815,5.,-25.8469493521497));
#1184=CARTESIAN_POINT('Ctrl Pts',(-16.3828535806815,-195.,-25.8469493521496));
#1185=CARTESIAN_POINT('Ctrl Pts',(-16.2702209230578,5.,-24.1605838669378));
#1186=CARTESIAN_POINT('Ctrl Pts',(-16.2702209230578,-195.,-24.1605838669377));
#1187=CARTESIAN_POINT('Ctrl Pts',(-15.3389136814751,5.,-22.7525027104884));
#1188=CARTESIAN_POINT('Ctrl Pts',(-15.3389136814751,-195.,-22.7525027104884));
#1189=CARTESIAN_POINT('Ctrl Pts',(-14.8853841230897,5.00000000000001,-22.0667929934997));
#1190=CARTESIAN_POINT('Ctrl Pts',(-14.8853841230897,-195.,-22.0667929934996));
#1191=CARTESIAN_POINT('',(-16.2783561191387,-5.23909963117728,-25.1));
#1192=CARTESIAN_POINT('',(-16.2783561191387,-4.83909963117728,-25.1));
#1193=CARTESIAN_POINT('Ctrl Pts',(-16.2783561191387,-5.23909963117728,-25.1));
#1194=CARTESIAN_POINT('Ctrl Pts',(-16.2783561191387,-5.10576629784395,-25.1));
#1195=CARTESIAN_POINT('Ctrl Pts',(-16.2783561191387,-4.97243296451061,-25.1));
#1196=CARTESIAN_POINT('Ctrl Pts',(-16.2783561191387,-4.83909963117728,-25.1));
#1197=CARTESIAN_POINT('',(-15.9980058545456,-6.5,-24.0419789655696));
#1198=CARTESIAN_POINT('Ctrl Pts',(-15.9980058545456,-6.5,-24.0419789655696));
#1199=CARTESIAN_POINT('Ctrl Pts',(-16.1052418193349,-6.1657051036247,-24.3224856898226));
#1200=CARTESIAN_POINT('Ctrl Pts',(-16.201738767628,-5.7738374313729,-24.6513017090794));
#1201=CARTESIAN_POINT('Ctrl Pts',(-16.2783561191387,-5.2390996311773,-25.1));
#1202=CARTESIAN_POINT('',(-15.5248472118319,-6.5,-23.075));
#1203=CARTESIAN_POINT('Ctrl Pts',(-15.5248472118319,-6.5,-23.075));
#1204=CARTESIAN_POINT('Ctrl Pts',(-15.7050659895555,-6.5,-23.3850919545369));
#1205=CARTESIAN_POINT('Ctrl Pts',(-15.8697685029244,-6.5,-23.7065370315053));
#1206=CARTESIAN_POINT('Ctrl Pts',(-15.9980058545456,-6.5,-24.0419789655696));
#1207=CARTESIAN_POINT('',(-14.9073462927171,0.,-22.1));
#1208=CARTESIAN_POINT('Ctrl Pts',(-14.9073462927171,2.77555756156289E-15,
-22.1));
#1209=CARTESIAN_POINT('Ctrl Pts',(-15.1497729799151,-2.44389877102573,-22.4665848156539));
#1210=CARTESIAN_POINT('Ctrl Pts',(-15.3347736265358,-4.31967634690868,-22.7479514520363));
#1211=CARTESIAN_POINT('Ctrl Pts',(-15.5248472118319,-6.50000000000001,-23.075));
#1212=CARTESIAN_POINT('',(-16.0197687040971,0.,-24.1));
#1213=CARTESIAN_POINT('Ctrl Pts',(-16.0197687040968,6.93371574270565E-20,
-24.0999999999991));
#1214=CARTESIAN_POINT('Ctrl Pts',(-15.7605832919745,1.7049616203933E-18,
-23.3953906999736));
#1215=CARTESIAN_POINT('Ctrl Pts',(-15.3353607545873,4.19240452721505E-17,
-22.7472208337102));
#1216=CARTESIAN_POINT('Ctrl Pts',(-14.9073462927171,1.03088864344986E-15,
-22.1));
#1217=CARTESIAN_POINT('',(-16.0197687040971,-4.,-24.1));
#1218=CARTESIAN_POINT('Ctrl Pts',(-16.0197687040971,-4.,-24.1));
#1219=CARTESIAN_POINT('Ctrl Pts',(-16.0197687040971,-2.66666666666667,-24.1));
#1220=CARTESIAN_POINT('Ctrl Pts',(-16.0197687040971,-1.33333333333333,-24.1));
#1221=CARTESIAN_POINT('Ctrl Pts',(-16.0197687040971,0.,-24.1));
#1222=CARTESIAN_POINT('Ctrl Pts',(-16.2783561191387,-4.83909963117728,-25.1));
#1223=CARTESIAN_POINT('Ctrl Pts',(-16.2057758319864,-4.48243545346872,-24.6749441848662));
#1224=CARTESIAN_POINT('Ctrl Pts',(-16.1160672442187,-4.21967015189112,-24.361792692702));
#1225=CARTESIAN_POINT('Ctrl Pts',(-16.0197687040971,-4.,-24.1));
#1226=CARTESIAN_POINT('Origin',(4.70085662971293,2.77555756156289E-15,1.41553435639707E-14));
#1227=CARTESIAN_POINT('',(1.175,0.,-24.1));
#1228=CARTESIAN_POINT('',(1.175,0.,-22.1));
#1229=CARTESIAN_POINT('Origin',(12.35,-4.,-24.1));
#1230=CARTESIAN_POINT('',(12.35,-4.,-24.1));
#1231=CARTESIAN_POINT('Origin',(12.35,-4.83909963117728,-25.1));
#1232=CARTESIAN_POINT('',(12.35,-4.83909963117728,-25.1));
#1233=CARTESIAN_POINT('Origin',(12.35,10.5,-20.525));
#1234=CARTESIAN_POINT('',(12.35,-6.5,-23.075));
#1235=CARTESIAN_POINT('Origin',(12.35,-5.23909963117728,-25.1));
#1236=CARTESIAN_POINT('',(12.35,-5.23909963117728,-25.1));
#1237=CARTESIAN_POINT('Origin',(12.35,-6.5,-23.075));
#1238=CARTESIAN_POINT('',(12.35,-6.5,-24.0419789655696));
#1239=CARTESIAN_POINT('Origin',(12.35,-6.5,-24.0419789655696));
#1240=CARTESIAN_POINT('Ctrl Pts',(-8.09138683533942,5.00000000000001,-16.5006263541717));
#1241=CARTESIAN_POINT('Ctrl Pts',(-8.09138683533942,-195.,-16.5006263541716));
#1242=CARTESIAN_POINT('Ctrl Pts',(-7.60367733091451,5.00000000000001,-16.8067690656591));
#1243=CARTESIAN_POINT('Ctrl Pts',(-7.60367733091451,-195.,-16.8067690656591));
#1244=CARTESIAN_POINT('Ctrl Pts',(-6.52103513309553,5.00000000000001,-17.4863601234588));
#1245=CARTESIAN_POINT('Ctrl Pts',(-6.52103513309553,-195.,-17.4863601234587));
#1246=CARTESIAN_POINT('Ctrl Pts',(-5.23653460637321,5.00000000000001,-17.4973281512039));
#1247=CARTESIAN_POINT('Ctrl Pts',(-5.23653460637321,-195.,-17.4973281512038));
#1248=CARTESIAN_POINT('Ctrl Pts',(-4.53067688203132,5.00000000000001,-17.5033552932281));
#1249=CARTESIAN_POINT('Ctrl Pts',(-4.53067688203132,-195.,-17.503355293228));
#1250=CARTESIAN_POINT('',(-4.53067688203131,-2.64429804514629,-17.5033552932281));
#1251=CARTESIAN_POINT('',(-7.38720519304015,-6.5,-16.925));
#1252=CARTESIAN_POINT('Ctrl Pts',(-4.53067688203132,-2.6442980451463,-17.5033552932281));
#1253=CARTESIAN_POINT('Ctrl Pts',(-4.78942045658427,-2.65902702161367,-17.5011459467579));
#1254=CARTESIAN_POINT('Ctrl Pts',(-5.0481640311369,-2.67375599808102,-17.4989366002878));
#1255=CARTESIAN_POINT('Ctrl Pts',(-5.4874623724047,-2.81294306435171,-17.4780585403472));
#1256=CARTESIAN_POINT('Ctrl Pts',(-5.66983259468933,-2.90521377987188,-17.4642179330192));
#1257=CARTESIAN_POINT('Ctrl Pts',(-6.0244171530334,-3.20439010654453,-17.4193414840183));
#1258=CARTESIAN_POINT('Ctrl Pts',(-6.19748895970011,-3.40777803670974,-17.3888332944935));
#1259=CARTESIAN_POINT('Ctrl Pts',(-6.66928718211439,-4.19753288122141,-17.2703700678168));
#1260=CARTESIAN_POINT('Ctrl Pts',(-6.97478295395636,-4.97827674176126,-17.1532584887358));
#1261=CARTESIAN_POINT('Ctrl Pts',(-7.38720519304016,-6.5,-16.925));
#1262=CARTESIAN_POINT('',(-4.53067688203131,0.,-17.5033552932281));
#1263=CARTESIAN_POINT('',(-4.53067688203131,5.00000000000001,-17.5033552932281));
#1264=CARTESIAN_POINT('',(-8.09138683533942,-1.11022302462516E-15,-16.5006263541717));
#1265=CARTESIAN_POINT('Ctrl Pts',(-8.09138683533942,-1.11022302462516E-15,
-16.5006263541717));
#1266=CARTESIAN_POINT('Ctrl Pts',(-7.60367733091451,-2.19269047363468E-15,
-16.8067690656591));
#1267=CARTESIAN_POINT('Ctrl Pts',(-7.1159678264896,-2.19269047363468E-15,
-17.1129117771466));
#1268=CARTESIAN_POINT('Ctrl Pts',(-6.58729461884772,-2.19269047363468E-15,
-17.2833688544768));
#1269=CARTESIAN_POINT('Ctrl Pts',(-5.9423923307151,-2.22044604925031E-15,
-17.4913010091797));
#1270=CARTESIAN_POINT('Ctrl Pts',(-5.23653460637321,-2.22044604925031E-15,
-17.4973281512039));
#1271=CARTESIAN_POINT('Ctrl Pts',(-4.53067688203132,-2.22044604925031E-15,
-17.5033552932281));
#1272=CARTESIAN_POINT('',(-8.09138683533942,-6.5,-16.5006263541717));
#1273=CARTESIAN_POINT('',(-8.09138683533942,5.00000000000001,-16.5006263541717));
#1274=CARTESIAN_POINT('Ctrl Pts',(-7.38720519304015,-6.5,-16.925));
#1275=CARTESIAN_POINT('Ctrl Pts',(-7.62491915784852,-6.5,-16.7934352461713));
#1276=CARTESIAN_POINT('Ctrl Pts',(-7.85815299659413,-6.5,-16.6470308001714));
#1277=CARTESIAN_POINT('Ctrl Pts',(-8.09138683533942,-6.5,-16.5006263541717));
#1278=CARTESIAN_POINT('Ctrl Pts',(-9.31921748376166,5.00000000000001,-13.6356873797912));
#1279=CARTESIAN_POINT('Ctrl Pts',(-9.31921748376166,-195.,-13.6356873797911));
#1280=CARTESIAN_POINT('Ctrl Pts',(-9.27310559207279,5.00000000000001,-14.1956039656953));
#1281=CARTESIAN_POINT('Ctrl Pts',(-9.27310559207279,-195.,-14.1956039656952));
#1282=CARTESIAN_POINT('Ctrl Pts',(-9.18302521240138,5.00000000000001,-15.2894107212903));
#1283=CARTESIAN_POINT('Ctrl Pts',(-9.18302521240138,-195.,-15.2894107212903));
#1284=CARTESIAN_POINT('Ctrl Pts',(-8.44944796411396,5.00000000000001,-16.1033434756912));
#1285=CARTESIAN_POINT('Ctrl Pts',(-8.44944796411396,-195.,-16.1033434756912));
#1286=CARTESIAN_POINT('Ctrl Pts',(-8.09138683533942,5.00000000000001,-16.5006263541717));
#1287=CARTESIAN_POINT('Ctrl Pts',(-8.09138683533942,-195.,-16.5006263541716));
#1288=CARTESIAN_POINT('',(-8.56095614000111,-6.5,-15.9580210344304));
#1289=CARTESIAN_POINT('Ctrl Pts',(-8.09138683533942,-6.5,-16.5006263541717));
#1290=CARTESIAN_POINT('Ctrl Pts',(-8.25257168679195,-6.5,-16.3217854339867));
#1291=CARTESIAN_POINT('Ctrl Pts',(-8.41375653824423,-6.5,-16.1429445138021));
#1292=CARTESIAN_POINT('Ctrl Pts',(-8.56095614000111,-6.5,-15.9580210344304));
#1293=CARTESIAN_POINT('',(-8.60650629576993,0.,-15.9));
#1294=CARTESIAN_POINT('Ctrl Pts',(-8.60650629576993,0.,-15.9));
#1295=CARTESIAN_POINT('Ctrl Pts',(-8.44735262273089,-2.88834365748356E-16,
-16.1056683392108));
#1296=CARTESIAN_POINT('Ctrl Pts',(-8.26936972903516,-1.07368206779434E-15,
-16.3031473466912));
#1297=CARTESIAN_POINT('Ctrl Pts',(-8.09138683533942,-1.11022302462516E-15,
-16.5006263541717));
#1298=CARTESIAN_POINT('',(-8.60650629576993,-4.,-15.9));
#1299=CARTESIAN_POINT('Ctrl Pts',(-8.60650629576993,-4.,-15.9));
#1300=CARTESIAN_POINT('Ctrl Pts',(-8.60650629576993,-2.66666666666667,-15.9));
#1301=CARTESIAN_POINT('Ctrl Pts',(-8.60650629576993,-1.33333333333333,-15.9));
#1302=CARTESIAN_POINT('Ctrl Pts',(-8.60650629576993,0.,-15.9));
#1303=CARTESIAN_POINT('',(-9.13447358472661,-4.83909963117728,-14.9));
#1304=CARTESIAN_POINT('Ctrl Pts',(-9.13447358472661,-4.83909963117728,-14.9));
#1305=CARTESIAN_POINT('Ctrl Pts',(-9.03737657196989,-4.55270310769318,-15.2413140857687));
#1306=CARTESIAN_POINT('Ctrl Pts',(-8.88886256847106,-4.30616937356772,-15.5351215491083));
#1307=CARTESIAN_POINT('Ctrl Pts',(-8.60650629576992,-4.,-15.9));
#1308=CARTESIAN_POINT('',(-9.13447358472661,-5.23909963117728,-14.9));
#1309=CARTESIAN_POINT('Ctrl Pts',(-9.13447358472661,-5.23909963117728,-14.9));
#1310=CARTESIAN_POINT('Ctrl Pts',(-9.13447358472661,-5.10576629784395,-14.9));
#1311=CARTESIAN_POINT('Ctrl Pts',(-9.13447358472661,-4.97243296451061,-14.9));
#1312=CARTESIAN_POINT('Ctrl Pts',(-9.13447358472661,-4.83909963117728,-14.9));
#1313=CARTESIAN_POINT('Ctrl Pts',(-8.5609561400011,-6.5,-15.9580210344304));
#1314=CARTESIAN_POINT('Ctrl Pts',(-8.87125685632509,-6.03542624780453,-15.5681973703085));
#1315=CARTESIAN_POINT('Ctrl Pts',(-9.03127746908876,-5.67141249960982,-15.2627535684549));
#1316=CARTESIAN_POINT('Ctrl Pts',(-9.13447358472662,-5.2390996311773,-14.9));
#1317=CARTESIAN_POINT('Origin',(-4.53067688203131,5.00000000000001,-17.5033552932281));
#1318=CARTESIAN_POINT('',(-4.4769826589692,0.,-17.9));
#1319=CARTESIAN_POINT('',(-4.32701275807572,7.38561977709692,-19.0078429665645));
#1320=CARTESIAN_POINT('',(-5.61101789945989,5.55111512312578E-16,-9.52276591816708));
#1321=CARTESIAN_POINT('Ctrl Pts',(-10.7721510336426,5.00000000000001,-19.5906682300109));
#1322=CARTESIAN_POINT('Ctrl Pts',(-10.7721510336426,-195.,-19.5906682300109));
#1323=CARTESIAN_POINT('Ctrl Pts',(-12.0297609694575,5.00000000000001,-18.790109806404));
#1324=CARTESIAN_POINT('Ctrl Pts',(-12.0297609694575,-195.,-18.790109806404));
#1325=CARTESIAN_POINT('Ctrl Pts',(-14.3854594080131,5.00000000000001,-17.2905397292628));
#1326=CARTESIAN_POINT('Ctrl Pts',(-14.3854594080131,-195.,-17.2905397292627));
#1327=CARTESIAN_POINT('Ctrl Pts',(-14.8660161696116,5.00000000000001,-14.5604220811562));
#1328=CARTESIAN_POINT('Ctrl Pts',(-14.8660161696116,-195.,-14.5604220811562));
#1329=CARTESIAN_POINT('Ctrl Pts',(-15.0900235579041,5.00000000000001,-13.2878012942809));
#1330=CARTESIAN_POINT('Ctrl Pts',(-15.0900235579041,-195.,-13.2878012942809));
#1331=CARTESIAN_POINT('',(-14.4681086621936,-4.,-15.9));
#1332=CARTESIAN_POINT('',(-14.7706686626329,-4.83909963117728,-14.9));
#1333=CARTESIAN_POINT('Ctrl Pts',(-14.4681086621936,-4.,-15.9));
#1334=CARTESIAN_POINT('Ctrl Pts',(-14.5914921829648,-4.27471470875363,-15.5726077589044));
#1335=CARTESIAN_POINT('Ctrl Pts',(-14.6891618827521,-4.55878384817076,-15.2340673414589));
#1336=CARTESIAN_POINT('Ctrl Pts',(-14.7706686626329,-4.83909963117728,-14.9));
#1337=CARTESIAN_POINT('',(-14.4681086621936,0.,-15.9));
#1338=CARTESIAN_POINT('Ctrl Pts',(-14.4681086621936,0.,-15.9));
#1339=CARTESIAN_POINT('Ctrl Pts',(-14.4681086621936,-1.33333333333333,-15.9));
#1340=CARTESIAN_POINT('Ctrl Pts',(-14.4681086621936,-2.66666666666667,-15.9));
#1341=CARTESIAN_POINT('Ctrl Pts',(-14.4681086621936,-4.,-15.9));
#1342=CARTESIAN_POINT('',(-13.1136579402914,0.,-17.9));
#1343=CARTESIAN_POINT('Ctrl Pts',(-13.1136579402897,0.,-17.9000000000015));
#1344=CARTESIAN_POINT('Ctrl Pts',(-13.4600037234723,0.,-17.5771861757866));
#1345=CARTESIAN_POINT('Ctrl Pts',(-13.7658697018416,0.,-17.2278077852253));
#1346=CARTESIAN_POINT('Ctrl Pts',(-14.0105560228852,0.,-16.8382807063598));
#1347=CARTESIAN_POINT('Ctrl Pts',(-14.1941923067111,-7.95424653656612E-16,
-16.5459419074137));
#1348=CARTESIAN_POINT('Ctrl Pts',(-14.3433694335363,-4.80626282688067E-16,
-16.2309895468015));
#1349=CARTESIAN_POINT('Ctrl Pts',(-14.4681086621977,-1.92451570456815E-16,
-15.8999999999891));
#1350=CARTESIAN_POINT('',(-13.9546449620197,-6.5,-16.925));
#1351=CARTESIAN_POINT('Ctrl Pts',(-13.9546449620197,-6.5,-16.925));
#1352=CARTESIAN_POINT('Ctrl Pts',(-13.7384565241274,-4.32097552546728,-17.2518536711799));
#1353=CARTESIAN_POINT('Ctrl Pts',(-13.4630897822437,-2.17126803482603,-17.5743097947761));
#1354=CARTESIAN_POINT('Ctrl Pts',(-13.1136579402914,5.55111512312578E-16,
-17.9));
#1355=CARTESIAN_POINT('',(-14.4459258847151,-6.5,-15.9580210344304));
#1356=CARTESIAN_POINT('Ctrl Pts',(-14.4459258847151,-6.5,-15.9580210344304));
#1357=CARTESIAN_POINT('Ctrl Pts',(-14.2787425289219,-6.5,-16.3890686043711));
#1358=CARTESIAN_POINT('Ctrl Pts',(-14.1057291198604,-6.5,-16.6965769995434));
#1359=CARTESIAN_POINT('Ctrl Pts',(-13.9546449620197,-6.5,-16.925));
#1360=CARTESIAN_POINT('',(-14.7706686626329,-5.23909963117728,-14.9));
#1361=CARTESIAN_POINT('Ctrl Pts',(-14.7706686626329,-5.2390996311773,-14.9));
#1362=CARTESIAN_POINT('Ctrl Pts',(-14.684833548111,-5.65836765938251,-15.2518076478314));
#1363=CARTESIAN_POINT('Ctrl Pts',(-14.5804181660319,-6.0867470210899,-15.611260612244));
#1364=CARTESIAN_POINT('Ctrl Pts',(-14.4459258847151,-6.5,-15.9580210344304));
#1365=CARTESIAN_POINT('Ctrl Pts',(-14.7706686626329,-4.83909963117728,-14.9));
#1366=CARTESIAN_POINT('Ctrl Pts',(-14.7706686626329,-4.97243296451061,-14.9));
#1367=CARTESIAN_POINT('Ctrl Pts',(-14.7706686626329,-5.10576629784395,-14.9));
#1368=CARTESIAN_POINT('Ctrl Pts',(-14.7706686626329,-5.23909963117728,-14.9));
#1369=CARTESIAN_POINT('Origin',(-32.35,10.5,-19.475));
#1370=CARTESIAN_POINT('',(-32.35,-6.5,-16.925));
#1371=CARTESIAN_POINT('',(-21.175,0.,-17.9));
#1372=CARTESIAN_POINT('Origin',(-32.35,-6.5,-16.925));
#1373=CARTESIAN_POINT('',(-32.35,-6.5,-15.9580210344304));
#1374=CARTESIAN_POINT('Origin',(-32.35,-6.5,-15.9580210344304));
#1375=CARTESIAN_POINT('',(-32.35,-5.23909963117728,-14.9));
#1376=CARTESIAN_POINT('Origin',(-32.35,-5.23909963117728,-14.9));
#1377=CARTESIAN_POINT('',(-32.35,-4.83909963117728,-14.9));
#1378=CARTESIAN_POINT('Origin',(-32.35,-4.83909963117728,-14.9));
#1379=CARTESIAN_POINT('',(-32.35,-4.,-15.9));
#1380=CARTESIAN_POINT('Origin',(-32.35,-4.,-15.9));
#1381=CARTESIAN_POINT('',(-21.175,0.,-15.9));
#1382=CARTESIAN_POINT('Origin',(4.70085662971293,2.77555756156289E-15,1.41553435639707E-14));
#1383=CARTESIAN_POINT('Origin',(4.70085662971293,2.77555756156289E-15,1.41553435639707E-14));
#1384=CARTESIAN_POINT('',(-3.90842411523817,0.,-22.1));
#1385=CARTESIAN_POINT('',(-3.89629809117591,-2.22044604925031E-15,-22.1895761775512));
#1386=CARTESIAN_POINT('',(-5.61101789945989,5.55111512312578E-16,-9.52276591816708));
#1387=CARTESIAN_POINT('',(-4.23815875575128,0.,-22.1));
#1388=CARTESIAN_POINT('Ctrl Pts',(-3.89629809117591,-2.22044604925031E-15,
-22.1895761775512));
#1389=CARTESIAN_POINT('Ctrl Pts',(-4.01021323976843,-1.95976847409945E-15,
-22.1594720255543));
#1390=CARTESIAN_POINT('Ctrl Pts',(-4.12412838836096,-1.76186673414688E-15,
-22.1293678735574));
#1391=CARTESIAN_POINT('Ctrl Pts',(-4.23815875575128,-1.61162328242845E-15,
-22.1));
#1392=CARTESIAN_POINT('',(1.175,0.,-22.1));
#1393=CARTESIAN_POINT('Origin',(12.35,10.5,-20.525));
#1394=CARTESIAN_POINT('',(-3.89629809117591,-0.597174517007837,-22.1895761775512));
#1395=CARTESIAN_POINT('',(-4.06830514998014,7.87371682676345,-20.9189424759855));
#1396=CARTESIAN_POINT('Ctrl Pts',(-4.23815875575128,0.,-22.1));
#1397=CARTESIAN_POINT('Ctrl Pts',(-4.12412838836108,-0.195785823716008,
-22.1293678735574));
#1398=CARTESIAN_POINT('Ctrl Pts',(-4.01021323976846,-0.396480170361972,
-22.1594720255543));
#1399=CARTESIAN_POINT('Ctrl Pts',(-3.89629809117591,-0.597174517007837,
-22.1895761775512));
#1400=CARTESIAN_POINT('Ctrl Pts',(-3.89629809117591,5.,-22.1895761775512));
#1401=CARTESIAN_POINT('Ctrl Pts',(-3.89629809117591,-195.,-22.1895761775511));
#1402=CARTESIAN_POINT('Ctrl Pts',(-4.36933241424389,5.00000000000001,-22.0645682454428));
#1403=CARTESIAN_POINT('Ctrl Pts',(-4.36933241424389,-195.,-22.0645682454427));
#1404=CARTESIAN_POINT('Ctrl Pts',(-5.23585929715437,5.00000000000001,-21.835572740325));
#1405=CARTESIAN_POINT('Ctrl Pts',(-5.23585929715437,-195.,-21.8355727403249));
#1406=CARTESIAN_POINT('Ctrl Pts',(-6.13007061297957,5.00000000000001,-21.7834880470906));
#1407=CARTESIAN_POINT('Ctrl Pts',(-6.13007061297957,-195.,-21.7834880470905));
#1408=CARTESIAN_POINT('Ctrl Pts',(-6.53613476014411,5.00000000000001,-21.7598362254638));
#1409=CARTESIAN_POINT('Ctrl Pts',(-6.53613476014411,-195.,-21.7598362254637));
#1410=CARTESIAN_POINT('',(-3.89629809117591,5.,-22.1895761775512));
#1411=CARTESIAN_POINT('Origin',(-4.53067688203131,5.00000000000001,-17.5033552932281));
#1412=CARTESIAN_POINT('Origin',(0.,5.56616708636284,8.63574266433716));
#1413=CARTESIAN_POINT('',(0.,0.,7.96043634414673));
#1414=CARTESIAN_POINT('',(0.,5.56616708636284,8.63574266433716));
#1415=CARTESIAN_POINT('',(0.,0.,7.96043634414673));
#1416=CARTESIAN_POINT('',(5.,0.,7.96043634414673));
#1417=CARTESIAN_POINT('',(0.,0.,7.96043634414673));
#1418=CARTESIAN_POINT('',(5.,5.56616708636284,8.63574266433716));
#1419=CARTESIAN_POINT('',(5.,0.,7.96043634414673));
#1420=CARTESIAN_POINT('',(0.,5.56616708636284,8.63574266433716));
#1421=CARTESIAN_POINT('Ctrl Pts',(0.,6.99863597750664,5.38199186325073));
#1422=CARTESIAN_POINT('Ctrl Pts',(5.,6.99863597750664,5.38199186325073));
#1423=CARTESIAN_POINT('Ctrl Pts',(0.,6.64485415428855,5.82247977885086));
#1424=CARTESIAN_POINT('Ctrl Pts',(5.,6.64485415428855,5.82247977885086));
#1425=CARTESIAN_POINT('Ctrl Pts',(0.,5.8792823865719,6.77568056552874));
#1426=CARTESIAN_POINT('Ctrl Pts',(5.,5.8792823865719,6.77568056552874));
#1427=CARTESIAN_POINT('Ctrl Pts',(0.,5.6756812065835,7.98517380305573));
#1428=CARTESIAN_POINT('Ctrl Pts',(5.,5.6756812065835,7.98517380305573));
#1429=CARTESIAN_POINT('Ctrl Pts',(0.,5.56616708636284,8.63574266433716));
#1430=CARTESIAN_POINT('Ctrl Pts',(5.,5.56616708636284,8.63574266433716));
#1431=CARTESIAN_POINT('',(0.,6.99863597750664,5.38199186325073));
#1432=CARTESIAN_POINT('Ctrl Pts',(0.,5.56616708636284,8.63574266433716));
#1433=CARTESIAN_POINT('Ctrl Pts',(0.,5.6756812065835,7.98517380305573));
#1434=CARTESIAN_POINT('Ctrl Pts',(0.,5.8792823865719,6.77568056552874));
#1435=CARTESIAN_POINT('Ctrl Pts',(0.,6.64485415428855,5.82247977885086));
#1436=CARTESIAN_POINT('Ctrl Pts',(0.,6.99863597750664,5.38199186325073));
#1437=CARTESIAN_POINT('',(5.,6.99863597750664,5.38199186325073));
#1438=CARTESIAN_POINT('Ctrl Pts',(5.,6.99863597750664,5.38199186325073));
#1439=CARTESIAN_POINT('Ctrl Pts',(5.,6.64485415428855,5.82247977885086));
#1440=CARTESIAN_POINT('Ctrl Pts',(5.,5.8792823865719,6.77568056552874));
#1441=CARTESIAN_POINT('Ctrl Pts',(5.,5.6756812065835,7.98517380305573));
#1442=CARTESIAN_POINT('Ctrl Pts',(5.,5.56616708636284,8.63574266433716));
#1443=CARTESIAN_POINT('',(0.,6.99863597750664,5.38199186325073));
#1444=CARTESIAN_POINT('Ctrl Pts',(0.,9.82264682650566,4.25647974014282));
#1445=CARTESIAN_POINT('Ctrl Pts',(5.,9.82264682650566,4.25647974014282));
#1446=CARTESIAN_POINT('Ctrl Pts',(0.,9.29181818134774,4.30219250020732));
#1447=CARTESIAN_POINT('Ctrl Pts',(5.,9.29181818134774,4.30219250020732));
#1448=CARTESIAN_POINT('Ctrl Pts',(0.,8.23675235282116,4.39305039100058));
#1449=CARTESIAN_POINT('Ctrl Pts',(5.,8.23675235282116,4.39305039100058));
#1450=CARTESIAN_POINT('Ctrl Pts',(0.,7.40961894682206,5.05372053848024));
#1451=CARTESIAN_POINT('Ctrl Pts',(5.,7.40961894682206,5.05372053848024));
#1452=CARTESIAN_POINT('Ctrl Pts',(0.,6.99863597750664,5.38199186325073));
#1453=CARTESIAN_POINT('Ctrl Pts',(5.,6.99863597750664,5.38199186325073));
#1454=CARTESIAN_POINT('',(0.,9.82264682650566,4.25647974014282));
#1455=CARTESIAN_POINT('Ctrl Pts',(0.,6.99863597750664,5.38199186325073));
#1456=CARTESIAN_POINT('Ctrl Pts',(0.,7.40961894682206,5.05372053848024));
#1457=CARTESIAN_POINT('Ctrl Pts',(0.,8.23675235282116,4.39305039100058));
#1458=CARTESIAN_POINT('Ctrl Pts',(0.,9.29181818134774,4.30219250020732));
#1459=CARTESIAN_POINT('Ctrl Pts',(0.,9.82264682650566,4.25647974014282));
#1460=CARTESIAN_POINT('',(5.,9.82264682650566,4.25647974014282));
#1461=CARTESIAN_POINT('Ctrl Pts',(5.,9.82264682650566,4.25647974014282));
#1462=CARTESIAN_POINT('Ctrl Pts',(5.,9.29181818134774,4.30219250020732));
#1463=CARTESIAN_POINT('Ctrl Pts',(5.,8.23675235282116,4.39305039100058));
#1464=CARTESIAN_POINT('Ctrl Pts',(5.,7.40961894682206,5.05372053848024));
#1465=CARTESIAN_POINT('Ctrl Pts',(5.,6.99863597750664,5.38199186325073));
#1466=CARTESIAN_POINT('',(0.,9.82264682650566,4.25647974014282));
#1467=CARTESIAN_POINT('Ctrl Pts',(0.,12.8103689849377,5.60709476470947));
#1468=CARTESIAN_POINT('Ctrl Pts',(5.,12.8103689849377,5.60709476470947));
#1469=CARTESIAN_POINT('Ctrl Pts',(0.,12.3855275205853,5.21316787876581));
#1470=CARTESIAN_POINT('Ctrl Pts',(5.,12.3855275205853,5.21316787876581));
#1471=CARTESIAN_POINT('Ctrl Pts',(0.,11.5400475528577,4.42921122961354));
#1472=CARTESIAN_POINT('Ctrl Pts',(5.,11.5400475528577,4.42921122961354));
#1473=CARTESIAN_POINT('Ctrl Pts',(0.,10.3932133948924,4.3138657722362));
#1474=CARTESIAN_POINT('Ctrl Pts',(5.,10.3932133948924,4.3138657722362));
#1475=CARTESIAN_POINT('Ctrl Pts',(0.,9.82264682650566,4.25647974014282));
#1476=CARTESIAN_POINT('Ctrl Pts',(5.,9.82264682650566,4.25647974014282));
#1477=CARTESIAN_POINT('',(0.,12.8103689849377,5.60709476470947));
#1478=CARTESIAN_POINT('Ctrl Pts',(0.,9.82264682650566,4.25647974014282));
#1479=CARTESIAN_POINT('Ctrl Pts',(0.,10.3932133948924,4.3138657722362));
#1480=CARTESIAN_POINT('Ctrl Pts',(0.,11.5400475528577,4.42921122961354));
#1481=CARTESIAN_POINT('Ctrl Pts',(0.,12.3855275205853,5.21316787876581));
#1482=CARTESIAN_POINT('Ctrl Pts',(0.,12.8103689849377,5.60709476470947));
#1483=CARTESIAN_POINT('',(5.,12.8103689849377,5.60709476470947));
#1484=CARTESIAN_POINT('Ctrl Pts',(5.,12.8103689849377,5.60709476470947));
#1485=CARTESIAN_POINT('Ctrl Pts',(5.,12.3855275205853,5.21316787876581));
#1486=CARTESIAN_POINT('Ctrl Pts',(5.,11.5400475528577,4.42921122961354));
#1487=CARTESIAN_POINT('Ctrl Pts',(5.,10.3932133948924,4.3138657722362));
#1488=CARTESIAN_POINT('Ctrl Pts',(5.,9.82264682650566,4.25647974014282));
#1489=CARTESIAN_POINT('',(0.,12.8103689849377,5.60709476470947));
#1490=CARTESIAN_POINT('Ctrl Pts',(0.,14.0381996333599,9.24966096878052));
#1491=CARTESIAN_POINT('Ctrl Pts',(5.,14.0381996333599,9.24966096878052));
#1492=CARTESIAN_POINT('Ctrl Pts',(0.,14.0011663480959,8.54123962705104));
#1493=CARTESIAN_POINT('Ctrl Pts',(5.,14.0011663480959,8.54123962705104));
#1494=CARTESIAN_POINT('Ctrl Pts',(0.,13.931471761718,7.20803000114128));
#1495=CARTESIAN_POINT('Ctrl Pts',(5.,13.931471761718,7.20803000114128));
#1496=CARTESIAN_POINT('Ctrl Pts',(0.,13.1681078143229,6.11794596342602));
#1497=CARTESIAN_POINT('Ctrl Pts',(5.,13.1681078143229,6.11794596342602));
#1498=CARTESIAN_POINT('Ctrl Pts',(0.,12.8103689849377,5.60709476470947));
#1499=CARTESIAN_POINT('Ctrl Pts',(5.,12.8103689849377,5.60709476470947));
#1500=CARTESIAN_POINT('',(0.,14.0381996333599,9.24966096878052));
#1501=CARTESIAN_POINT('Ctrl Pts',(0.,12.8103689849377,5.60709476470947));
#1502=CARTESIAN_POINT('Ctrl Pts',(0.,13.1681078143229,6.11794596342602));
#1503=CARTESIAN_POINT('Ctrl Pts',(0.,13.931471761718,7.20803000114128));
#1504=CARTESIAN_POINT('Ctrl Pts',(0.,14.0011663480959,8.54123962705104));
#1505=CARTESIAN_POINT('Ctrl Pts',(0.,14.0381996333599,9.24966096878052));
#1506=CARTESIAN_POINT('',(5.,14.0381996333599,9.24966096878052));
#1507=CARTESIAN_POINT('Ctrl Pts',(5.,14.0381996333599,9.24966096878052));
#1508=CARTESIAN_POINT('Ctrl Pts',(5.,14.0011663480959,8.54123962705104));
#1509=CARTESIAN_POINT('Ctrl Pts',(5.,13.931471761718,7.20803000114128));
#1510=CARTESIAN_POINT('Ctrl Pts',(5.,13.1681078143229,6.11794596342602));
#1511=CARTESIAN_POINT('Ctrl Pts',(5.,12.8103689849377,5.60709476470947));
#1512=CARTESIAN_POINT('',(0.,14.0381996333599,9.24966096878052));
#1513=CARTESIAN_POINT('Ctrl Pts',(0.,12.8717605769634,12.6875853538513));
#1514=CARTESIAN_POINT('Ctrl Pts',(5.,12.8717605769634,12.6875853538513));
#1515=CARTESIAN_POINT('Ctrl Pts',(0.,13.2116037775621,12.2066572188118));
#1516=CARTESIAN_POINT('Ctrl Pts',(5.,13.2116037775621,12.2066572188118));
#1517=CARTESIAN_POINT('Ctrl Pts',(0.,13.9373523724071,11.1796161669048));
#1518=CARTESIAN_POINT('Ctrl Pts',(5.,13.9373523724071,11.1796161669048));
#1519=CARTESIAN_POINT('Ctrl Pts',(0.,14.0031909864441,9.91963573513623));
#1520=CARTESIAN_POINT('Ctrl Pts',(5.,14.0031909864441,9.91963573513623));
#1521=CARTESIAN_POINT('Ctrl Pts',(0.,14.0381996333599,9.24966096878052));
#1522=CARTESIAN_POINT('Ctrl Pts',(5.,14.0381996333599,9.24966096878052));
#1523=CARTESIAN_POINT('',(0.,12.8717605769634,12.6875853538513));
#1524=CARTESIAN_POINT('Ctrl Pts',(0.,14.0381996333599,9.24966096878052));
#1525=CARTESIAN_POINT('Ctrl Pts',(0.,14.0031909864441,9.91963573513623));
#1526=CARTESIAN_POINT('Ctrl Pts',(0.,13.9373523724071,11.1796161669048));
#1527=CARTESIAN_POINT('Ctrl Pts',(0.,13.2116037775621,12.2066572188118));
#1528=CARTESIAN_POINT('Ctrl Pts',(0.,12.8717605769634,12.6875853538513));
#1529=CARTESIAN_POINT('',(5.,12.8717605769634,12.6875853538513));
#1530=CARTESIAN_POINT('Ctrl Pts',(5.,12.8717605769634,12.6875853538513));
#1531=CARTESIAN_POINT('Ctrl Pts',(5.,13.2116037775621,12.2066572188118));
#1532=CARTESIAN_POINT('Ctrl Pts',(5.,13.9373523724071,11.1796161669048));
#1533=CARTESIAN_POINT('Ctrl Pts',(5.,14.0031909864441,9.91963573513623));
#1534=CARTESIAN_POINT('Ctrl Pts',(5.,14.0381996333599,9.24966096878052));
#1535=CARTESIAN_POINT('',(0.,12.8717605769634,12.6875853538513));
#1536=CARTESIAN_POINT('Ctrl Pts',(0.,10.0272862613201,13.956344127655));
#1537=CARTESIAN_POINT('Ctrl Pts',(5.,10.0272862613201,13.956344127655));
#1538=CARTESIAN_POINT('Ctrl Pts',(0.,10.5667671035947,13.9018904828712));
#1539=CARTESIAN_POINT('Ctrl Pts',(5.,10.5667671035947,13.9018904828712));
#1540=CARTESIAN_POINT('Ctrl Pts',(0.,11.6539905507792,13.7921492747422));
#1541=CARTESIAN_POINT('Ctrl Pts',(5.,11.6539905507792,13.7921492747422));
#1542=CARTESIAN_POINT('Ctrl Pts',(0.,12.4637860349423,13.0576338441813));
#1543=CARTESIAN_POINT('Ctrl Pts',(5.,12.4637860349423,13.0576338441813));
#1544=CARTESIAN_POINT('Ctrl Pts',(0.,12.8717605769634,12.6875853538513));
#1545=CARTESIAN_POINT('Ctrl Pts',(5.,12.8717605769634,12.6875853538513));
#1546=CARTESIAN_POINT('',(0.,10.0272862613201,13.956344127655));
#1547=CARTESIAN_POINT('Ctrl Pts',(0.,12.8717605769634,12.6875853538513));
#1548=CARTESIAN_POINT('Ctrl Pts',(0.,12.4637860349423,13.0576338441813));
#1549=CARTESIAN_POINT('Ctrl Pts',(0.,11.6539905507792,13.7921492747422));
#1550=CARTESIAN_POINT('Ctrl Pts',(0.,10.5667671035947,13.9018904828712));
#1551=CARTESIAN_POINT('Ctrl Pts',(0.,10.0272862613201,13.956344127655));
#1552=CARTESIAN_POINT('',(5.,10.0272862613201,13.956344127655));
#1553=CARTESIAN_POINT('Ctrl Pts',(5.,10.0272862613201,13.956344127655));
#1554=CARTESIAN_POINT('Ctrl Pts',(5.,10.5667671035947,13.9018904828712));
#1555=CARTESIAN_POINT('Ctrl Pts',(5.,11.6539905507792,13.7921492747422));
#1556=CARTESIAN_POINT('Ctrl Pts',(5.,12.4637860349423,13.0576338441813));
#1557=CARTESIAN_POINT('Ctrl Pts',(5.,12.8717605769634,12.6875853538513));
#1558=CARTESIAN_POINT('',(0.,10.0272862613201,13.956344127655));
#1559=CARTESIAN_POINT('Ctrl Pts',(0.,7.38744959235191,13.5266041755676));
#1560=CARTESIAN_POINT('Ctrl Pts',(5.,7.38744959235191,13.5266041755676));
#1561=CARTESIAN_POINT('Ctrl Pts',(0.,7.86048391541989,13.6516121076761));
#1562=CARTESIAN_POINT('Ctrl Pts',(5.,7.86048391541989,13.6516121076761));
#1563=CARTESIAN_POINT('Ctrl Pts',(0.,8.72701079833038,13.8806076127938));
#1564=CARTESIAN_POINT('Ctrl Pts',(5.,8.72701079833038,13.8806076127938));
#1565=CARTESIAN_POINT('Ctrl Pts',(0.,9.62122211415558,13.9326923060282));
#1566=CARTESIAN_POINT('Ctrl Pts',(5.,9.62122211415558,13.9326923060282));
#1567=CARTESIAN_POINT('Ctrl Pts',(0.,10.0272862613201,13.956344127655));
#1568=CARTESIAN_POINT('Ctrl Pts',(5.,10.0272862613201,13.956344127655));
#1569=CARTESIAN_POINT('',(0.,7.38744959235191,13.5266041755676));
#1570=CARTESIAN_POINT('Ctrl Pts',(0.,10.0272862613201,13.956344127655));
#1571=CARTESIAN_POINT('Ctrl Pts',(0.,9.62122211415558,13.9326923060282));
#1572=CARTESIAN_POINT('Ctrl Pts',(0.,8.72701079833038,13.8806076127938));
#1573=CARTESIAN_POINT('Ctrl Pts',(0.,7.86048391541989,13.6516121076761));
#1574=CARTESIAN_POINT('Ctrl Pts',(0.,7.38744959235191,13.5266041755676));
#1575=CARTESIAN_POINT('',(5.,7.38744959235191,13.5266041755676));
#1576=CARTESIAN_POINT('Ctrl Pts',(5.,7.38744959235191,13.5266041755676));
#1577=CARTESIAN_POINT('Ctrl Pts',(5.,7.86048391541989,13.6516121076761));
#1578=CARTESIAN_POINT('Ctrl Pts',(5.,8.72701079833038,13.8806076127938));
#1579=CARTESIAN_POINT('Ctrl Pts',(5.,9.62122211415558,13.9326923060282));
#1580=CARTESIAN_POINT('Ctrl Pts',(5.,10.0272862613201,13.956344127655));
#1581=CARTESIAN_POINT('',(0.,7.38744959235191,13.5266041755676));
#1582=CARTESIAN_POINT('Origin',(0.,8.02182838320732,18.2128250598907));
#1583=CARTESIAN_POINT('',(0.,8.02182838320732,18.2128250598907));
#1584=CARTESIAN_POINT('',(0.,7.38744959235191,13.5266041755676));
#1585=CARTESIAN_POINT('',(5.,8.02182838320732,18.2128250598907));
#1586=CARTESIAN_POINT('',(5.,7.38744959235191,13.5266041755676));
#1587=CARTESIAN_POINT('',(0.,8.02182838320732,18.2128250598907));
#1588=CARTESIAN_POINT('Ctrl Pts',(0.,11.5825383365154,19.2155539989471));
#1589=CARTESIAN_POINT('Ctrl Pts',(5.,11.5825383365154,19.2155539989471));
#1590=CARTESIAN_POINT('Ctrl Pts',(0.,11.0948288320905,18.9094112874597));
#1591=CARTESIAN_POINT('Ctrl Pts',(5.,11.0948288320905,18.9094112874597));
#1592=CARTESIAN_POINT('Ctrl Pts',(0.,10.0121866342715,18.22982022966));
#1593=CARTESIAN_POINT('Ctrl Pts',(5.,10.0121866342715,18.22982022966));
#1594=CARTESIAN_POINT('Ctrl Pts',(0.,8.72768610754921,18.2188522019149));
#1595=CARTESIAN_POINT('Ctrl Pts',(5.,8.72768610754921,18.2188522019149));
#1596=CARTESIAN_POINT('Ctrl Pts',(0.,8.02182838320732,18.2128250598907));
#1597=CARTESIAN_POINT('Ctrl Pts',(5.,8.02182838320732,18.2128250598907));
#1598=CARTESIAN_POINT('',(0.,11.5825383365154,19.2155539989471));
#1599=CARTESIAN_POINT('Ctrl Pts',(0.,8.02182838320732,18.2128250598907));
#1600=CARTESIAN_POINT('Ctrl Pts',(0.,8.72768610754921,18.2188522019149));
#1601=CARTESIAN_POINT('Ctrl Pts',(0.,10.0121866342715,18.22982022966));
#1602=CARTESIAN_POINT('Ctrl Pts',(0.,11.0948288320905,18.9094112874597));
#1603=CARTESIAN_POINT('Ctrl Pts',(0.,11.5825383365154,19.2155539989471));
#1604=CARTESIAN_POINT('',(5.,11.5825383365154,19.2155539989471));
#1605=CARTESIAN_POINT('Ctrl Pts',(5.,11.5825383365154,19.2155539989471));
#1606=CARTESIAN_POINT('Ctrl Pts',(5.,11.0948288320905,18.9094112874597));
#1607=CARTESIAN_POINT('Ctrl Pts',(5.,10.0121866342715,18.22982022966));
#1608=CARTESIAN_POINT('Ctrl Pts',(5.,8.72768610754921,18.2188522019149));
#1609=CARTESIAN_POINT('Ctrl Pts',(5.,8.02182838320732,18.2128250598907));
#1610=CARTESIAN_POINT('',(0.,11.5825383365154,19.2155539989471));
#1611=CARTESIAN_POINT('Ctrl Pts',(0.,12.8103689849377,22.0804929733276));
#1612=CARTESIAN_POINT('Ctrl Pts',(5.,12.8103689849377,22.0804929733276));
#1613=CARTESIAN_POINT('Ctrl Pts',(0.,12.7642570932488,21.5205763874235));
#1614=CARTESIAN_POINT('Ctrl Pts',(5.,12.7642570932488,21.5205763874235));
#1615=CARTESIAN_POINT('Ctrl Pts',(0.,12.6741767135774,20.4267696318285));
#1616=CARTESIAN_POINT('Ctrl Pts',(5.,12.6741767135774,20.4267696318285));
#1617=CARTESIAN_POINT('Ctrl Pts',(0.,11.94059946529,19.6128368774276));
#1618=CARTESIAN_POINT('Ctrl Pts',(5.,11.94059946529,19.6128368774276));
#1619=CARTESIAN_POINT('Ctrl Pts',(0.,11.5825383365154,19.2155539989471));
#1620=CARTESIAN_POINT('Ctrl Pts',(5.,11.5825383365154,19.2155539989471));
#1621=CARTESIAN_POINT('',(0.,12.8103689849377,22.0804929733276));
#1622=CARTESIAN_POINT('Ctrl Pts',(0.,11.5825383365154,19.2155539989471));
#1623=CARTESIAN_POINT('Ctrl Pts',(0.,11.94059946529,19.6128368774276));
#1624=CARTESIAN_POINT('Ctrl Pts',(0.,12.6741767135774,20.4267696318285));
#1625=CARTESIAN_POINT('Ctrl Pts',(0.,12.7642570932488,21.5205763874235));
#1626=CARTESIAN_POINT('Ctrl Pts',(0.,12.8103689849377,22.0804929733276));
#1627=CARTESIAN_POINT('',(5.,12.8103689849377,22.0804929733276));
#1628=CARTESIAN_POINT('Ctrl Pts',(5.,12.8103689849377,22.0804929733276));
#1629=CARTESIAN_POINT('Ctrl Pts',(5.,12.7642570932488,21.5205763874235));
#1630=CARTESIAN_POINT('Ctrl Pts',(5.,12.6741767135774,20.4267696318285));
#1631=CARTESIAN_POINT('Ctrl Pts',(5.,11.94059946529,19.6128368774276));
#1632=CARTESIAN_POINT('Ctrl Pts',(5.,11.5825383365154,19.2155539989471));
#1633=CARTESIAN_POINT('',(0.,12.8103689849377,22.0804929733276));
#1634=CARTESIAN_POINT('Ctrl Pts',(0.,11.9099597632885,24.4952273368835));
#1635=CARTESIAN_POINT('Ctrl Pts',(5.,11.9099597632885,24.4952273368835));
#1636=CARTESIAN_POINT('Ctrl Pts',(0.,12.1724103777893,24.1582839905552));
#1637=CARTESIAN_POINT('Ctrl Pts',(5.,12.1724103777893,24.1582839905552));
#1638=CARTESIAN_POINT('Ctrl Pts',(0.,12.7240770595105,23.4500348666177));
#1639=CARTESIAN_POINT('Ctrl Pts',(5.,12.7240770595105,23.4500348666177));
#1640=CARTESIAN_POINT('Ctrl Pts',(0.,12.7806894471706,22.5515378612975));
#1641=CARTESIAN_POINT('Ctrl Pts',(5.,12.7806894471706,22.5515378612975));
#1642=CARTESIAN_POINT('Ctrl Pts',(0.,12.8103689849377,22.0804929733276));
#1643=CARTESIAN_POINT('Ctrl Pts',(5.,12.8103689849377,22.0804929733276));
#1644=CARTESIAN_POINT('',(0.,11.9099597632885,24.4952273368835));
#1645=CARTESIAN_POINT('Ctrl Pts',(0.,12.8103689849377,22.0804929733276));
#1646=CARTESIAN_POINT('Ctrl Pts',(0.,12.7806894471706,22.5515378612975));
#1647=CARTESIAN_POINT('Ctrl Pts',(0.,12.7240770595105,23.4500348666177));
#1648=CARTESIAN_POINT('Ctrl Pts',(0.,12.1724103777893,24.1582839905552));
#1649=CARTESIAN_POINT('Ctrl Pts',(0.,11.9099597632885,24.4952273368835));
#1650=CARTESIAN_POINT('',(5.,11.9099597632885,24.4952273368835));
#1651=CARTESIAN_POINT('Ctrl Pts',(5.,11.9099597632885,24.4952273368835));
#1652=CARTESIAN_POINT('Ctrl Pts',(5.,12.1724103777893,24.1582839905552));
#1653=CARTESIAN_POINT('Ctrl Pts',(5.,12.7240770595105,23.4500348666177));
#1654=CARTESIAN_POINT('Ctrl Pts',(5.,12.7806894471706,22.5515378612975));
#1655=CARTESIAN_POINT('Ctrl Pts',(5.,12.8103689849377,22.0804929733276));
#1656=CARTESIAN_POINT('',(0.,11.9099597632885,24.4952273368835));
#1657=CARTESIAN_POINT('Ctrl Pts',(0.,9.51569005846977,25.3956365585327));
#1658=CARTESIAN_POINT('Ctrl Pts',(5.,9.51569005846977,25.3956365585327));
#1659=CARTESIAN_POINT('Ctrl Pts',(0.,9.98147201688326,25.3653033187273));
#1660=CARTESIAN_POINT('Ctrl Pts',(5.,9.98147201688326,25.3653033187273));
#1661=CARTESIAN_POINT('Ctrl Pts',(0.,10.8731506281147,25.3072343002621));
#1662=CARTESIAN_POINT('Ctrl Pts',(5.,10.8731506281147,25.3072343002621));
#1663=CARTESIAN_POINT('Ctrl Pts',(0.,11.5748187263169,24.7577027014444));
#1664=CARTESIAN_POINT('Ctrl Pts',(5.,11.5748187263169,24.7577027014444));
#1665=CARTESIAN_POINT('Ctrl Pts',(0.,11.9099597632885,24.4952273368835));
#1666=CARTESIAN_POINT('Ctrl Pts',(5.,11.9099597632885,24.4952273368835));
#1667=CARTESIAN_POINT('',(0.,9.51569005846977,25.3956365585327));
#1668=CARTESIAN_POINT('Ctrl Pts',(0.,11.9099597632885,24.4952273368835));
#1669=CARTESIAN_POINT('Ctrl Pts',(0.,11.5748187263169,24.7577027014444));
#1670=CARTESIAN_POINT('Ctrl Pts',(0.,10.8731506281147,25.3072343002621));
#1671=CARTESIAN_POINT('Ctrl Pts',(0.,9.98147201688326,25.3653033187273));
#1672=CARTESIAN_POINT('Ctrl Pts',(0.,9.51569005846977,25.3956365585327));
#1673=CARTESIAN_POINT('',(5.,9.51569005846977,25.3956365585327));
#1674=CARTESIAN_POINT('Ctrl Pts',(5.,9.51569005846977,25.3956365585327));
#1675=CARTESIAN_POINT('Ctrl Pts',(5.,9.98147201688326,25.3653033187273));
#1676=CARTESIAN_POINT('Ctrl Pts',(5.,10.8731506281147,25.3072343002621));
#1677=CARTESIAN_POINT('Ctrl Pts',(5.,11.5748187263169,24.7577027014444));
#1678=CARTESIAN_POINT('Ctrl Pts',(5.,11.9099597632885,24.4952273368835));
#1679=CARTESIAN_POINT('',(0.,9.51569005846977,25.3956365585327));
#1680=CARTESIAN_POINT('Ctrl Pts',(0.,6.99863597750664,24.372444152832));
#1681=CARTESIAN_POINT('Ctrl Pts',(5.,6.99863597750664,24.372444152832));
#1682=CARTESIAN_POINT('Ctrl Pts',(0.,7.36498008721601,24.6708748367474));
#1683=CARTESIAN_POINT('Ctrl Pts',(5.,7.36498008721601,24.6708748367474));
#1684=CARTESIAN_POINT('Ctrl Pts',(0.,8.09932772432422,25.2690879969035));
#1685=CARTESIAN_POINT('Ctrl Pts',(5.,8.09932772432422,25.2690879969035));
#1686=CARTESIAN_POINT('Ctrl Pts',(0.,9.04285857625014,25.3533902049512));
#1687=CARTESIAN_POINT('Ctrl Pts',(5.,9.04285857625014,25.3533902049512));
#1688=CARTESIAN_POINT('Ctrl Pts',(0.,9.51569005846977,25.3956365585327));
#1689=CARTESIAN_POINT('Ctrl Pts',(5.,9.51569005846977,25.3956365585327));
#1690=CARTESIAN_POINT('',(0.,6.99863597750664,24.372444152832));
#1691=CARTESIAN_POINT('Ctrl Pts',(0.,9.51569005846977,25.3956365585327));
#1692=CARTESIAN_POINT('Ctrl Pts',(0.,9.04285857625014,25.3533902049512));
#1693=CARTESIAN_POINT('Ctrl Pts',(0.,8.09932772432422,25.2690879969035));
#1694=CARTESIAN_POINT('Ctrl Pts',(0.,7.36498008721601,24.6708748367474));
#1695=CARTESIAN_POINT('Ctrl Pts',(0.,6.99863597750664,24.372444152832));
#1696=CARTESIAN_POINT('',(5.,6.99863597750664,24.372444152832));
#1697=CARTESIAN_POINT('Ctrl Pts',(5.,6.99863597750664,24.372444152832));
#1698=CARTESIAN_POINT('Ctrl Pts',(5.,7.36498008721601,24.6708748367474));
#1699=CARTESIAN_POINT('Ctrl Pts',(5.,8.09932772432422,25.2690879969035));
#1700=CARTESIAN_POINT('Ctrl Pts',(5.,9.04285857625014,25.3533902049512));
#1701=CARTESIAN_POINT('Ctrl Pts',(5.,9.51569005846977,25.3956365585327));
#1702=CARTESIAN_POINT('',(0.,6.99863597750664,24.372444152832));
#1703=CARTESIAN_POINT('Ctrl Pts',(0.,5.72987779974937,21.3847208023071));
#1704=CARTESIAN_POINT('Ctrl Pts',(5.,5.72987779974937,21.3847208023071));
#1705=CARTESIAN_POINT('Ctrl Pts',(0.,5.8227681977704,21.9833542235347));
#1706=CARTESIAN_POINT('Ctrl Pts',(5.,5.8227681977704,21.9833542235347));
#1707=CARTESIAN_POINT('Ctrl Pts',(0.,5.99451286262909,23.0901650295202));
#1708=CARTESIAN_POINT('Ctrl Pts',(5.,5.99451286262909,23.0901650295202));
#1709=CARTESIAN_POINT('Ctrl Pts',(0.,6.68267536465628,23.9689580746371));
#1710=CARTESIAN_POINT('Ctrl Pts',(5.,6.68267536465628,23.9689580746371));
#1711=CARTESIAN_POINT('Ctrl Pts',(0.,6.99863597750664,24.372444152832));
#1712=CARTESIAN_POINT('Ctrl Pts',(5.,6.99863597750664,24.372444152832));
#1713=CARTESIAN_POINT('',(0.,5.72987779974937,21.3847208023071));
#1714=CARTESIAN_POINT('Ctrl Pts',(0.,6.99863597750664,24.372444152832));
#1715=CARTESIAN_POINT('Ctrl Pts',(0.,6.68267536465628,23.9689580746371));
#1716=CARTESIAN_POINT('Ctrl Pts',(0.,5.99451286262909,23.0901650295202));
#1717=CARTESIAN_POINT('Ctrl Pts',(0.,5.8227681977704,21.9833542235347));
#1718=CARTESIAN_POINT('Ctrl Pts',(0.,5.72987779974937,21.3847208023071));
#1719=CARTESIAN_POINT('',(5.,5.72987779974937,21.3847208023071));
#1720=CARTESIAN_POINT('Ctrl Pts',(5.,5.72987779974937,21.3847208023071));
#1721=CARTESIAN_POINT('Ctrl Pts',(5.,5.8227681977704,21.9833542235347));
#1722=CARTESIAN_POINT('Ctrl Pts',(5.,5.99451286262909,23.0901650295202));
#1723=CARTESIAN_POINT('Ctrl Pts',(5.,6.68267536465628,23.9689580746371));
#1724=CARTESIAN_POINT('Ctrl Pts',(5.,6.99863597750664,24.372444152832));
#1725=CARTESIAN_POINT('',(0.,5.72987779974937,21.3847208023071));
#1726=CARTESIAN_POINT('Origin',(0.,0.429740846157074,22.2851300239563));
#1727=CARTESIAN_POINT('',(0.,0.429740846157074,22.2851300239563));
#1728=CARTESIAN_POINT('',(0.,5.72987779974937,21.3847208023071));
#1729=CARTESIAN_POINT('',(5.,0.429740846157074,22.2851300239563));
#1730=CARTESIAN_POINT('',(5.,5.72987779974937,21.3847208023071));
#1731=CARTESIAN_POINT('',(0.,0.429740846157074,22.2851300239563));
#1732=CARTESIAN_POINT('Ctrl Pts',(0.,2.087312489748,26.6234660148621));
#1733=CARTESIAN_POINT('Ctrl Pts',(5.,2.087312489748,26.6234660148621));
#1734=CARTESIAN_POINT('Ctrl Pts',(0.,1.73546153956227,26.0040851014904));
#1735=CARTESIAN_POINT('Ctrl Pts',(5.,1.73546153956227,26.0040851014904));
#1736=CARTESIAN_POINT('Ctrl Pts',(0.,0.962976266623256,24.6442404466258));
#1737=CARTESIAN_POINT('Ctrl Pts',(5.,0.962976266623256,24.6442404466258));
#1738=CARTESIAN_POINT('Ctrl Pts',(0.,0.617732997795241,23.1168344218411));
#1739=CARTESIAN_POINT('Ctrl Pts',(5.,0.617732997795241,23.1168344218411));
#1740=CARTESIAN_POINT('Ctrl Pts',(0.,0.429740846157074,22.2851300239563));
#1741=CARTESIAN_POINT('Ctrl Pts',(5.,0.429740846157074,22.2851300239563));
#1742=CARTESIAN_POINT('',(0.,2.087312489748,26.6234660148621));
#1743=CARTESIAN_POINT('Ctrl Pts',(0.,0.429740846157074,22.2851300239563));
#1744=CARTESIAN_POINT('Ctrl Pts',(0.,0.617732997795241,23.1168344218411));
#1745=CARTESIAN_POINT('Ctrl Pts',(0.,0.962976266623256,24.6442404466258));
#1746=CARTESIAN_POINT('Ctrl Pts',(0.,1.73546153956227,26.0040851014904));
#1747=CARTESIAN_POINT('Ctrl Pts',(0.,2.087312489748,26.6234660148621));
#1748=CARTESIAN_POINT('',(5.,2.087312489748,26.6234660148621));
#1749=CARTESIAN_POINT('Ctrl Pts',(5.,2.087312489748,26.6234660148621));
#1750=CARTESIAN_POINT('Ctrl Pts',(5.,1.73546153956227,26.0040851014904));
#1751=CARTESIAN_POINT('Ctrl Pts',(5.,0.962976266623256,24.6442404466258));
#1752=CARTESIAN_POINT('Ctrl Pts',(5.,0.617732997795241,23.1168344218411));
#1753=CARTESIAN_POINT('Ctrl Pts',(5.,0.429740846157074,22.2851300239563));
#1754=CARTESIAN_POINT('',(0.,2.087312489748,26.6234660148621));
#1755=CARTESIAN_POINT('Ctrl Pts',(0.,5.1978175342083,29.1814470291138));
#1756=CARTESIAN_POINT('Ctrl Pts',(5.,5.1978175342083,29.1814470291138));
#1757=CARTESIAN_POINT('Ctrl Pts',(0.,4.57703823766783,28.8519170466758));
#1758=CARTESIAN_POINT('Ctrl Pts',(5.,4.57703823766783,28.8519170466758));
#1759=CARTESIAN_POINT('Ctrl Pts',(0.,3.36630753884141,28.2092215377487));
#1760=CARTESIAN_POINT('Ctrl Pts',(5.,3.36630753884141,28.2092215377487));
#1761=CARTESIAN_POINT('Ctrl Pts',(0.,2.5063453230634,27.1430017473669));
#1762=CARTESIAN_POINT('Ctrl Pts',(5.,2.5063453230634,27.1430017473669));
#1763=CARTESIAN_POINT('Ctrl Pts',(0.,2.087312489748,26.6234660148621));
#1764=CARTESIAN_POINT('Ctrl Pts',(5.,2.087312489748,26.6234660148621));
#1765=CARTESIAN_POINT('',(0.,5.1978175342083,29.1814470291138));
#1766=CARTESIAN_POINT('Ctrl Pts',(0.,2.087312489748,26.6234660148621));
#1767=CARTESIAN_POINT('Ctrl Pts',(0.,2.5063453230634,27.1430017473669));
#1768=CARTESIAN_POINT('Ctrl Pts',(0.,3.36630753884141,28.2092215377487));
#1769=CARTESIAN_POINT('Ctrl Pts',(0.,4.57703823766783,28.8519170466758));
#1770=CARTESIAN_POINT('Ctrl Pts',(0.,5.1978175342083,29.1814470291138));
#1771=CARTESIAN_POINT('',(5.,5.1978175342083,29.1814470291138));
#1772=CARTESIAN_POINT('Ctrl Pts',(5.,5.1978175342083,29.1814470291138));
#1773=CARTESIAN_POINT('Ctrl Pts',(5.,4.57703823766783,28.8519170466758));
#1774=CARTESIAN_POINT('Ctrl Pts',(5.,3.36630753884141,28.2092215377487));
#1775=CARTESIAN_POINT('Ctrl Pts',(5.,2.5063453230634,27.1430017473669));
#1776=CARTESIAN_POINT('Ctrl Pts',(5.,2.087312489748,26.6234660148621));
#1777=CARTESIAN_POINT('',(0.,5.1978175342083,29.1814470291138));
#1778=CARTESIAN_POINT('Ctrl Pts',(0.,9.67940017580986,30.1227855682373));
#1779=CARTESIAN_POINT('Ctrl Pts',(5.,9.67940017580986,30.1227855682373));
#1780=CARTESIAN_POINT('Ctrl Pts',(0.,8.88387023569993,30.0882840157024));
#1781=CARTESIAN_POINT('Ctrl Pts',(5.,8.88387023569993,30.0882840157024));
#1782=CARTESIAN_POINT('Ctrl Pts',(0.,7.33736311667581,30.0212131313492));
#1783=CARTESIAN_POINT('Ctrl Pts',(5.,7.33736311667581,30.0212131313492));
#1784=CARTESIAN_POINT('Ctrl Pts',(0.,5.89716938924453,29.4559408217244));
#1785=CARTESIAN_POINT('Ctrl Pts',(5.,5.89716938924453,29.4559408217244));
#1786=CARTESIAN_POINT('Ctrl Pts',(0.,5.1978175342083,29.1814470291138));
#1787=CARTESIAN_POINT('Ctrl Pts',(5.,5.1978175342083,29.1814470291138));
#1788=CARTESIAN_POINT('',(0.,9.67940017580986,30.1227855682373));
#1789=CARTESIAN_POINT('Ctrl Pts',(0.,5.1978175342083,29.1814470291138));
#1790=CARTESIAN_POINT('Ctrl Pts',(0.,5.89716938924453,29.4559408217244));
#1791=CARTESIAN_POINT('Ctrl Pts',(0.,7.33736311667581,30.0212131313492));
#1792=CARTESIAN_POINT('Ctrl Pts',(0.,8.88387023569993,30.0882840157024));
#1793=CARTESIAN_POINT('Ctrl Pts',(0.,9.67940017580986,30.1227855682373));
#1794=CARTESIAN_POINT('',(5.,9.67940017580986,30.1227855682373));
#1795=CARTESIAN_POINT('Ctrl Pts',(5.,9.67940017580986,30.1227855682373));
#1796=CARTESIAN_POINT('Ctrl Pts',(5.,8.88387023569993,30.0882840157024));
#1797=CARTESIAN_POINT('Ctrl Pts',(5.,7.33736311667581,30.0212131313492));
#1798=CARTESIAN_POINT('Ctrl Pts',(5.,5.89716938924453,29.4559408217244));
#1799=CARTESIAN_POINT('Ctrl Pts',(5.,5.1978175342083,29.1814470291138));
#1800=CARTESIAN_POINT('',(0.,9.67940017580986,30.1227855682373));
#1801=CARTESIAN_POINT('Ctrl Pts',(0.,16.473398655653,27.4215579032898));
#1802=CARTESIAN_POINT('Ctrl Pts',(5.,16.473398655653,27.4215579032898));
#1803=CARTESIAN_POINT('Ctrl Pts',(0.,15.5265608230892,28.2091234749275));
#1804=CARTESIAN_POINT('Ctrl Pts',(5.,15.5265608230892,28.2091234749275));
#1805=CARTESIAN_POINT('Ctrl Pts',(0.,13.5607339947831,29.8442688784266));
#1806=CARTESIAN_POINT('Ctrl Pts',(5.,13.5607339947831,29.8442688784266));
#1807=CARTESIAN_POINT('Ctrl Pts',(0.,11.0044522672893,30.0277025015499));
#1808=CARTESIAN_POINT('Ctrl Pts',(5.,11.0044522672893,30.0277025015499));
#1809=CARTESIAN_POINT('Ctrl Pts',(0.,9.67940017580986,30.1227855682373));
#1810=CARTESIAN_POINT('Ctrl Pts',(5.,9.67940017580986,30.1227855682373));
#1811=CARTESIAN_POINT('',(0.,16.473398655653,27.4215579032898));
#1812=CARTESIAN_POINT('Ctrl Pts',(0.,9.67940017580986,30.1227855682373));
#1813=CARTESIAN_POINT('Ctrl Pts',(0.,11.0044522672893,30.0277025015499));
#1814=CARTESIAN_POINT('Ctrl Pts',(0.,13.5607339947831,29.8442688784266));
#1815=CARTESIAN_POINT('Ctrl Pts',(0.,15.5265608230892,28.2091234749275));
#1816=CARTESIAN_POINT('Ctrl Pts',(0.,16.473398655653,27.4215579032898));
#1817=CARTESIAN_POINT('',(5.,16.473398655653,27.4215579032898));
#1818=CARTESIAN_POINT('Ctrl Pts',(5.,16.473398655653,27.4215579032898));
#1819=CARTESIAN_POINT('Ctrl Pts',(5.,15.5265608230892,28.2091234749275));
#1820=CARTESIAN_POINT('Ctrl Pts',(5.,13.5607339947831,29.8442688784266));
#1821=CARTESIAN_POINT('Ctrl Pts',(5.,11.0044522672893,30.0277025015499));
#1822=CARTESIAN_POINT('Ctrl Pts',(5.,9.67940017580986,30.1227855682373));
#1823=CARTESIAN_POINT('',(0.,16.473398655653,27.4215579032898));
#1824=CARTESIAN_POINT('Ctrl Pts',(0.,18.5811750590801,22.4283790588379));
#1825=CARTESIAN_POINT('Ctrl Pts',(5.,18.5811750590801,22.4283790588379));
#1826=CARTESIAN_POINT('Ctrl Pts',(0.,18.4846006519812,23.341222365852));
#1827=CARTESIAN_POINT('Ctrl Pts',(5.,18.4846006519812,23.341222365852));
#1828=CARTESIAN_POINT('Ctrl Pts',(0.,18.2863182657162,25.215432673096));
#1829=CARTESIAN_POINT('Ctrl Pts',(5.,18.2863182657162,25.215432673096));
#1830=CARTESIAN_POINT('Ctrl Pts',(0.,17.0880463616388,26.6735987525755));
#1831=CARTESIAN_POINT('Ctrl Pts',(5.,17.0880463616388,26.6735987525755));
#1832=CARTESIAN_POINT('Ctrl Pts',(0.,16.473398655653,27.4215579032898));
#1833=CARTESIAN_POINT('Ctrl Pts',(5.,16.473398655653,27.4215579032898));
#1834=CARTESIAN_POINT('',(0.,18.5811750590801,22.4283790588379));
#1835=CARTESIAN_POINT('Ctrl Pts',(0.,16.473398655653,27.4215579032898));
#1836=CARTESIAN_POINT('Ctrl Pts',(0.,17.0880463616388,26.6735987525755));
#1837=CARTESIAN_POINT('Ctrl Pts',(0.,18.2863182657162,25.215432673096));
#1838=CARTESIAN_POINT('Ctrl Pts',(0.,18.4846006519812,23.341222365852));
#1839=CARTESIAN_POINT('Ctrl Pts',(0.,18.5811750590801,22.4283790588379));
#1840=CARTESIAN_POINT('',(5.,18.5811750590801,22.4283790588379));
#1841=CARTESIAN_POINT('Ctrl Pts',(5.,18.5811750590801,22.4283790588379));
#1842=CARTESIAN_POINT('Ctrl Pts',(5.,18.4846006519812,23.341222365852));
#1843=CARTESIAN_POINT('Ctrl Pts',(5.,18.2863182657162,25.215432673096));
#1844=CARTESIAN_POINT('Ctrl Pts',(5.,17.0880463616388,26.6735987525755));
#1845=CARTESIAN_POINT('Ctrl Pts',(5.,16.473398655653,27.4215579032898));
#1846=CARTESIAN_POINT('',(0.,18.5811750590801,22.4283790588379));
#1847=CARTESIAN_POINT('Ctrl Pts',(0.,14.2633025348186,16.1255121231079));
#1848=CARTESIAN_POINT('Ctrl Pts',(5.,14.2633025348186,16.1255121231079));
#1849=CARTESIAN_POINT('Ctrl Pts',(0.,15.5209124706335,16.9260705467148));
#1850=CARTESIAN_POINT('Ctrl Pts',(5.,15.5209124706335,16.9260705467148));
#1851=CARTESIAN_POINT('Ctrl Pts',(0.,17.8766109091891,18.425640623856));
#1852=CARTESIAN_POINT('Ctrl Pts',(5.,17.8766109091891,18.425640623856));
#1853=CARTESIAN_POINT('Ctrl Pts',(0.,18.3571676707876,21.1557582719626));
#1854=CARTESIAN_POINT('Ctrl Pts',(5.,18.3571676707876,21.1557582719626));
#1855=CARTESIAN_POINT('Ctrl Pts',(0.,18.5811750590801,22.4283790588379));
#1856=CARTESIAN_POINT('Ctrl Pts',(5.,18.5811750590801,22.4283790588379));
#1857=CARTESIAN_POINT('',(0.,14.2633025348186,16.1255121231079));
#1858=CARTESIAN_POINT('Ctrl Pts',(0.,18.5811750590801,22.4283790588379));
#1859=CARTESIAN_POINT('Ctrl Pts',(0.,18.3571676707876,21.1557582719626));
#1860=CARTESIAN_POINT('Ctrl Pts',(0.,17.8766109091891,18.425640623856));
#1861=CARTESIAN_POINT('Ctrl Pts',(0.,15.5209124706335,16.9260705467148));
#1862=CARTESIAN_POINT('Ctrl Pts',(0.,14.2633025348186,16.1255121231079));
#1863=CARTESIAN_POINT('',(5.,14.2633025348186,16.1255121231079));
#1864=CARTESIAN_POINT('Ctrl Pts',(5.,14.2633025348186,16.1255121231079));
#1865=CARTESIAN_POINT('Ctrl Pts',(5.,15.5209124706335,16.9260705467148));
#1866=CARTESIAN_POINT('Ctrl Pts',(5.,17.8766109091891,18.425640623856));
#1867=CARTESIAN_POINT('Ctrl Pts',(5.,18.3571676707876,21.1557582719626));
#1868=CARTESIAN_POINT('Ctrl Pts',(5.,18.5811750590801,22.4283790588379));
#1869=CARTESIAN_POINT('',(0.,14.2633025348186,16.1255121231079));
#1870=CARTESIAN_POINT('Ctrl Pts',(0.,18.3765356242657,13.6493873596191));
#1871=CARTESIAN_POINT('Ctrl Pts',(5.,18.3765356242657,13.6493873596191));
#1872=CARTESIAN_POINT('Ctrl Pts',(0.,17.8136126958794,14.2350934509562));
#1873=CARTESIAN_POINT('Ctrl Pts',(5.,17.8136126958794,14.2350934509562));
#1874=CARTESIAN_POINT('Ctrl Pts',(0.,16.6661073257985,15.4290417717773));
#1875=CARTESIAN_POINT('Ctrl Pts',(5.,16.6661073257985,15.4290417717773));
#1876=CARTESIAN_POINT('Ctrl Pts',(0.,15.0742530432613,15.8904522515582));
#1877=CARTESIAN_POINT('Ctrl Pts',(5.,15.0742530432613,15.8904522515582));
#1878=CARTESIAN_POINT('Ctrl Pts',(0.,14.2633025348186,16.1255121231079));
#1879=CARTESIAN_POINT('Ctrl Pts',(5.,14.2633025348186,16.1255121231079));
#1880=CARTESIAN_POINT('',(0.,18.3765356242657,13.6493873596191));
#1881=CARTESIAN_POINT('Ctrl Pts',(0.,14.2633025348186,16.1255121231079));
#1882=CARTESIAN_POINT('Ctrl Pts',(0.,15.0742530432613,15.8904522515582));
#1883=CARTESIAN_POINT('Ctrl Pts',(0.,16.6661073257985,15.4290417717773));
#1884=CARTESIAN_POINT('Ctrl Pts',(0.,17.8136126958794,14.2350934509562));
#1885=CARTESIAN_POINT('Ctrl Pts',(0.,18.3765356242657,13.6493873596191));
#1886=CARTESIAN_POINT('',(5.,18.3765356242657,13.6493873596191));
#1887=CARTESIAN_POINT('Ctrl Pts',(5.,18.3765356242657,13.6493873596191));
#1888=CARTESIAN_POINT('Ctrl Pts',(5.,17.8136126958794,14.2350934509562));
#1889=CARTESIAN_POINT('Ctrl Pts',(5.,16.6661073257985,15.4290417717773));
#1890=CARTESIAN_POINT('Ctrl Pts',(5.,15.0742530432613,15.8904522515582));
#1891=CARTESIAN_POINT('Ctrl Pts',(5.,14.2633025348186,16.1255121231079));
#1892=CARTESIAN_POINT('',(0.,18.3765356242657,13.6493873596191));
#1893=CARTESIAN_POINT('Ctrl Pts',(0.,19.931787699461,9.00409460067749));
#1894=CARTESIAN_POINT('Ctrl Pts',(5.,19.931787699461,9.00409460067749));
#1895=CARTESIAN_POINT('Ctrl Pts',(0.,19.8740050818575,9.86923100096914));
#1896=CARTESIAN_POINT('Ctrl Pts',(5.,19.8740050818575,9.86923100096914));
#1897=CARTESIAN_POINT('Ctrl Pts',(0.,19.7613724242338,11.555596486181));
#1898=CARTESIAN_POINT('Ctrl Pts',(5.,19.7613724242338,11.555596486181));
#1899=CARTESIAN_POINT('Ctrl Pts',(0.,18.8300651826511,12.9636776426304));
#1900=CARTESIAN_POINT('Ctrl Pts',(5.,18.8300651826511,12.9636776426304));
#1901=CARTESIAN_POINT('Ctrl Pts',(0.,18.3765356242657,13.6493873596191));
#1902=CARTESIAN_POINT('Ctrl Pts',(5.,18.3765356242657,13.6493873596191));
#1903=CARTESIAN_POINT('',(0.,19.931787699461,9.00409460067749));
#1904=CARTESIAN_POINT('Ctrl Pts',(0.,18.3765356242657,13.6493873596191));
#1905=CARTESIAN_POINT('Ctrl Pts',(0.,18.8300651826511,12.9636776426304));
#1906=CARTESIAN_POINT('Ctrl Pts',(0.,19.7613724242338,11.555596486181));
#1907=CARTESIAN_POINT('Ctrl Pts',(0.,19.8740050818575,9.86923100096914));
#1908=CARTESIAN_POINT('Ctrl Pts',(0.,19.931787699461,9.00409460067749));
#1909=CARTESIAN_POINT('',(5.,19.931787699461,9.00409460067749));
#1910=CARTESIAN_POINT('Ctrl Pts',(5.,19.931787699461,9.00409460067749));
#1911=CARTESIAN_POINT('Ctrl Pts',(5.,19.8740050818575,9.86923100096914));
#1912=CARTESIAN_POINT('Ctrl Pts',(5.,19.7613724242338,11.555596486181));
#1913=CARTESIAN_POINT('Ctrl Pts',(5.,18.8300651826511,12.9636776426304));
#1914=CARTESIAN_POINT('Ctrl Pts',(5.,18.3765356242657,13.6493873596191));
#1915=CARTESIAN_POINT('',(0.,19.931787699461,9.00409460067749));
#1916=CARTESIAN_POINT('Ctrl Pts',(0.,17.0463852584362,2.27148771286011));
#1917=CARTESIAN_POINT('Ctrl Pts',(5.,17.0463852584362,2.27148771286011));
#1918=CARTESIAN_POINT('Ctrl Pts',(0.,17.8879571345883,3.24498960797946));
#1919=CARTESIAN_POINT('Ctrl Pts',(5.,17.8879571345883,3.24498960797946));
#1920=CARTESIAN_POINT('Ctrl Pts',(0.,19.5640410146074,5.18382677663359));
#1921=CARTESIAN_POINT('Ctrl Pts',(5.,19.5640410146074,5.18382677663359));
#1922=CARTESIAN_POINT('Ctrl Pts',(0.,19.8095501761454,7.73425289591978));
#1923=CARTESIAN_POINT('Ctrl Pts',(5.,19.8095501761454,7.73425289591978));
#1924=CARTESIAN_POINT('Ctrl Pts',(0.,19.931787699461,9.00409460067749));
#1925=CARTESIAN_POINT('Ctrl Pts',(5.,19.931787699461,9.00409460067749));
#1926=CARTESIAN_POINT('',(0.,17.0463852584362,2.27148771286011));
#1927=CARTESIAN_POINT('Ctrl Pts',(0.,19.931787699461,9.00409460067749));
#1928=CARTESIAN_POINT('Ctrl Pts',(0.,19.8095501761454,7.73425289591978));
#1929=CARTESIAN_POINT('Ctrl Pts',(0.,19.5640410146074,5.18382677663359));
#1930=CARTESIAN_POINT('Ctrl Pts',(0.,17.8879571345883,3.24498960797946));
#1931=CARTESIAN_POINT('Ctrl Pts',(0.,17.0463852584362,2.27148771286011));
#1932=CARTESIAN_POINT('',(5.,17.0463852584362,2.27148771286011));
#1933=CARTESIAN_POINT('Ctrl Pts',(5.,17.0463852584362,2.27148771286011));
#1934=CARTESIAN_POINT('Ctrl Pts',(5.,17.8879571345883,3.24498960797946));
#1935=CARTESIAN_POINT('Ctrl Pts',(5.,19.5640410146074,5.18382677663359));
#1936=CARTESIAN_POINT('Ctrl Pts',(5.,19.8095501761454,7.73425289591978));
#1937=CARTESIAN_POINT('Ctrl Pts',(5.,19.931787699461,9.00409460067749));
#1938=CARTESIAN_POINT('',(0.,17.0463852584362,2.27148771286011));
#1939=CARTESIAN_POINT('Ctrl Pts',(0.,9.86357495188713,-0.511596202850342));
#1940=CARTESIAN_POINT('Ctrl Pts',(5.,9.86357495188713,-0.511596202850342));
#1941=CARTESIAN_POINT('Ctrl Pts',(0.,11.2274638151847,-0.404902348858949));
#1942=CARTESIAN_POINT('Ctrl Pts',(5.,11.2274638151847,-0.404902348858949));
#1943=CARTESIAN_POINT('Ctrl Pts',(0.,13.9033142555706,-0.195576791717085));
#1944=CARTESIAN_POINT('Ctrl Pts',(5.,13.9033142555706,-0.195576791717085));
#1945=CARTESIAN_POINT('Ctrl Pts',(0.,16.01233742174,1.45984116983827));
#1946=CARTESIAN_POINT('Ctrl Pts',(5.,16.01233742174,1.45984116983827));
#1947=CARTESIAN_POINT('Ctrl Pts',(0.,17.0463852584362,2.27148771286011));
#1948=CARTESIAN_POINT('Ctrl Pts',(5.,17.0463852584362,2.27148771286011));
#1949=CARTESIAN_POINT('',(0.,9.86357495188713,-0.511596202850342));
#1950=CARTESIAN_POINT('Ctrl Pts',(0.,17.0463852584362,2.27148771286011));
#1951=CARTESIAN_POINT('Ctrl Pts',(0.,16.01233742174,1.45984116983827));
#1952=CARTESIAN_POINT('Ctrl Pts',(0.,13.9033142555706,-0.195576791717085));
#1953=CARTESIAN_POINT('Ctrl Pts',(0.,11.2274638151847,-0.404902348858949));
#1954=CARTESIAN_POINT('Ctrl Pts',(0.,9.86357495188713,-0.511596202850342));
#1955=CARTESIAN_POINT('',(5.,9.86357495188713,-0.511596202850342));
#1956=CARTESIAN_POINT('Ctrl Pts',(5.,9.86357495188713,-0.511596202850342));
#1957=CARTESIAN_POINT('Ctrl Pts',(5.,11.2274638151847,-0.404902348858949));
#1958=CARTESIAN_POINT('Ctrl Pts',(5.,13.9033142555706,-0.195576791717085));
#1959=CARTESIAN_POINT('Ctrl Pts',(5.,16.01233742174,1.45984116983827));
#1960=CARTESIAN_POINT('Ctrl Pts',(5.,17.0463852584362,2.27148771286011));
#1961=CARTESIAN_POINT('',(0.,9.86357495188713,-0.511596202850342));
#1962=CARTESIAN_POINT('Ctrl Pts',(0.,3.11050489544868,1.82128190994263));
#1963=CARTESIAN_POINT('Ctrl Pts',(5.,3.11050489544868,1.82128190994263));
#1964=CARTESIAN_POINT('Ctrl Pts',(0.,4.08580733418659,1.14112179168906));
#1965=CARTESIAN_POINT('Ctrl Pts',(5.,4.08580733418659,1.14112179168906));
#1966=CARTESIAN_POINT('Ctrl Pts',(0.,6.11228182663022,-0.272108685004833));
#1967=CARTESIAN_POINT('Ctrl Pts',(5.,6.11228182663022,-0.272108685004833));
#1968=CARTESIAN_POINT('Ctrl Pts',(0.,8.58231849849026,-0.429799095159233));
#1969=CARTESIAN_POINT('Ctrl Pts',(5.,8.58231849849026,-0.429799095159233));
#1970=CARTESIAN_POINT('Ctrl Pts',(0.,9.86357495188713,-0.511596202850342));
#1971=CARTESIAN_POINT('Ctrl Pts',(5.,9.86357495188713,-0.511596202850342));
#1972=CARTESIAN_POINT('',(0.,3.11050489544868,1.82128190994263));
#1973=CARTESIAN_POINT('Ctrl Pts',(0.,9.86357495188713,-0.511596202850342));
#1974=CARTESIAN_POINT('Ctrl Pts',(0.,8.58231849849026,-0.429799095159233));
#1975=CARTESIAN_POINT('Ctrl Pts',(0.,6.11228182663022,-0.272108685004833));
#1976=CARTESIAN_POINT('Ctrl Pts',(0.,4.08580733418659,1.14112179168906));
#1977=CARTESIAN_POINT('Ctrl Pts',(0.,3.11050489544868,1.82128190994263));
#1978=CARTESIAN_POINT('',(5.,3.11050489544868,1.82128190994263));
#1979=CARTESIAN_POINT('Ctrl Pts',(5.,3.11050489544868,1.82128190994263));
#1980=CARTESIAN_POINT('Ctrl Pts',(5.,4.08580733418659,1.14112179168906));
#1981=CARTESIAN_POINT('Ctrl Pts',(5.,6.11228182663022,-0.272108685004833));
#1982=CARTESIAN_POINT('Ctrl Pts',(5.,8.58231849849026,-0.429799095159233));
#1983=CARTESIAN_POINT('Ctrl Pts',(5.,9.86357495188713,-0.511596202850342));
#1984=CARTESIAN_POINT('',(0.,3.11050489544868,1.82128190994263));
#1985=CARTESIAN_POINT('Ctrl Pts',(0.,0.,7.96043634414673));
#1986=CARTESIAN_POINT('Ctrl Pts',(5.,0.,7.96043634414673));
#1987=CARTESIAN_POINT('Ctrl Pts',(0.,0.228650517376182,6.76564759757767));
#1988=CARTESIAN_POINT('Ctrl Pts',(5.,0.228650517376182,6.76564759757767));
#1989=CARTESIAN_POINT('Ctrl Pts',(0.,0.677759473268224,4.41887693359365));
#1990=CARTESIAN_POINT('Ctrl Pts',(5.,0.677759473268224,4.41887693359365));
#1991=CARTESIAN_POINT('Ctrl Pts',(0.,2.30951120674797,2.67655316059407));
#1992=CARTESIAN_POINT('Ctrl Pts',(5.,2.30951120674797,2.67655316059407));
#1993=CARTESIAN_POINT('Ctrl Pts',(0.,3.11050489544868,1.82128190994263));
#1994=CARTESIAN_POINT('Ctrl Pts',(5.,3.11050489544868,1.82128190994263));
#1995=CARTESIAN_POINT('Ctrl Pts',(0.,3.11050489544868,1.82128190994263));
#1996=CARTESIAN_POINT('Ctrl Pts',(0.,2.30951120674797,2.67655316059407));
#1997=CARTESIAN_POINT('Ctrl Pts',(0.,0.677759473268224,4.41887693359365));
#1998=CARTESIAN_POINT('Ctrl Pts',(0.,0.228650517376182,6.76564759757767));
#1999=CARTESIAN_POINT('Ctrl Pts',(0.,0.,7.96043634414673));
#2000=CARTESIAN_POINT('Ctrl Pts',(5.,0.,7.96043634414673));
#2001=CARTESIAN_POINT('Ctrl Pts',(5.,0.228650517376182,6.76564759757767));
#2002=CARTESIAN_POINT('Ctrl Pts',(5.,0.677759473268224,4.41887693359365));
#2003=CARTESIAN_POINT('Ctrl Pts',(5.,2.30951120674797,2.67655316059407));
#2004=CARTESIAN_POINT('Ctrl Pts',(5.,3.11050489544868,1.82128190994263));
#2005=CARTESIAN_POINT('Origin',(5.,9.96589384973049,14.8055946826935));
#2006=CARTESIAN_POINT('Origin',(0.,9.96589384973049,14.8055946826935));
#2007=CARTESIAN_POINT('',(-2.77555756156289E-15,3.49115150117603,35.7161803531187));
#2008=UNCERTAINTY_MEASURE_WITH_UNIT(LENGTH_MEASURE(0.01),#2014,
'DISTANCE_ACCURACY_VALUE',
'Maximum model space distance between geometric entities at asserted c
onnectivities');
#2009=UNCERTAINTY_MEASURE_WITH_UNIT(LENGTH_MEASURE(0.01),#2014,
'DISTANCE_ACCURACY_VALUE',
'Maximum model space distance between geometric entities at asserted c
onnectivities');
#2010=UNCERTAINTY_MEASURE_WITH_UNIT(LENGTH_MEASURE(0.01),#2014,
'DISTANCE_ACCURACY_VALUE',
'Maximum model space distance between geometric entities at asserted c
onnectivities');
#2011=(
GEOMETRIC_REPRESENTATION_CONTEXT(3)
GLOBAL_UNCERTAINTY_ASSIGNED_CONTEXT((#2008))
GLOBAL_UNIT_ASSIGNED_CONTEXT((#2014,#2016,#2017))
REPRESENTATION_CONTEXT('','3D')
);
#2012=(
GEOMETRIC_REPRESENTATION_CONTEXT(3)
GLOBAL_UNCERTAINTY_ASSIGNED_CONTEXT((#2009))
GLOBAL_UNIT_ASSIGNED_CONTEXT((#2014,#2016,#2017))
REPRESENTATION_CONTEXT('','3D')
);
#2013=(
GEOMETRIC_REPRESENTATION_CONTEXT(3)
GLOBAL_UNCERTAINTY_ASSIGNED_CONTEXT((#2010))
GLOBAL_UNIT_ASSIGNED_CONTEXT((#2014,#2016,#2017))
REPRESENTATION_CONTEXT('','3D')
);
#2014=(
LENGTH_UNIT()
NAMED_UNIT(*)
SI_UNIT(.MILLI.,.METRE.)
);
#2015=(
LENGTH_UNIT()
NAMED_UNIT(*)
SI_UNIT($,.METRE.)
);
#2016=(
NAMED_UNIT(*)
PLANE_ANGLE_UNIT()
SI_UNIT($,.RADIAN.)
);
#2017=(
NAMED_UNIT(*)
SI_UNIT($,.STERADIAN.)
SOLID_ANGLE_UNIT()
);
#2018=SHAPE_DEFINITION_REPRESENTATION(#2020,#2023);
#2019=SHAPE_DEFINITION_REPRESENTATION(#2021,#2024);
#2020=PRODUCT_DEFINITION_SHAPE('',$,#2026);
#2021=PRODUCT_DEFINITION_SHAPE('',$,#2027);
#2022=PRODUCT_DEFINITION_SHAPE($,$,#14);
#2023=SHAPE_REPRESENTATION('',(#978,#1003),#2011);
#2024=SHAPE_REPRESENTATION('',(#979),#2012);
#2025=PRODUCT_DEFINITION_CONTEXT('part definition',#2033,'design');
#2026=PRODUCT_DEFINITION('3 liczba','3 liczba v1',#2028,#2025);
#2027=PRODUCT_DEFINITION('try1','try1 v1',#2029,#2025);
#2028=PRODUCT_DEFINITION_FORMATION('',$,#2035);
#2029=PRODUCT_DEFINITION_FORMATION('',$,#2036);
#2030=PRODUCT_RELATED_PRODUCT_CATEGORY('3 liczba v1','3 liczba v1',(#2035));
#2031=PRODUCT_RELATED_PRODUCT_CATEGORY('try1 v1','try1 v1',(#2036));
#2032=APPLICATION_PROTOCOL_DEFINITION('international standard',
'automotive_design',2009,#2033);
#2033=APPLICATION_CONTEXT(
'Core Data for Automotive Mechanical Design Process');
#2034=PRODUCT_CONTEXT('part definition',#2033,'mechanical');
#2035=PRODUCT('3 liczba','3 liczba v1',$,(#2034));
#2036=PRODUCT('try1','try1 v1',$,(#2034));
#2037=PRESENTATION_STYLE_ASSIGNMENT((#2039));
#2038=PRESENTATION_STYLE_ASSIGNMENT((#2040));
#2039=SURFACE_STYLE_USAGE(.BOTH.,#2041);
#2040=SURFACE_STYLE_USAGE(.BOTH.,#2042);
#2041=SURFACE_SIDE_STYLE('',(#2043));
#2042=SURFACE_SIDE_STYLE('',(#2044));
#2043=SURFACE_STYLE_FILL_AREA(#2045);
#2044=SURFACE_STYLE_FILL_AREA(#2046);
#2045=FILL_AREA_STYLE('Stal \X2\2014\X0\ satynowa',(#2047));
#2046=FILL_AREA_STYLE('Opaque(191,191,191)',(#2048));
#2047=FILL_AREA_STYLE_COLOUR('Stal \X2\2014\X0\ satynowa',#2049);
#2048=FILL_AREA_STYLE_COLOUR('Opaque(191,191,191)',#2050);
#2049=COLOUR_RGB('Stal \X2\2014\X0\ satynowa',0.627450980392157,0.627450980392157,
0.627450980392157);
#2050=COLOUR_RGB('Opaque(191,191,191)',0.749019607843137,0.749019607843137,
0.749019607843137);
ENDSEC;
END-ISO-10303-21;
