ISO-10303-21;
HEADER;
/* Generated by software containing ST-Developer
 * from STEP Tools, Inc. (www.steptools.com) 
 */

FILE_DESCRIPTION(
/* description */ (''),
/* implementation_level */ '2;1');

FILE_NAME(
/* name */ 'lacznik_usztywniajacy.stp',
/* time_stamp */ '2026-08-31T13:55:36+02:00',
/* author */ ('wojta'),
/* organization */ (''),
/* preprocessor_version */ 'ST-DEVELOPER v20',
/* originating_system */ 'Autodesk Inventor 2025',
/* authorisation */ '');

FILE_SCHEMA (('AUTOMOTIVE_DESIGN { 1 0 10303 214 3 1 1 }'));
ENDSEC;

DATA;
#10=MECHANICAL_DESIGN_GEOMETRIC_PRESENTATION_REPRESENTATION('',(#13),#3052);
#11=SHAPE_REPRESENTATION_RELATIONSHIP('SRR','None',#3059,#12);
#12=ADVANCED_BREP_SHAPE_REPRESENTATION('',(#14),#3051);
#13=STYLED_ITEM('',(#3068),#14);
#14=MANIFOLD_SOLID_BREP('Bry\X2\0142\X0\a1',#1807);
#15=FACE_BOUND('',#275,.T.);
#16=FACE_BOUND('',#289,.T.);
#17=FACE_BOUND('',#290,.T.);
#18=FACE_BOUND('',#291,.T.);
#19=FACE_BOUND('',#292,.T.);
#20=FACE_BOUND('',#293,.T.);
#21=TOROIDAL_SURFACE('',#1879,3.4,0.4);
#22=TOROIDAL_SURFACE('',#1885,3.4,0.4);
#23=TOROIDAL_SURFACE('',#1890,3.4,0.4);
#24=TOROIDAL_SURFACE('',#1895,3.4,0.4);
#25=TOROIDAL_SURFACE('',#1906,3.4,0.4);
#26=TOROIDAL_SURFACE('',#1913,3.4,0.4);
#27=TOROIDAL_SURFACE('',#1918,3.4,0.4);
#28=TOROIDAL_SURFACE('',#1923,3.4,0.4);
#29=CYLINDRICAL_SURFACE('',#1846,3.);
#30=CYLINDRICAL_SURFACE('',#1849,3.);
#31=CYLINDRICAL_SURFACE('',#1869,3.);
#32=CYLINDRICAL_SURFACE('',#1872,3.);
#33=CYLINDRICAL_SURFACE('',#1876,0.4);
#34=CYLINDRICAL_SURFACE('',#1883,0.4);
#35=CYLINDRICAL_SURFACE('',#1888,0.4);
#36=CYLINDRICAL_SURFACE('',#1893,0.4);
#37=CYLINDRICAL_SURFACE('',#1899,3.);
#38=CYLINDRICAL_SURFACE('',#1911,0.4);
#39=CYLINDRICAL_SURFACE('',#1916,0.4);
#40=CYLINDRICAL_SURFACE('',#1921,0.4);
#41=CYLINDRICAL_SURFACE('',#1927,0.4);
#42=CYLINDRICAL_SURFACE('',#1929,3.);
#43=CYLINDRICAL_SURFACE('',#1931,3.);
#44=CYLINDRICAL_SURFACE('',#1937,3.);
#45=CYLINDRICAL_SURFACE('',#1950,3.);
#46=CYLINDRICAL_SURFACE('',#1953,3.);
#47=CYLINDRICAL_SURFACE('',#1966,3.);
#48=CYLINDRICAL_SURFACE('',#1968,3.);
#49=CIRCLE('',#1832,0.999999999999999);
#50=CIRCLE('',#1833,3.);
#51=CIRCLE('',#1836,0.999999999999998);
#52=CIRCLE('',#1837,3.);
#53=CIRCLE('',#1840,1.);
#54=CIRCLE('',#1841,3.);
#55=CIRCLE('',#1844,1.);
#56=CIRCLE('',#1845,3.);
#57=CIRCLE('',#1847,3.);
#58=CIRCLE('',#1850,3.);
#59=CIRCLE('',#1855,1.);
#60=CIRCLE('',#1856,3.);
#61=CIRCLE('',#1859,1.);
#62=CIRCLE('',#1860,3.);
#63=CIRCLE('',#1863,0.999999999999998);
#64=CIRCLE('',#1864,3.);
#65=CIRCLE('',#1867,0.999999999999999);
#66=CIRCLE('',#1868,3.);
#67=CIRCLE('',#1870,3.);
#68=CIRCLE('',#1873,3.);
#69=CIRCLE('',#1877,0.4);
#70=CIRCLE('',#1878,0.4);
#71=CIRCLE('',#1880,0.4);
#72=CIRCLE('',#1881,3.4);
#73=CIRCLE('',#1882,3.);
#74=CIRCLE('',#1884,0.4);
#75=CIRCLE('',#1886,0.399999999999991);
#76=CIRCLE('',#1887,3.4);
#77=CIRCLE('',#1889,0.399999999999991);
#78=CIRCLE('',#1891,0.4);
#79=CIRCLE('',#1892,3.4);
#80=CIRCLE('',#1894,0.400000000000001);
#81=CIRCLE('',#1896,3.);
#82=CIRCLE('',#1897,3.4);
#83=CIRCLE('',#1902,2.);
#84=CIRCLE('',#1903,2.);
#85=CIRCLE('',#1904,2.);
#86=CIRCLE('',#1905,2.);
#87=CIRCLE('',#1907,0.399999999999991);
#88=CIRCLE('',#1908,3.4);
#89=CIRCLE('',#1909,0.4);
#90=CIRCLE('',#1910,3.);
#91=CIRCLE('',#1912,0.4);
#92=CIRCLE('',#1914,0.4);
#93=CIRCLE('',#1915,3.4);
#94=CIRCLE('',#1917,0.4);
#95=CIRCLE('',#1919,0.4);
#96=CIRCLE('',#1920,3.4);
#97=CIRCLE('',#1922,0.4);
#98=CIRCLE('',#1924,0.4);
#99=CIRCLE('',#1925,3.);
#100=CIRCLE('',#1926,3.4);
#101=CIRCLE('',#1933,2.);
#102=CIRCLE('',#1934,2.);
#103=CIRCLE('',#1935,2.);
#104=CIRCLE('',#1936,2.);
#105=CIRCLE('',#1940,3.);
#106=CIRCLE('',#1943,3.);
#107=CIRCLE('',#1946,3.);
#108=CIRCLE('',#1949,3.);
#109=CIRCLE('',#1951,3.);
#110=CIRCLE('',#1954,3.);
#111=CIRCLE('',#1958,3.);
#112=CIRCLE('',#1961,3.);
#113=CONICAL_SURFACE('',#1831,2.,0.785398163397449);
#114=CONICAL_SURFACE('',#1835,2.,0.785398163397449);
#115=CONICAL_SURFACE('',#1839,2.,0.785398163397447);
#116=CONICAL_SURFACE('',#1843,2.,0.785398163397448);
#117=CONICAL_SURFACE('',#1854,2.,0.785398163397448);
#118=CONICAL_SURFACE('',#1858,2.,0.785398163397447);
#119=CONICAL_SURFACE('',#1862,2.,0.785398163397449);
#120=CONICAL_SURFACE('',#1866,2.,0.785398163397449);
#121=CONICAL_SURFACE('',#1939,2.5,0.785398163397448);
#122=CONICAL_SURFACE('',#1942,2.5,0.785398163397448);
#123=CONICAL_SURFACE('',#1945,2.5,0.785398163397448);
#124=CONICAL_SURFACE('',#1948,2.5,0.785398163397449);
#125=CONICAL_SURFACE('',#1957,2.5,0.785398163397449);
#126=CONICAL_SURFACE('',#1960,2.5,0.785398163397448);
#127=CONICAL_SURFACE('',#1963,2.5,0.785398163397448);
#128=CONICAL_SURFACE('',#1965,2.5,0.785398163397448);
#129=FACE_OUTER_BOUND('',#237,.T.);
#130=FACE_OUTER_BOUND('',#238,.T.);
#131=FACE_OUTER_BOUND('',#239,.T.);
#132=FACE_OUTER_BOUND('',#240,.T.);
#133=FACE_OUTER_BOUND('',#241,.T.);
#134=FACE_OUTER_BOUND('',#242,.T.);
#135=FACE_OUTER_BOUND('',#243,.T.);
#136=FACE_OUTER_BOUND('',#244,.T.);
#137=FACE_OUTER_BOUND('',#245,.T.);
#138=FACE_OUTER_BOUND('',#246,.T.);
#139=FACE_OUTER_BOUND('',#247,.T.);
#140=FACE_OUTER_BOUND('',#248,.T.);
#141=FACE_OUTER_BOUND('',#249,.T.);
#142=FACE_OUTER_BOUND('',#250,.T.);
#143=FACE_OUTER_BOUND('',#251,.T.);
#144=FACE_OUTER_BOUND('',#252,.T.);
#145=FACE_OUTER_BOUND('',#253,.T.);
#146=FACE_OUTER_BOUND('',#254,.T.);
#147=FACE_OUTER_BOUND('',#255,.T.);
#148=FACE_OUTER_BOUND('',#256,.T.);
#149=FACE_OUTER_BOUND('',#257,.T.);
#150=FACE_OUTER_BOUND('',#258,.T.);
#151=FACE_OUTER_BOUND('',#259,.T.);
#152=FACE_OUTER_BOUND('',#260,.T.);
#153=FACE_OUTER_BOUND('',#261,.T.);
#154=FACE_OUTER_BOUND('',#262,.T.);
#155=FACE_OUTER_BOUND('',#263,.T.);
#156=FACE_OUTER_BOUND('',#264,.T.);
#157=FACE_OUTER_BOUND('',#265,.T.);
#158=FACE_OUTER_BOUND('',#266,.T.);
#159=FACE_OUTER_BOUND('',#267,.T.);
#160=FACE_OUTER_BOUND('',#268,.T.);
#161=FACE_OUTER_BOUND('',#269,.T.);
#162=FACE_OUTER_BOUND('',#270,.T.);
#163=FACE_OUTER_BOUND('',#271,.T.);
#164=FACE_OUTER_BOUND('',#272,.T.);
#165=FACE_OUTER_BOUND('',#273,.T.);
#166=FACE_OUTER_BOUND('',#274,.T.);
#167=FACE_OUTER_BOUND('',#276,.T.);
#168=FACE_OUTER_BOUND('',#277,.T.);
#169=FACE_OUTER_BOUND('',#278,.T.);
#170=FACE_OUTER_BOUND('',#279,.T.);
#171=FACE_OUTER_BOUND('',#280,.T.);
#172=FACE_OUTER_BOUND('',#281,.T.);
#173=FACE_OUTER_BOUND('',#282,.T.);
#174=FACE_OUTER_BOUND('',#283,.T.);
#175=FACE_OUTER_BOUND('',#284,.T.);
#176=FACE_OUTER_BOUND('',#285,.T.);
#177=FACE_OUTER_BOUND('',#286,.T.);
#178=FACE_OUTER_BOUND('',#287,.T.);
#179=FACE_OUTER_BOUND('',#288,.T.);
#180=FACE_OUTER_BOUND('',#294,.T.);
#181=FACE_OUTER_BOUND('',#295,.T.);
#182=FACE_OUTER_BOUND('',#296,.T.);
#183=FACE_OUTER_BOUND('',#297,.T.);
#184=FACE_OUTER_BOUND('',#298,.T.);
#185=FACE_OUTER_BOUND('',#299,.T.);
#186=FACE_OUTER_BOUND('',#300,.T.);
#187=FACE_OUTER_BOUND('',#301,.T.);
#188=FACE_OUTER_BOUND('',#302,.T.);
#189=FACE_OUTER_BOUND('',#303,.T.);
#190=FACE_OUTER_BOUND('',#304,.T.);
#191=FACE_OUTER_BOUND('',#305,.T.);
#192=FACE_OUTER_BOUND('',#306,.T.);
#193=FACE_OUTER_BOUND('',#307,.T.);
#194=FACE_OUTER_BOUND('',#308,.T.);
#195=FACE_OUTER_BOUND('',#309,.T.);
#196=FACE_OUTER_BOUND('',#310,.T.);
#197=FACE_OUTER_BOUND('',#311,.T.);
#198=FACE_OUTER_BOUND('',#312,.T.);
#199=FACE_OUTER_BOUND('',#313,.T.);
#200=FACE_OUTER_BOUND('',#314,.T.);
#201=FACE_OUTER_BOUND('',#315,.T.);
#202=FACE_OUTER_BOUND('',#316,.T.);
#203=FACE_OUTER_BOUND('',#317,.T.);
#204=FACE_OUTER_BOUND('',#318,.T.);
#205=FACE_OUTER_BOUND('',#319,.T.);
#206=FACE_OUTER_BOUND('',#320,.T.);
#207=FACE_OUTER_BOUND('',#321,.T.);
#208=FACE_OUTER_BOUND('',#322,.T.);
#209=FACE_OUTER_BOUND('',#323,.T.);
#210=FACE_OUTER_BOUND('',#324,.T.);
#211=FACE_OUTER_BOUND('',#325,.T.);
#212=FACE_OUTER_BOUND('',#326,.T.);
#213=FACE_OUTER_BOUND('',#327,.T.);
#214=FACE_OUTER_BOUND('',#328,.T.);
#215=FACE_OUTER_BOUND('',#329,.T.);
#216=FACE_OUTER_BOUND('',#330,.T.);
#217=FACE_OUTER_BOUND('',#331,.T.);
#218=FACE_OUTER_BOUND('',#332,.T.);
#219=FACE_OUTER_BOUND('',#333,.T.);
#220=FACE_OUTER_BOUND('',#334,.T.);
#221=FACE_OUTER_BOUND('',#335,.T.);
#222=FACE_OUTER_BOUND('',#336,.T.);
#223=FACE_OUTER_BOUND('',#337,.T.);
#224=FACE_OUTER_BOUND('',#338,.T.);
#225=FACE_OUTER_BOUND('',#339,.T.);
#226=FACE_OUTER_BOUND('',#340,.T.);
#227=FACE_OUTER_BOUND('',#341,.T.);
#228=FACE_OUTER_BOUND('',#342,.T.);
#229=FACE_OUTER_BOUND('',#343,.T.);
#230=FACE_OUTER_BOUND('',#344,.T.);
#231=FACE_OUTER_BOUND('',#345,.T.);
#232=FACE_OUTER_BOUND('',#346,.T.);
#233=FACE_OUTER_BOUND('',#347,.T.);
#234=FACE_OUTER_BOUND('',#348,.T.);
#235=FACE_OUTER_BOUND('',#349,.T.);
#236=FACE_OUTER_BOUND('',#350,.T.);
#237=EDGE_LOOP('',(#1131,#1132,#1133,#1134));
#238=EDGE_LOOP('',(#1135,#1136,#1137,#1138));
#239=EDGE_LOOP('',(#1139,#1140,#1141,#1142));
#240=EDGE_LOOP('',(#1143,#1144,#1145,#1146));
#241=EDGE_LOOP('',(#1147,#1148,#1149,#1150));
#242=EDGE_LOOP('',(#1151,#1152,#1153,#1154));
#243=EDGE_LOOP('',(#1155,#1156,#1157,#1158));
#244=EDGE_LOOP('',(#1159,#1160,#1161,#1162));
#245=EDGE_LOOP('',(#1163,#1164,#1165,#1166));
#246=EDGE_LOOP('',(#1167,#1168,#1169,#1170));
#247=EDGE_LOOP('',(#1171,#1172,#1173,#1174));
#248=EDGE_LOOP('',(#1175,#1176,#1177,#1178));
#249=EDGE_LOOP('',(#1179,#1180,#1181,#1182,#1183,#1184,#1185,#1186));
#250=EDGE_LOOP('',(#1187,#1188,#1189,#1190));
#251=EDGE_LOOP('',(#1191,#1192,#1193,#1194));
#252=EDGE_LOOP('',(#1195,#1196,#1197,#1198));
#253=EDGE_LOOP('',(#1199,#1200,#1201,#1202));
#254=EDGE_LOOP('',(#1203,#1204,#1205,#1206));
#255=EDGE_LOOP('',(#1207,#1208,#1209,#1210));
#256=EDGE_LOOP('',(#1211,#1212,#1213,#1214));
#257=EDGE_LOOP('',(#1215,#1216,#1217,#1218));
#258=EDGE_LOOP('',(#1219,#1220,#1221,#1222));
#259=EDGE_LOOP('',(#1223,#1224,#1225,#1226));
#260=EDGE_LOOP('',(#1227,#1228,#1229,#1230));
#261=EDGE_LOOP('',(#1231,#1232,#1233,#1234));
#262=EDGE_LOOP('',(#1235,#1236,#1237,#1238,#1239,#1240,#1241,#1242));
#263=EDGE_LOOP('',(#1243,#1244,#1245,#1246));
#264=EDGE_LOOP('',(#1247,#1248,#1249,#1250));
#265=EDGE_LOOP('',(#1251,#1252,#1253,#1254));
#266=EDGE_LOOP('',(#1255,#1256,#1257,#1258));
#267=EDGE_LOOP('',(#1259,#1260,#1261,#1262));
#268=EDGE_LOOP('',(#1263,#1264,#1265,#1266));
#269=EDGE_LOOP('',(#1267,#1268,#1269,#1270));
#270=EDGE_LOOP('',(#1271,#1272,#1273,#1274));
#271=EDGE_LOOP('',(#1275,#1276,#1277,#1278));
#272=EDGE_LOOP('',(#1279,#1280,#1281,#1282));
#273=EDGE_LOOP('',(#1283,#1284,#1285,#1286));
#274=EDGE_LOOP('',(#1287,#1288,#1289,#1290,#1291,#1292,#1293,#1294));
#275=EDGE_LOOP('',(#1295,#1296,#1297,#1298,#1299,#1300,#1301,#1302));
#276=EDGE_LOOP('',(#1303,#1304,#1305,#1306));
#277=EDGE_LOOP('',(#1307,#1308,#1309,#1310));
#278=EDGE_LOOP('',(#1311,#1312,#1313,#1314));
#279=EDGE_LOOP('',(#1315,#1316,#1317,#1318));
#280=EDGE_LOOP('',(#1319,#1320,#1321,#1322));
#281=EDGE_LOOP('',(#1323,#1324,#1325,#1326));
#282=EDGE_LOOP('',(#1327,#1328,#1329,#1330));
#283=EDGE_LOOP('',(#1331,#1332,#1333,#1334));
#284=EDGE_LOOP('',(#1335,#1336,#1337,#1338));
#285=EDGE_LOOP('',(#1339,#1340,#1341,#1342));
#286=EDGE_LOOP('',(#1343,#1344,#1345,#1346));
#287=EDGE_LOOP('',(#1347,#1348,#1349,#1350));
#288=EDGE_LOOP('',(#1351,#1352,#1353,#1354,#1355,#1356,#1357,#1358));
#289=EDGE_LOOP('',(#1359,#1360,#1361,#1362));
#290=EDGE_LOOP('',(#1363,#1364,#1365,#1366));
#291=EDGE_LOOP('',(#1367,#1368,#1369,#1370));
#292=EDGE_LOOP('',(#1371,#1372,#1373,#1374));
#293=EDGE_LOOP('',(#1375,#1376,#1377,#1378,#1379,#1380,#1381,#1382));
#294=EDGE_LOOP('',(#1383,#1384,#1385,#1386));
#295=EDGE_LOOP('',(#1387,#1388,#1389,#1390));
#296=EDGE_LOOP('',(#1391,#1392,#1393,#1394));
#297=EDGE_LOOP('',(#1395,#1396,#1397,#1398));
#298=EDGE_LOOP('',(#1399,#1400,#1401,#1402));
#299=EDGE_LOOP('',(#1403,#1404,#1405,#1406));
#300=EDGE_LOOP('',(#1407,#1408,#1409,#1410));
#301=EDGE_LOOP('',(#1411,#1412,#1413,#1414));
#302=EDGE_LOOP('',(#1415,#1416,#1417,#1418));
#303=EDGE_LOOP('',(#1419,#1420,#1421,#1422));
#304=EDGE_LOOP('',(#1423,#1424,#1425,#1426));
#305=EDGE_LOOP('',(#1427,#1428,#1429,#1430));
#306=EDGE_LOOP('',(#1431,#1432,#1433,#1434));
#307=EDGE_LOOP('',(#1435,#1436,#1437,#1438));
#308=EDGE_LOOP('',(#1439,#1440,#1441,#1442));
#309=EDGE_LOOP('',(#1443,#1444,#1445,#1446));
#310=EDGE_LOOP('',(#1447,#1448,#1449,#1450));
#311=EDGE_LOOP('',(#1451,#1452,#1453,#1454));
#312=EDGE_LOOP('',(#1455,#1456,#1457,#1458));
#313=EDGE_LOOP('',(#1459,#1460,#1461,#1462));
#314=EDGE_LOOP('',(#1463,#1464,#1465,#1466));
#315=EDGE_LOOP('',(#1467,#1468,#1469,#1470));
#316=EDGE_LOOP('',(#1471,#1472,#1473,#1474));
#317=EDGE_LOOP('',(#1475,#1476,#1477,#1478));
#318=EDGE_LOOP('',(#1479,#1480,#1481,#1482));
#319=EDGE_LOOP('',(#1483,#1484,#1485,#1486));
#320=EDGE_LOOP('',(#1487,#1488,#1489,#1490,#1491,#1492,#1493));
#321=EDGE_LOOP('',(#1494,#1495,#1496,#1497,#1498,#1499,#1500));
#322=EDGE_LOOP('',(#1501,#1502,#1503,#1504));
#323=EDGE_LOOP('',(#1505,#1506,#1507,#1508));
#324=EDGE_LOOP('',(#1509,#1510,#1511,#1512));
#325=EDGE_LOOP('',(#1513,#1514,#1515,#1516));
#326=EDGE_LOOP('',(#1517,#1518,#1519,#1520));
#327=EDGE_LOOP('',(#1521,#1522,#1523,#1524));
#328=EDGE_LOOP('',(#1525,#1526,#1527,#1528,#1529,#1530,#1531));
#329=EDGE_LOOP('',(#1532,#1533,#1534,#1535,#1536,#1537,#1538));
#330=EDGE_LOOP('',(#1539,#1540,#1541,#1542));
#331=EDGE_LOOP('',(#1543,#1544,#1545,#1546));
#332=EDGE_LOOP('',(#1547,#1548,#1549,#1550));
#333=EDGE_LOOP('',(#1551,#1552,#1553,#1554));
#334=EDGE_LOOP('',(#1555,#1556,#1557,#1558));
#335=EDGE_LOOP('',(#1559,#1560,#1561,#1562));
#336=EDGE_LOOP('',(#1563,#1564,#1565,#1566,#1567,#1568,#1569));
#337=EDGE_LOOP('',(#1570,#1571,#1572,#1573,#1574,#1575,#1576));
#338=EDGE_LOOP('',(#1577,#1578,#1579,#1580));
#339=EDGE_LOOP('',(#1581,#1582,#1583,#1584));
#340=EDGE_LOOP('',(#1585,#1586,#1587,#1588));
#341=EDGE_LOOP('',(#1589,#1590,#1591,#1592));
#342=EDGE_LOOP('',(#1593,#1594,#1595,#1596));
#343=EDGE_LOOP('',(#1597,#1598,#1599,#1600));
#344=EDGE_LOOP('',(#1601,#1602,#1603,#1604,#1605,#1606,#1607));
#345=EDGE_LOOP('',(#1608,#1609,#1610,#1611,#1612,#1613,#1614));
#346=EDGE_LOOP('',(#1615,#1616,#1617,#1618));
#347=EDGE_LOOP('',(#1619,#1620,#1621,#1622));
#348=EDGE_LOOP('',(#1623,#1624,#1625,#1626));
#349=EDGE_LOOP('',(#1627,#1628,#1629,#1630));
#350=EDGE_LOOP('',(#1631,#1632,#1633,#1634));
#351=LINE('',#2540,#539);
#352=LINE('',#2542,#540);
#353=LINE('',#2544,#541);
#354=LINE('',#2545,#542);
#355=LINE('',#2550,#543);
#356=LINE('',#2555,#544);
#357=LINE('',#2556,#545);
#358=LINE('',#2557,#546);
#359=LINE('',#2562,#547);
#360=LINE('',#2567,#548);
#361=LINE('',#2568,#549);
#362=LINE('',#2569,#550);
#363=LINE('',#2574,#551);
#364=LINE('',#2579,#552);
#365=LINE('',#2580,#553);
#366=LINE('',#2581,#554);
#367=LINE('',#2587,#555);
#368=LINE('',#2590,#556);
#369=LINE('',#2593,#557);
#370=LINE('',#2594,#558);
#371=LINE('',#2597,#559);
#372=LINE('',#2601,#560);
#373=LINE('',#2602,#561);
#374=LINE('',#2607,#562);
#375=LINE('',#2609,#563);
#376=LINE('',#2611,#564);
#377=LINE('',#2612,#565);
#378=LINE('',#2617,#566);
#379=LINE('',#2622,#567);
#380=LINE('',#2623,#568);
#381=LINE('',#2624,#569);
#382=LINE('',#2629,#570);
#383=LINE('',#2634,#571);
#384=LINE('',#2635,#572);
#385=LINE('',#2636,#573);
#386=LINE('',#2641,#574);
#387=LINE('',#2646,#575);
#388=LINE('',#2647,#576);
#389=LINE('',#2648,#577);
#390=LINE('',#2654,#578);
#391=LINE('',#2657,#579);
#392=LINE('',#2660,#580);
#393=LINE('',#2661,#581);
#394=LINE('',#2664,#582);
#395=LINE('',#2668,#583);
#396=LINE('',#2669,#584);
#397=LINE('',#2676,#585);
#398=LINE('',#2679,#586);
#399=LINE('',#2689,#587);
#400=LINE('',#2690,#588);
#401=LINE('',#2698,#589);
#402=LINE('',#2706,#590);
#403=LINE('',#2711,#591);
#404=LINE('',#2713,#592);
#405=LINE('',#2715,#593);
#406=LINE('',#2719,#594);
#407=LINE('',#2723,#595);
#408=LINE('',#2727,#596);
#409=LINE('',#2731,#597);
#410=LINE('',#2744,#598);
#411=LINE('',#2752,#599);
#412=LINE('',#2761,#600);
#413=LINE('',#2762,#601);
#414=LINE('',#2770,#602);
#415=LINE('',#2771,#603);
#416=LINE('',#2773,#604);
#417=LINE('',#2775,#605);
#418=LINE('',#2777,#606);
#419=LINE('',#2782,#607);
#420=LINE('',#2786,#608);
#421=LINE('',#2790,#609);
#422=LINE('',#2794,#610);
#423=LINE('',#2798,#611);
#424=LINE('',#2800,#612);
#425=LINE('',#2802,#613);
#426=LINE('',#2803,#614);
#427=LINE('',#2806,#615);
#428=LINE('',#2808,#616);
#429=LINE('',#2810,#617);
#430=LINE('',#2811,#618);
#431=LINE('',#2814,#619);
#432=LINE('',#2816,#620);
#433=LINE('',#2818,#621);
#434=LINE('',#2819,#622);
#435=LINE('',#2822,#623);
#436=LINE('',#2824,#624);
#437=LINE('',#2826,#625);
#438=LINE('',#2827,#626);
#439=LINE('',#2831,#627);
#440=LINE('',#2833,#628);
#441=LINE('',#2834,#629);
#442=LINE('',#2838,#630);
#443=LINE('',#2841,#631);
#444=LINE('',#2842,#632);
#445=LINE('',#2846,#633);
#446=LINE('',#2849,#634);
#447=LINE('',#2850,#635);
#448=LINE('',#2854,#636);
#449=LINE('',#2857,#637);
#450=LINE('',#2858,#638);
#451=LINE('',#2863,#639);
#452=LINE('',#2866,#640);
#453=LINE('',#2869,#641);
#454=LINE('',#2870,#642);
#455=LINE('',#2873,#643);
#456=LINE('',#2877,#644);
#457=LINE('',#2878,#645);
#458=LINE('',#2880,#646);
#459=LINE('',#2881,#647);
#460=LINE('',#2885,#648);
#461=LINE('',#2888,#649);
#462=LINE('',#2889,#650);
#463=LINE('',#2893,#651);
#464=LINE('',#2895,#652);
#465=LINE('',#2896,#653);
#466=LINE('',#2898,#654);
#467=LINE('',#2900,#655);
#468=LINE('',#2903,#656);
#469=LINE('',#2904,#657);
#470=LINE('',#2906,#658);
#471=LINE('',#2911,#659);
#472=LINE('',#2913,#660);
#473=LINE('',#2914,#661);
#474=LINE('',#2917,#662);
#475=LINE('',#2919,#663);
#476=LINE('',#2921,#664);
#477=LINE('',#2923,#665);
#478=LINE('',#2924,#666);
#479=LINE('',#2927,#667);
#480=LINE('',#2929,#668);
#481=LINE('',#2931,#669);
#482=LINE('',#2933,#670);
#483=LINE('',#2934,#671);
#484=LINE('',#2936,#672);
#485=LINE('',#2937,#673);
#486=LINE('',#2939,#674);
#487=LINE('',#2942,#675);
#488=LINE('',#2946,#676);
#489=LINE('',#2948,#677);
#490=LINE('',#2949,#678);
#491=LINE('',#2952,#679);
#492=LINE('',#2954,#680);
#493=LINE('',#2956,#681);
#494=LINE('',#2958,#682);
#495=LINE('',#2959,#683);
#496=LINE('',#2962,#684);
#497=LINE('',#2964,#685);
#498=LINE('',#2966,#686);
#499=LINE('',#2968,#687);
#500=LINE('',#2969,#688);
#501=LINE('',#2971,#689);
#502=LINE('',#2972,#690);
#503=LINE('',#2974,#691);
#504=LINE('',#2977,#692);
#505=LINE('',#2981,#693);
#506=LINE('',#2983,#694);
#507=LINE('',#2984,#695);
#508=LINE('',#2987,#696);
#509=LINE('',#2989,#697);
#510=LINE('',#2991,#698);
#511=LINE('',#2993,#699);
#512=LINE('',#2994,#700);
#513=LINE('',#2997,#701);
#514=LINE('',#2999,#702);
#515=LINE('',#3001,#703);
#516=LINE('',#3003,#704);
#517=LINE('',#3004,#705);
#518=LINE('',#3006,#706);
#519=LINE('',#3007,#707);
#520=LINE('',#3009,#708);
#521=LINE('',#3012,#709);
#522=LINE('',#3016,#710);
#523=LINE('',#3018,#711);
#524=LINE('',#3019,#712);
#525=LINE('',#3022,#713);
#526=LINE('',#3024,#714);
#527=LINE('',#3026,#715);
#528=LINE('',#3028,#716);
#529=LINE('',#3029,#717);
#530=LINE('',#3032,#718);
#531=LINE('',#3034,#719);
#532=LINE('',#3036,#720);
#533=LINE('',#3038,#721);
#534=LINE('',#3039,#722);
#535=LINE('',#3041,#723);
#536=LINE('',#3042,#724);
#537=LINE('',#3044,#725);
#538=LINE('',#3047,#726);
#539=VECTOR('',#2006,10.);
#540=VECTOR('',#2007,10.);
#541=VECTOR('',#2008,10.);
#542=VECTOR('',#2009,10.);
#543=VECTOR('',#2014,10.);
#544=VECTOR('',#2019,10.);
#545=VECTOR('',#2020,10.);
#546=VECTOR('',#2021,10.);
#547=VECTOR('',#2026,10.);
#548=VECTOR('',#2031,10.);
#549=VECTOR('',#2032,10.);
#550=VECTOR('',#2033,10.);
#551=VECTOR('',#2038,10.);
#552=VECTOR('',#2043,10.);
#553=VECTOR('',#2044,10.);
#554=VECTOR('',#2045,10.);
#555=VECTOR('',#2054,10.);
#556=VECTOR('',#2057,10.);
#557=VECTOR('',#2060,10.);
#558=VECTOR('',#2061,10.);
#559=VECTOR('',#2064,10.);
#560=VECTOR('',#2069,10.);
#561=VECTOR('',#2070,10.);
#562=VECTOR('',#2075,10.);
#563=VECTOR('',#2076,10.);
#564=VECTOR('',#2077,10.);
#565=VECTOR('',#2078,10.);
#566=VECTOR('',#2083,10.);
#567=VECTOR('',#2088,10.);
#568=VECTOR('',#2089,10.);
#569=VECTOR('',#2090,10.);
#570=VECTOR('',#2095,10.);
#571=VECTOR('',#2100,10.);
#572=VECTOR('',#2101,10.);
#573=VECTOR('',#2102,10.);
#574=VECTOR('',#2107,10.);
#575=VECTOR('',#2112,10.);
#576=VECTOR('',#2113,10.);
#577=VECTOR('',#2114,10.);
#578=VECTOR('',#2123,10.);
#579=VECTOR('',#2126,10.);
#580=VECTOR('',#2129,10.);
#581=VECTOR('',#2130,10.);
#582=VECTOR('',#2133,10.);
#583=VECTOR('',#2138,10.);
#584=VECTOR('',#2139,10.);
#585=VECTOR('',#2146,10.);
#586=VECTOR('',#2149,10.);
#587=VECTOR('',#2162,10.);
#588=VECTOR('',#2163,10.);
#589=VECTOR('',#2174,10.);
#590=VECTOR('',#2185,10.);
#591=VECTOR('',#2194,10.);
#592=VECTOR('',#2197,10.);
#593=VECTOR('',#2200,10.);
#594=VECTOR('',#2203,10.);
#595=VECTOR('',#2206,10.);
#596=VECTOR('',#2209,10.);
#597=VECTOR('',#2212,10.);
#598=VECTOR('',#2229,10.);
#599=VECTOR('',#2240,10.);
#600=VECTOR('',#2251,10.);
#601=VECTOR('',#2252,10.);
#602=VECTOR('',#2263,10.);
#603=VECTOR('',#2264,10.);
#604=VECTOR('',#2267,10.);
#605=VECTOR('',#2270,10.);
#606=VECTOR('',#2273,10.);
#607=VECTOR('',#2278,10.);
#608=VECTOR('',#2281,10.);
#609=VECTOR('',#2284,10.);
#610=VECTOR('',#2287,10.);
#611=VECTOR('',#2290,10.);
#612=VECTOR('',#2291,10.);
#613=VECTOR('',#2292,10.);
#614=VECTOR('',#2293,10.);
#615=VECTOR('',#2294,10.);
#616=VECTOR('',#2295,10.);
#617=VECTOR('',#2296,10.);
#618=VECTOR('',#2297,10.);
#619=VECTOR('',#2298,10.);
#620=VECTOR('',#2299,10.);
#621=VECTOR('',#2300,10.);
#622=VECTOR('',#2301,10.);
#623=VECTOR('',#2302,10.);
#624=VECTOR('',#2303,10.);
#625=VECTOR('',#2304,10.);
#626=VECTOR('',#2305,10.);
#627=VECTOR('',#2310,10.);
#628=VECTOR('',#2311,10.);
#629=VECTOR('',#2312,10.);
#630=VECTOR('',#2317,10.);
#631=VECTOR('',#2320,10.);
#632=VECTOR('',#2321,10.);
#633=VECTOR('',#2326,10.);
#634=VECTOR('',#2329,10.);
#635=VECTOR('',#2330,10.);
#636=VECTOR('',#2335,10.);
#637=VECTOR('',#2338,10.);
#638=VECTOR('',#2339,10.);
#639=VECTOR('',#2346,10.);
#640=VECTOR('',#2349,10.);
#641=VECTOR('',#2352,10.);
#642=VECTOR('',#2353,10.);
#643=VECTOR('',#2356,10.);
#644=VECTOR('',#2361,10.);
#645=VECTOR('',#2362,10.);
#646=VECTOR('',#2365,10.);
#647=VECTOR('',#2366,10.);
#648=VECTOR('',#2371,10.);
#649=VECTOR('',#2374,10.);
#650=VECTOR('',#2375,10.);
#651=VECTOR('',#2380,10.);
#652=VECTOR('',#2383,10.);
#653=VECTOR('',#2384,10.);
#654=VECTOR('',#2387,10.);
#655=VECTOR('',#2390,10.);
#656=VECTOR('',#2395,10.);
#657=VECTOR('',#2396,10.);
#658=VECTOR('',#2399,10.);
#659=VECTOR('',#2406,10.);
#660=VECTOR('',#2407,10.);
#661=VECTOR('',#2408,10.);
#662=VECTOR('',#2411,10.);
#663=VECTOR('',#2412,10.);
#664=VECTOR('',#2413,10.);
#665=VECTOR('',#2414,10.);
#666=VECTOR('',#2415,10.);
#667=VECTOR('',#2418,10.);
#668=VECTOR('',#2419,10.);
#669=VECTOR('',#2420,10.);
#670=VECTOR('',#2421,10.);
#671=VECTOR('',#2422,10.);
#672=VECTOR('',#2425,10.);
#673=VECTOR('',#2426,10.);
#674=VECTOR('',#2429,10.);
#675=VECTOR('',#2434,10.);
#676=VECTOR('',#2439,10.);
#677=VECTOR('',#2440,10.);
#678=VECTOR('',#2441,10.);
#679=VECTOR('',#2444,10.);
#680=VECTOR('',#2445,10.);
#681=VECTOR('',#2446,10.);
#682=VECTOR('',#2447,10.);
#683=VECTOR('',#2448,10.);
#684=VECTOR('',#2451,10.);
#685=VECTOR('',#2452,10.);
#686=VECTOR('',#2453,10.);
#687=VECTOR('',#2454,10.);
#688=VECTOR('',#2455,10.);
#689=VECTOR('',#2458,10.);
#690=VECTOR('',#2459,10.);
#691=VECTOR('',#2462,10.);
#692=VECTOR('',#2467,10.);
#693=VECTOR('',#2472,10.);
#694=VECTOR('',#2473,10.);
#695=VECTOR('',#2474,10.);
#696=VECTOR('',#2477,10.);
#697=VECTOR('',#2478,10.);
#698=VECTOR('',#2479,10.);
#699=VECTOR('',#2480,10.);
#700=VECTOR('',#2481,10.);
#701=VECTOR('',#2484,10.);
#702=VECTOR('',#2485,10.);
#703=VECTOR('',#2486,10.);
#704=VECTOR('',#2487,10.);
#705=VECTOR('',#2488,10.);
#706=VECTOR('',#2491,10.);
#707=VECTOR('',#2492,10.);
#708=VECTOR('',#2495,10.);
#709=VECTOR('',#2500,10.);
#710=VECTOR('',#2505,10.);
#711=VECTOR('',#2506,10.);
#712=VECTOR('',#2507,10.);
#713=VECTOR('',#2510,10.);
#714=VECTOR('',#2511,10.);
#715=VECTOR('',#2512,10.);
#716=VECTOR('',#2513,10.);
#717=VECTOR('',#2514,10.);
#718=VECTOR('',#2517,10.);
#719=VECTOR('',#2518,10.);
#720=VECTOR('',#2519,10.);
#721=VECTOR('',#2520,10.);
#722=VECTOR('',#2521,10.);
#723=VECTOR('',#2524,10.);
#724=VECTOR('',#2525,10.);
#725=VECTOR('',#2528,10.);
#726=VECTOR('',#2533,10.);
#727=VERTEX_POINT('',#2538);
#728=VERTEX_POINT('',#2539);
#729=VERTEX_POINT('',#2541);
#730=VERTEX_POINT('',#2543);
#731=VERTEX_POINT('',#2547);
#732=VERTEX_POINT('',#2549);
#733=VERTEX_POINT('',#2553);
#734=VERTEX_POINT('',#2554);
#735=VERTEX_POINT('',#2559);
#736=VERTEX_POINT('',#2561);
#737=VERTEX_POINT('',#2565);
#738=VERTEX_POINT('',#2566);
#739=VERTEX_POINT('',#2571);
#740=VERTEX_POINT('',#2573);
#741=VERTEX_POINT('',#2577);
#742=VERTEX_POINT('',#2578);
#743=VERTEX_POINT('',#2586);
#744=VERTEX_POINT('',#2588);
#745=VERTEX_POINT('',#2592);
#746=VERTEX_POINT('',#2596);
#747=VERTEX_POINT('',#2600);
#748=VERTEX_POINT('',#2605);
#749=VERTEX_POINT('',#2606);
#750=VERTEX_POINT('',#2608);
#751=VERTEX_POINT('',#2610);
#752=VERTEX_POINT('',#2614);
#753=VERTEX_POINT('',#2616);
#754=VERTEX_POINT('',#2620);
#755=VERTEX_POINT('',#2621);
#756=VERTEX_POINT('',#2626);
#757=VERTEX_POINT('',#2628);
#758=VERTEX_POINT('',#2632);
#759=VERTEX_POINT('',#2633);
#760=VERTEX_POINT('',#2638);
#761=VERTEX_POINT('',#2640);
#762=VERTEX_POINT('',#2644);
#763=VERTEX_POINT('',#2645);
#764=VERTEX_POINT('',#2653);
#765=VERTEX_POINT('',#2655);
#766=VERTEX_POINT('',#2659);
#767=VERTEX_POINT('',#2663);
#768=VERTEX_POINT('',#2667);
#769=VERTEX_POINT('',#2672);
#770=VERTEX_POINT('',#2673);
#771=VERTEX_POINT('',#2675);
#772=VERTEX_POINT('',#2677);
#773=VERTEX_POINT('',#2681);
#774=VERTEX_POINT('',#2682);
#775=VERTEX_POINT('',#2687);
#776=VERTEX_POINT('',#2692);
#777=VERTEX_POINT('',#2696);
#778=VERTEX_POINT('',#2700);
#779=VERTEX_POINT('',#2704);
#780=VERTEX_POINT('',#2717);
#781=VERTEX_POINT('',#2718);
#782=VERTEX_POINT('',#2720);
#783=VERTEX_POINT('',#2722);
#784=VERTEX_POINT('',#2724);
#785=VERTEX_POINT('',#2726);
#786=VERTEX_POINT('',#2728);
#787=VERTEX_POINT('',#2730);
#788=VERTEX_POINT('',#2734);
#789=VERTEX_POINT('',#2735);
#790=VERTEX_POINT('',#2737);
#791=VERTEX_POINT('',#2742);
#792=VERTEX_POINT('',#2746);
#793=VERTEX_POINT('',#2750);
#794=VERTEX_POINT('',#2754);
#795=VERTEX_POINT('',#2758);
#796=VERTEX_POINT('',#2759);
#797=VERTEX_POINT('',#2764);
#798=VERTEX_POINT('',#2765);
#799=VERTEX_POINT('',#2780);
#800=VERTEX_POINT('',#2781);
#801=VERTEX_POINT('',#2783);
#802=VERTEX_POINT('',#2785);
#803=VERTEX_POINT('',#2787);
#804=VERTEX_POINT('',#2789);
#805=VERTEX_POINT('',#2791);
#806=VERTEX_POINT('',#2793);
#807=VERTEX_POINT('',#2796);
#808=VERTEX_POINT('',#2797);
#809=VERTEX_POINT('',#2799);
#810=VERTEX_POINT('',#2801);
#811=VERTEX_POINT('',#2804);
#812=VERTEX_POINT('',#2805);
#813=VERTEX_POINT('',#2807);
#814=VERTEX_POINT('',#2809);
#815=VERTEX_POINT('',#2812);
#816=VERTEX_POINT('',#2813);
#817=VERTEX_POINT('',#2815);
#818=VERTEX_POINT('',#2817);
#819=VERTEX_POINT('',#2820);
#820=VERTEX_POINT('',#2821);
#821=VERTEX_POINT('',#2823);
#822=VERTEX_POINT('',#2825);
#823=VERTEX_POINT('',#2830);
#824=VERTEX_POINT('',#2832);
#825=VERTEX_POINT('',#2836);
#826=VERTEX_POINT('',#2840);
#827=VERTEX_POINT('',#2844);
#828=VERTEX_POINT('',#2848);
#829=VERTEX_POINT('',#2852);
#830=VERTEX_POINT('',#2856);
#831=VERTEX_POINT('',#2862);
#832=VERTEX_POINT('',#2864);
#833=VERTEX_POINT('',#2868);
#834=VERTEX_POINT('',#2872);
#835=VERTEX_POINT('',#2876);
#836=VERTEX_POINT('',#2883);
#837=VERTEX_POINT('',#2887);
#838=VERTEX_POINT('',#2891);
#839=VERTEX_POINT('',#2910);
#840=VERTEX_POINT('',#2912);
#841=VERTEX_POINT('',#2916);
#842=VERTEX_POINT('',#2918);
#843=VERTEX_POINT('',#2920);
#844=VERTEX_POINT('',#2922);
#845=VERTEX_POINT('',#2926);
#846=VERTEX_POINT('',#2928);
#847=VERTEX_POINT('',#2930);
#848=VERTEX_POINT('',#2932);
#849=VERTEX_POINT('',#2945);
#850=VERTEX_POINT('',#2947);
#851=VERTEX_POINT('',#2951);
#852=VERTEX_POINT('',#2953);
#853=VERTEX_POINT('',#2955);
#854=VERTEX_POINT('',#2957);
#855=VERTEX_POINT('',#2961);
#856=VERTEX_POINT('',#2963);
#857=VERTEX_POINT('',#2965);
#858=VERTEX_POINT('',#2967);
#859=VERTEX_POINT('',#2980);
#860=VERTEX_POINT('',#2982);
#861=VERTEX_POINT('',#2986);
#862=VERTEX_POINT('',#2988);
#863=VERTEX_POINT('',#2990);
#864=VERTEX_POINT('',#2992);
#865=VERTEX_POINT('',#2996);
#866=VERTEX_POINT('',#2998);
#867=VERTEX_POINT('',#3000);
#868=VERTEX_POINT('',#3002);
#869=VERTEX_POINT('',#3015);
#870=VERTEX_POINT('',#3017);
#871=VERTEX_POINT('',#3021);
#872=VERTEX_POINT('',#3023);
#873=VERTEX_POINT('',#3025);
#874=VERTEX_POINT('',#3027);
#875=VERTEX_POINT('',#3031);
#876=VERTEX_POINT('',#3033);
#877=VERTEX_POINT('',#3035);
#878=VERTEX_POINT('',#3037);
#879=EDGE_CURVE('',#727,#728,#351,.T.);
#880=EDGE_CURVE('',#728,#729,#352,.T.);
#881=EDGE_CURVE('',#729,#730,#353,.T.);
#882=EDGE_CURVE('',#730,#727,#354,.T.);
#883=EDGE_CURVE('',#727,#731,#49,.T.);
#884=EDGE_CURVE('',#731,#732,#355,.T.);
#885=EDGE_CURVE('',#732,#728,#50,.T.);
#886=EDGE_CURVE('',#733,#734,#356,.T.);
#887=EDGE_CURVE('',#734,#732,#357,.T.);
#888=EDGE_CURVE('',#731,#733,#358,.T.);
#889=EDGE_CURVE('',#733,#735,#51,.T.);
#890=EDGE_CURVE('',#735,#736,#359,.T.);
#891=EDGE_CURVE('',#736,#734,#52,.T.);
#892=EDGE_CURVE('',#737,#738,#360,.T.);
#893=EDGE_CURVE('',#738,#736,#361,.T.);
#894=EDGE_CURVE('',#735,#737,#362,.T.);
#895=EDGE_CURVE('',#737,#739,#53,.T.);
#896=EDGE_CURVE('',#739,#740,#363,.T.);
#897=EDGE_CURVE('',#740,#738,#54,.T.);
#898=EDGE_CURVE('',#741,#742,#364,.T.);
#899=EDGE_CURVE('',#742,#740,#365,.T.);
#900=EDGE_CURVE('',#739,#741,#366,.T.);
#901=EDGE_CURVE('',#741,#730,#55,.T.);
#902=EDGE_CURVE('',#729,#742,#56,.T.);
#903=EDGE_CURVE('',#740,#743,#367,.T.);
#904=EDGE_CURVE('',#744,#743,#57,.T.);
#905=EDGE_CURVE('',#744,#738,#368,.T.);
#906=EDGE_CURVE('',#745,#742,#369,.T.);
#907=EDGE_CURVE('',#743,#745,#370,.T.);
#908=EDGE_CURVE('',#729,#746,#371,.T.);
#909=EDGE_CURVE('',#745,#746,#58,.T.);
#910=EDGE_CURVE('',#747,#728,#372,.T.);
#911=EDGE_CURVE('',#746,#747,#373,.T.);
#912=EDGE_CURVE('',#748,#749,#374,.T.);
#913=EDGE_CURVE('',#749,#750,#375,.T.);
#914=EDGE_CURVE('',#750,#751,#376,.T.);
#915=EDGE_CURVE('',#751,#748,#377,.T.);
#916=EDGE_CURVE('',#748,#752,#59,.T.);
#917=EDGE_CURVE('',#752,#753,#378,.T.);
#918=EDGE_CURVE('',#753,#749,#60,.T.);
#919=EDGE_CURVE('',#754,#755,#379,.T.);
#920=EDGE_CURVE('',#755,#753,#380,.T.);
#921=EDGE_CURVE('',#752,#754,#381,.T.);
#922=EDGE_CURVE('',#754,#756,#61,.T.);
#923=EDGE_CURVE('',#756,#757,#382,.T.);
#924=EDGE_CURVE('',#757,#755,#62,.T.);
#925=EDGE_CURVE('',#758,#759,#383,.T.);
#926=EDGE_CURVE('',#759,#757,#384,.T.);
#927=EDGE_CURVE('',#756,#758,#385,.T.);
#928=EDGE_CURVE('',#758,#760,#63,.T.);
#929=EDGE_CURVE('',#760,#761,#386,.T.);
#930=EDGE_CURVE('',#761,#759,#64,.T.);
#931=EDGE_CURVE('',#762,#763,#387,.T.);
#932=EDGE_CURVE('',#763,#761,#388,.T.);
#933=EDGE_CURVE('',#760,#762,#389,.T.);
#934=EDGE_CURVE('',#762,#751,#65,.T.);
#935=EDGE_CURVE('',#750,#763,#66,.T.);
#936=EDGE_CURVE('',#761,#764,#390,.T.);
#937=EDGE_CURVE('',#765,#764,#67,.T.);
#938=EDGE_CURVE('',#765,#759,#391,.T.);
#939=EDGE_CURVE('',#766,#763,#392,.T.);
#940=EDGE_CURVE('',#764,#766,#393,.T.);
#941=EDGE_CURVE('',#750,#767,#394,.T.);
#942=EDGE_CURVE('',#766,#767,#68,.T.);
#943=EDGE_CURVE('',#768,#749,#395,.T.);
#944=EDGE_CURVE('',#767,#768,#396,.T.);
#945=EDGE_CURVE('',#769,#770,#69,.T.);
#946=EDGE_CURVE('',#770,#771,#397,.T.);
#947=EDGE_CURVE('',#771,#772,#70,.T.);
#948=EDGE_CURVE('',#772,#769,#398,.T.);
#949=EDGE_CURVE('',#773,#774,#71,.T.);
#950=EDGE_CURVE('',#774,#772,#72,.T.);
#951=EDGE_CURVE('',#771,#773,#73,.T.);
#952=EDGE_CURVE('',#744,#775,#74,.T.);
#953=EDGE_CURVE('',#775,#774,#399,.T.);
#954=EDGE_CURVE('',#773,#744,#400,.T.);
#955=EDGE_CURVE('',#743,#776,#75,.T.);
#956=EDGE_CURVE('',#776,#775,#76,.T.);
#957=EDGE_CURVE('',#745,#777,#77,.T.);
#958=EDGE_CURVE('',#777,#776,#401,.T.);
#959=EDGE_CURVE('',#746,#778,#78,.T.);
#960=EDGE_CURVE('',#778,#777,#79,.T.);
#961=EDGE_CURVE('',#747,#779,#80,.T.);
#962=EDGE_CURVE('',#779,#778,#402,.T.);
#963=EDGE_CURVE('',#747,#770,#81,.T.);
#964=EDGE_CURVE('',#769,#779,#82,.T.);
#965=EDGE_CURVE('',#736,#773,#403,.T.);
#966=EDGE_CURVE('',#771,#734,#404,.T.);
#967=EDGE_CURVE('',#732,#770,#405,.T.);
#968=EDGE_CURVE('',#780,#781,#406,.T.);
#969=EDGE_CURVE('',#782,#780,#83,.T.);
#970=EDGE_CURVE('',#783,#782,#407,.T.);
#971=EDGE_CURVE('',#784,#783,#84,.T.);
#972=EDGE_CURVE('',#785,#784,#408,.T.);
#973=EDGE_CURVE('',#786,#785,#85,.T.);
#974=EDGE_CURVE('',#787,#786,#409,.T.);
#975=EDGE_CURVE('',#781,#787,#86,.T.);
#976=EDGE_CURVE('',#788,#789,#87,.T.);
#977=EDGE_CURVE('',#789,#790,#88,.T.);
#978=EDGE_CURVE('',#790,#768,#89,.T.);
#979=EDGE_CURVE('',#768,#788,#90,.T.);
#980=EDGE_CURVE('',#791,#767,#91,.T.);
#981=EDGE_CURVE('',#790,#791,#410,.T.);
#982=EDGE_CURVE('',#792,#766,#92,.T.);
#983=EDGE_CURVE('',#791,#792,#93,.T.);
#984=EDGE_CURVE('',#793,#764,#94,.T.);
#985=EDGE_CURVE('',#792,#793,#411,.T.);
#986=EDGE_CURVE('',#794,#765,#95,.T.);
#987=EDGE_CURVE('',#793,#794,#96,.T.);
#988=EDGE_CURVE('',#795,#796,#97,.T.);
#989=EDGE_CURVE('',#796,#765,#412,.T.);
#990=EDGE_CURVE('',#794,#795,#413,.T.);
#991=EDGE_CURVE('',#797,#798,#98,.T.);
#992=EDGE_CURVE('',#798,#796,#99,.T.);
#993=EDGE_CURVE('',#795,#797,#100,.T.);
#994=EDGE_CURVE('',#797,#789,#414,.T.);
#995=EDGE_CURVE('',#788,#798,#415,.T.);
#996=EDGE_CURVE('',#757,#796,#416,.T.);
#997=EDGE_CURVE('',#798,#755,#417,.T.);
#998=EDGE_CURVE('',#753,#788,#418,.T.);
#999=EDGE_CURVE('',#799,#800,#419,.T.);
#1000=EDGE_CURVE('',#801,#799,#101,.T.);
#1001=EDGE_CURVE('',#802,#801,#420,.T.);
#1002=EDGE_CURVE('',#803,#802,#102,.T.);
#1003=EDGE_CURVE('',#804,#803,#421,.T.);
#1004=EDGE_CURVE('',#805,#804,#103,.T.);
#1005=EDGE_CURVE('',#806,#805,#422,.T.);
#1006=EDGE_CURVE('',#800,#806,#104,.T.);
#1007=EDGE_CURVE('',#807,#808,#423,.T.);
#1008=EDGE_CURVE('',#808,#809,#424,.T.);
#1009=EDGE_CURVE('',#809,#810,#425,.T.);
#1010=EDGE_CURVE('',#810,#807,#426,.T.);
#1011=EDGE_CURVE('',#811,#812,#427,.T.);
#1012=EDGE_CURVE('',#812,#813,#428,.T.);
#1013=EDGE_CURVE('',#813,#814,#429,.T.);
#1014=EDGE_CURVE('',#814,#811,#430,.T.);
#1015=EDGE_CURVE('',#815,#816,#431,.T.);
#1016=EDGE_CURVE('',#816,#817,#432,.T.);
#1017=EDGE_CURVE('',#817,#818,#433,.T.);
#1018=EDGE_CURVE('',#818,#815,#434,.T.);
#1019=EDGE_CURVE('',#819,#820,#435,.T.);
#1020=EDGE_CURVE('',#820,#821,#436,.T.);
#1021=EDGE_CURVE('',#821,#822,#437,.T.);
#1022=EDGE_CURVE('',#822,#819,#438,.T.);
#1023=EDGE_CURVE('',#823,#780,#439,.T.);
#1024=EDGE_CURVE('',#781,#824,#440,.T.);
#1025=EDGE_CURVE('',#824,#823,#441,.T.);
#1026=EDGE_CURVE('',#823,#825,#105,.T.);
#1027=EDGE_CURVE('',#825,#782,#442,.T.);
#1028=EDGE_CURVE('',#826,#783,#443,.T.);
#1029=EDGE_CURVE('',#825,#826,#444,.T.);
#1030=EDGE_CURVE('',#826,#827,#106,.T.);
#1031=EDGE_CURVE('',#827,#784,#445,.T.);
#1032=EDGE_CURVE('',#828,#785,#446,.T.);
#1033=EDGE_CURVE('',#827,#828,#447,.T.);
#1034=EDGE_CURVE('',#828,#829,#107,.T.);
#1035=EDGE_CURVE('',#829,#786,#448,.T.);
#1036=EDGE_CURVE('',#830,#787,#449,.T.);
#1037=EDGE_CURVE('',#829,#830,#450,.T.);
#1038=EDGE_CURVE('',#830,#824,#108,.T.);
#1039=EDGE_CURVE('',#826,#831,#451,.T.);
#1040=EDGE_CURVE('',#832,#831,#109,.T.);
#1041=EDGE_CURVE('',#832,#827,#452,.T.);
#1042=EDGE_CURVE('',#833,#825,#453,.T.);
#1043=EDGE_CURVE('',#831,#833,#454,.T.);
#1044=EDGE_CURVE('',#823,#834,#455,.T.);
#1045=EDGE_CURVE('',#833,#834,#110,.T.);
#1046=EDGE_CURVE('',#835,#824,#456,.T.);
#1047=EDGE_CURVE('',#834,#835,#457,.T.);
#1048=EDGE_CURVE('',#835,#799,#458,.T.);
#1049=EDGE_CURVE('',#800,#834,#459,.T.);
#1050=EDGE_CURVE('',#835,#836,#111,.T.);
#1051=EDGE_CURVE('',#836,#801,#460,.T.);
#1052=EDGE_CURVE('',#837,#802,#461,.T.);
#1053=EDGE_CURVE('',#836,#837,#462,.T.);
#1054=EDGE_CURVE('',#837,#838,#112,.T.);
#1055=EDGE_CURVE('',#838,#803,#463,.T.);
#1056=EDGE_CURVE('',#832,#804,#464,.T.);
#1057=EDGE_CURVE('',#838,#832,#465,.T.);
#1058=EDGE_CURVE('',#831,#805,#466,.T.);
#1059=EDGE_CURVE('',#833,#806,#467,.T.);
#1060=EDGE_CURVE('',#828,#838,#468,.T.);
#1061=EDGE_CURVE('',#837,#829,#469,.T.);
#1062=EDGE_CURVE('',#830,#836,#470,.T.);
#1063=EDGE_CURVE('',#839,#807,#471,.T.);
#1064=EDGE_CURVE('',#840,#839,#472,.T.);
#1065=EDGE_CURVE('',#808,#840,#473,.T.);
#1066=EDGE_CURVE('',#840,#841,#474,.T.);
#1067=EDGE_CURVE('',#841,#842,#475,.T.);
#1068=EDGE_CURVE('',#842,#843,#476,.T.);
#1069=EDGE_CURVE('',#843,#844,#477,.T.);
#1070=EDGE_CURVE('',#844,#809,#478,.T.);
#1071=EDGE_CURVE('',#810,#845,#479,.T.);
#1072=EDGE_CURVE('',#845,#846,#480,.T.);
#1073=EDGE_CURVE('',#846,#847,#481,.T.);
#1074=EDGE_CURVE('',#847,#848,#482,.T.);
#1075=EDGE_CURVE('',#848,#839,#483,.T.);
#1076=EDGE_CURVE('',#843,#846,#484,.T.);
#1077=EDGE_CURVE('',#842,#847,#485,.T.);
#1078=EDGE_CURVE('',#844,#845,#486,.T.);
#1079=EDGE_CURVE('',#841,#848,#487,.T.);
#1080=EDGE_CURVE('',#849,#811,#488,.T.);
#1081=EDGE_CURVE('',#850,#849,#489,.T.);
#1082=EDGE_CURVE('',#812,#850,#490,.T.);
#1083=EDGE_CURVE('',#850,#851,#491,.T.);
#1084=EDGE_CURVE('',#851,#852,#492,.T.);
#1085=EDGE_CURVE('',#852,#853,#493,.T.);
#1086=EDGE_CURVE('',#853,#854,#494,.T.);
#1087=EDGE_CURVE('',#854,#813,#495,.T.);
#1088=EDGE_CURVE('',#814,#855,#496,.T.);
#1089=EDGE_CURVE('',#855,#856,#497,.T.);
#1090=EDGE_CURVE('',#856,#857,#498,.T.);
#1091=EDGE_CURVE('',#857,#858,#499,.T.);
#1092=EDGE_CURVE('',#858,#849,#500,.T.);
#1093=EDGE_CURVE('',#853,#856,#501,.T.);
#1094=EDGE_CURVE('',#852,#857,#502,.T.);
#1095=EDGE_CURVE('',#854,#855,#503,.T.);
#1096=EDGE_CURVE('',#851,#858,#504,.T.);
#1097=EDGE_CURVE('',#859,#815,#505,.T.);
#1098=EDGE_CURVE('',#860,#859,#506,.T.);
#1099=EDGE_CURVE('',#816,#860,#507,.T.);
#1100=EDGE_CURVE('',#860,#861,#508,.T.);
#1101=EDGE_CURVE('',#861,#862,#509,.T.);
#1102=EDGE_CURVE('',#862,#863,#510,.T.);
#1103=EDGE_CURVE('',#863,#864,#511,.T.);
#1104=EDGE_CURVE('',#864,#817,#512,.T.);
#1105=EDGE_CURVE('',#818,#865,#513,.T.);
#1106=EDGE_CURVE('',#865,#866,#514,.T.);
#1107=EDGE_CURVE('',#866,#867,#515,.T.);
#1108=EDGE_CURVE('',#867,#868,#516,.T.);
#1109=EDGE_CURVE('',#868,#859,#517,.T.);
#1110=EDGE_CURVE('',#863,#866,#518,.T.);
#1111=EDGE_CURVE('',#862,#867,#519,.T.);
#1112=EDGE_CURVE('',#864,#865,#520,.T.);
#1113=EDGE_CURVE('',#861,#868,#521,.T.);
#1114=EDGE_CURVE('',#869,#819,#522,.T.);
#1115=EDGE_CURVE('',#870,#869,#523,.T.);
#1116=EDGE_CURVE('',#820,#870,#524,.T.);
#1117=EDGE_CURVE('',#870,#871,#525,.T.);
#1118=EDGE_CURVE('',#871,#872,#526,.T.);
#1119=EDGE_CURVE('',#872,#873,#527,.T.);
#1120=EDGE_CURVE('',#873,#874,#528,.T.);
#1121=EDGE_CURVE('',#874,#821,#529,.T.);
#1122=EDGE_CURVE('',#822,#875,#530,.T.);
#1123=EDGE_CURVE('',#875,#876,#531,.T.);
#1124=EDGE_CURVE('',#876,#877,#532,.T.);
#1125=EDGE_CURVE('',#877,#878,#533,.T.);
#1126=EDGE_CURVE('',#878,#869,#534,.T.);
#1127=EDGE_CURVE('',#873,#876,#535,.T.);
#1128=EDGE_CURVE('',#872,#877,#536,.T.);
#1129=EDGE_CURVE('',#874,#875,#537,.T.);
#1130=EDGE_CURVE('',#871,#878,#538,.T.);
#1131=ORIENTED_EDGE('',*,*,#879,.T.);
#1132=ORIENTED_EDGE('',*,*,#880,.T.);
#1133=ORIENTED_EDGE('',*,*,#881,.T.);
#1134=ORIENTED_EDGE('',*,*,#882,.T.);
#1135=ORIENTED_EDGE('',*,*,#879,.F.);
#1136=ORIENTED_EDGE('',*,*,#883,.T.);
#1137=ORIENTED_EDGE('',*,*,#884,.T.);
#1138=ORIENTED_EDGE('',*,*,#885,.T.);
#1139=ORIENTED_EDGE('',*,*,#886,.T.);
#1140=ORIENTED_EDGE('',*,*,#887,.T.);
#1141=ORIENTED_EDGE('',*,*,#884,.F.);
#1142=ORIENTED_EDGE('',*,*,#888,.T.);
#1143=ORIENTED_EDGE('',*,*,#886,.F.);
#1144=ORIENTED_EDGE('',*,*,#889,.T.);
#1145=ORIENTED_EDGE('',*,*,#890,.T.);
#1146=ORIENTED_EDGE('',*,*,#891,.T.);
#1147=ORIENTED_EDGE('',*,*,#892,.T.);
#1148=ORIENTED_EDGE('',*,*,#893,.T.);
#1149=ORIENTED_EDGE('',*,*,#890,.F.);
#1150=ORIENTED_EDGE('',*,*,#894,.T.);
#1151=ORIENTED_EDGE('',*,*,#892,.F.);
#1152=ORIENTED_EDGE('',*,*,#895,.T.);
#1153=ORIENTED_EDGE('',*,*,#896,.T.);
#1154=ORIENTED_EDGE('',*,*,#897,.T.);
#1155=ORIENTED_EDGE('',*,*,#898,.T.);
#1156=ORIENTED_EDGE('',*,*,#899,.T.);
#1157=ORIENTED_EDGE('',*,*,#896,.F.);
#1158=ORIENTED_EDGE('',*,*,#900,.T.);
#1159=ORIENTED_EDGE('',*,*,#898,.F.);
#1160=ORIENTED_EDGE('',*,*,#901,.T.);
#1161=ORIENTED_EDGE('',*,*,#881,.F.);
#1162=ORIENTED_EDGE('',*,*,#902,.T.);
#1163=ORIENTED_EDGE('',*,*,#897,.F.);
#1164=ORIENTED_EDGE('',*,*,#903,.T.);
#1165=ORIENTED_EDGE('',*,*,#904,.F.);
#1166=ORIENTED_EDGE('',*,*,#905,.T.);
#1167=ORIENTED_EDGE('',*,*,#899,.F.);
#1168=ORIENTED_EDGE('',*,*,#906,.F.);
#1169=ORIENTED_EDGE('',*,*,#907,.F.);
#1170=ORIENTED_EDGE('',*,*,#903,.F.);
#1171=ORIENTED_EDGE('',*,*,#902,.F.);
#1172=ORIENTED_EDGE('',*,*,#908,.T.);
#1173=ORIENTED_EDGE('',*,*,#909,.F.);
#1174=ORIENTED_EDGE('',*,*,#906,.T.);
#1175=ORIENTED_EDGE('',*,*,#880,.F.);
#1176=ORIENTED_EDGE('',*,*,#910,.F.);
#1177=ORIENTED_EDGE('',*,*,#911,.F.);
#1178=ORIENTED_EDGE('',*,*,#908,.F.);
#1179=ORIENTED_EDGE('',*,*,#882,.F.);
#1180=ORIENTED_EDGE('',*,*,#901,.F.);
#1181=ORIENTED_EDGE('',*,*,#900,.F.);
#1182=ORIENTED_EDGE('',*,*,#895,.F.);
#1183=ORIENTED_EDGE('',*,*,#894,.F.);
#1184=ORIENTED_EDGE('',*,*,#889,.F.);
#1185=ORIENTED_EDGE('',*,*,#888,.F.);
#1186=ORIENTED_EDGE('',*,*,#883,.F.);
#1187=ORIENTED_EDGE('',*,*,#912,.T.);
#1188=ORIENTED_EDGE('',*,*,#913,.T.);
#1189=ORIENTED_EDGE('',*,*,#914,.T.);
#1190=ORIENTED_EDGE('',*,*,#915,.T.);
#1191=ORIENTED_EDGE('',*,*,#912,.F.);
#1192=ORIENTED_EDGE('',*,*,#916,.T.);
#1193=ORIENTED_EDGE('',*,*,#917,.T.);
#1194=ORIENTED_EDGE('',*,*,#918,.T.);
#1195=ORIENTED_EDGE('',*,*,#919,.T.);
#1196=ORIENTED_EDGE('',*,*,#920,.T.);
#1197=ORIENTED_EDGE('',*,*,#917,.F.);
#1198=ORIENTED_EDGE('',*,*,#921,.T.);
#1199=ORIENTED_EDGE('',*,*,#919,.F.);
#1200=ORIENTED_EDGE('',*,*,#922,.T.);
#1201=ORIENTED_EDGE('',*,*,#923,.T.);
#1202=ORIENTED_EDGE('',*,*,#924,.T.);
#1203=ORIENTED_EDGE('',*,*,#925,.T.);
#1204=ORIENTED_EDGE('',*,*,#926,.T.);
#1205=ORIENTED_EDGE('',*,*,#923,.F.);
#1206=ORIENTED_EDGE('',*,*,#927,.T.);
#1207=ORIENTED_EDGE('',*,*,#925,.F.);
#1208=ORIENTED_EDGE('',*,*,#928,.T.);
#1209=ORIENTED_EDGE('',*,*,#929,.T.);
#1210=ORIENTED_EDGE('',*,*,#930,.T.);
#1211=ORIENTED_EDGE('',*,*,#931,.T.);
#1212=ORIENTED_EDGE('',*,*,#932,.T.);
#1213=ORIENTED_EDGE('',*,*,#929,.F.);
#1214=ORIENTED_EDGE('',*,*,#933,.T.);
#1215=ORIENTED_EDGE('',*,*,#931,.F.);
#1216=ORIENTED_EDGE('',*,*,#934,.T.);
#1217=ORIENTED_EDGE('',*,*,#914,.F.);
#1218=ORIENTED_EDGE('',*,*,#935,.T.);
#1219=ORIENTED_EDGE('',*,*,#930,.F.);
#1220=ORIENTED_EDGE('',*,*,#936,.T.);
#1221=ORIENTED_EDGE('',*,*,#937,.F.);
#1222=ORIENTED_EDGE('',*,*,#938,.T.);
#1223=ORIENTED_EDGE('',*,*,#932,.F.);
#1224=ORIENTED_EDGE('',*,*,#939,.F.);
#1225=ORIENTED_EDGE('',*,*,#940,.F.);
#1226=ORIENTED_EDGE('',*,*,#936,.F.);
#1227=ORIENTED_EDGE('',*,*,#935,.F.);
#1228=ORIENTED_EDGE('',*,*,#941,.T.);
#1229=ORIENTED_EDGE('',*,*,#942,.F.);
#1230=ORIENTED_EDGE('',*,*,#939,.T.);
#1231=ORIENTED_EDGE('',*,*,#913,.F.);
#1232=ORIENTED_EDGE('',*,*,#943,.F.);
#1233=ORIENTED_EDGE('',*,*,#944,.F.);
#1234=ORIENTED_EDGE('',*,*,#941,.F.);
#1235=ORIENTED_EDGE('',*,*,#915,.F.);
#1236=ORIENTED_EDGE('',*,*,#934,.F.);
#1237=ORIENTED_EDGE('',*,*,#933,.F.);
#1238=ORIENTED_EDGE('',*,*,#928,.F.);
#1239=ORIENTED_EDGE('',*,*,#927,.F.);
#1240=ORIENTED_EDGE('',*,*,#922,.F.);
#1241=ORIENTED_EDGE('',*,*,#921,.F.);
#1242=ORIENTED_EDGE('',*,*,#916,.F.);
#1243=ORIENTED_EDGE('',*,*,#945,.T.);
#1244=ORIENTED_EDGE('',*,*,#946,.T.);
#1245=ORIENTED_EDGE('',*,*,#947,.T.);
#1246=ORIENTED_EDGE('',*,*,#948,.T.);
#1247=ORIENTED_EDGE('',*,*,#949,.T.);
#1248=ORIENTED_EDGE('',*,*,#950,.T.);
#1249=ORIENTED_EDGE('',*,*,#947,.F.);
#1250=ORIENTED_EDGE('',*,*,#951,.T.);
#1251=ORIENTED_EDGE('',*,*,#952,.T.);
#1252=ORIENTED_EDGE('',*,*,#953,.T.);
#1253=ORIENTED_EDGE('',*,*,#949,.F.);
#1254=ORIENTED_EDGE('',*,*,#954,.T.);
#1255=ORIENTED_EDGE('',*,*,#955,.T.);
#1256=ORIENTED_EDGE('',*,*,#956,.T.);
#1257=ORIENTED_EDGE('',*,*,#952,.F.);
#1258=ORIENTED_EDGE('',*,*,#904,.T.);
#1259=ORIENTED_EDGE('',*,*,#957,.T.);
#1260=ORIENTED_EDGE('',*,*,#958,.T.);
#1261=ORIENTED_EDGE('',*,*,#955,.F.);
#1262=ORIENTED_EDGE('',*,*,#907,.T.);
#1263=ORIENTED_EDGE('',*,*,#959,.T.);
#1264=ORIENTED_EDGE('',*,*,#960,.T.);
#1265=ORIENTED_EDGE('',*,*,#957,.F.);
#1266=ORIENTED_EDGE('',*,*,#909,.T.);
#1267=ORIENTED_EDGE('',*,*,#961,.T.);
#1268=ORIENTED_EDGE('',*,*,#962,.T.);
#1269=ORIENTED_EDGE('',*,*,#959,.F.);
#1270=ORIENTED_EDGE('',*,*,#911,.T.);
#1271=ORIENTED_EDGE('',*,*,#961,.F.);
#1272=ORIENTED_EDGE('',*,*,#963,.T.);
#1273=ORIENTED_EDGE('',*,*,#945,.F.);
#1274=ORIENTED_EDGE('',*,*,#964,.T.);
#1275=ORIENTED_EDGE('',*,*,#893,.F.);
#1276=ORIENTED_EDGE('',*,*,#905,.F.);
#1277=ORIENTED_EDGE('',*,*,#954,.F.);
#1278=ORIENTED_EDGE('',*,*,#965,.F.);
#1279=ORIENTED_EDGE('',*,*,#891,.F.);
#1280=ORIENTED_EDGE('',*,*,#965,.T.);
#1281=ORIENTED_EDGE('',*,*,#951,.F.);
#1282=ORIENTED_EDGE('',*,*,#966,.T.);
#1283=ORIENTED_EDGE('',*,*,#887,.F.);
#1284=ORIENTED_EDGE('',*,*,#966,.F.);
#1285=ORIENTED_EDGE('',*,*,#946,.F.);
#1286=ORIENTED_EDGE('',*,*,#967,.F.);
#1287=ORIENTED_EDGE('',*,*,#968,.F.);
#1288=ORIENTED_EDGE('',*,*,#969,.F.);
#1289=ORIENTED_EDGE('',*,*,#970,.F.);
#1290=ORIENTED_EDGE('',*,*,#971,.F.);
#1291=ORIENTED_EDGE('',*,*,#972,.F.);
#1292=ORIENTED_EDGE('',*,*,#973,.F.);
#1293=ORIENTED_EDGE('',*,*,#974,.F.);
#1294=ORIENTED_EDGE('',*,*,#975,.F.);
#1295=ORIENTED_EDGE('',*,*,#948,.F.);
#1296=ORIENTED_EDGE('',*,*,#950,.F.);
#1297=ORIENTED_EDGE('',*,*,#953,.F.);
#1298=ORIENTED_EDGE('',*,*,#956,.F.);
#1299=ORIENTED_EDGE('',*,*,#958,.F.);
#1300=ORIENTED_EDGE('',*,*,#960,.F.);
#1301=ORIENTED_EDGE('',*,*,#962,.F.);
#1302=ORIENTED_EDGE('',*,*,#964,.F.);
#1303=ORIENTED_EDGE('',*,*,#976,.T.);
#1304=ORIENTED_EDGE('',*,*,#977,.T.);
#1305=ORIENTED_EDGE('',*,*,#978,.T.);
#1306=ORIENTED_EDGE('',*,*,#979,.T.);
#1307=ORIENTED_EDGE('',*,*,#980,.T.);
#1308=ORIENTED_EDGE('',*,*,#944,.T.);
#1309=ORIENTED_EDGE('',*,*,#978,.F.);
#1310=ORIENTED_EDGE('',*,*,#981,.T.);
#1311=ORIENTED_EDGE('',*,*,#982,.T.);
#1312=ORIENTED_EDGE('',*,*,#942,.T.);
#1313=ORIENTED_EDGE('',*,*,#980,.F.);
#1314=ORIENTED_EDGE('',*,*,#983,.T.);
#1315=ORIENTED_EDGE('',*,*,#984,.T.);
#1316=ORIENTED_EDGE('',*,*,#940,.T.);
#1317=ORIENTED_EDGE('',*,*,#982,.F.);
#1318=ORIENTED_EDGE('',*,*,#985,.T.);
#1319=ORIENTED_EDGE('',*,*,#986,.T.);
#1320=ORIENTED_EDGE('',*,*,#937,.T.);
#1321=ORIENTED_EDGE('',*,*,#984,.F.);
#1322=ORIENTED_EDGE('',*,*,#987,.T.);
#1323=ORIENTED_EDGE('',*,*,#988,.T.);
#1324=ORIENTED_EDGE('',*,*,#989,.T.);
#1325=ORIENTED_EDGE('',*,*,#986,.F.);
#1326=ORIENTED_EDGE('',*,*,#990,.T.);
#1327=ORIENTED_EDGE('',*,*,#991,.T.);
#1328=ORIENTED_EDGE('',*,*,#992,.T.);
#1329=ORIENTED_EDGE('',*,*,#988,.F.);
#1330=ORIENTED_EDGE('',*,*,#993,.T.);
#1331=ORIENTED_EDGE('',*,*,#991,.F.);
#1332=ORIENTED_EDGE('',*,*,#994,.T.);
#1333=ORIENTED_EDGE('',*,*,#976,.F.);
#1334=ORIENTED_EDGE('',*,*,#995,.T.);
#1335=ORIENTED_EDGE('',*,*,#926,.F.);
#1336=ORIENTED_EDGE('',*,*,#938,.F.);
#1337=ORIENTED_EDGE('',*,*,#989,.F.);
#1338=ORIENTED_EDGE('',*,*,#996,.F.);
#1339=ORIENTED_EDGE('',*,*,#924,.F.);
#1340=ORIENTED_EDGE('',*,*,#996,.T.);
#1341=ORIENTED_EDGE('',*,*,#992,.F.);
#1342=ORIENTED_EDGE('',*,*,#997,.T.);
#1343=ORIENTED_EDGE('',*,*,#920,.F.);
#1344=ORIENTED_EDGE('',*,*,#997,.F.);
#1345=ORIENTED_EDGE('',*,*,#995,.F.);
#1346=ORIENTED_EDGE('',*,*,#998,.F.);
#1347=ORIENTED_EDGE('',*,*,#918,.F.);
#1348=ORIENTED_EDGE('',*,*,#998,.T.);
#1349=ORIENTED_EDGE('',*,*,#979,.F.);
#1350=ORIENTED_EDGE('',*,*,#943,.T.);
#1351=ORIENTED_EDGE('',*,*,#999,.F.);
#1352=ORIENTED_EDGE('',*,*,#1000,.F.);
#1353=ORIENTED_EDGE('',*,*,#1001,.F.);
#1354=ORIENTED_EDGE('',*,*,#1002,.F.);
#1355=ORIENTED_EDGE('',*,*,#1003,.F.);
#1356=ORIENTED_EDGE('',*,*,#1004,.F.);
#1357=ORIENTED_EDGE('',*,*,#1005,.F.);
#1358=ORIENTED_EDGE('',*,*,#1006,.F.);
#1359=ORIENTED_EDGE('',*,*,#1007,.T.);
#1360=ORIENTED_EDGE('',*,*,#1008,.T.);
#1361=ORIENTED_EDGE('',*,*,#1009,.T.);
#1362=ORIENTED_EDGE('',*,*,#1010,.T.);
#1363=ORIENTED_EDGE('',*,*,#1011,.T.);
#1364=ORIENTED_EDGE('',*,*,#1012,.T.);
#1365=ORIENTED_EDGE('',*,*,#1013,.T.);
#1366=ORIENTED_EDGE('',*,*,#1014,.T.);
#1367=ORIENTED_EDGE('',*,*,#1015,.T.);
#1368=ORIENTED_EDGE('',*,*,#1016,.T.);
#1369=ORIENTED_EDGE('',*,*,#1017,.T.);
#1370=ORIENTED_EDGE('',*,*,#1018,.T.);
#1371=ORIENTED_EDGE('',*,*,#1019,.T.);
#1372=ORIENTED_EDGE('',*,*,#1020,.T.);
#1373=ORIENTED_EDGE('',*,*,#1021,.T.);
#1374=ORIENTED_EDGE('',*,*,#1022,.T.);
#1375=ORIENTED_EDGE('',*,*,#977,.F.);
#1376=ORIENTED_EDGE('',*,*,#994,.F.);
#1377=ORIENTED_EDGE('',*,*,#993,.F.);
#1378=ORIENTED_EDGE('',*,*,#990,.F.);
#1379=ORIENTED_EDGE('',*,*,#987,.F.);
#1380=ORIENTED_EDGE('',*,*,#985,.F.);
#1381=ORIENTED_EDGE('',*,*,#983,.F.);
#1382=ORIENTED_EDGE('',*,*,#981,.F.);
#1383=ORIENTED_EDGE('',*,*,#885,.F.);
#1384=ORIENTED_EDGE('',*,*,#967,.T.);
#1385=ORIENTED_EDGE('',*,*,#963,.F.);
#1386=ORIENTED_EDGE('',*,*,#910,.T.);
#1387=ORIENTED_EDGE('',*,*,#1023,.T.);
#1388=ORIENTED_EDGE('',*,*,#968,.T.);
#1389=ORIENTED_EDGE('',*,*,#1024,.T.);
#1390=ORIENTED_EDGE('',*,*,#1025,.T.);
#1391=ORIENTED_EDGE('',*,*,#1023,.F.);
#1392=ORIENTED_EDGE('',*,*,#1026,.T.);
#1393=ORIENTED_EDGE('',*,*,#1027,.T.);
#1394=ORIENTED_EDGE('',*,*,#969,.T.);
#1395=ORIENTED_EDGE('',*,*,#1028,.T.);
#1396=ORIENTED_EDGE('',*,*,#970,.T.);
#1397=ORIENTED_EDGE('',*,*,#1027,.F.);
#1398=ORIENTED_EDGE('',*,*,#1029,.T.);
#1399=ORIENTED_EDGE('',*,*,#1028,.F.);
#1400=ORIENTED_EDGE('',*,*,#1030,.T.);
#1401=ORIENTED_EDGE('',*,*,#1031,.T.);
#1402=ORIENTED_EDGE('',*,*,#971,.T.);
#1403=ORIENTED_EDGE('',*,*,#1032,.T.);
#1404=ORIENTED_EDGE('',*,*,#972,.T.);
#1405=ORIENTED_EDGE('',*,*,#1031,.F.);
#1406=ORIENTED_EDGE('',*,*,#1033,.T.);
#1407=ORIENTED_EDGE('',*,*,#1032,.F.);
#1408=ORIENTED_EDGE('',*,*,#1034,.T.);
#1409=ORIENTED_EDGE('',*,*,#1035,.T.);
#1410=ORIENTED_EDGE('',*,*,#973,.T.);
#1411=ORIENTED_EDGE('',*,*,#1036,.T.);
#1412=ORIENTED_EDGE('',*,*,#974,.T.);
#1413=ORIENTED_EDGE('',*,*,#1035,.F.);
#1414=ORIENTED_EDGE('',*,*,#1037,.T.);
#1415=ORIENTED_EDGE('',*,*,#1036,.F.);
#1416=ORIENTED_EDGE('',*,*,#1038,.T.);
#1417=ORIENTED_EDGE('',*,*,#1024,.F.);
#1418=ORIENTED_EDGE('',*,*,#975,.T.);
#1419=ORIENTED_EDGE('',*,*,#1030,.F.);
#1420=ORIENTED_EDGE('',*,*,#1039,.T.);
#1421=ORIENTED_EDGE('',*,*,#1040,.F.);
#1422=ORIENTED_EDGE('',*,*,#1041,.T.);
#1423=ORIENTED_EDGE('',*,*,#1029,.F.);
#1424=ORIENTED_EDGE('',*,*,#1042,.F.);
#1425=ORIENTED_EDGE('',*,*,#1043,.F.);
#1426=ORIENTED_EDGE('',*,*,#1039,.F.);
#1427=ORIENTED_EDGE('',*,*,#1026,.F.);
#1428=ORIENTED_EDGE('',*,*,#1044,.T.);
#1429=ORIENTED_EDGE('',*,*,#1045,.F.);
#1430=ORIENTED_EDGE('',*,*,#1042,.T.);
#1431=ORIENTED_EDGE('',*,*,#1025,.F.);
#1432=ORIENTED_EDGE('',*,*,#1046,.F.);
#1433=ORIENTED_EDGE('',*,*,#1047,.F.);
#1434=ORIENTED_EDGE('',*,*,#1044,.F.);
#1435=ORIENTED_EDGE('',*,*,#1048,.T.);
#1436=ORIENTED_EDGE('',*,*,#999,.T.);
#1437=ORIENTED_EDGE('',*,*,#1049,.T.);
#1438=ORIENTED_EDGE('',*,*,#1047,.T.);
#1439=ORIENTED_EDGE('',*,*,#1048,.F.);
#1440=ORIENTED_EDGE('',*,*,#1050,.T.);
#1441=ORIENTED_EDGE('',*,*,#1051,.T.);
#1442=ORIENTED_EDGE('',*,*,#1000,.T.);
#1443=ORIENTED_EDGE('',*,*,#1052,.T.);
#1444=ORIENTED_EDGE('',*,*,#1001,.T.);
#1445=ORIENTED_EDGE('',*,*,#1051,.F.);
#1446=ORIENTED_EDGE('',*,*,#1053,.T.);
#1447=ORIENTED_EDGE('',*,*,#1052,.F.);
#1448=ORIENTED_EDGE('',*,*,#1054,.T.);
#1449=ORIENTED_EDGE('',*,*,#1055,.T.);
#1450=ORIENTED_EDGE('',*,*,#1002,.T.);
#1451=ORIENTED_EDGE('',*,*,#1056,.T.);
#1452=ORIENTED_EDGE('',*,*,#1003,.T.);
#1453=ORIENTED_EDGE('',*,*,#1055,.F.);
#1454=ORIENTED_EDGE('',*,*,#1057,.T.);
#1455=ORIENTED_EDGE('',*,*,#1056,.F.);
#1456=ORIENTED_EDGE('',*,*,#1040,.T.);
#1457=ORIENTED_EDGE('',*,*,#1058,.T.);
#1458=ORIENTED_EDGE('',*,*,#1004,.T.);
#1459=ORIENTED_EDGE('',*,*,#1059,.T.);
#1460=ORIENTED_EDGE('',*,*,#1005,.T.);
#1461=ORIENTED_EDGE('',*,*,#1058,.F.);
#1462=ORIENTED_EDGE('',*,*,#1043,.T.);
#1463=ORIENTED_EDGE('',*,*,#1059,.F.);
#1464=ORIENTED_EDGE('',*,*,#1045,.T.);
#1465=ORIENTED_EDGE('',*,*,#1049,.F.);
#1466=ORIENTED_EDGE('',*,*,#1006,.T.);
#1467=ORIENTED_EDGE('',*,*,#1034,.F.);
#1468=ORIENTED_EDGE('',*,*,#1060,.T.);
#1469=ORIENTED_EDGE('',*,*,#1054,.F.);
#1470=ORIENTED_EDGE('',*,*,#1061,.T.);
#1471=ORIENTED_EDGE('',*,*,#1037,.F.);
#1472=ORIENTED_EDGE('',*,*,#1061,.F.);
#1473=ORIENTED_EDGE('',*,*,#1053,.F.);
#1474=ORIENTED_EDGE('',*,*,#1062,.F.);
#1475=ORIENTED_EDGE('',*,*,#1038,.F.);
#1476=ORIENTED_EDGE('',*,*,#1062,.T.);
#1477=ORIENTED_EDGE('',*,*,#1050,.F.);
#1478=ORIENTED_EDGE('',*,*,#1046,.T.);
#1479=ORIENTED_EDGE('',*,*,#1033,.F.);
#1480=ORIENTED_EDGE('',*,*,#1041,.F.);
#1481=ORIENTED_EDGE('',*,*,#1057,.F.);
#1482=ORIENTED_EDGE('',*,*,#1060,.F.);
#1483=ORIENTED_EDGE('',*,*,#1007,.F.);
#1484=ORIENTED_EDGE('',*,*,#1063,.F.);
#1485=ORIENTED_EDGE('',*,*,#1064,.F.);
#1486=ORIENTED_EDGE('',*,*,#1065,.F.);
#1487=ORIENTED_EDGE('',*,*,#1008,.F.);
#1488=ORIENTED_EDGE('',*,*,#1065,.T.);
#1489=ORIENTED_EDGE('',*,*,#1066,.T.);
#1490=ORIENTED_EDGE('',*,*,#1067,.T.);
#1491=ORIENTED_EDGE('',*,*,#1068,.T.);
#1492=ORIENTED_EDGE('',*,*,#1069,.T.);
#1493=ORIENTED_EDGE('',*,*,#1070,.T.);
#1494=ORIENTED_EDGE('',*,*,#1010,.F.);
#1495=ORIENTED_EDGE('',*,*,#1071,.T.);
#1496=ORIENTED_EDGE('',*,*,#1072,.T.);
#1497=ORIENTED_EDGE('',*,*,#1073,.T.);
#1498=ORIENTED_EDGE('',*,*,#1074,.T.);
#1499=ORIENTED_EDGE('',*,*,#1075,.T.);
#1500=ORIENTED_EDGE('',*,*,#1063,.T.);
#1501=ORIENTED_EDGE('',*,*,#1073,.F.);
#1502=ORIENTED_EDGE('',*,*,#1076,.F.);
#1503=ORIENTED_EDGE('',*,*,#1068,.F.);
#1504=ORIENTED_EDGE('',*,*,#1077,.T.);
#1505=ORIENTED_EDGE('',*,*,#1072,.F.);
#1506=ORIENTED_EDGE('',*,*,#1078,.F.);
#1507=ORIENTED_EDGE('',*,*,#1069,.F.);
#1508=ORIENTED_EDGE('',*,*,#1076,.T.);
#1509=ORIENTED_EDGE('',*,*,#1009,.F.);
#1510=ORIENTED_EDGE('',*,*,#1070,.F.);
#1511=ORIENTED_EDGE('',*,*,#1078,.T.);
#1512=ORIENTED_EDGE('',*,*,#1071,.F.);
#1513=ORIENTED_EDGE('',*,*,#1075,.F.);
#1514=ORIENTED_EDGE('',*,*,#1079,.F.);
#1515=ORIENTED_EDGE('',*,*,#1066,.F.);
#1516=ORIENTED_EDGE('',*,*,#1064,.T.);
#1517=ORIENTED_EDGE('',*,*,#1074,.F.);
#1518=ORIENTED_EDGE('',*,*,#1077,.F.);
#1519=ORIENTED_EDGE('',*,*,#1067,.F.);
#1520=ORIENTED_EDGE('',*,*,#1079,.T.);
#1521=ORIENTED_EDGE('',*,*,#1011,.F.);
#1522=ORIENTED_EDGE('',*,*,#1080,.F.);
#1523=ORIENTED_EDGE('',*,*,#1081,.F.);
#1524=ORIENTED_EDGE('',*,*,#1082,.F.);
#1525=ORIENTED_EDGE('',*,*,#1012,.F.);
#1526=ORIENTED_EDGE('',*,*,#1082,.T.);
#1527=ORIENTED_EDGE('',*,*,#1083,.T.);
#1528=ORIENTED_EDGE('',*,*,#1084,.T.);
#1529=ORIENTED_EDGE('',*,*,#1085,.T.);
#1530=ORIENTED_EDGE('',*,*,#1086,.T.);
#1531=ORIENTED_EDGE('',*,*,#1087,.T.);
#1532=ORIENTED_EDGE('',*,*,#1014,.F.);
#1533=ORIENTED_EDGE('',*,*,#1088,.T.);
#1534=ORIENTED_EDGE('',*,*,#1089,.T.);
#1535=ORIENTED_EDGE('',*,*,#1090,.T.);
#1536=ORIENTED_EDGE('',*,*,#1091,.T.);
#1537=ORIENTED_EDGE('',*,*,#1092,.T.);
#1538=ORIENTED_EDGE('',*,*,#1080,.T.);
#1539=ORIENTED_EDGE('',*,*,#1090,.F.);
#1540=ORIENTED_EDGE('',*,*,#1093,.F.);
#1541=ORIENTED_EDGE('',*,*,#1085,.F.);
#1542=ORIENTED_EDGE('',*,*,#1094,.T.);
#1543=ORIENTED_EDGE('',*,*,#1089,.F.);
#1544=ORIENTED_EDGE('',*,*,#1095,.F.);
#1545=ORIENTED_EDGE('',*,*,#1086,.F.);
#1546=ORIENTED_EDGE('',*,*,#1093,.T.);
#1547=ORIENTED_EDGE('',*,*,#1013,.F.);
#1548=ORIENTED_EDGE('',*,*,#1087,.F.);
#1549=ORIENTED_EDGE('',*,*,#1095,.T.);
#1550=ORIENTED_EDGE('',*,*,#1088,.F.);
#1551=ORIENTED_EDGE('',*,*,#1092,.F.);
#1552=ORIENTED_EDGE('',*,*,#1096,.F.);
#1553=ORIENTED_EDGE('',*,*,#1083,.F.);
#1554=ORIENTED_EDGE('',*,*,#1081,.T.);
#1555=ORIENTED_EDGE('',*,*,#1091,.F.);
#1556=ORIENTED_EDGE('',*,*,#1094,.F.);
#1557=ORIENTED_EDGE('',*,*,#1084,.F.);
#1558=ORIENTED_EDGE('',*,*,#1096,.T.);
#1559=ORIENTED_EDGE('',*,*,#1015,.F.);
#1560=ORIENTED_EDGE('',*,*,#1097,.F.);
#1561=ORIENTED_EDGE('',*,*,#1098,.F.);
#1562=ORIENTED_EDGE('',*,*,#1099,.F.);
#1563=ORIENTED_EDGE('',*,*,#1016,.F.);
#1564=ORIENTED_EDGE('',*,*,#1099,.T.);
#1565=ORIENTED_EDGE('',*,*,#1100,.T.);
#1566=ORIENTED_EDGE('',*,*,#1101,.T.);
#1567=ORIENTED_EDGE('',*,*,#1102,.T.);
#1568=ORIENTED_EDGE('',*,*,#1103,.T.);
#1569=ORIENTED_EDGE('',*,*,#1104,.T.);
#1570=ORIENTED_EDGE('',*,*,#1018,.F.);
#1571=ORIENTED_EDGE('',*,*,#1105,.T.);
#1572=ORIENTED_EDGE('',*,*,#1106,.T.);
#1573=ORIENTED_EDGE('',*,*,#1107,.T.);
#1574=ORIENTED_EDGE('',*,*,#1108,.T.);
#1575=ORIENTED_EDGE('',*,*,#1109,.T.);
#1576=ORIENTED_EDGE('',*,*,#1097,.T.);
#1577=ORIENTED_EDGE('',*,*,#1107,.F.);
#1578=ORIENTED_EDGE('',*,*,#1110,.F.);
#1579=ORIENTED_EDGE('',*,*,#1102,.F.);
#1580=ORIENTED_EDGE('',*,*,#1111,.T.);
#1581=ORIENTED_EDGE('',*,*,#1106,.F.);
#1582=ORIENTED_EDGE('',*,*,#1112,.F.);
#1583=ORIENTED_EDGE('',*,*,#1103,.F.);
#1584=ORIENTED_EDGE('',*,*,#1110,.T.);
#1585=ORIENTED_EDGE('',*,*,#1017,.F.);
#1586=ORIENTED_EDGE('',*,*,#1104,.F.);
#1587=ORIENTED_EDGE('',*,*,#1112,.T.);
#1588=ORIENTED_EDGE('',*,*,#1105,.F.);
#1589=ORIENTED_EDGE('',*,*,#1109,.F.);
#1590=ORIENTED_EDGE('',*,*,#1113,.F.);
#1591=ORIENTED_EDGE('',*,*,#1100,.F.);
#1592=ORIENTED_EDGE('',*,*,#1098,.T.);
#1593=ORIENTED_EDGE('',*,*,#1108,.F.);
#1594=ORIENTED_EDGE('',*,*,#1111,.F.);
#1595=ORIENTED_EDGE('',*,*,#1101,.F.);
#1596=ORIENTED_EDGE('',*,*,#1113,.T.);
#1597=ORIENTED_EDGE('',*,*,#1019,.F.);
#1598=ORIENTED_EDGE('',*,*,#1114,.F.);
#1599=ORIENTED_EDGE('',*,*,#1115,.F.);
#1600=ORIENTED_EDGE('',*,*,#1116,.F.);
#1601=ORIENTED_EDGE('',*,*,#1020,.F.);
#1602=ORIENTED_EDGE('',*,*,#1116,.T.);
#1603=ORIENTED_EDGE('',*,*,#1117,.T.);
#1604=ORIENTED_EDGE('',*,*,#1118,.T.);
#1605=ORIENTED_EDGE('',*,*,#1119,.T.);
#1606=ORIENTED_EDGE('',*,*,#1120,.T.);
#1607=ORIENTED_EDGE('',*,*,#1121,.T.);
#1608=ORIENTED_EDGE('',*,*,#1022,.F.);
#1609=ORIENTED_EDGE('',*,*,#1122,.T.);
#1610=ORIENTED_EDGE('',*,*,#1123,.T.);
#1611=ORIENTED_EDGE('',*,*,#1124,.T.);
#1612=ORIENTED_EDGE('',*,*,#1125,.T.);
#1613=ORIENTED_EDGE('',*,*,#1126,.T.);
#1614=ORIENTED_EDGE('',*,*,#1114,.T.);
#1615=ORIENTED_EDGE('',*,*,#1124,.F.);
#1616=ORIENTED_EDGE('',*,*,#1127,.F.);
#1617=ORIENTED_EDGE('',*,*,#1119,.F.);
#1618=ORIENTED_EDGE('',*,*,#1128,.T.);
#1619=ORIENTED_EDGE('',*,*,#1123,.F.);
#1620=ORIENTED_EDGE('',*,*,#1129,.F.);
#1621=ORIENTED_EDGE('',*,*,#1120,.F.);
#1622=ORIENTED_EDGE('',*,*,#1127,.T.);
#1623=ORIENTED_EDGE('',*,*,#1021,.F.);
#1624=ORIENTED_EDGE('',*,*,#1121,.F.);
#1625=ORIENTED_EDGE('',*,*,#1129,.T.);
#1626=ORIENTED_EDGE('',*,*,#1122,.F.);
#1627=ORIENTED_EDGE('',*,*,#1126,.F.);
#1628=ORIENTED_EDGE('',*,*,#1130,.F.);
#1629=ORIENTED_EDGE('',*,*,#1117,.F.);
#1630=ORIENTED_EDGE('',*,*,#1115,.T.);
#1631=ORIENTED_EDGE('',*,*,#1125,.F.);
#1632=ORIENTED_EDGE('',*,*,#1128,.F.);
#1633=ORIENTED_EDGE('',*,*,#1118,.F.);
#1634=ORIENTED_EDGE('',*,*,#1130,.T.);
#1635=PLANE('',#1830);
#1636=PLANE('',#1834);
#1637=PLANE('',#1838);
#1638=PLANE('',#1842);
#1639=PLANE('',#1848);
#1640=PLANE('',#1851);
#1641=PLANE('',#1852);
#1642=PLANE('',#1853);
#1643=PLANE('',#1857);
#1644=PLANE('',#1861);
#1645=PLANE('',#1865);
#1646=PLANE('',#1871);
#1647=PLANE('',#1874);
#1648=PLANE('',#1875);
#1649=PLANE('',#1898);
#1650=PLANE('',#1900);
#1651=PLANE('',#1901);
#1652=PLANE('',#1928);
#1653=PLANE('',#1930);
#1654=PLANE('',#1932);
#1655=PLANE('',#1938);
#1656=PLANE('',#1941);
#1657=PLANE('',#1944);
#1658=PLANE('',#1947);
#1659=PLANE('',#1952);
#1660=PLANE('',#1955);
#1661=PLANE('',#1956);
#1662=PLANE('',#1959);
#1663=PLANE('',#1962);
#1664=PLANE('',#1964);
#1665=PLANE('',#1967);
#1666=PLANE('',#1969);
#1667=PLANE('',#1970);
#1668=PLANE('',#1971);
#1669=PLANE('',#1972);
#1670=PLANE('',#1973);
#1671=PLANE('',#1974);
#1672=PLANE('',#1975);
#1673=PLANE('',#1976);
#1674=PLANE('',#1977);
#1675=PLANE('',#1978);
#1676=PLANE('',#1979);
#1677=PLANE('',#1980);
#1678=PLANE('',#1981);
#1679=PLANE('',#1982);
#1680=PLANE('',#1983);
#1681=PLANE('',#1984);
#1682=PLANE('',#1985);
#1683=PLANE('',#1986);
#1684=PLANE('',#1987);
#1685=PLANE('',#1988);
#1686=PLANE('',#1989);
#1687=PLANE('',#1990);
#1688=PLANE('',#1991);
#1689=PLANE('',#1992);
#1690=PLANE('',#1993);
#1691=PLANE('',#1994);
#1692=PLANE('',#1995);
#1693=PLANE('',#1996);
#1694=PLANE('',#1997);
#1695=PLANE('',#1998);
#1696=PLANE('',#1999);
#1697=PLANE('',#2000);
#1698=PLANE('',#2001);
#1699=ADVANCED_FACE('',(#129),#1635,.T.);
#1700=ADVANCED_FACE('',(#130),#113,.F.);
#1701=ADVANCED_FACE('',(#131),#1636,.T.);
#1702=ADVANCED_FACE('',(#132),#114,.F.);
#1703=ADVANCED_FACE('',(#133),#1637,.T.);
#1704=ADVANCED_FACE('',(#134),#115,.F.);
#1705=ADVANCED_FACE('',(#135),#1638,.T.);
#1706=ADVANCED_FACE('',(#136),#116,.F.);
#1707=ADVANCED_FACE('',(#137),#29,.F.);
#1708=ADVANCED_FACE('',(#138),#1639,.F.);
#1709=ADVANCED_FACE('',(#139),#30,.F.);
#1710=ADVANCED_FACE('',(#140),#1640,.F.);
#1711=ADVANCED_FACE('',(#141),#1641,.T.);
#1712=ADVANCED_FACE('',(#142),#1642,.T.);
#1713=ADVANCED_FACE('',(#143),#117,.F.);
#1714=ADVANCED_FACE('',(#144),#1643,.T.);
#1715=ADVANCED_FACE('',(#145),#118,.F.);
#1716=ADVANCED_FACE('',(#146),#1644,.T.);
#1717=ADVANCED_FACE('',(#147),#119,.F.);
#1718=ADVANCED_FACE('',(#148),#1645,.T.);
#1719=ADVANCED_FACE('',(#149),#120,.F.);
#1720=ADVANCED_FACE('',(#150),#31,.F.);
#1721=ADVANCED_FACE('',(#151),#1646,.F.);
#1722=ADVANCED_FACE('',(#152),#32,.F.);
#1723=ADVANCED_FACE('',(#153),#1647,.F.);
#1724=ADVANCED_FACE('',(#154),#1648,.T.);
#1725=ADVANCED_FACE('',(#155),#33,.T.);
#1726=ADVANCED_FACE('',(#156),#21,.T.);
#1727=ADVANCED_FACE('',(#157),#34,.T.);
#1728=ADVANCED_FACE('',(#158),#22,.T.);
#1729=ADVANCED_FACE('',(#159),#35,.T.);
#1730=ADVANCED_FACE('',(#160),#23,.T.);
#1731=ADVANCED_FACE('',(#161),#36,.T.);
#1732=ADVANCED_FACE('',(#162),#24,.T.);
#1733=ADVANCED_FACE('',(#163),#1649,.F.);
#1734=ADVANCED_FACE('',(#164),#37,.F.);
#1735=ADVANCED_FACE('',(#165),#1650,.F.);
#1736=ADVANCED_FACE('',(#166,#15),#1651,.T.);
#1737=ADVANCED_FACE('',(#167),#25,.T.);
#1738=ADVANCED_FACE('',(#168),#38,.T.);
#1739=ADVANCED_FACE('',(#169),#26,.T.);
#1740=ADVANCED_FACE('',(#170),#39,.T.);
#1741=ADVANCED_FACE('',(#171),#27,.T.);
#1742=ADVANCED_FACE('',(#172),#40,.T.);
#1743=ADVANCED_FACE('',(#173),#28,.T.);
#1744=ADVANCED_FACE('',(#174),#41,.T.);
#1745=ADVANCED_FACE('',(#175),#1652,.F.);
#1746=ADVANCED_FACE('',(#176),#42,.F.);
#1747=ADVANCED_FACE('',(#177),#1653,.F.);
#1748=ADVANCED_FACE('',(#178),#43,.F.);
#1749=ADVANCED_FACE('',(#179,#16,#17,#18,#19,#20),#1654,.T.);
#1750=ADVANCED_FACE('',(#180),#44,.F.);
#1751=ADVANCED_FACE('',(#181),#1655,.T.);
#1752=ADVANCED_FACE('',(#182),#121,.T.);
#1753=ADVANCED_FACE('',(#183),#1656,.T.);
#1754=ADVANCED_FACE('',(#184),#122,.T.);
#1755=ADVANCED_FACE('',(#185),#1657,.T.);
#1756=ADVANCED_FACE('',(#186),#123,.T.);
#1757=ADVANCED_FACE('',(#187),#1658,.T.);
#1758=ADVANCED_FACE('',(#188),#124,.T.);
#1759=ADVANCED_FACE('',(#189),#45,.T.);
#1760=ADVANCED_FACE('',(#190),#1659,.T.);
#1761=ADVANCED_FACE('',(#191),#46,.T.);
#1762=ADVANCED_FACE('',(#192),#1660,.T.);
#1763=ADVANCED_FACE('',(#193),#1661,.T.);
#1764=ADVANCED_FACE('',(#194),#125,.T.);
#1765=ADVANCED_FACE('',(#195),#1662,.T.);
#1766=ADVANCED_FACE('',(#196),#126,.T.);
#1767=ADVANCED_FACE('',(#197),#1663,.T.);
#1768=ADVANCED_FACE('',(#198),#127,.T.);
#1769=ADVANCED_FACE('',(#199),#1664,.T.);
#1770=ADVANCED_FACE('',(#200),#128,.T.);
#1771=ADVANCED_FACE('',(#201),#47,.T.);
#1772=ADVANCED_FACE('',(#202),#1665,.T.);
#1773=ADVANCED_FACE('',(#203),#48,.T.);
#1774=ADVANCED_FACE('',(#204),#1666,.T.);
#1775=ADVANCED_FACE('',(#205),#1667,.T.);
#1776=ADVANCED_FACE('',(#206),#1668,.T.);
#1777=ADVANCED_FACE('',(#207),#1669,.T.);
#1778=ADVANCED_FACE('',(#208),#1670,.T.);
#1779=ADVANCED_FACE('',(#209),#1671,.T.);
#1780=ADVANCED_FACE('',(#210),#1672,.T.);
#1781=ADVANCED_FACE('',(#211),#1673,.T.);
#1782=ADVANCED_FACE('',(#212),#1674,.T.);
#1783=ADVANCED_FACE('',(#213),#1675,.T.);
#1784=ADVANCED_FACE('',(#214),#1676,.T.);
#1785=ADVANCED_FACE('',(#215),#1677,.T.);
#1786=ADVANCED_FACE('',(#216),#1678,.T.);
#1787=ADVANCED_FACE('',(#217),#1679,.T.);
#1788=ADVANCED_FACE('',(#218),#1680,.T.);
#1789=ADVANCED_FACE('',(#219),#1681,.T.);
#1790=ADVANCED_FACE('',(#220),#1682,.T.);
#1791=ADVANCED_FACE('',(#221),#1683,.T.);
#1792=ADVANCED_FACE('',(#222),#1684,.T.);
#1793=ADVANCED_FACE('',(#223),#1685,.T.);
#1794=ADVANCED_FACE('',(#224),#1686,.T.);
#1795=ADVANCED_FACE('',(#225),#1687,.T.);
#1796=ADVANCED_FACE('',(#226),#1688,.T.);
#1797=ADVANCED_FACE('',(#227),#1689,.T.);
#1798=ADVANCED_FACE('',(#228),#1690,.T.);
#1799=ADVANCED_FACE('',(#229),#1691,.T.);
#1800=ADVANCED_FACE('',(#230),#1692,.T.);
#1801=ADVANCED_FACE('',(#231),#1693,.T.);
#1802=ADVANCED_FACE('',(#232),#1694,.T.);
#1803=ADVANCED_FACE('',(#233),#1695,.T.);
#1804=ADVANCED_FACE('',(#234),#1696,.T.);
#1805=ADVANCED_FACE('',(#235),#1697,.T.);
#1806=ADVANCED_FACE('',(#236),#1698,.T.);
#1807=CLOSED_SHELL('',(#1699,#1700,#1701,#1702,#1703,#1704,#1705,#1706,
#1707,#1708,#1709,#1710,#1711,#1712,#1713,#1714,#1715,#1716,#1717,#1718,
#1719,#1720,#1721,#1722,#1723,#1724,#1725,#1726,#1727,#1728,#1729,#1730,
#1731,#1732,#1733,#1734,#1735,#1736,#1737,#1738,#1739,#1740,#1741,#1742,
#1743,#1744,#1745,#1746,#1747,#1748,#1749,#1750,#1751,#1752,#1753,#1754,
#1755,#1756,#1757,#1758,#1759,#1760,#1761,#1762,#1763,#1764,#1765,#1766,
#1767,#1768,#1769,#1770,#1771,#1772,#1773,#1774,#1775,#1776,#1777,#1778,
#1779,#1780,#1781,#1782,#1783,#1784,#1785,#1786,#1787,#1788,#1789,#1790,
#1791,#1792,#1793,#1794,#1795,#1796,#1797,#1798,#1799,#1800,#1801,#1802,
#1803,#1804,#1805,#1806));
#1808=DERIVED_UNIT_ELEMENT(#1811,1.);
#1809=DERIVED_UNIT_ELEMENT(#3054,-3.);
#1810=DIMENSIONAL_EXPONENTS(0.,1.,0.,0.,0.,0.,0.);
#1811=(
CONVERSION_BASED_UNIT('gram',#1813)
MASS_UNIT()
NAMED_UNIT(#1810)
);
#1812=(
MASS_UNIT()
NAMED_UNIT(*)
SI_UNIT(.KILO.,.GRAM.)
);
#1813=MASS_MEASURE_WITH_UNIT(MASS_MEASURE(0.001),#1812);
#1814=DERIVED_UNIT((#1808,#1809));
#1815=MEASURE_REPRESENTATION_ITEM('density measure',
POSITIVE_RATIO_MEASURE(1.),#1814);
#1816=PROPERTY_DEFINITION_REPRESENTATION(#1821,#1818);
#1817=PROPERTY_DEFINITION_REPRESENTATION(#1822,#1819);
#1818=REPRESENTATION('material name',(#1820),#3051);
#1819=REPRESENTATION('density',(#1815),#3051);
#1820=DESCRIPTIVE_REPRESENTATION_ITEM('Og\X\F3lny','Og\X\F3lny');
#1821=PROPERTY_DEFINITION('material property','material name',#3061);
#1822=PROPERTY_DEFINITION('material property','density of part',#3061);
#1823=DATE_TIME_ROLE('creation_date');
#1824=APPLIED_DATE_AND_TIME_ASSIGNMENT(#1825,#1823,(#3061));
#1825=DATE_AND_TIME(#1826,#1827);
#1826=CALENDAR_DATE(2026,10,8);
#1827=LOCAL_TIME(0,0,0.,#1828);
#1828=COORDINATED_UNIVERSAL_TIME_OFFSET(0,0,.BEHIND.);
#1829=AXIS2_PLACEMENT_3D('',#2536,#2002,#2003);
#1830=AXIS2_PLACEMENT_3D('',#2537,#2004,#2005);
#1831=AXIS2_PLACEMENT_3D('',#2546,#2010,#2011);
#1832=AXIS2_PLACEMENT_3D('',#2548,#2012,#2013);
#1833=AXIS2_PLACEMENT_3D('',#2551,#2015,#2016);
#1834=AXIS2_PLACEMENT_3D('',#2552,#2017,#2018);
#1835=AXIS2_PLACEMENT_3D('',#2558,#2022,#2023);
#1836=AXIS2_PLACEMENT_3D('',#2560,#2024,#2025);
#1837=AXIS2_PLACEMENT_3D('',#2563,#2027,#2028);
#1838=AXIS2_PLACEMENT_3D('',#2564,#2029,#2030);
#1839=AXIS2_PLACEMENT_3D('',#2570,#2034,#2035);
#1840=AXIS2_PLACEMENT_3D('',#2572,#2036,#2037);
#1841=AXIS2_PLACEMENT_3D('',#2575,#2039,#2040);
#1842=AXIS2_PLACEMENT_3D('',#2576,#2041,#2042);
#1843=AXIS2_PLACEMENT_3D('',#2582,#2046,#2047);
#1844=AXIS2_PLACEMENT_3D('',#2583,#2048,#2049);
#1845=AXIS2_PLACEMENT_3D('',#2584,#2050,#2051);
#1846=AXIS2_PLACEMENT_3D('',#2585,#2052,#2053);
#1847=AXIS2_PLACEMENT_3D('',#2589,#2055,#2056);
#1848=AXIS2_PLACEMENT_3D('',#2591,#2058,#2059);
#1849=AXIS2_PLACEMENT_3D('',#2595,#2062,#2063);
#1850=AXIS2_PLACEMENT_3D('',#2598,#2065,#2066);
#1851=AXIS2_PLACEMENT_3D('',#2599,#2067,#2068);
#1852=AXIS2_PLACEMENT_3D('',#2603,#2071,#2072);
#1853=AXIS2_PLACEMENT_3D('',#2604,#2073,#2074);
#1854=AXIS2_PLACEMENT_3D('',#2613,#2079,#2080);
#1855=AXIS2_PLACEMENT_3D('',#2615,#2081,#2082);
#1856=AXIS2_PLACEMENT_3D('',#2618,#2084,#2085);
#1857=AXIS2_PLACEMENT_3D('',#2619,#2086,#2087);
#1858=AXIS2_PLACEMENT_3D('',#2625,#2091,#2092);
#1859=AXIS2_PLACEMENT_3D('',#2627,#2093,#2094);
#1860=AXIS2_PLACEMENT_3D('',#2630,#2096,#2097);
#1861=AXIS2_PLACEMENT_3D('',#2631,#2098,#2099);
#1862=AXIS2_PLACEMENT_3D('',#2637,#2103,#2104);
#1863=AXIS2_PLACEMENT_3D('',#2639,#2105,#2106);
#1864=AXIS2_PLACEMENT_3D('',#2642,#2108,#2109);
#1865=AXIS2_PLACEMENT_3D('',#2643,#2110,#2111);
#1866=AXIS2_PLACEMENT_3D('',#2649,#2115,#2116);
#1867=AXIS2_PLACEMENT_3D('',#2650,#2117,#2118);
#1868=AXIS2_PLACEMENT_3D('',#2651,#2119,#2120);
#1869=AXIS2_PLACEMENT_3D('',#2652,#2121,#2122);
#1870=AXIS2_PLACEMENT_3D('',#2656,#2124,#2125);
#1871=AXIS2_PLACEMENT_3D('',#2658,#2127,#2128);
#1872=AXIS2_PLACEMENT_3D('',#2662,#2131,#2132);
#1873=AXIS2_PLACEMENT_3D('',#2665,#2134,#2135);
#1874=AXIS2_PLACEMENT_3D('',#2666,#2136,#2137);
#1875=AXIS2_PLACEMENT_3D('',#2670,#2140,#2141);
#1876=AXIS2_PLACEMENT_3D('',#2671,#2142,#2143);
#1877=AXIS2_PLACEMENT_3D('',#2674,#2144,#2145);
#1878=AXIS2_PLACEMENT_3D('',#2678,#2147,#2148);
#1879=AXIS2_PLACEMENT_3D('',#2680,#2150,#2151);
#1880=AXIS2_PLACEMENT_3D('',#2683,#2152,#2153);
#1881=AXIS2_PLACEMENT_3D('',#2684,#2154,#2155);
#1882=AXIS2_PLACEMENT_3D('',#2685,#2156,#2157);
#1883=AXIS2_PLACEMENT_3D('',#2686,#2158,#2159);
#1884=AXIS2_PLACEMENT_3D('',#2688,#2160,#2161);
#1885=AXIS2_PLACEMENT_3D('',#2691,#2164,#2165);
#1886=AXIS2_PLACEMENT_3D('',#2693,#2166,#2167);
#1887=AXIS2_PLACEMENT_3D('',#2694,#2168,#2169);
#1888=AXIS2_PLACEMENT_3D('',#2695,#2170,#2171);
#1889=AXIS2_PLACEMENT_3D('',#2697,#2172,#2173);
#1890=AXIS2_PLACEMENT_3D('',#2699,#2175,#2176);
#1891=AXIS2_PLACEMENT_3D('',#2701,#2177,#2178);
#1892=AXIS2_PLACEMENT_3D('',#2702,#2179,#2180);
#1893=AXIS2_PLACEMENT_3D('',#2703,#2181,#2182);
#1894=AXIS2_PLACEMENT_3D('',#2705,#2183,#2184);
#1895=AXIS2_PLACEMENT_3D('',#2707,#2186,#2187);
#1896=AXIS2_PLACEMENT_3D('',#2708,#2188,#2189);
#1897=AXIS2_PLACEMENT_3D('',#2709,#2190,#2191);
#1898=AXIS2_PLACEMENT_3D('',#2710,#2192,#2193);
#1899=AXIS2_PLACEMENT_3D('',#2712,#2195,#2196);
#1900=AXIS2_PLACEMENT_3D('',#2714,#2198,#2199);
#1901=AXIS2_PLACEMENT_3D('',#2716,#2201,#2202);
#1902=AXIS2_PLACEMENT_3D('',#2721,#2204,#2205);
#1903=AXIS2_PLACEMENT_3D('',#2725,#2207,#2208);
#1904=AXIS2_PLACEMENT_3D('',#2729,#2210,#2211);
#1905=AXIS2_PLACEMENT_3D('',#2732,#2213,#2214);
#1906=AXIS2_PLACEMENT_3D('',#2733,#2215,#2216);
#1907=AXIS2_PLACEMENT_3D('',#2736,#2217,#2218);
#1908=AXIS2_PLACEMENT_3D('',#2738,#2219,#2220);
#1909=AXIS2_PLACEMENT_3D('',#2739,#2221,#2222);
#1910=AXIS2_PLACEMENT_3D('',#2740,#2223,#2224);
#1911=AXIS2_PLACEMENT_3D('',#2741,#2225,#2226);
#1912=AXIS2_PLACEMENT_3D('',#2743,#2227,#2228);
#1913=AXIS2_PLACEMENT_3D('',#2745,#2230,#2231);
#1914=AXIS2_PLACEMENT_3D('',#2747,#2232,#2233);
#1915=AXIS2_PLACEMENT_3D('',#2748,#2234,#2235);
#1916=AXIS2_PLACEMENT_3D('',#2749,#2236,#2237);
#1917=AXIS2_PLACEMENT_3D('',#2751,#2238,#2239);
#1918=AXIS2_PLACEMENT_3D('',#2753,#2241,#2242);
#1919=AXIS2_PLACEMENT_3D('',#2755,#2243,#2244);
#1920=AXIS2_PLACEMENT_3D('',#2756,#2245,#2246);
#1921=AXIS2_PLACEMENT_3D('',#2757,#2247,#2248);
#1922=AXIS2_PLACEMENT_3D('',#2760,#2249,#2250);
#1923=AXIS2_PLACEMENT_3D('',#2763,#2253,#2254);
#1924=AXIS2_PLACEMENT_3D('',#2766,#2255,#2256);
#1925=AXIS2_PLACEMENT_3D('',#2767,#2257,#2258);
#1926=AXIS2_PLACEMENT_3D('',#2768,#2259,#2260);
#1927=AXIS2_PLACEMENT_3D('',#2769,#2261,#2262);
#1928=AXIS2_PLACEMENT_3D('',#2772,#2265,#2266);
#1929=AXIS2_PLACEMENT_3D('',#2774,#2268,#2269);
#1930=AXIS2_PLACEMENT_3D('',#2776,#2271,#2272);
#1931=AXIS2_PLACEMENT_3D('',#2778,#2274,#2275);
#1932=AXIS2_PLACEMENT_3D('',#2779,#2276,#2277);
#1933=AXIS2_PLACEMENT_3D('',#2784,#2279,#2280);
#1934=AXIS2_PLACEMENT_3D('',#2788,#2282,#2283);
#1935=AXIS2_PLACEMENT_3D('',#2792,#2285,#2286);
#1936=AXIS2_PLACEMENT_3D('',#2795,#2288,#2289);
#1937=AXIS2_PLACEMENT_3D('',#2828,#2306,#2307);
#1938=AXIS2_PLACEMENT_3D('',#2829,#2308,#2309);
#1939=AXIS2_PLACEMENT_3D('',#2835,#2313,#2314);
#1940=AXIS2_PLACEMENT_3D('',#2837,#2315,#2316);
#1941=AXIS2_PLACEMENT_3D('',#2839,#2318,#2319);
#1942=AXIS2_PLACEMENT_3D('',#2843,#2322,#2323);
#1943=AXIS2_PLACEMENT_3D('',#2845,#2324,#2325);
#1944=AXIS2_PLACEMENT_3D('',#2847,#2327,#2328);
#1945=AXIS2_PLACEMENT_3D('',#2851,#2331,#2332);
#1946=AXIS2_PLACEMENT_3D('',#2853,#2333,#2334);
#1947=AXIS2_PLACEMENT_3D('',#2855,#2336,#2337);
#1948=AXIS2_PLACEMENT_3D('',#2859,#2340,#2341);
#1949=AXIS2_PLACEMENT_3D('',#2860,#2342,#2343);
#1950=AXIS2_PLACEMENT_3D('',#2861,#2344,#2345);
#1951=AXIS2_PLACEMENT_3D('',#2865,#2347,#2348);
#1952=AXIS2_PLACEMENT_3D('',#2867,#2350,#2351);
#1953=AXIS2_PLACEMENT_3D('',#2871,#2354,#2355);
#1954=AXIS2_PLACEMENT_3D('',#2874,#2357,#2358);
#1955=AXIS2_PLACEMENT_3D('',#2875,#2359,#2360);
#1956=AXIS2_PLACEMENT_3D('',#2879,#2363,#2364);
#1957=AXIS2_PLACEMENT_3D('',#2882,#2367,#2368);
#1958=AXIS2_PLACEMENT_3D('',#2884,#2369,#2370);
#1959=AXIS2_PLACEMENT_3D('',#2886,#2372,#2373);
#1960=AXIS2_PLACEMENT_3D('',#2890,#2376,#2377);
#1961=AXIS2_PLACEMENT_3D('',#2892,#2378,#2379);
#1962=AXIS2_PLACEMENT_3D('',#2894,#2381,#2382);
#1963=AXIS2_PLACEMENT_3D('',#2897,#2385,#2386);
#1964=AXIS2_PLACEMENT_3D('',#2899,#2388,#2389);
#1965=AXIS2_PLACEMENT_3D('',#2901,#2391,#2392);
#1966=AXIS2_PLACEMENT_3D('',#2902,#2393,#2394);
#1967=AXIS2_PLACEMENT_3D('',#2905,#2397,#2398);
#1968=AXIS2_PLACEMENT_3D('',#2907,#2400,#2401);
#1969=AXIS2_PLACEMENT_3D('',#2908,#2402,#2403);
#1970=AXIS2_PLACEMENT_3D('',#2909,#2404,#2405);
#1971=AXIS2_PLACEMENT_3D('',#2915,#2409,#2410);
#1972=AXIS2_PLACEMENT_3D('',#2925,#2416,#2417);
#1973=AXIS2_PLACEMENT_3D('',#2935,#2423,#2424);
#1974=AXIS2_PLACEMENT_3D('',#2938,#2427,#2428);
#1975=AXIS2_PLACEMENT_3D('',#2940,#2430,#2431);
#1976=AXIS2_PLACEMENT_3D('',#2941,#2432,#2433);
#1977=AXIS2_PLACEMENT_3D('',#2943,#2435,#2436);
#1978=AXIS2_PLACEMENT_3D('',#2944,#2437,#2438);
#1979=AXIS2_PLACEMENT_3D('',#2950,#2442,#2443);
#1980=AXIS2_PLACEMENT_3D('',#2960,#2449,#2450);
#1981=AXIS2_PLACEMENT_3D('',#2970,#2456,#2457);
#1982=AXIS2_PLACEMENT_3D('',#2973,#2460,#2461);
#1983=AXIS2_PLACEMENT_3D('',#2975,#2463,#2464);
#1984=AXIS2_PLACEMENT_3D('',#2976,#2465,#2466);
#1985=AXIS2_PLACEMENT_3D('',#2978,#2468,#2469);
#1986=AXIS2_PLACEMENT_3D('',#2979,#2470,#2471);
#1987=AXIS2_PLACEMENT_3D('',#2985,#2475,#2476);
#1988=AXIS2_PLACEMENT_3D('',#2995,#2482,#2483);
#1989=AXIS2_PLACEMENT_3D('',#3005,#2489,#2490);
#1990=AXIS2_PLACEMENT_3D('',#3008,#2493,#2494);
#1991=AXIS2_PLACEMENT_3D('',#3010,#2496,#2497);
#1992=AXIS2_PLACEMENT_3D('',#3011,#2498,#2499);
#1993=AXIS2_PLACEMENT_3D('',#3013,#2501,#2502);
#1994=AXIS2_PLACEMENT_3D('',#3014,#2503,#2504);
#1995=AXIS2_PLACEMENT_3D('',#3020,#2508,#2509);
#1996=AXIS2_PLACEMENT_3D('',#3030,#2515,#2516);
#1997=AXIS2_PLACEMENT_3D('',#3040,#2522,#2523);
#1998=AXIS2_PLACEMENT_3D('',#3043,#2526,#2527);
#1999=AXIS2_PLACEMENT_3D('',#3045,#2529,#2530);
#2000=AXIS2_PLACEMENT_3D('',#3046,#2531,#2532);
#2001=AXIS2_PLACEMENT_3D('',#3048,#2534,#2535);
#2002=DIRECTION('axis',(0.,0.,1.));
#2003=DIRECTION('refdir',(1.,0.,0.));
#2004=DIRECTION('center_axis',(0.707106781186548,-0.707106781186547,-1.39441365084065E-17));
#2005=DIRECTION('ref_axis',(-1.97199869657703E-17,0.,-1.));
#2006=DIRECTION('',(-0.707106781186547,-0.707106781186548,0.));
#2007=DIRECTION('',(-1.97199869657703E-17,0.,-1.));
#2008=DIRECTION('',(0.707106781186547,0.707106781186548,0.));
#2009=DIRECTION('',(1.97199869657703E-17,0.,1.));
#2010=DIRECTION('center_axis',(0.,-1.,0.));
#2011=DIRECTION('ref_axis',(-0.707106781186548,0.,0.707106781186548));
#2012=DIRECTION('center_axis',(0.,1.,0.));
#2013=DIRECTION('ref_axis',(-0.707106781186548,0.,0.707106781186548));
#2014=DIRECTION('',(0.,-0.707106781186547,0.707106781186548));
#2015=DIRECTION('center_axis',(0.,-1.,0.));
#2016=DIRECTION('ref_axis',(-0.707106781186548,0.,0.707106781186548));
#2017=DIRECTION('center_axis',(0.,-0.707106781186548,-0.707106781186547));
#2018=DIRECTION('ref_axis',(-1.,0.,0.));
#2019=DIRECTION('',(0.,-0.707106781186547,0.707106781186548));
#2020=DIRECTION('',(-1.,0.,0.));
#2021=DIRECTION('',(1.,0.,0.));
#2022=DIRECTION('center_axis',(0.,-1.,0.));
#2023=DIRECTION('ref_axis',(0.707106781186548,0.,0.707106781186548));
#2024=DIRECTION('center_axis',(0.,1.,0.));
#2025=DIRECTION('ref_axis',(0.707106781186547,0.,0.707106781186547));
#2026=DIRECTION('',(0.707106781186548,-0.707106781186547,0.));
#2027=DIRECTION('center_axis',(0.,-1.,0.));
#2028=DIRECTION('ref_axis',(0.707106781186548,0.,0.707106781186548));
#2029=DIRECTION('center_axis',(-0.707106781186546,-0.707106781186549,5.5776546033626E-17));
#2030=DIRECTION('ref_axis',(7.88799478630812E-17,0.,1.));
#2031=DIRECTION('',(0.707106781186548,-0.707106781186547,0.));
#2032=DIRECTION('',(7.88799478630812E-17,0.,1.));
#2033=DIRECTION('',(-7.88799478630812E-17,0.,-1.));
#2034=DIRECTION('center_axis',(0.,-1.,0.));
#2035=DIRECTION('ref_axis',(0.707106781186546,0.,-0.707106781186549));
#2036=DIRECTION('center_axis',(0.,1.,0.));
#2037=DIRECTION('ref_axis',(0.707106781186546,0.,-0.707106781186549));
#2038=DIRECTION('',(0.,-0.707106781186549,-0.707106781186546));
#2039=DIRECTION('center_axis',(0.,-1.,0.));
#2040=DIRECTION('ref_axis',(0.707106781186546,0.,-0.707106781186549));
#2041=DIRECTION('center_axis',(0.,-0.707106781186546,0.707106781186549));
#2042=DIRECTION('ref_axis',(1.,0.,0.));
#2043=DIRECTION('',(0.,-0.707106781186549,-0.707106781186546));
#2044=DIRECTION('',(1.,0.,0.));
#2045=DIRECTION('',(-1.,0.,0.));
#2046=DIRECTION('center_axis',(0.,-1.,0.));
#2047=DIRECTION('ref_axis',(-0.707106781186547,0.,-0.707106781186548));
#2048=DIRECTION('center_axis',(0.,1.,0.));
#2049=DIRECTION('ref_axis',(-0.707106781186547,0.,-0.707106781186548));
#2050=DIRECTION('center_axis',(0.,-1.,0.));
#2051=DIRECTION('ref_axis',(-0.707106781186547,0.,-0.707106781186548));
#2052=DIRECTION('center_axis',(0.,-1.,0.));
#2053=DIRECTION('ref_axis',(0.707106781186546,0.,-0.707106781186549));
#2054=DIRECTION('',(0.,-1.,0.));
#2055=DIRECTION('center_axis',(0.,1.,0.));
#2056=DIRECTION('ref_axis',(0.707106781186548,0.,-0.707106781186547));
#2057=DIRECTION('',(0.,1.,0.));
#2058=DIRECTION('center_axis',(0.,0.,-1.));
#2059=DIRECTION('ref_axis',(1.,0.,0.));
#2060=DIRECTION('',(0.,1.,0.));
#2061=DIRECTION('',(-1.,0.,0.));
#2062=DIRECTION('center_axis',(0.,-1.,0.));
#2063=DIRECTION('ref_axis',(-0.707106781186547,0.,-0.707106781186548));
#2064=DIRECTION('',(0.,-1.,0.));
#2065=DIRECTION('center_axis',(0.,1.,0.));
#2066=DIRECTION('ref_axis',(-0.707106781186548,0.,-0.707106781186547));
#2067=DIRECTION('center_axis',(-1.,0.,1.97199869657703E-17));
#2068=DIRECTION('ref_axis',(-1.97199869657703E-17,0.,-1.));
#2069=DIRECTION('',(0.,1.,0.));
#2070=DIRECTION('',(1.97199869657703E-17,0.,1.));
#2071=DIRECTION('center_axis',(0.,-1.,0.));
#2072=DIRECTION('ref_axis',(0.,0.,-1.));
#2073=DIRECTION('center_axis',(0.707106781186548,0.707106781186547,-1.39441365084065E-17));
#2074=DIRECTION('ref_axis',(-1.97199869657703E-17,0.,-1.));
#2075=DIRECTION('',(-0.707106781186547,0.707106781186548,0.));
#2076=DIRECTION('',(1.97199869657703E-17,0.,1.));
#2077=DIRECTION('',(0.707106781186547,-0.707106781186548,0.));
#2078=DIRECTION('',(-1.97199869657703E-17,0.,-1.));
#2079=DIRECTION('center_axis',(0.,1.,0.));
#2080=DIRECTION('ref_axis',(-0.707106781186547,0.,-0.707106781186548));
#2081=DIRECTION('center_axis',(0.,-1.,0.));
#2082=DIRECTION('ref_axis',(-0.707106781186547,0.,-0.707106781186548));
#2083=DIRECTION('',(0.,0.707106781186549,-0.707106781186546));
#2084=DIRECTION('center_axis',(0.,1.,0.));
#2085=DIRECTION('ref_axis',(-0.707106781186547,0.,-0.707106781186548));
#2086=DIRECTION('center_axis',(0.,0.707106781186546,0.707106781186549));
#2087=DIRECTION('ref_axis',(1.,0.,0.));
#2088=DIRECTION('',(0.,0.707106781186549,-0.707106781186546));
#2089=DIRECTION('',(-1.,0.,0.));
#2090=DIRECTION('',(1.,0.,0.));
#2091=DIRECTION('center_axis',(0.,1.,0.));
#2092=DIRECTION('ref_axis',(0.707106781186546,0.,-0.707106781186549));
#2093=DIRECTION('center_axis',(0.,-1.,0.));
#2094=DIRECTION('ref_axis',(0.707106781186546,0.,-0.707106781186549));
#2095=DIRECTION('',(0.707106781186546,0.707106781186549,0.));
#2096=DIRECTION('center_axis',(0.,1.,0.));
#2097=DIRECTION('ref_axis',(0.707106781186546,0.,-0.707106781186549));
#2098=DIRECTION('center_axis',(-0.707106781186546,0.707106781186549,5.5776546033626E-17));
#2099=DIRECTION('ref_axis',(7.88799478630812E-17,0.,1.));
#2100=DIRECTION('',(0.707106781186548,0.707106781186547,0.));
#2101=DIRECTION('',(-7.88799478630812E-17,0.,-1.));
#2102=DIRECTION('',(7.88799478630812E-17,0.,1.));
#2103=DIRECTION('center_axis',(0.,1.,0.));
#2104=DIRECTION('ref_axis',(0.707106781186548,0.,0.707106781186548));
#2105=DIRECTION('center_axis',(0.,-1.,0.));
#2106=DIRECTION('ref_axis',(0.707106781186547,0.,0.707106781186547));
#2107=DIRECTION('',(0.,0.707106781186547,0.707106781186548));
#2108=DIRECTION('center_axis',(0.,1.,0.));
#2109=DIRECTION('ref_axis',(0.707106781186548,0.,0.707106781186548));
#2110=DIRECTION('center_axis',(0.,0.707106781186548,-0.707106781186547));
#2111=DIRECTION('ref_axis',(-1.,0.,0.));
#2112=DIRECTION('',(0.,0.707106781186547,0.707106781186548));
#2113=DIRECTION('',(1.,0.,0.));
#2114=DIRECTION('',(-1.,0.,0.));
#2115=DIRECTION('center_axis',(0.,1.,0.));
#2116=DIRECTION('ref_axis',(-0.707106781186548,0.,0.707106781186548));
#2117=DIRECTION('center_axis',(0.,-1.,0.));
#2118=DIRECTION('ref_axis',(-0.707106781186548,0.,0.707106781186548));
#2119=DIRECTION('center_axis',(0.,1.,0.));
#2120=DIRECTION('ref_axis',(-0.707106781186548,0.,0.707106781186548));
#2121=DIRECTION('center_axis',(0.,-1.,0.));
#2122=DIRECTION('ref_axis',(0.707106781186547,0.,0.707106781186547));
#2123=DIRECTION('',(0.,1.,0.));
#2124=DIRECTION('center_axis',(0.,-1.,0.));
#2125=DIRECTION('ref_axis',(0.707106781186547,0.,0.707106781186547));
#2126=DIRECTION('',(0.,-1.,0.));
#2127=DIRECTION('center_axis',(0.,0.,1.));
#2128=DIRECTION('ref_axis',(-1.,0.,0.));
#2129=DIRECTION('',(0.,-1.,0.));
#2130=DIRECTION('',(-1.,0.,0.));
#2131=DIRECTION('center_axis',(0.,-1.,0.));
#2132=DIRECTION('ref_axis',(-0.707106781186547,0.,0.707106781186547));
#2133=DIRECTION('',(0.,1.,0.));
#2134=DIRECTION('center_axis',(0.,-1.,0.));
#2135=DIRECTION('ref_axis',(-0.707106781186547,0.,0.707106781186547));
#2136=DIRECTION('center_axis',(-1.,0.,1.97199869657703E-17));
#2137=DIRECTION('ref_axis',(-1.97199869657703E-17,0.,-1.));
#2138=DIRECTION('',(0.,-1.,0.));
#2139=DIRECTION('',(-1.97199869657703E-17,0.,-1.));
#2140=DIRECTION('center_axis',(0.,1.,0.));
#2141=DIRECTION('ref_axis',(0.,0.,1.));
#2142=DIRECTION('center_axis',(1.,0.,0.));
#2143=DIRECTION('ref_axis',(0.,-0.707106781186548,-0.707106781186548));
#2144=DIRECTION('center_axis',(1.,0.,0.));
#2145=DIRECTION('ref_axis',(0.,-1.,0.));
#2146=DIRECTION('',(1.,0.,0.));
#2147=DIRECTION('center_axis',(-1.,0.,0.));
#2148=DIRECTION('ref_axis',(0.,0.,-1.));
#2149=DIRECTION('',(-1.,0.,0.));
#2150=DIRECTION('center_axis',(0.,-1.,0.));
#2151=DIRECTION('ref_axis',(0.,0.,-1.));
#2152=DIRECTION('center_axis',(0.,0.,1.));
#2153=DIRECTION('ref_axis',(-1.,0.,0.));
#2154=DIRECTION('center_axis',(0.,-1.,0.));
#2155=DIRECTION('ref_axis',(0.707106781186548,0.,0.707106781186548));
#2156=DIRECTION('center_axis',(0.,1.,0.));
#2157=DIRECTION('ref_axis',(0.707106781186547,0.,0.707106781186547));
#2158=DIRECTION('center_axis',(-7.88799478630812E-17,0.,-1.));
#2159=DIRECTION('ref_axis',(-0.70710678118654,-0.707106781186555,0.));
#2160=DIRECTION('center_axis',(0.,0.,1.));
#2161=DIRECTION('ref_axis',(-1.,0.,0.));
#2162=DIRECTION('',(7.88799478630812E-17,0.,1.));
#2163=DIRECTION('',(-7.88799478630812E-17,0.,-1.));
#2164=DIRECTION('center_axis',(0.,-1.,0.));
#2165=DIRECTION('ref_axis',(0.,0.,-1.));
#2166=DIRECTION('center_axis',(1.,0.,0.));
#2167=DIRECTION('ref_axis',(0.,0.,1.));
#2168=DIRECTION('center_axis',(0.,-1.,0.));
#2169=DIRECTION('ref_axis',(0.707106781186548,0.,-0.707106781186547));
#2170=DIRECTION('center_axis',(-1.,0.,0.));
#2171=DIRECTION('ref_axis',(0.,-0.707106781186555,0.70710678118654));
#2172=DIRECTION('center_axis',(1.,0.,0.));
#2173=DIRECTION('ref_axis',(0.,0.,1.));
#2174=DIRECTION('',(1.,0.,0.));
#2175=DIRECTION('center_axis',(0.,-1.,0.));
#2176=DIRECTION('ref_axis',(0.,0.,-1.));
#2177=DIRECTION('center_axis',(0.,0.,-1.));
#2178=DIRECTION('ref_axis',(1.,0.,0.));
#2179=DIRECTION('center_axis',(0.,-1.,0.));
#2180=DIRECTION('ref_axis',(-0.707106781186548,0.,-0.707106781186547));
#2181=DIRECTION('center_axis',(1.97199869657703E-17,0.,1.));
#2182=DIRECTION('ref_axis',(0.707106781186548,-0.707106781186548,0.));
#2183=DIRECTION('center_axis',(0.,0.,-1.));
#2184=DIRECTION('ref_axis',(1.,0.,0.));
#2185=DIRECTION('',(-1.97199869657703E-17,0.,-1.));
#2186=DIRECTION('center_axis',(0.,-1.,0.));
#2187=DIRECTION('ref_axis',(0.,0.,-1.));
#2188=DIRECTION('center_axis',(0.,1.,0.));
#2189=DIRECTION('ref_axis',(-0.707106781186547,0.,0.707106781186547));
#2190=DIRECTION('center_axis',(0.,-1.,0.));
#2191=DIRECTION('ref_axis',(-0.707106781186548,0.,0.707106781186548));
#2192=DIRECTION('center_axis',(1.,0.,-7.88799478630812E-17));
#2193=DIRECTION('ref_axis',(7.88799478630812E-17,0.,1.));
#2194=DIRECTION('',(0.,-1.,0.));
#2195=DIRECTION('center_axis',(0.,-1.,0.));
#2196=DIRECTION('ref_axis',(0.707106781186547,0.,0.707106781186547));
#2197=DIRECTION('',(0.,1.,0.));
#2198=DIRECTION('center_axis',(0.,0.,1.));
#2199=DIRECTION('ref_axis',(-1.,0.,0.));
#2200=DIRECTION('',(0.,-1.,0.));
#2201=DIRECTION('center_axis',(0.,-1.,0.));
#2202=DIRECTION('ref_axis',(0.,0.,-1.));
#2203=DIRECTION('',(-3.49629677502487E-16,0.,-1.));
#2204=DIRECTION('center_axis',(0.,1.,0.));
#2205=DIRECTION('ref_axis',(0.707106781186548,0.,0.707106781186547));
#2206=DIRECTION('',(1.,0.,-1.22464679914734E-16));
#2207=DIRECTION('center_axis',(0.,1.,0.));
#2208=DIRECTION('ref_axis',(-0.707106781186548,0.,0.707106781186547));
#2209=DIRECTION('',(-5.27068751800136E-16,0.,1.));
#2210=DIRECTION('center_axis',(0.,1.,0.));
#2211=DIRECTION('ref_axis',(-0.707106781186551,0.,-0.707106781186544));
#2212=DIRECTION('',(-1.,0.,0.));
#2213=DIRECTION('center_axis',(0.,1.,0.));
#2214=DIRECTION('ref_axis',(0.707106781186551,0.,-0.707106781186544));
#2215=DIRECTION('center_axis',(0.,1.,0.));
#2216=DIRECTION('ref_axis',(0.,0.,1.));
#2217=DIRECTION('center_axis',(-1.,0.,5.5511151231259E-15));
#2218=DIRECTION('ref_axis',(5.5511151231259E-15,0.,1.));
#2219=DIRECTION('center_axis',(0.,1.,0.));
#2220=DIRECTION('ref_axis',(-0.707106781186548,0.,-0.707106781186547));
#2221=DIRECTION('center_axis',(0.,0.,-1.));
#2222=DIRECTION('ref_axis',(0.,1.,0.));
#2223=DIRECTION('center_axis',(0.,-1.,0.));
#2224=DIRECTION('ref_axis',(-0.707106781186548,0.,-0.707106781186547));
#2225=DIRECTION('center_axis',(-1.97199869657703E-17,0.,-1.));
#2226=DIRECTION('ref_axis',(0.707106781186548,0.707106781186547,0.));
#2227=DIRECTION('center_axis',(0.,0.,-1.));
#2228=DIRECTION('ref_axis',(0.,1.,0.));
#2229=DIRECTION('',(1.97199869657703E-17,0.,1.));
#2230=DIRECTION('center_axis',(0.,1.,0.));
#2231=DIRECTION('ref_axis',(0.,0.,1.));
#2232=DIRECTION('center_axis',(-1.,0.,0.));
#2233=DIRECTION('ref_axis',(0.,1.,0.));
#2234=DIRECTION('center_axis',(0.,1.,0.));
#2235=DIRECTION('ref_axis',(-0.707106781186548,0.,0.707106781186548));
#2236=DIRECTION('center_axis',(-1.,0.,0.));
#2237=DIRECTION('ref_axis',(0.,0.707106781186547,-0.707106781186548));
#2238=DIRECTION('center_axis',(-1.,0.,0.));
#2239=DIRECTION('ref_axis',(0.,1.,0.));
#2240=DIRECTION('',(1.,0.,0.));
#2241=DIRECTION('center_axis',(0.,1.,0.));
#2242=DIRECTION('ref_axis',(0.,0.,1.));
#2243=DIRECTION('center_axis',(0.,0.,1.));
#2244=DIRECTION('ref_axis',(0.,1.,0.));
#2245=DIRECTION('center_axis',(0.,1.,0.));
#2246=DIRECTION('ref_axis',(0.707106781186548,0.,0.707106781186548));
#2247=DIRECTION('center_axis',(7.88799478630812E-17,0.,1.));
#2248=DIRECTION('ref_axis',(-0.70710678118654,0.707106781186555,0.));
#2249=DIRECTION('center_axis',(0.,0.,1.));
#2250=DIRECTION('ref_axis',(0.,1.,0.));
#2251=DIRECTION('',(7.88799478630812E-17,0.,1.));
#2252=DIRECTION('',(-7.88799478630812E-17,0.,-1.));
#2253=DIRECTION('center_axis',(0.,1.,0.));
#2254=DIRECTION('ref_axis',(0.,0.,1.));
#2255=DIRECTION('center_axis',(1.,0.,0.));
#2256=DIRECTION('ref_axis',(0.,1.,0.));
#2257=DIRECTION('center_axis',(0.,-1.,0.));
#2258=DIRECTION('ref_axis',(0.707106781186548,0.,-0.707106781186547));
#2259=DIRECTION('center_axis',(0.,1.,0.));
#2260=DIRECTION('ref_axis',(0.707106781186548,0.,-0.707106781186547));
#2261=DIRECTION('center_axis',(1.,0.,0.));
#2262=DIRECTION('ref_axis',(0.,0.707106781186555,0.70710678118654));
#2263=DIRECTION('',(-1.,0.,0.));
#2264=DIRECTION('',(1.,0.,0.));
#2265=DIRECTION('center_axis',(1.,0.,-7.88799478630812E-17));
#2266=DIRECTION('ref_axis',(7.88799478630812E-17,0.,1.));
#2267=DIRECTION('',(0.,1.,0.));
#2268=DIRECTION('center_axis',(0.,-1.,0.));
#2269=DIRECTION('ref_axis',(0.707106781186546,0.,-0.707106781186549));
#2270=DIRECTION('',(0.,-1.,0.));
#2271=DIRECTION('center_axis',(0.,0.,-1.));
#2272=DIRECTION('ref_axis',(1.,0.,0.));
#2273=DIRECTION('',(0.,1.,0.));
#2274=DIRECTION('center_axis',(0.,-1.,0.));
#2275=DIRECTION('ref_axis',(-0.707106781186547,0.,-0.707106781186548));
#2276=DIRECTION('center_axis',(0.,1.,0.));
#2277=DIRECTION('ref_axis',(0.,0.,1.));
#2278=DIRECTION('',(3.49629677502487E-16,0.,1.));
#2279=DIRECTION('center_axis',(0.,-1.,0.));
#2280=DIRECTION('ref_axis',(0.707106781186551,0.,-0.707106781186544));
#2281=DIRECTION('',(1.,0.,0.));
#2282=DIRECTION('center_axis',(0.,-1.,0.));
#2283=DIRECTION('ref_axis',(-0.707106781186551,0.,-0.707106781186544));
#2284=DIRECTION('',(5.27068751800136E-16,0.,-1.));
#2285=DIRECTION('center_axis',(0.,-1.,0.));
#2286=DIRECTION('ref_axis',(-0.707106781186548,0.,0.707106781186547));
#2287=DIRECTION('',(-1.,0.,1.22464679914734E-16));
#2288=DIRECTION('center_axis',(0.,-1.,0.));
#2289=DIRECTION('ref_axis',(0.707106781186548,0.,0.707106781186547));
#2290=DIRECTION('',(1.,0.,-5.95464777218742E-15));
#2291=DIRECTION('',(5.93933968719807E-15,0.,1.));
#2292=DIRECTION('',(-1.,0.,5.95464777218742E-15));
#2293=DIRECTION('',(-5.96995585717675E-15,0.,-1.));
#2294=DIRECTION('',(-1.,0.,2.44929359829467E-16));
#2295=DIRECTION('',(-2.44929359829467E-16,0.,-1.));
#2296=DIRECTION('',(1.,0.,-2.44929359829467E-16));
#2297=DIRECTION('',(2.44929359829467E-16,0.,1.));
#2298=DIRECTION('',(-1.,0.,-5.70971841235795E-15));
#2299=DIRECTION('',(5.72502649734729E-15,0.,-1.));
#2300=DIRECTION('',(1.,0.,5.70971841235795E-15));
#2301=DIRECTION('',(-5.69441032736861E-15,0.,1.));
#2302=DIRECTION('',(1.,0.,0.));
#2303=DIRECTION('',(0.,0.,1.));
#2304=DIRECTION('',(-1.,0.,0.));
#2305=DIRECTION('',(0.,0.,-1.));
#2306=DIRECTION('center_axis',(0.,-1.,0.));
#2307=DIRECTION('ref_axis',(-0.707106781186547,0.,0.707106781186547));
#2308=DIRECTION('center_axis',(0.707106781186549,-0.707106781186546,-2.47225515866075E-16));
#2309=DIRECTION('ref_axis',(-3.49629677502487E-16,0.,-1.));
#2310=DIRECTION('',(-0.707106781186548,-0.707106781186547,7.85046229341887E-16));
#2311=DIRECTION('',(0.707106781186546,0.707106781186549,0.));
#2312=DIRECTION('',(3.49629677502487E-16,0.,1.));
#2313=DIRECTION('center_axis',(0.,1.,0.));
#2314=DIRECTION('ref_axis',(0.707106781186548,0.,0.707106781186548));
#2315=DIRECTION('center_axis',(0.,-1.,0.));
#2316=DIRECTION('ref_axis',(0.707106781186548,0.,0.707106781186547));
#2317=DIRECTION('',(0.,-0.707106781186545,-0.707106781186549));
#2318=DIRECTION('center_axis',(8.65956056235482E-17,-0.707106781186547,
0.707106781186548));
#2319=DIRECTION('ref_axis',(1.,0.,-1.22464679914734E-16));
#2320=DIRECTION('',(0.,-0.707106781186548,-0.707106781186547));
#2321=DIRECTION('',(-1.,0.,1.22464679914734E-16));
#2322=DIRECTION('center_axis',(0.,1.,0.));
#2323=DIRECTION('ref_axis',(-0.707106781186548,0.,0.707106781186547));
#2324=DIRECTION('center_axis',(0.,-1.,0.));
#2325=DIRECTION('ref_axis',(-0.707106781186548,0.,0.707106781186547));
#2326=DIRECTION('',(0.707106781186547,-0.707106781186548,3.92523114670944E-16));
#2327=DIRECTION('center_axis',(-0.707106781186548,-0.707106781186547,-3.72693888549406E-16));
#2328=DIRECTION('ref_axis',(-5.27068751800136E-16,0.,1.));
#2329=DIRECTION('',(0.707106781186547,-0.707106781186547,0.));
#2330=DIRECTION('',(5.27068751800136E-16,0.,-1.));
#2331=DIRECTION('center_axis',(0.,1.,0.));
#2332=DIRECTION('ref_axis',(-0.707106781186551,0.,-0.707106781186544));
#2333=DIRECTION('center_axis',(0.,-1.,0.));
#2334=DIRECTION('ref_axis',(-0.707106781186551,0.,-0.707106781186544));
#2335=DIRECTION('',(0.,-0.707106781186542,0.707106781186553));
#2336=DIRECTION('center_axis',(0.,-0.707106781186553,-0.707106781186542));
#2337=DIRECTION('ref_axis',(-1.,0.,0.));
#2338=DIRECTION('',(0.,-0.707106781186542,0.707106781186553));
#2339=DIRECTION('',(1.,0.,0.));
#2340=DIRECTION('center_axis',(0.,1.,0.));
#2341=DIRECTION('ref_axis',(0.707106781186551,0.,-0.707106781186544));
#2342=DIRECTION('center_axis',(0.,-1.,0.));
#2343=DIRECTION('ref_axis',(0.707106781186551,0.,-0.707106781186544));
#2344=DIRECTION('center_axis',(0.,-1.,0.));
#2345=DIRECTION('ref_axis',(-0.707106781186548,0.,0.707106781186547));
#2346=DIRECTION('',(0.,1.,0.));
#2347=DIRECTION('center_axis',(0.,1.,0.));
#2348=DIRECTION('ref_axis',(-0.707106781186548,0.,0.707106781186547));
#2349=DIRECTION('',(0.,-1.,0.));
#2350=DIRECTION('center_axis',(1.22464679914734E-16,0.,1.));
#2351=DIRECTION('ref_axis',(-1.,0.,1.22464679914734E-16));
#2352=DIRECTION('',(0.,-1.,0.));
#2353=DIRECTION('',(1.,0.,-1.22464679914734E-16));
#2354=DIRECTION('center_axis',(0.,-1.,0.));
#2355=DIRECTION('ref_axis',(0.707106781186548,0.,0.707106781186547));
#2356=DIRECTION('',(0.,1.,0.));
#2357=DIRECTION('center_axis',(0.,1.,0.));
#2358=DIRECTION('ref_axis',(0.707106781186548,0.,0.707106781186547));
#2359=DIRECTION('center_axis',(1.,0.,-3.49629677502487E-16));
#2360=DIRECTION('ref_axis',(3.49629677502487E-16,0.,1.));
#2361=DIRECTION('',(0.,-1.,0.));
#2362=DIRECTION('',(-3.49629677502487E-16,0.,-1.));
#2363=DIRECTION('center_axis',(0.707106781186549,0.707106781186546,-2.47225515866075E-16));
#2364=DIRECTION('ref_axis',(-3.49629677502487E-16,0.,-1.));
#2365=DIRECTION('',(-0.707106781186546,0.707106781186549,0.));
#2366=DIRECTION('',(0.707106781186548,-0.707106781186547,-7.85046229341887E-16));
#2367=DIRECTION('center_axis',(0.,-1.,0.));
#2368=DIRECTION('ref_axis',(0.707106781186551,0.,-0.707106781186544));
#2369=DIRECTION('center_axis',(0.,1.,0.));
#2370=DIRECTION('ref_axis',(0.707106781186551,0.,-0.707106781186544));
#2371=DIRECTION('',(0.,0.707106781186542,0.707106781186552));
#2372=DIRECTION('center_axis',(0.,0.707106781186553,-0.707106781186543));
#2373=DIRECTION('ref_axis',(-1.,0.,0.));
#2374=DIRECTION('',(0.,0.707106781186542,0.707106781186552));
#2375=DIRECTION('',(-1.,0.,0.));
#2376=DIRECTION('center_axis',(0.,-1.,0.));
#2377=DIRECTION('ref_axis',(-0.707106781186551,0.,-0.707106781186544));
#2378=DIRECTION('center_axis',(0.,1.,0.));
#2379=DIRECTION('ref_axis',(-0.707106781186551,0.,-0.707106781186544));
#2380=DIRECTION('',(0.707106781186547,0.707106781186548,0.));
#2381=DIRECTION('center_axis',(-0.707106781186548,0.707106781186547,-3.72693888549406E-16));
#2382=DIRECTION('ref_axis',(-5.27068751800136E-16,0.,1.));
#2383=DIRECTION('',(0.707106781186547,0.707106781186548,3.92523114670944E-16));
#2384=DIRECTION('',(-5.27068751800136E-16,0.,1.));
#2385=DIRECTION('center_axis',(0.,-1.,0.));
#2386=DIRECTION('ref_axis',(-0.707106781186548,0.,0.707106781186547));
#2387=DIRECTION('',(0.,0.707106781186548,-0.707106781186547));
#2388=DIRECTION('center_axis',(8.65956056235482E-17,0.707106781186547,0.707106781186549));
#2389=DIRECTION('ref_axis',(1.,0.,-1.22464679914734E-16));
#2390=DIRECTION('',(0.,0.707106781186548,-0.707106781186547));
#2391=DIRECTION('center_axis',(0.,-1.,0.));
#2392=DIRECTION('ref_axis',(0.707106781186548,0.,0.707106781186548));
#2393=DIRECTION('center_axis',(0.,-1.,0.));
#2394=DIRECTION('ref_axis',(-0.707106781186551,0.,-0.707106781186544));
#2395=DIRECTION('',(0.,1.,0.));
#2396=DIRECTION('',(0.,-1.,0.));
#2397=DIRECTION('center_axis',(0.,0.,-1.));
#2398=DIRECTION('ref_axis',(1.,0.,0.));
#2399=DIRECTION('',(0.,1.,0.));
#2400=DIRECTION('center_axis',(0.,-1.,0.));
#2401=DIRECTION('ref_axis',(0.707106781186551,0.,-0.707106781186544));
#2402=DIRECTION('center_axis',(-1.,0.,-5.27068751800136E-16));
#2403=DIRECTION('ref_axis',(5.27068751800136E-16,0.,-1.));
#2404=DIRECTION('center_axis',(-5.88876765044235E-15,0.148340452930245,
-0.988936352868298));
#2405=DIRECTION('ref_axis',(-8.83315147566354E-16,-0.988936352868297,-0.148340452930245));
#2406=DIRECTION('',(-0.12268322620298,-0.981465809623833,-0.147219871443574));
#2407=DIRECTION('',(-1.,-3.49619418886343E-31,5.95464777218742E-15));
#2408=DIRECTION('',(-0.122683226202978,0.981465809623833,0.147219871443576));
#2409=DIRECTION('center_axis',(0.992277876713668,0.124034734589209,-5.89347537389412E-15));
#2410=DIRECTION('ref_axis',(-0.124034734589209,0.992277876713668,8.601021485537E-16));
#2411=DIRECTION('',(5.95464777218742E-15,-1.22464679914735E-16,1.));
#2412=DIRECTION('',(0.0953195540281571,-0.762556432225226,0.639860821032049));
#2413=DIRECTION('',(0.124034734589209,-0.992277876713668,-8.601021485537E-16));
#2414=DIRECTION('',(0.0800903405649368,-0.640722724519531,-0.763583608802901));
#2415=DIRECTION('',(0.124034734589209,-0.992277876713668,-8.601021485537E-16));
#2416=DIRECTION('center_axis',(-0.992277876713668,0.124034734589209,5.92385512203367E-15));
#2417=DIRECTION('ref_axis',(-0.124034734589209,-0.992277876713668,6.17064163437275E-16));
#2418=DIRECTION('',(0.124034734589209,0.992277876713668,-6.17064163437275E-16));
#2419=DIRECTION('',(0.0800903405649459,0.64072272451953,0.7635836088029));
#2420=DIRECTION('',(0.124034734589209,0.992277876713668,-6.17064163437275E-16));
#2421=DIRECTION('',(0.0953195540281495,0.762556432225226,-0.63986082103205));
#2422=DIRECTION('',(-5.95464777218742E-15,1.22464679914735E-16,-1.));
#2423=DIRECTION('center_axis',(5.95464777218741E-15,-1.22464679914735E-16,
1.));
#2424=DIRECTION('ref_axis',(3.7961461453958E-31,1.,1.22464679914735E-16));
#2425=DIRECTION('',(-1.,-3.49619418886343E-31,5.95464777218742E-15));
#2426=DIRECTION('',(-1.,-3.49619418886343E-31,5.95464777218742E-15));
#2427=DIRECTION('center_axis',(3.82757380800963E-15,-0.766044443118978,
0.642787609686539));
#2428=DIRECTION('ref_axis',(1.,3.49619418886343E-31,-5.95464777218742E-15));
#2429=DIRECTION('',(-1.,-3.49619418886343E-31,5.95464777218742E-15));
#2430=DIRECTION('center_axis',(5.95464777218741E-15,-1.22464679914735E-16,
1.));
#2431=DIRECTION('ref_axis',(3.7961461453958E-31,1.,1.22464679914735E-16));
#2432=DIRECTION('center_axis',(3.7961461453958E-31,1.,1.22464679914735E-16));
#2433=DIRECTION('ref_axis',(-1.,-3.49619418886343E-31,5.95464777218742E-15));
#2434=DIRECTION('',(-1.,-3.49619418886343E-31,5.95464777218742E-15));
#2435=DIRECTION('center_axis',(4.56152483661497E-15,0.642787609686539,0.766044443118978));
#2436=DIRECTION('ref_axis',(-1.,-3.49619418886343E-31,5.95464777218742E-15));
#2437=DIRECTION('center_axis',(2.4221954782012E-16,0.148340452930245,0.988936352868298));
#2438=DIRECTION('ref_axis',(3.6332932173018E-17,-0.988936352868297,0.148340452930245));
#2439=DIRECTION('',(0.122683226202979,-0.981465809623833,0.147219871443575));
#2440=DIRECTION('',(1.,0.,-2.44929359829467E-16));
#2441=DIRECTION('',(0.122683226202979,0.981465809623833,-0.147219871443575));
#2442=DIRECTION('center_axis',(-0.992277876713668,0.124034734589209,2.43037985116421E-16));
#2443=DIRECTION('ref_axis',(0.124034734589209,0.992277876713668,-3.03797481395527E-17));
#2444=DIRECTION('',(-2.44929359829467E-16,0.,-1.));
#2445=DIRECTION('',(-0.0953195540281535,-0.762556432225226,-0.63986082103205));
#2446=DIRECTION('',(-0.124034734589209,-0.992277876713668,3.03797481395527E-17));
#2447=DIRECTION('',(-0.0800903405649412,-0.640722724519531,0.763583608802901));
#2448=DIRECTION('',(-0.124034734589209,-0.992277876713668,3.03797481395527E-17));
#2449=DIRECTION('center_axis',(0.992277876713668,0.124034734589209,-2.43037985116421E-16));
#2450=DIRECTION('ref_axis',(0.124034734589209,-0.992277876713668,-3.03797481395527E-17));
#2451=DIRECTION('',(-0.124034734589209,0.992277876713668,3.03797481395527E-17));
#2452=DIRECTION('',(-0.0800903405649416,0.640722724519531,-0.763583608802901));
#2453=DIRECTION('',(-0.124034734589209,0.992277876713668,3.03797481395527E-17));
#2454=DIRECTION('',(-0.0953195540281532,0.762556432225226,0.63986082103205));
#2455=DIRECTION('',(2.44929359829467E-16,0.,1.));
#2456=DIRECTION('center_axis',(-2.44929359829467E-16,0.,-1.));
#2457=DIRECTION('ref_axis',(0.,1.,0.));
#2458=DIRECTION('',(1.,0.,-2.44929359829467E-16));
#2459=DIRECTION('',(1.,0.,-2.44929359829467E-16));
#2460=DIRECTION('center_axis',(-1.57437557746837E-16,-0.766044443118978,
-0.642787609686539));
#2461=DIRECTION('ref_axis',(-1.,0.,2.44929359829467E-16));
#2462=DIRECTION('',(1.,0.,-2.44929359829467E-16));
#2463=DIRECTION('center_axis',(-2.44929359829467E-16,0.,-1.));
#2464=DIRECTION('ref_axis',(0.,1.,0.));
#2465=DIRECTION('center_axis',(0.,1.,0.));
#2466=DIRECTION('ref_axis',(1.,0.,-2.44929359829467E-16));
#2467=DIRECTION('',(1.,0.,-2.44929359829467E-16));
#2468=DIRECTION('center_axis',(-1.87626775054052E-16,0.642787609686539,
-0.766044443118978));
#2469=DIRECTION('ref_axis',(1.,0.,-2.44929359829467E-16));
#2470=DIRECTION('center_axis',(-5.64654810262223E-15,0.148340452930245,
0.988936352868298));
#2471=DIRECTION('ref_axis',(-8.46982215393336E-16,-0.988936352868297,0.148340452930245));
#2472=DIRECTION('',(0.122683226202978,-0.981465809623833,0.147219871443576));
#2473=DIRECTION('',(1.,3.49619418886343E-31,5.70971841235795E-15));
#2474=DIRECTION('',(0.12268322620298,0.981465809623833,-0.147219871443574));
#2475=DIRECTION('center_axis',(-0.992277876713668,0.124034734589209,-5.68081713691725E-15));
#2476=DIRECTION('ref_axis',(0.124034734589209,0.992277876713668,5.86684415297723E-16));
#2477=DIRECTION('',(5.70971841235795E-15,-1.22464679914735E-16,-1.));
#2478=DIRECTION('',(-0.0953195540281497,-0.762556432225226,-0.63986082103205));
#2479=DIRECTION('',(-0.124034734589209,-0.992277876713668,-5.86684415297723E-16));
#2480=DIRECTION('',(-0.0800903405649458,-0.640722724519531,0.7635836088029));
#2481=DIRECTION('',(-0.124034734589209,-0.992277876713668,-5.86684415297723E-16));
#2482=DIRECTION('center_axis',(0.992277876713668,0.124034734589209,5.6504373887777E-15));
#2483=DIRECTION('ref_axis',(0.124034734589209,-0.992277876713668,8.29722400414148E-16));
#2484=DIRECTION('',(-0.124034734589209,0.992277876713668,-8.29722400414148E-16));
#2485=DIRECTION('',(-0.080090340564937,0.640722724519531,-0.763583608802901));
#2486=DIRECTION('',(-0.124034734589209,0.992277876713668,-8.29722400414148E-16));
#2487=DIRECTION('',(-0.095319554028157,0.762556432225226,0.639860821032049));
#2488=DIRECTION('',(-5.70971841235795E-15,1.22464679914735E-16,1.));
#2489=DIRECTION('center_axis',(5.70971841235795E-15,-1.22464679914735E-16,
-1.));
#2490=DIRECTION('ref_axis',(3.49619418886343E-31,1.,-1.22464679914735E-16));
#2491=DIRECTION('',(1.,3.49619418886343E-31,5.70971841235795E-15));
#2492=DIRECTION('',(1.,3.49619418886343E-31,5.70971841235795E-15));
#2493=DIRECTION('center_axis',(3.67013625026279E-15,-0.766044443118978,
-0.642787609686539));
#2494=DIRECTION('ref_axis',(-1.,-3.49619418886343E-31,-5.70971841235795E-15));
#2495=DIRECTION('',(1.,3.49619418886343E-31,5.70971841235795E-15));
#2496=DIRECTION('center_axis',(5.70971841235795E-15,-1.22464679914735E-16,
-1.));
#2497=DIRECTION('ref_axis',(3.49619418886343E-31,1.,-1.22464679914735E-16));
#2498=DIRECTION('center_axis',(3.49619418886343E-31,1.,-1.22464679914735E-16));
#2499=DIRECTION('ref_axis',(1.,3.49619418886343E-31,5.70971841235795E-15));
#2500=DIRECTION('',(1.,3.49619418886343E-31,5.70971841235795E-15));
#2501=DIRECTION('center_axis',(4.37389806156092E-15,0.642787609686539,-0.766044443118978));
#2502=DIRECTION('ref_axis',(1.,3.49619418886343E-31,5.70971841235795E-15));
#2503=DIRECTION('center_axis',(0.,0.148340452930245,-0.988936352868298));
#2504=DIRECTION('ref_axis',(0.,-0.988936352868297,-0.148340452930245));
#2505=DIRECTION('',(-0.122683226202979,-0.981465809623833,-0.147219871443575));
#2506=DIRECTION('',(-1.,0.,0.));
#2507=DIRECTION('',(-0.122683226202979,0.981465809623833,0.147219871443575));
#2508=DIRECTION('center_axis',(0.992277876713668,0.124034734589209,0.));
#2509=DIRECTION('ref_axis',(-0.124034734589209,0.992277876713668,0.));
#2510=DIRECTION('',(0.,0.,1.));
#2511=DIRECTION('',(0.0953195540281533,-0.762556432225226,0.63986082103205));
#2512=DIRECTION('',(0.124034734589209,-0.992277876713668,0.));
#2513=DIRECTION('',(0.0800903405649414,-0.640722724519531,-0.763583608802901));
#2514=DIRECTION('',(0.124034734589209,-0.992277876713668,0.));
#2515=DIRECTION('center_axis',(-0.992277876713668,0.124034734589209,0.));
#2516=DIRECTION('ref_axis',(-0.124034734589209,-0.992277876713668,0.));
#2517=DIRECTION('',(0.124034734589209,0.992277876713668,0.));
#2518=DIRECTION('',(0.0800903405649414,0.640722724519531,0.763583608802901));
#2519=DIRECTION('',(0.124034734589209,0.992277876713668,0.));
#2520=DIRECTION('',(0.0953195540281533,0.762556432225226,-0.63986082103205));
#2521=DIRECTION('',(0.,0.,-1.));
#2522=DIRECTION('center_axis',(0.,0.,1.));
#2523=DIRECTION('ref_axis',(0.,1.,0.));
#2524=DIRECTION('',(-1.,0.,0.));
#2525=DIRECTION('',(-1.,0.,0.));
#2526=DIRECTION('center_axis',(0.,-0.766044443118978,0.642787609686539));
#2527=DIRECTION('ref_axis',(1.,0.,0.));
#2528=DIRECTION('',(-1.,0.,0.));
#2529=DIRECTION('center_axis',(0.,0.,1.));
#2530=DIRECTION('ref_axis',(0.,1.,0.));
#2531=DIRECTION('center_axis',(0.,1.,0.));
#2532=DIRECTION('ref_axis',(-1.,0.,0.));
#2533=DIRECTION('',(-1.,0.,0.));
#2534=DIRECTION('center_axis',(0.,0.642787609686539,0.766044443118978));
#2535=DIRECTION('ref_axis',(-1.,0.,0.));
#2536=CARTESIAN_POINT('',(0.,0.,0.));
#2537=CARTESIAN_POINT('Origin',(10.1893925813588,-4.5,-51.6499999999998));
#2538=CARTESIAN_POINT('',(11.1893925813588,-3.5,-24.1499999999998));
#2539=CARTESIAN_POINT('',(9.18939258135883,-5.5,-24.1499999999998));
#2540=CARTESIAN_POINT('',(11.1893925813588,-3.5,-24.1499999999998));
#2541=CARTESIAN_POINT('',(9.18939258135883,-5.5,-140.15));
#2542=CARTESIAN_POINT('',(9.18939258135883,-5.5,-51.6499999999998));
#2543=CARTESIAN_POINT('',(11.1893925813588,-3.5,-140.15));
#2544=CARTESIAN_POINT('',(9.18939258135883,-5.5,-140.15));
#2545=CARTESIAN_POINT('',(11.1893925813588,-3.5,-51.6499999999998));
#2546=CARTESIAN_POINT('Origin',(12.1893925813588,-4.5,-24.1499999999998));
#2547=CARTESIAN_POINT('',(12.1893925813588,-3.5,-23.1499999999998));
#2548=CARTESIAN_POINT('Origin',(12.1893925813588,-3.5,-24.1499999999998));
#2549=CARTESIAN_POINT('',(12.1893925813588,-5.5,-21.1499999999998));
#2550=CARTESIAN_POINT('',(12.1893925813588,-3.5,-23.1499999999998));
#2551=CARTESIAN_POINT('Origin',(12.1893925813588,-5.5,-24.1499999999998));
#2552=CARTESIAN_POINT('Origin',(24.1893925813588,-4.5,-22.1499999999998));
#2553=CARTESIAN_POINT('',(26.1893925813588,-3.5,-23.1499999999998));
#2554=CARTESIAN_POINT('',(26.1893925813588,-5.5,-21.1499999999998));
#2555=CARTESIAN_POINT('',(26.1893925813588,-3.5,-23.1499999999998));
#2556=CARTESIAN_POINT('',(24.1893925813588,-5.5,-21.1499999999998));
#2557=CARTESIAN_POINT('',(24.1893925813588,-3.5,-23.1499999999998));
#2558=CARTESIAN_POINT('Origin',(26.1893925813588,-4.5,-24.1499999999998));
#2559=CARTESIAN_POINT('',(27.1893925813588,-3.5,-24.1499999999998));
#2560=CARTESIAN_POINT('Origin',(26.1893925813588,-3.5,-24.1499999999998));
#2561=CARTESIAN_POINT('',(29.1893925813588,-5.5,-24.1499999999998));
#2562=CARTESIAN_POINT('',(27.1893925813588,-3.5,-24.1499999999998));
#2563=CARTESIAN_POINT('Origin',(26.1893925813588,-5.5,-24.1499999999998));
#2564=CARTESIAN_POINT('Origin',(28.1893925813588,-4.5,-112.65));
#2565=CARTESIAN_POINT('',(27.1893925813588,-3.5,-140.15));
#2566=CARTESIAN_POINT('',(29.1893925813588,-5.5,-140.15));
#2567=CARTESIAN_POINT('',(27.1893925813588,-3.5,-140.15));
#2568=CARTESIAN_POINT('',(29.1893925813588,-5.5,-112.65));
#2569=CARTESIAN_POINT('',(27.1893925813588,-3.5,-112.65));
#2570=CARTESIAN_POINT('Origin',(26.1893925813588,-4.5,-140.15));
#2571=CARTESIAN_POINT('',(26.1893925813588,-3.5,-141.15));
#2572=CARTESIAN_POINT('Origin',(26.1893925813588,-3.5,-140.15));
#2573=CARTESIAN_POINT('',(26.1893925813588,-5.5,-143.15));
#2574=CARTESIAN_POINT('',(26.1893925813588,-3.5,-141.15));
#2575=CARTESIAN_POINT('Origin',(26.1893925813588,-5.5,-140.15));
#2576=CARTESIAN_POINT('Origin',(14.1893925813588,-4.5,-142.15));
#2577=CARTESIAN_POINT('',(12.1893925813588,-3.5,-141.15));
#2578=CARTESIAN_POINT('',(12.1893925813588,-5.5,-143.15));
#2579=CARTESIAN_POINT('',(12.1893925813588,-3.5,-141.15));
#2580=CARTESIAN_POINT('',(14.1893925813588,-5.5,-143.15));
#2581=CARTESIAN_POINT('',(14.1893925813588,-3.5,-141.15));
#2582=CARTESIAN_POINT('Origin',(12.1893925813588,-4.5,-140.15));
#2583=CARTESIAN_POINT('Origin',(12.1893925813588,-3.5,-140.15));
#2584=CARTESIAN_POINT('Origin',(12.1893925813588,-5.5,-140.15));
#2585=CARTESIAN_POINT('Origin',(26.1893925813588,0.,-140.15));
#2586=CARTESIAN_POINT('',(26.1893925813588,-5.6,-143.15));
#2587=CARTESIAN_POINT('',(26.1893925813588,0.,-143.15));
#2588=CARTESIAN_POINT('',(29.1893925813588,-5.6,-140.15));
#2589=CARTESIAN_POINT('Origin',(26.1893925813588,-5.6,-140.15));
#2590=CARTESIAN_POINT('',(29.1893925813588,0.,-140.15));
#2591=CARTESIAN_POINT('Origin',(9.18939258135883,0.,-143.15));
#2592=CARTESIAN_POINT('',(12.1893925813588,-5.6,-143.15));
#2593=CARTESIAN_POINT('',(12.1893925813588,0.,-143.15));
#2594=CARTESIAN_POINT('',(14.1893925813588,-5.6,-143.15));
#2595=CARTESIAN_POINT('Origin',(12.1893925813588,0.,-140.15));
#2596=CARTESIAN_POINT('',(9.18939258135883,-5.6,-140.15));
#2597=CARTESIAN_POINT('',(9.18939258135883,0.,-140.15));
#2598=CARTESIAN_POINT('Origin',(12.1893925813588,-5.6,-140.15));
#2599=CARTESIAN_POINT('Origin',(9.18939258135883,0.,-21.1499999999998));
#2600=CARTESIAN_POINT('',(9.18939258135883,-5.6,-24.1499999999998));
#2601=CARTESIAN_POINT('',(9.18939258135883,0.,-24.1499999999998));
#2602=CARTESIAN_POINT('',(9.18939258135883,-5.6,-51.6499999999998));
#2603=CARTESIAN_POINT('Origin',(19.1893925813588,-3.5,-82.1499999999998));
#2604=CARTESIAN_POINT('Origin',(10.1893925813588,-1.5,-51.6499999999998));
#2605=CARTESIAN_POINT('',(11.1893925813588,-2.5,-140.15));
#2606=CARTESIAN_POINT('',(9.18939258135883,-0.5,-140.15));
#2607=CARTESIAN_POINT('',(11.1893925813588,-2.5,-140.15));
#2608=CARTESIAN_POINT('',(9.18939258135883,-0.5,-24.1499999999998));
#2609=CARTESIAN_POINT('',(9.18939258135883,-0.5,-51.6499999999998));
#2610=CARTESIAN_POINT('',(11.1893925813588,-2.5,-24.1499999999998));
#2611=CARTESIAN_POINT('',(9.18939258135883,-0.5,-24.1499999999998));
#2612=CARTESIAN_POINT('',(11.1893925813588,-2.5,-51.6499999999998));
#2613=CARTESIAN_POINT('Origin',(12.1893925813588,-1.5,-140.15));
#2614=CARTESIAN_POINT('',(12.1893925813588,-2.5,-141.15));
#2615=CARTESIAN_POINT('Origin',(12.1893925813588,-2.5,-140.15));
#2616=CARTESIAN_POINT('',(12.1893925813588,-0.5,-143.15));
#2617=CARTESIAN_POINT('',(12.1893925813588,-2.5,-141.15));
#2618=CARTESIAN_POINT('Origin',(12.1893925813588,-0.5,-140.15));
#2619=CARTESIAN_POINT('Origin',(14.1893925813588,-1.5,-142.15));
#2620=CARTESIAN_POINT('',(26.1893925813588,-2.5,-141.15));
#2621=CARTESIAN_POINT('',(26.1893925813588,-0.5,-143.15));
#2622=CARTESIAN_POINT('',(26.1893925813588,-2.5,-141.15));
#2623=CARTESIAN_POINT('',(14.1893925813588,-0.5,-143.15));
#2624=CARTESIAN_POINT('',(14.1893925813588,-2.5,-141.15));
#2625=CARTESIAN_POINT('Origin',(26.1893925813588,-1.5,-140.15));
#2626=CARTESIAN_POINT('',(27.1893925813588,-2.5,-140.15));
#2627=CARTESIAN_POINT('Origin',(26.1893925813588,-2.5,-140.15));
#2628=CARTESIAN_POINT('',(29.1893925813588,-0.5,-140.15));
#2629=CARTESIAN_POINT('',(27.1893925813588,-2.5,-140.15));
#2630=CARTESIAN_POINT('Origin',(26.1893925813588,-0.5,-140.15));
#2631=CARTESIAN_POINT('Origin',(28.1893925813588,-1.5,-112.65));
#2632=CARTESIAN_POINT('',(27.1893925813588,-2.5,-24.1499999999998));
#2633=CARTESIAN_POINT('',(29.1893925813588,-0.5,-24.1499999999998));
#2634=CARTESIAN_POINT('',(27.1893925813588,-2.5,-24.1499999999998));
#2635=CARTESIAN_POINT('',(29.1893925813588,-0.5,-112.65));
#2636=CARTESIAN_POINT('',(27.1893925813588,-2.5,-112.65));
#2637=CARTESIAN_POINT('Origin',(26.1893925813588,-1.5,-24.1499999999998));
#2638=CARTESIAN_POINT('',(26.1893925813588,-2.5,-23.1499999999998));
#2639=CARTESIAN_POINT('Origin',(26.1893925813588,-2.5,-24.1499999999998));
#2640=CARTESIAN_POINT('',(26.1893925813588,-0.5,-21.1499999999998));
#2641=CARTESIAN_POINT('',(26.1893925813588,-2.5,-23.1499999999998));
#2642=CARTESIAN_POINT('Origin',(26.1893925813588,-0.5,-24.1499999999998));
#2643=CARTESIAN_POINT('Origin',(24.1893925813588,-1.5,-22.1499999999998));
#2644=CARTESIAN_POINT('',(12.1893925813588,-2.5,-23.1499999999998));
#2645=CARTESIAN_POINT('',(12.1893925813588,-0.5,-21.1499999999998));
#2646=CARTESIAN_POINT('',(12.1893925813588,-2.5,-23.1499999999998));
#2647=CARTESIAN_POINT('',(24.1893925813588,-0.5,-21.1499999999998));
#2648=CARTESIAN_POINT('',(24.1893925813588,-2.5,-23.1499999999998));
#2649=CARTESIAN_POINT('Origin',(12.1893925813588,-1.5,-24.1499999999998));
#2650=CARTESIAN_POINT('Origin',(12.1893925813588,-2.5,-24.1499999999998));
#2651=CARTESIAN_POINT('Origin',(12.1893925813588,-0.5,-24.1499999999998));
#2652=CARTESIAN_POINT('Origin',(26.1893925813588,0.,-24.1499999999998));
#2653=CARTESIAN_POINT('',(26.1893925813588,-0.4,-21.1499999999998));
#2654=CARTESIAN_POINT('',(26.1893925813588,0.,-21.1499999999998));
#2655=CARTESIAN_POINT('',(29.1893925813588,-0.4,-24.1499999999998));
#2656=CARTESIAN_POINT('Origin',(26.1893925813588,-0.4,-24.1499999999998));
#2657=CARTESIAN_POINT('',(29.1893925813588,0.,-24.1499999999998));
#2658=CARTESIAN_POINT('Origin',(29.1893925813588,0.,-21.1499999999998));
#2659=CARTESIAN_POINT('',(12.1893925813588,-0.4,-21.1499999999998));
#2660=CARTESIAN_POINT('',(12.1893925813588,0.,-21.1499999999998));
#2661=CARTESIAN_POINT('',(24.1893925813588,-0.4,-21.1499999999998));
#2662=CARTESIAN_POINT('Origin',(12.1893925813588,0.,-24.1499999999998));
#2663=CARTESIAN_POINT('',(9.18939258135883,-0.4,-24.1499999999998));
#2664=CARTESIAN_POINT('',(9.18939258135883,0.,-24.1499999999998));
#2665=CARTESIAN_POINT('Origin',(12.1893925813588,-0.4,-24.1499999999998));
#2666=CARTESIAN_POINT('Origin',(9.18939258135883,0.,-21.1499999999998));
#2667=CARTESIAN_POINT('',(9.18939258135883,-0.4,-140.15));
#2668=CARTESIAN_POINT('',(9.18939258135883,0.,-140.15));
#2669=CARTESIAN_POINT('',(9.18939258135883,-0.4,-51.6499999999998));
#2670=CARTESIAN_POINT('Origin',(19.1893925813588,-2.5,-82.1499999999998));
#2671=CARTESIAN_POINT('Origin',(24.1893925813588,-5.6,-20.7499999999998));
#2672=CARTESIAN_POINT('',(12.1893925813588,-6.,-20.7499999999998));
#2673=CARTESIAN_POINT('',(12.1893925813588,-5.6,-21.1499999999998));
#2674=CARTESIAN_POINT('Origin',(12.1893925813588,-5.6,-20.7499999999998));
#2675=CARTESIAN_POINT('',(26.1893925813588,-5.6,-21.1499999999998));
#2676=CARTESIAN_POINT('',(24.1893925813588,-5.6,-21.1499999999998));
#2677=CARTESIAN_POINT('',(26.1893925813588,-6.,-20.7499999999998));
#2678=CARTESIAN_POINT('Origin',(26.1893925813588,-5.6,-20.7499999999998));
#2679=CARTESIAN_POINT('',(24.1893925813588,-6.,-20.7499999999998));
#2680=CARTESIAN_POINT('Origin',(26.1893925813588,-5.6,-24.1499999999998));
#2681=CARTESIAN_POINT('',(29.1893925813588,-5.6,-24.1499999999998));
#2682=CARTESIAN_POINT('',(29.5893925813588,-6.,-24.1499999999998));
#2683=CARTESIAN_POINT('Origin',(29.5893925813588,-5.6,-24.1499999999998));
#2684=CARTESIAN_POINT('Origin',(26.1893925813588,-6.,-24.1499999999998));
#2685=CARTESIAN_POINT('Origin',(26.1893925813588,-5.6,-24.1499999999998));
#2686=CARTESIAN_POINT('Origin',(29.5893925813588,-5.6,-112.65));
#2687=CARTESIAN_POINT('',(29.5893925813588,-6.,-140.15));
#2688=CARTESIAN_POINT('Origin',(29.5893925813588,-5.6,-140.15));
#2689=CARTESIAN_POINT('',(29.5893925813588,-6.,-112.65));
#2690=CARTESIAN_POINT('',(29.1893925813588,-5.6,-112.65));
#2691=CARTESIAN_POINT('Origin',(26.1893925813588,-5.6,-140.15));
#2692=CARTESIAN_POINT('',(26.1893925813588,-6.,-143.55));
#2693=CARTESIAN_POINT('Origin',(26.1893925813588,-5.6,-143.55));
#2694=CARTESIAN_POINT('Origin',(26.1893925813588,-6.,-140.15));
#2695=CARTESIAN_POINT('Origin',(14.1893925813588,-5.6,-143.55));
#2696=CARTESIAN_POINT('',(12.1893925813588,-6.,-143.55));
#2697=CARTESIAN_POINT('Origin',(12.1893925813588,-5.6,-143.55));
#2698=CARTESIAN_POINT('',(14.1893925813588,-6.,-143.55));
#2699=CARTESIAN_POINT('Origin',(12.1893925813588,-5.6,-140.15));
#2700=CARTESIAN_POINT('',(8.78939258135883,-6.,-140.15));
#2701=CARTESIAN_POINT('Origin',(8.78939258135883,-5.6,-140.15));
#2702=CARTESIAN_POINT('Origin',(12.1893925813588,-6.,-140.15));
#2703=CARTESIAN_POINT('Origin',(8.78939258135883,-5.6,-51.6499999999998));
#2704=CARTESIAN_POINT('',(8.78939258135883,-6.,-24.1499999999998));
#2705=CARTESIAN_POINT('Origin',(8.78939258135883,-5.6,-24.1499999999998));
#2706=CARTESIAN_POINT('',(8.78939258135883,-6.,-51.6499999999998));
#2707=CARTESIAN_POINT('Origin',(12.1893925813588,-5.6,-24.1499999999998));
#2708=CARTESIAN_POINT('Origin',(12.1893925813588,-5.6,-24.1499999999998));
#2709=CARTESIAN_POINT('Origin',(12.1893925813588,-6.,-24.1499999999998));
#2710=CARTESIAN_POINT('Origin',(29.1893925813588,0.,-143.15));
#2711=CARTESIAN_POINT('',(29.1893925813588,0.,-24.1499999999998));
#2712=CARTESIAN_POINT('Origin',(26.1893925813588,0.,-24.1499999999998));
#2713=CARTESIAN_POINT('',(26.1893925813588,0.,-21.1499999999998));
#2714=CARTESIAN_POINT('Origin',(29.1893925813588,0.,-21.1499999999998));
#2715=CARTESIAN_POINT('',(12.1893925813588,0.,-21.1499999999998));
#2716=CARTESIAN_POINT('Origin',(19.1893925813588,-6.,-82.1499999999998));
#2717=CARTESIAN_POINT('',(32.1893925813588,-6.,-2.99999999999999));
#2718=CARTESIAN_POINT('',(32.1893925813588,-6.,-161.3));
#2719=CARTESIAN_POINT('',(32.1893925813588,-6.,-123.225));
#2720=CARTESIAN_POINT('',(30.1893925813588,-6.,-0.999999999999987));
#2721=CARTESIAN_POINT('Origin',(30.1893925813588,-6.,-2.99999999999999));
#2722=CARTESIAN_POINT('',(8.18939258135875,-6.,-0.999999999999976));
#2723=CARTESIAN_POINT('',(26.1893925813588,-6.,-0.999999999999979));
#2724=CARTESIAN_POINT('',(6.18939258135875,-6.,-2.99999999999998));
#2725=CARTESIAN_POINT('Origin',(8.18939258135875,-6.,-2.99999999999998));
#2726=CARTESIAN_POINT('',(6.18939258135883,-6.,-161.3));
#2727=CARTESIAN_POINT('',(6.18939258135877,-6.,-41.0749999999999));
#2728=CARTESIAN_POINT('',(8.18939258135883,-6.,-163.3));
#2729=CARTESIAN_POINT('Origin',(8.18939258135883,-6.,-161.3));
#2730=CARTESIAN_POINT('',(30.1893925813588,-6.,-163.3));
#2731=CARTESIAN_POINT('',(12.1893925813588,-6.,-163.3));
#2732=CARTESIAN_POINT('Origin',(30.1893925813588,-6.,-161.3));
#2733=CARTESIAN_POINT('Origin',(12.1893925813588,-0.4,-140.15));
#2734=CARTESIAN_POINT('',(12.1893925813588,-0.4,-143.15));
#2735=CARTESIAN_POINT('',(12.1893925813588,0.,-143.55));
#2736=CARTESIAN_POINT('Origin',(12.1893925813588,-0.4,-143.55));
#2737=CARTESIAN_POINT('',(8.78939258135883,0.,-140.15));
#2738=CARTESIAN_POINT('Origin',(12.1893925813588,0.,-140.15));
#2739=CARTESIAN_POINT('Origin',(8.78939258135883,-0.4,-140.15));
#2740=CARTESIAN_POINT('Origin',(12.1893925813588,-0.4,-140.15));
#2741=CARTESIAN_POINT('Origin',(8.78939258135883,-0.4,-51.6499999999998));
#2742=CARTESIAN_POINT('',(8.78939258135883,0.,-24.1499999999998));
#2743=CARTESIAN_POINT('Origin',(8.78939258135883,-0.4,-24.1499999999998));
#2744=CARTESIAN_POINT('',(8.78939258135883,0.,-51.6499999999998));
#2745=CARTESIAN_POINT('Origin',(12.1893925813588,-0.4,-24.1499999999998));
#2746=CARTESIAN_POINT('',(12.1893925813588,0.,-20.7499999999998));
#2747=CARTESIAN_POINT('Origin',(12.1893925813588,-0.4,-20.7499999999998));
#2748=CARTESIAN_POINT('Origin',(12.1893925813588,0.,-24.1499999999998));
#2749=CARTESIAN_POINT('Origin',(24.1893925813588,-0.4,-20.7499999999998));
#2750=CARTESIAN_POINT('',(26.1893925813588,0.,-20.7499999999998));
#2751=CARTESIAN_POINT('Origin',(26.1893925813588,-0.4,-20.7499999999998));
#2752=CARTESIAN_POINT('',(24.1893925813588,0.,-20.7499999999998));
#2753=CARTESIAN_POINT('Origin',(26.1893925813588,-0.4,-24.1499999999998));
#2754=CARTESIAN_POINT('',(29.5893925813588,0.,-24.1499999999998));
#2755=CARTESIAN_POINT('Origin',(29.5893925813588,-0.4,-24.1499999999998));
#2756=CARTESIAN_POINT('Origin',(26.1893925813588,0.,-24.1499999999998));
#2757=CARTESIAN_POINT('Origin',(29.5893925813588,-0.4,-112.65));
#2758=CARTESIAN_POINT('',(29.5893925813588,0.,-140.15));
#2759=CARTESIAN_POINT('',(29.1893925813588,-0.4,-140.15));
#2760=CARTESIAN_POINT('Origin',(29.5893925813588,-0.4,-140.15));
#2761=CARTESIAN_POINT('',(29.1893925813588,-0.4,-112.65));
#2762=CARTESIAN_POINT('',(29.5893925813588,0.,-112.65));
#2763=CARTESIAN_POINT('Origin',(26.1893925813588,-0.4,-140.15));
#2764=CARTESIAN_POINT('',(26.1893925813588,0.,-143.55));
#2765=CARTESIAN_POINT('',(26.1893925813588,-0.4,-143.15));
#2766=CARTESIAN_POINT('Origin',(26.1893925813588,-0.4,-143.55));
#2767=CARTESIAN_POINT('Origin',(26.1893925813588,-0.4,-140.15));
#2768=CARTESIAN_POINT('Origin',(26.1893925813588,0.,-140.15));
#2769=CARTESIAN_POINT('Origin',(14.1893925813588,-0.4,-143.55));
#2770=CARTESIAN_POINT('',(14.1893925813588,0.,-143.55));
#2771=CARTESIAN_POINT('',(14.1893925813588,-0.4,-143.15));
#2772=CARTESIAN_POINT('Origin',(29.1893925813588,0.,-143.15));
#2773=CARTESIAN_POINT('',(29.1893925813588,0.,-140.15));
#2774=CARTESIAN_POINT('Origin',(26.1893925813588,0.,-140.15));
#2775=CARTESIAN_POINT('',(26.1893925813588,0.,-143.15));
#2776=CARTESIAN_POINT('Origin',(9.18939258135883,0.,-143.15));
#2777=CARTESIAN_POINT('',(12.1893925813588,0.,-143.15));
#2778=CARTESIAN_POINT('Origin',(12.1893925813588,0.,-140.15));
#2779=CARTESIAN_POINT('Origin',(19.1893925813588,0.,-82.1499999999998));
#2780=CARTESIAN_POINT('',(32.1893925813588,0.,-161.3));
#2781=CARTESIAN_POINT('',(32.1893925813588,0.,-2.99999999999999));
#2782=CARTESIAN_POINT('',(32.1893925813588,0.,-123.225));
#2783=CARTESIAN_POINT('',(30.1893925813588,0.,-163.3));
#2784=CARTESIAN_POINT('Origin',(30.1893925813588,0.,-161.3));
#2785=CARTESIAN_POINT('',(8.18939258135883,0.,-163.3));
#2786=CARTESIAN_POINT('',(12.1893925813588,0.,-163.3));
#2787=CARTESIAN_POINT('',(6.18939258135883,0.,-161.3));
#2788=CARTESIAN_POINT('Origin',(8.18939258135883,0.,-161.3));
#2789=CARTESIAN_POINT('',(6.18939258135875,0.,-2.99999999999998));
#2790=CARTESIAN_POINT('',(6.18939258135877,0.,-41.0749999999999));
#2791=CARTESIAN_POINT('',(8.18939258135875,0.,-0.999999999999979));
#2792=CARTESIAN_POINT('Origin',(8.18939258135875,0.,-2.99999999999998));
#2793=CARTESIAN_POINT('',(30.1893925813588,0.,-0.999999999999979));
#2794=CARTESIAN_POINT('',(26.1893925813588,0.,-0.999999999999979));
#2795=CARTESIAN_POINT('Origin',(30.1893925813588,0.,-2.99999999999999));
#2796=CARTESIAN_POINT('',(11.1893925813587,0.,-152.2));
#2797=CARTESIAN_POINT('',(27.1893925813587,0.,-152.2));
#2798=CARTESIAN_POINT('',(30.6643925813586,-1.38777878078145E-16,-152.2));
#2799=CARTESIAN_POINT('',(27.1893925813588,0.,-150.2));
#2800=CARTESIAN_POINT('',(27.1893925813589,0.,-118.5));
#2801=CARTESIAN_POINT('',(11.1893925813588,0.,-150.2));
#2802=CARTESIAN_POINT('',(30.6643925813586,0.,-150.2));
#2803=CARTESIAN_POINT('',(11.189392581359,-1.11022302462516E-15,-118.5));
#2804=CARTESIAN_POINT('',(27.1893925813587,0.,-156.4));
#2805=CARTESIAN_POINT('',(11.1893925813587,0.,-156.4));
#2806=CARTESIAN_POINT('',(7.71439258135875,0.,-156.4));
#2807=CARTESIAN_POINT('',(11.1893925813587,0.,-158.4));
#2808=CARTESIAN_POINT('',(11.1893925813587,5.55111512312578E-16,-117.95));
#2809=CARTESIAN_POINT('',(27.1893925813587,0.,-158.4));
#2810=CARTESIAN_POINT('',(7.71439258135875,0.,-158.4));
#2811=CARTESIAN_POINT('',(27.1893925813587,0.,-117.95));
#2812=CARTESIAN_POINT('',(27.1893925813588,0.,-12.0999999999999));
#2813=CARTESIAN_POINT('',(11.1893925813588,0.,-12.1));
#2814=CARTESIAN_POINT('',(7.71439258135857,0.,-12.1));
#2815=CARTESIAN_POINT('',(11.1893925813588,0.,-14.1));
#2816=CARTESIAN_POINT('',(11.189392581359,0.,-45.7999999999999));
#2817=CARTESIAN_POINT('',(27.1893925813588,0.,-14.0999999999999));
#2818=CARTESIAN_POINT('',(7.71439258135858,0.,-14.1));
#2819=CARTESIAN_POINT('',(27.189392581359,0.,-45.7999999999998));
#2820=CARTESIAN_POINT('',(11.1893925813587,0.,-7.89999999999992));
#2821=CARTESIAN_POINT('',(27.1893925813588,0.,-7.89999999999992));
#2822=CARTESIAN_POINT('',(30.6643925813588,0.,-7.89999999999992));
#2823=CARTESIAN_POINT('',(27.1893925813588,0.,-5.89999999999992));
#2824=CARTESIAN_POINT('',(27.1893925813588,5.55111512312578E-16,-46.3499999999999));
#2825=CARTESIAN_POINT('',(11.1893925813587,0.,-5.89999999999992));
#2826=CARTESIAN_POINT('',(30.6643925813588,0.,-5.89999999999993));
#2827=CARTESIAN_POINT('',(11.1893925813588,1.11022302462516E-15,-46.3499999999999));
#2828=CARTESIAN_POINT('Origin',(12.1893925813588,0.,-24.1499999999998));
#2829=CARTESIAN_POINT('Origin',(32.6893925813588,-5.5,-123.225));
#2830=CARTESIAN_POINT('',(33.1893925813588,-5.,-2.99999999999999));
#2831=CARTESIAN_POINT('',(33.1893925813588,-5.,-2.99999999999999));
#2832=CARTESIAN_POINT('',(33.1893925813588,-5.,-161.3));
#2833=CARTESIAN_POINT('',(32.1893925813588,-6.,-161.3));
#2834=CARTESIAN_POINT('',(33.1893925813588,-5.,-123.225));
#2835=CARTESIAN_POINT('Origin',(30.1893925813588,-5.5,-2.99999999999999));
#2836=CARTESIAN_POINT('',(30.1893925813588,-5.,1.83186799063151E-14));
#2837=CARTESIAN_POINT('Origin',(30.1893925813588,-5.,-2.99999999999999));
#2838=CARTESIAN_POINT('',(30.1893925813588,-5.,1.83186799063151E-14));
#2839=CARTESIAN_POINT('Origin',(26.1893925813588,-5.5,-0.49999999999998));
#2840=CARTESIAN_POINT('',(8.18939258135875,-5.,2.1094237467878E-14));
#2841=CARTESIAN_POINT('',(8.18939258135875,-5.,2.1094237467878E-14));
#2842=CARTESIAN_POINT('',(26.1893925813588,-5.,1.85962356624714E-14));
#2843=CARTESIAN_POINT('Origin',(8.18939258135875,-5.5,-2.99999999999998));
#2844=CARTESIAN_POINT('',(5.18939258135875,-5.,-2.99999999999998));
#2845=CARTESIAN_POINT('Origin',(8.18939258135875,-5.,-2.99999999999998));
#2846=CARTESIAN_POINT('',(5.18939258135875,-5.,-2.99999999999998));
#2847=CARTESIAN_POINT('Origin',(5.68939258135877,-5.5,-41.0749999999999));
#2848=CARTESIAN_POINT('',(5.18939258135883,-5.,-161.3));
#2849=CARTESIAN_POINT('',(5.18939258135883,-5.,-161.3));
#2850=CARTESIAN_POINT('',(5.18939258135877,-5.,-41.0749999999999));
#2851=CARTESIAN_POINT('Origin',(8.18939258135883,-5.5,-161.3));
#2852=CARTESIAN_POINT('',(8.18939258135883,-5.,-164.3));
#2853=CARTESIAN_POINT('Origin',(8.18939258135883,-5.,-161.3));
#2854=CARTESIAN_POINT('',(8.18939258135883,-5.,-164.3));
#2855=CARTESIAN_POINT('Origin',(12.1893925813588,-5.5,-163.8));
#2856=CARTESIAN_POINT('',(30.1893925813588,-5.,-164.3));
#2857=CARTESIAN_POINT('',(30.1893925813588,-5.,-164.3));
#2858=CARTESIAN_POINT('',(12.1893925813588,-5.,-164.3));
#2859=CARTESIAN_POINT('Origin',(30.1893925813588,-5.5,-161.3));
#2860=CARTESIAN_POINT('Origin',(30.1893925813588,-5.,-161.3));
#2861=CARTESIAN_POINT('Origin',(8.18939258135875,0.,-2.99999999999998));
#2862=CARTESIAN_POINT('',(8.18939258135875,-1.,2.1094237467878E-14));
#2863=CARTESIAN_POINT('',(8.18939258135875,0.,2.1094237467878E-14));
#2864=CARTESIAN_POINT('',(5.18939258135875,-1.,-2.99999999999998));
#2865=CARTESIAN_POINT('Origin',(8.18939258135875,-1.,-2.99999999999998));
#2866=CARTESIAN_POINT('',(5.18939258135875,0.,-2.99999999999998));
#2867=CARTESIAN_POINT('Origin',(33.1893925813588,0.,1.77635683940025E-14));
#2868=CARTESIAN_POINT('',(30.1893925813588,-1.,1.83186799063151E-14));
#2869=CARTESIAN_POINT('',(30.1893925813588,0.,1.83186799063151E-14));
#2870=CARTESIAN_POINT('',(26.1893925813588,-1.,1.85962356624714E-14));
#2871=CARTESIAN_POINT('Origin',(30.1893925813588,0.,-2.99999999999999));
#2872=CARTESIAN_POINT('',(33.1893925813588,-1.,-2.99999999999999));
#2873=CARTESIAN_POINT('',(33.1893925813588,0.,-2.99999999999999));
#2874=CARTESIAN_POINT('Origin',(30.1893925813588,-1.,-2.99999999999999));
#2875=CARTESIAN_POINT('Origin',(33.1893925813588,0.,-164.3));
#2876=CARTESIAN_POINT('',(33.1893925813588,-1.,-161.3));
#2877=CARTESIAN_POINT('',(33.1893925813588,0.,-161.3));
#2878=CARTESIAN_POINT('',(33.1893925813588,-1.,-123.225));
#2879=CARTESIAN_POINT('Origin',(32.6893925813588,-0.5,-123.225));
#2880=CARTESIAN_POINT('',(33.1893925813588,-1.,-161.3));
#2881=CARTESIAN_POINT('',(32.1893925813588,0.,-2.99999999999999));
#2882=CARTESIAN_POINT('Origin',(30.1893925813588,-0.5,-161.3));
#2883=CARTESIAN_POINT('',(30.1893925813588,-1.,-164.3));
#2884=CARTESIAN_POINT('Origin',(30.1893925813588,-1.,-161.3));
#2885=CARTESIAN_POINT('',(30.1893925813588,-1.,-164.3));
#2886=CARTESIAN_POINT('Origin',(12.1893925813588,-0.5,-163.8));
#2887=CARTESIAN_POINT('',(8.18939258135883,-1.,-164.3));
#2888=CARTESIAN_POINT('',(8.18939258135883,-1.,-164.3));
#2889=CARTESIAN_POINT('',(12.1893925813588,-1.,-164.3));
#2890=CARTESIAN_POINT('Origin',(8.18939258135883,-0.5,-161.3));
#2891=CARTESIAN_POINT('',(5.18939258135883,-1.,-161.3));
#2892=CARTESIAN_POINT('Origin',(8.18939258135883,-1.,-161.3));
#2893=CARTESIAN_POINT('',(5.18939258135883,-1.,-161.3));
#2894=CARTESIAN_POINT('Origin',(5.68939258135877,-0.5,-41.0749999999999));
#2895=CARTESIAN_POINT('',(5.18939258135875,-1.,-2.99999999999998));
#2896=CARTESIAN_POINT('',(5.18939258135877,-1.,-41.0749999999999));
#2897=CARTESIAN_POINT('Origin',(8.18939258135875,-0.5,-2.99999999999998));
#2898=CARTESIAN_POINT('',(8.18939258135875,-1.,2.1094237467878E-14));
#2899=CARTESIAN_POINT('Origin',(26.1893925813588,-0.5,-0.49999999999998));
#2900=CARTESIAN_POINT('',(30.1893925813588,-1.,1.83186799063151E-14));
#2901=CARTESIAN_POINT('Origin',(30.1893925813588,-0.5,-2.99999999999999));
#2902=CARTESIAN_POINT('Origin',(8.18939258135883,0.,-161.3));
#2903=CARTESIAN_POINT('',(5.18939258135883,0.,-161.3));
#2904=CARTESIAN_POINT('',(8.18939258135883,0.,-164.3));
#2905=CARTESIAN_POINT('Origin',(5.18939258135883,0.,-164.3));
#2906=CARTESIAN_POINT('',(30.1893925813588,0.,-164.3));
#2907=CARTESIAN_POINT('Origin',(30.1893925813588,0.,-161.3));
#2908=CARTESIAN_POINT('Origin',(5.18939258135875,0.,3.5527136788005E-14));
#2909=CARTESIAN_POINT('Origin',(42.1393925813587,-12.5,-154.075));
#2910=CARTESIAN_POINT('',(12.0018925813588,6.5,-151.225));
#2911=CARTESIAN_POINT('',(9.86456943265314,-10.5985851896448,-153.789787778446));
#2912=CARTESIAN_POINT('',(26.3768925813588,6.5,-151.225));
#2913=CARTESIAN_POINT('',(42.1393925813588,6.5,-151.225));
#2914=CARTESIAN_POINT('',(27.6978776806965,-4.06788079470199,-152.810182119205));
#2915=CARTESIAN_POINT('Origin',(26.3768925813587,6.5,-154.85));
#2916=CARTESIAN_POINT('',(26.3768925813588,6.5,-150.25802103443));
#2917=CARTESIAN_POINT('',(26.3768925813587,6.5,-153.0375));
#2918=CARTESIAN_POINT('',(26.5345051274616,5.23909963117728,-149.2));
#2919=CARTESIAN_POINT('',(26.3084649154044,7.04742132763504,-150.717362068547));
#2920=CARTESIAN_POINT('',(26.5845051274616,4.83909963117728,-149.2));
#2921=CARTESIAN_POINT('',(26.5757364502094,4.90924904919497,-149.2));
#2922=CARTESIAN_POINT('',(26.6893925813588,4.,-150.2));
#2923=CARTESIAN_POINT('',(26.7638770261391,3.40412444175738,-150.910136837275));
#2924=CARTESIAN_POINT('',(26.6519887352049,4.29923076923077,-150.2));
#2925=CARTESIAN_POINT('Origin',(9.62689258135873,-12.5,-154.85));
#2926=CARTESIAN_POINT('',(11.6893925813588,4.,-150.2));
#2927=CARTESIAN_POINT('',(10.8923733505895,-2.37615384615384,-150.2));
#2928=CARTESIAN_POINT('',(11.7942800352559,4.83909963117728,-149.2));
#2929=CARTESIAN_POINT('',(11.267003718501,0.620889097137768,-154.22706755826));
#2930=CARTESIAN_POINT('',(11.8442800352559,5.23909963117728,-149.2));
#2931=CARTESIAN_POINT('',(10.9686256355851,-1.76613556618964,-149.2));
#2932=CARTESIAN_POINT('',(12.0018925813588,6.5,-150.25802103443));
#2933=CARTESIAN_POINT('',(11.5775282271586,3.10508516639836,-147.409349249677));
#2934=CARTESIAN_POINT('',(12.0018925813587,6.5,-153.0375));
#2935=CARTESIAN_POINT('Origin',(42.1393925813588,5.23909963117728,-149.2));
#2936=CARTESIAN_POINT('',(42.1393925813588,4.83909963117728,-149.2));
#2937=CARTESIAN_POINT('',(42.1393925813588,5.23909963117728,-149.2));
#2938=CARTESIAN_POINT('Origin',(42.1393925813588,4.83909963117728,-149.2));
#2939=CARTESIAN_POINT('',(42.1393925813588,4.,-150.2));
#2940=CARTESIAN_POINT('Origin',(42.1393925813588,4.,-150.2));
#2941=CARTESIAN_POINT('Origin',(42.1393925813588,6.5,-151.225));
#2942=CARTESIAN_POINT('',(42.1393925813588,6.5,-150.25802103443));
#2943=CARTESIAN_POINT('Origin',(42.1393925813588,6.5,-150.25802103443));
#2944=CARTESIAN_POINT('Origin',(-3.76060741864127,-12.5,-154.525));
#2945=CARTESIAN_POINT('',(26.3768925813587,6.5,-157.375));
#2946=CARTESIAN_POINT('',(28.5142157300643,-10.5985851896448,-154.810212221553));
#2947=CARTESIAN_POINT('',(12.0018925813587,6.5,-157.375));
#2948=CARTESIAN_POINT('',(-3.76060741864127,6.5,-157.375));
#2949=CARTESIAN_POINT('',(10.680907482021,-4.06788079470199,-155.789817880794));
#2950=CARTESIAN_POINT('Origin',(12.0018925813587,6.5,-153.75));
#2951=CARTESIAN_POINT('',(12.0018925813587,6.5,-158.341978965569));
#2952=CARTESIAN_POINT('',(12.0018925813587,6.5,-155.5625));
#2953=CARTESIAN_POINT('',(11.8442800352559,5.23909963117728,-159.4));
#2954=CARTESIAN_POINT('',(12.0703202473131,7.04742132763504,-157.882637931452));
#2955=CARTESIAN_POINT('',(11.7942800352559,4.83909963117728,-159.4));
#2956=CARTESIAN_POINT('',(11.8030487125081,4.90924904919497,-159.4));
#2957=CARTESIAN_POINT('',(11.6893925813587,4.,-158.4));
#2958=CARTESIAN_POINT('',(11.6149081365784,3.40412444175738,-157.689863162725));
#2959=CARTESIAN_POINT('',(11.7267964275126,4.29923076923077,-158.4));
#2960=CARTESIAN_POINT('Origin',(28.7518925813587,-12.5,-153.75));
#2961=CARTESIAN_POINT('',(26.6893925813587,4.,-158.4));
#2962=CARTESIAN_POINT('',(27.486411812128,-2.37615384615384,-158.4));
#2963=CARTESIAN_POINT('',(26.5845051274616,4.83909963117728,-159.4));
#2964=CARTESIAN_POINT('',(27.1117814442165,0.620889097137768,-154.372932441739));
#2965=CARTESIAN_POINT('',(26.5345051274616,5.23909963117728,-159.4));
#2966=CARTESIAN_POINT('',(27.4101595271324,-1.76613556618964,-159.4));
#2967=CARTESIAN_POINT('',(26.3768925813587,6.5,-158.341978965569));
#2968=CARTESIAN_POINT('',(26.8012569355589,3.10508516639836,-161.190650750323));
#2969=CARTESIAN_POINT('',(26.3768925813587,6.5,-155.5625));
#2970=CARTESIAN_POINT('Origin',(-3.76060741864127,5.23909963117728,-159.4));
#2971=CARTESIAN_POINT('',(-3.76060741864127,4.83909963117728,-159.4));
#2972=CARTESIAN_POINT('',(-3.76060741864127,5.23909963117728,-159.4));
#2973=CARTESIAN_POINT('Origin',(-3.76060741864127,4.83909963117728,-159.4));
#2974=CARTESIAN_POINT('',(-3.76060741864127,4.,-158.4));
#2975=CARTESIAN_POINT('Origin',(-3.76060741864127,4.,-158.4));
#2976=CARTESIAN_POINT('Origin',(-3.76060741864127,6.5,-157.375));
#2977=CARTESIAN_POINT('',(-3.76060741864127,6.5,-158.341978965569));
#2978=CARTESIAN_POINT('Origin',(-3.76060741864127,6.5,-158.341978965569));
#2979=CARTESIAN_POINT('Origin',(-3.76060741864125,-12.5,-10.2250000000001));
#2980=CARTESIAN_POINT('',(26.3768925813588,6.5,-13.0749999999999));
#2981=CARTESIAN_POINT('',(28.5142157300644,-10.5985851896448,-10.5102122215531));
#2982=CARTESIAN_POINT('',(12.0018925813588,6.5,-13.075));
#2983=CARTESIAN_POINT('',(-3.76060741864123,6.5,-13.0750000000001));
#2984=CARTESIAN_POINT('',(10.680907482021,-4.06788079470199,-11.4898178807947));
#2985=CARTESIAN_POINT('Origin',(12.0018925813588,6.5,-9.44999999999996));
#2986=CARTESIAN_POINT('',(12.0018925813588,6.5,-14.0419789655695));
#2987=CARTESIAN_POINT('',(12.0018925813588,6.5,-11.2625));
#2988=CARTESIAN_POINT('',(11.8442800352559,5.23909963117728,-15.1));
#2989=CARTESIAN_POINT('',(12.0703202473132,7.04742132763504,-13.5826379314524));
#2990=CARTESIAN_POINT('',(11.7942800352559,4.83909963117728,-15.1));
#2991=CARTESIAN_POINT('',(11.8030487125082,4.90924904919497,-15.1));
#2992=CARTESIAN_POINT('',(11.6893925813588,4.,-14.1));
#2993=CARTESIAN_POINT('',(11.6149081365784,3.40412444175738,-13.3898631627252));
#2994=CARTESIAN_POINT('',(11.7267964275126,4.29923076923077,-14.1));
#2995=CARTESIAN_POINT('Origin',(28.7518925813588,-12.5,-9.44999999999986));
#2996=CARTESIAN_POINT('',(26.6893925813588,4.,-14.0999999999999));
#2997=CARTESIAN_POINT('',(27.486411812128,-2.37615384615384,-14.0999999999999));
#2998=CARTESIAN_POINT('',(26.5845051274616,4.83909963117728,-15.0999999999999));
#2999=CARTESIAN_POINT('',(27.1117814442165,0.620889097137768,-10.0729324417395));
#3000=CARTESIAN_POINT('',(26.5345051274616,5.23909963117728,-15.0999999999999));
#3001=CARTESIAN_POINT('',(27.4101595271325,-1.76613556618964,-15.0999999999999));
#3002=CARTESIAN_POINT('',(26.3768925813588,6.5,-14.0419789655694));
#3003=CARTESIAN_POINT('',(26.801256935559,3.10508516639836,-16.8906507503229));
#3004=CARTESIAN_POINT('',(26.3768925813588,6.5,-11.2624999999999));
#3005=CARTESIAN_POINT('Origin',(-3.76060741864122,5.23909963117728,-15.1000000000001));
#3006=CARTESIAN_POINT('',(-3.76060741864122,4.83909963117728,-15.1000000000001));
#3007=CARTESIAN_POINT('',(-3.76060741864122,5.23909963117728,-15.1000000000001));
#3008=CARTESIAN_POINT('Origin',(-3.76060741864122,4.83909963117728,-15.1000000000001));
#3009=CARTESIAN_POINT('',(-3.76060741864123,4.,-14.1000000000001));
#3010=CARTESIAN_POINT('Origin',(-3.76060741864123,4.,-14.1000000000001));
#3011=CARTESIAN_POINT('Origin',(-3.76060741864123,6.5,-13.0750000000001));
#3012=CARTESIAN_POINT('',(-3.76060741864123,6.5,-14.0419789655696));
#3013=CARTESIAN_POINT('Origin',(-3.76060741864123,6.5,-14.0419789655696));
#3014=CARTESIAN_POINT('Origin',(42.1393925813587,-12.5,-9.77499999999992));
#3015=CARTESIAN_POINT('',(12.0018925813588,6.5,-6.92499999999992));
#3016=CARTESIAN_POINT('',(9.86456943265315,-10.5985851896448,-9.48978777844664));
#3017=CARTESIAN_POINT('',(26.3768925813588,6.5,-6.92499999999992));
#3018=CARTESIAN_POINT('',(42.1393925813587,6.5,-6.92499999999992));
#3019=CARTESIAN_POINT('',(27.6978776806965,-4.06788079470199,-8.51018211920522));
#3020=CARTESIAN_POINT('Origin',(26.3768925813588,6.5,-10.5499999999999));
#3021=CARTESIAN_POINT('',(26.3768925813588,6.5,-5.95802103443036));
#3022=CARTESIAN_POINT('',(26.3768925813588,6.5,-8.73749999999992));
#3023=CARTESIAN_POINT('',(26.5345051274616,5.23909963117728,-4.89999999999992));
#3024=CARTESIAN_POINT('',(26.3084649154044,7.04742132763504,-6.4173620685475));
#3025=CARTESIAN_POINT('',(26.5845051274616,4.83909963117728,-4.89999999999992));
#3026=CARTESIAN_POINT('',(26.5757364502094,4.90924904919497,-4.89999999999992));
#3027=CARTESIAN_POINT('',(26.6893925813588,4.,-5.89999999999992));
#3028=CARTESIAN_POINT('',(26.7638770261391,3.40412444175738,-6.61013683727464));
#3029=CARTESIAN_POINT('',(26.6519887352049,4.29923076923077,-5.89999999999992));
#3030=CARTESIAN_POINT('Origin',(9.62689258135875,-12.5,-10.5499999999999));
#3031=CARTESIAN_POINT('',(11.6893925813587,4.,-5.89999999999992));
#3032=CARTESIAN_POINT('',(10.8923733505895,-2.37615384615384,-5.89999999999992));
#3033=CARTESIAN_POINT('',(11.7942800352559,4.83909963117728,-4.89999999999992));
#3034=CARTESIAN_POINT('',(11.267003718501,0.620889097137768,-9.92706755826025));
#3035=CARTESIAN_POINT('',(11.8442800352559,5.23909963117728,-4.89999999999992));
#3036=CARTESIAN_POINT('',(10.968625635585,-1.76613556618964,-4.89999999999992));
#3037=CARTESIAN_POINT('',(12.0018925813588,6.5,-5.95802103443036));
#3038=CARTESIAN_POINT('',(11.5775282271585,3.10508516639836,-3.10934924967695));
#3039=CARTESIAN_POINT('',(12.0018925813588,6.5,-8.73749999999992));
#3040=CARTESIAN_POINT('Origin',(42.1393925813587,5.23909963117728,-4.89999999999992));
#3041=CARTESIAN_POINT('',(42.1393925813587,4.83909963117728,-4.89999999999992));
#3042=CARTESIAN_POINT('',(42.1393925813587,5.23909963117728,-4.89999999999992));
#3043=CARTESIAN_POINT('Origin',(42.1393925813587,4.83909963117728,-4.89999999999992));
#3044=CARTESIAN_POINT('',(42.1393925813587,4.,-5.89999999999992));
#3045=CARTESIAN_POINT('Origin',(42.1393925813587,4.,-5.89999999999992));
#3046=CARTESIAN_POINT('Origin',(42.1393925813587,6.5,-6.92499999999992));
#3047=CARTESIAN_POINT('',(42.1393925813587,6.5,-5.95802103443036));
#3048=CARTESIAN_POINT('Origin',(42.1393925813587,6.5,-5.95802103443036));
#3049=UNCERTAINTY_MEASURE_WITH_UNIT(LENGTH_MEASURE(0.01),#3053,
'DISTANCE_ACCURACY_VALUE',
'Maximum model space distance between geometric entities at asserted c
onnectivities');
#3050=UNCERTAINTY_MEASURE_WITH_UNIT(LENGTH_MEASURE(0.01),#3053,
'DISTANCE_ACCURACY_VALUE',
'Maximum model space distance between geometric entities at asserted c
onnectivities');
#3051=(
GEOMETRIC_REPRESENTATION_CONTEXT(3)
GLOBAL_UNCERTAINTY_ASSIGNED_CONTEXT((#3049))
GLOBAL_UNIT_ASSIGNED_CONTEXT((#3053,#3055,#3056))
REPRESENTATION_CONTEXT('','3D')
);
#3052=(
GEOMETRIC_REPRESENTATION_CONTEXT(3)
GLOBAL_UNCERTAINTY_ASSIGNED_CONTEXT((#3050))
GLOBAL_UNIT_ASSIGNED_CONTEXT((#3053,#3055,#3056))
REPRESENTATION_CONTEXT('','3D')
);
#3053=(
LENGTH_UNIT()
NAMED_UNIT(*)
SI_UNIT(.MILLI.,.METRE.)
);
#3054=(
LENGTH_UNIT()
NAMED_UNIT(*)
SI_UNIT(.CENTI.,.METRE.)
);
#3055=(
NAMED_UNIT(*)
PLANE_ANGLE_UNIT()
SI_UNIT($,.RADIAN.)
);
#3056=(
NAMED_UNIT(*)
SI_UNIT($,.STERADIAN.)
SOLID_ANGLE_UNIT()
);
#3057=SHAPE_DEFINITION_REPRESENTATION(#3058,#3059);
#3058=PRODUCT_DEFINITION_SHAPE('',$,#3061);
#3059=SHAPE_REPRESENTATION('',(#1829),#3051);
#3060=PRODUCT_DEFINITION_CONTEXT('part definition',#3065,'design');
#3061=PRODUCT_DEFINITION('zwieracz','zwieracz',#3062,#3060);
#3062=PRODUCT_DEFINITION_FORMATION('',$,#3067);
#3063=PRODUCT_RELATED_PRODUCT_CATEGORY('zwieracz','zwieracz',(#3067));
#3064=APPLICATION_PROTOCOL_DEFINITION('international standard',
'automotive_design',2009,#3065);
#3065=APPLICATION_CONTEXT(
'Core Data for Automotive Mechanical Design Process');
#3066=PRODUCT_CONTEXT('part definition',#3065,'mechanical');
#3067=PRODUCT('zwieracz','zwieracz',$,(#3066));
#3068=PRESENTATION_STYLE_ASSIGNMENT((#3069));
#3069=SURFACE_STYLE_USAGE(.BOTH.,#3072);
#3070=SURFACE_STYLE_RENDERING_WITH_PROPERTIES($,#3076,(#3071));
#3071=SURFACE_STYLE_TRANSPARENT(0.);
#3072=SURFACE_SIDE_STYLE('',(#3073,#3070));
#3073=SURFACE_STYLE_FILL_AREA(#3074);
#3074=FILL_AREA_STYLE('',(#3075));
#3075=FILL_AREA_STYLE_COLOUR('',#3076);
#3076=COLOUR_RGB('',0.749019607843137,0.749019607843137,0.749019607843137);
ENDSEC;
END-ISO-10303-21;
