ISO-10303-21;
HEADER;
/* Generated by software containing ST-Developer
 * from STEP Tools, Inc. (www.steptools.com) 
 */

FILE_DESCRIPTION(
/* description */ (''),
/* implementation_level */ '2;1');

FILE_NAME(
/* name */ 'Napis RIZZ&BRICKS.step',
/* time_stamp */ '2026-09-04T13:57:00+02:00',
/* author */ (''),
/* organization */ (''),
/* preprocessor_version */ 'ST-DEVELOPER v20.1',
/* originating_system */ 'Autodesk Translation Framework v15.8.0.0',
/* authorisation */ '');

FILE_SCHEMA (('AUTOMOTIVE_DESIGN { 1 0 10303 214 3 1 1 }'));
ENDSEC;

DATA;
#10=MECHANICAL_DESIGN_GEOMETRIC_PRESENTATION_REPRESENTATION('',(#440,#441,
#442,#443,#444,#445,#446,#447,#448,#449,#450,#451,#452,#453,#454,#455),
#9736);
#11=CONTEXT_DEPENDENT_OVER_RIDING_STYLED_ITEM('',(#9777),#9755,#455,(#19));
#12=MAPPED_ITEM('',#13,#5199);
#13=REPRESENTATION_MAP(#5199,#9752);
#14=ITEM_DEFINED_TRANSFORMATION($,$,#5054,#5196);
#15=ITEM_DEFINED_TRANSFORMATION($,$,#5158,#5197);
#16=ITEM_DEFINED_TRANSFORMATION($,$,#5177,#5198);
#17=(
REPRESENTATION_RELATIONSHIP($,$,#9753,#9752)
REPRESENTATION_RELATIONSHIP_WITH_TRANSFORMATION(#14)
SHAPE_REPRESENTATION_RELATIONSHIP()
);
#18=(
REPRESENTATION_RELATIONSHIP($,$,#9754,#9752)
REPRESENTATION_RELATIONSHIP_WITH_TRANSFORMATION(#15)
SHAPE_REPRESENTATION_RELATIONSHIP()
);
#19=(
REPRESENTATION_RELATIONSHIP($,$,#9755,#9752)
REPRESENTATION_RELATIONSHIP_WITH_TRANSFORMATION(#16)
SHAPE_REPRESENTATION_RELATIONSHIP()
);
#20=CONTEXT_DEPENDENT_SHAPE_REPRESENTATION(#17,#9749);
#21=CONTEXT_DEPENDENT_SHAPE_REPRESENTATION(#18,#9750);
#22=CONTEXT_DEPENDENT_SHAPE_REPRESENTATION(#19,#9751);
#23=NEXT_ASSEMBLY_USAGE_OCCURRENCE('Komponent1:1','Komponent1:1',
'Komponent1:1',#9757,#9758,'Komponent1:1');
#24=NEXT_ASSEMBLY_USAGE_OCCURRENCE('try1 v1:2','try1 v1:2','try1 v1:2',
#9757,#9759,'try1 v1:2');
#25=NEXT_ASSEMBLY_USAGE_OCCURRENCE('try1 v1 (1):1','try1 v1 (1):1',
'try1 v1 (1):1',#9757,#9760,'try1 v1 (1):1');
#26=SHAPE_REPRESENTATION_RELATIONSHIP('SRR','None',#9753,#29);
#27=SHAPE_REPRESENTATION_RELATIONSHIP('SRR','None',#9754,#30);
#28=SHAPE_REPRESENTATION_RELATIONSHIP('SRR','None',#9755,#31);
#29=ADVANCED_BREP_SHAPE_REPRESENTATION('',(#456,#457,#458,#459,#460,#461,
#462,#463,#464,#465,#466),#9733);
#30=ADVANCED_BREP_SHAPE_REPRESENTATION('',(#467,#468),#9734);
#31=ADVANCED_BREP_SHAPE_REPRESENTATION('',(#469,#470),#9735);
#32=FACE_BOUND('',#820,.T.);
#33=FACE_BOUND('',#822,.T.);
#34=FACE_BOUND('',#864,.T.);
#35=FACE_BOUND('',#865,.T.);
#36=FACE_BOUND('',#900,.T.);
#37=FACE_BOUND('',#901,.T.);
#38=FACE_BOUND('',#941,.T.);
#39=FACE_BOUND('',#942,.T.);
#40=FACE_BOUND('',#944,.T.);
#41=FACE_BOUND('',#945,.T.);
#42=FACE_BOUND('',#986,.T.);
#43=FACE_BOUND('',#988,.T.);
#44=B_SPLINE_CURVE_WITH_KNOTS('',3,(#6063,#6064,#6065,#6066,#6067),
 .UNSPECIFIED.,.F.,.F.,(4,1,4),(0.,0.269577145261002,0.493144355069589),
 .UNSPECIFIED.);
#45=B_SPLINE_CURVE_WITH_KNOTS('',3,(#6069,#6070,#6071,#6072,#6073),
 .UNSPECIFIED.,.F.,.F.,(4,1,4),(-0.493144355069589,-0.269577145261002,0.),
 .UNSPECIFIED.);
#46=B_SPLINE_CURVE_WITH_KNOTS('',3,(#6086,#6087,#6088,#6089,#6090),
 .UNSPECIFIED.,.F.,.F.,(4,1,4),(0.,0.21840078333855,0.468950853512031),
 .UNSPECIFIED.);
#47=B_SPLINE_CURVE_WITH_KNOTS('',3,(#6092,#6093,#6094,#6095,#6096),
 .UNSPECIFIED.,.F.,.F.,(4,1,4),(-0.468950853512031,-0.21840078333855,0.),
 .UNSPECIFIED.);
#48=B_SPLINE_CURVE_WITH_KNOTS('',3,(#6109,#6110,#6111,#6112,#6113),
 .UNSPECIFIED.,.F.,.F.,(4,1,4),(0.,0.258141025643781,0.463596489428688),
 .UNSPECIFIED.);
#49=B_SPLINE_CURVE_WITH_KNOTS('',3,(#6115,#6116,#6117,#6118,#6119),
 .UNSPECIFIED.,.F.,.F.,(4,1,4),(-0.463596489428688,-0.258141025643781,0.),
 .UNSPECIFIED.);
#50=B_SPLINE_CURVE_WITH_KNOTS('',3,(#6132,#6133,#6134,#6135,#6136),
 .UNSPECIFIED.,.F.,.F.,(4,1,4),(0.,0.175483542830352,0.335430246013695),
 .UNSPECIFIED.);
#51=B_SPLINE_CURVE_WITH_KNOTS('',3,(#6138,#6139,#6140,#6141,#6142),
 .UNSPECIFIED.,.F.,.F.,(4,1,4),(-0.335430246013695,-0.175483542830352,0.),
 .UNSPECIFIED.);
#52=B_SPLINE_CURVE_WITH_KNOTS('',3,(#6155,#6156,#6157,#6158,#6159),
 .UNSPECIFIED.,.F.,.F.,(4,1,4),(0.,0.0994988867090636,0.194177463900873),
 .UNSPECIFIED.);
#53=B_SPLINE_CURVE_WITH_KNOTS('',3,(#6161,#6162,#6163,#6164,#6165),
 .UNSPECIFIED.,.F.,.F.,(4,1,4),(-0.194177463900873,-0.0994988867090636,
0.),.UNSPECIFIED.);
#54=B_SPLINE_CURVE_WITH_KNOTS('',3,(#6178,#6179,#6180,#6181,#6182),
 .UNSPECIFIED.,.F.,.F.,(4,1,4),(0.,0.110438077408067,0.25558055296365),
 .UNSPECIFIED.);
#55=B_SPLINE_CURVE_WITH_KNOTS('',3,(#6184,#6185,#6186,#6187,#6188),
 .UNSPECIFIED.,.F.,.F.,(4,1,4),(-0.25558055296365,-0.110438077408067,0.),
 .UNSPECIFIED.);
#56=B_SPLINE_CURVE_WITH_KNOTS('',3,(#6201,#6202,#6203,#6204,#6205),
 .UNSPECIFIED.,.F.,.F.,(4,1,4),(0.,0.181800407400728,0.502431238240426),
 .UNSPECIFIED.);
#57=B_SPLINE_CURVE_WITH_KNOTS('',3,(#6207,#6208,#6209,#6210,#6211),
 .UNSPECIFIED.,.F.,.F.,(4,1,4),(-0.502431238240426,-0.181800407400728,0.),
 .UNSPECIFIED.);
#58=B_SPLINE_CURVE_WITH_KNOTS('',3,(#6224,#6225,#6226,#6227,#6228),
 .UNSPECIFIED.,.F.,.F.,(4,1,4),(0.,0.435688787923933,0.749879828038638),
 .UNSPECIFIED.);
#59=B_SPLINE_CURVE_WITH_KNOTS('',3,(#6230,#6231,#6232,#6233,#6234),
 .UNSPECIFIED.,.F.,.F.,(4,1,4),(-0.749879828038638,-0.435688787923933,0.),
 .UNSPECIFIED.);
#60=B_SPLINE_CURVE_WITH_KNOTS('',3,(#6247,#6248,#6249,#6250,#6251),
 .UNSPECIFIED.,.F.,.F.,(4,1,4),(0.,0.344101232328033,0.680229597194086),
 .UNSPECIFIED.);
#61=B_SPLINE_CURVE_WITH_KNOTS('',3,(#6253,#6254,#6255,#6256,#6257),
 .UNSPECIFIED.,.F.,.F.,(4,1,4),(-0.680229597194086,-0.344101232328033,0.),
 .UNSPECIFIED.);
#62=B_SPLINE_CURVE_WITH_KNOTS('',3,(#6270,#6271,#6272,#6273,#6274),
 .UNSPECIFIED.,.F.,.F.,(4,1,4),(0.,0.22385382564321,0.451574386909355),
 .UNSPECIFIED.);
#63=B_SPLINE_CURVE_WITH_KNOTS('',3,(#6276,#6277,#6278,#6279,#6280),
 .UNSPECIFIED.,.F.,.F.,(4,1,4),(-0.451574386909355,-0.22385382564321,0.),
 .UNSPECIFIED.);
#64=B_SPLINE_CURVE_WITH_KNOTS('',3,(#6293,#6294,#6295,#6296,#6297),
 .UNSPECIFIED.,.F.,.F.,(4,1,4),(0.,0.237627786867445,0.488383775107614),
 .UNSPECIFIED.);
#65=B_SPLINE_CURVE_WITH_KNOTS('',3,(#6299,#6300,#6301,#6302,#6303),
 .UNSPECIFIED.,.F.,.F.,(4,1,4),(-0.488383775107614,-0.237627786867445,0.),
 .UNSPECIFIED.);
#66=B_SPLINE_CURVE_WITH_KNOTS('',3,(#6316,#6317,#6318,#6319,#6320),
 .UNSPECIFIED.,.F.,.F.,(4,1,4),(0.,0.281725836789303,0.603557386965222),
 .UNSPECIFIED.);
#67=B_SPLINE_CURVE_WITH_KNOTS('',3,(#6322,#6323,#6324,#6325,#6326),
 .UNSPECIFIED.,.F.,.F.,(4,1,4),(-0.603557386965222,-0.281725836789303,0.),
 .UNSPECIFIED.);
#68=B_SPLINE_CURVE_WITH_KNOTS('',3,(#6339,#6340,#6341,#6342,#6343),
 .UNSPECIFIED.,.F.,.F.,(4,1,4),(0.,0.498570744521724,0.898800487495856),
 .UNSPECIFIED.);
#69=B_SPLINE_CURVE_WITH_KNOTS('',3,(#6345,#6346,#6347,#6348,#6349),
 .UNSPECIFIED.,.F.,.F.,(4,1,4),(-0.898800487495856,-0.498570744521724,0.),
 .UNSPECIFIED.);
#70=B_SPLINE_CURVE_WITH_KNOTS('',3,(#6362,#6363,#6364,#6365,#6366),
 .UNSPECIFIED.,.F.,.F.,(4,1,4),(0.,0.362315333518572,0.743256938805749),
 .UNSPECIFIED.);
#71=B_SPLINE_CURVE_WITH_KNOTS('',3,(#6368,#6369,#6370,#6371,#6372),
 .UNSPECIFIED.,.F.,.F.,(4,1,4),(-0.743256938805749,-0.362315333518572,0.),
 .UNSPECIFIED.);
#72=B_SPLINE_CURVE_WITH_KNOTS('',3,(#6391,#6392,#6393,#6394,#6395),
 .UNSPECIFIED.,.F.,.F.,(4,1,4),(0.,0.207776058122839,0.378117856818271),
 .UNSPECIFIED.);
#73=B_SPLINE_CURVE_WITH_KNOTS('',3,(#6397,#6398,#6399,#6400,#6401),
 .UNSPECIFIED.,.F.,.F.,(4,1,4),(-0.378117856818271,-0.207776058122839,0.),
 .UNSPECIFIED.);
#74=B_SPLINE_CURVE_WITH_KNOTS('',3,(#6414,#6415,#6416,#6417,#6418),
 .UNSPECIFIED.,.F.,.F.,(4,1,4),(0.,0.176646663993621,0.401673241554644),
 .UNSPECIFIED.);
#75=B_SPLINE_CURVE_WITH_KNOTS('',3,(#6420,#6421,#6422,#6423,#6424),
 .UNSPECIFIED.,.F.,.F.,(4,1,4),(-0.401673241554644,-0.176646663993621,0.),
 .UNSPECIFIED.);
#76=B_SPLINE_CURVE_WITH_KNOTS('',3,(#6437,#6438,#6439,#6440,#6441),
 .UNSPECIFIED.,.F.,.F.,(4,1,4),(0.,0.236891285735556,0.432629763401747),
 .UNSPECIFIED.);
#77=B_SPLINE_CURVE_WITH_KNOTS('',3,(#6443,#6444,#6445,#6446,#6447),
 .UNSPECIFIED.,.F.,.F.,(4,1,4),(-0.432629763401747,-0.236891285735556,0.),
 .UNSPECIFIED.);
#78=B_SPLINE_CURVE_WITH_KNOTS('',3,(#6460,#6461,#6462,#6463,#6464),
 .UNSPECIFIED.,.F.,.F.,(4,1,4),(0.,0.108720311226438,0.216319063776222),
 .UNSPECIFIED.);
#79=B_SPLINE_CURVE_WITH_KNOTS('',3,(#6466,#6467,#6468,#6469,#6470),
 .UNSPECIFIED.,.F.,.F.,(4,1,4),(-0.216319063776222,-0.108720311226438,0.),
 .UNSPECIFIED.);
#80=B_SPLINE_CURVE_WITH_KNOTS('',3,(#6483,#6484,#6485,#6486,#6487),
 .UNSPECIFIED.,.F.,.F.,(4,1,4),(0.,0.101271571594655,0.208576867960195),
 .UNSPECIFIED.);
#81=B_SPLINE_CURVE_WITH_KNOTS('',3,(#6489,#6490,#6491,#6492,#6493),
 .UNSPECIFIED.,.F.,.F.,(4,1,4),(-0.208576867960195,-0.101271571594655,0.),
 .UNSPECIFIED.);
#82=B_SPLINE_CURVE_WITH_KNOTS('',3,(#6506,#6507,#6508,#6509,#6510),
 .UNSPECIFIED.,.F.,.F.,(4,1,4),(0.,0.219639530843619,0.594056106576596),
 .UNSPECIFIED.);
#83=B_SPLINE_CURVE_WITH_KNOTS('',3,(#6512,#6513,#6514,#6515,#6516),
 .UNSPECIFIED.,.F.,.F.,(4,1,4),(-0.594056106576596,-0.219639530843619,0.),
 .UNSPECIFIED.);
#84=B_SPLINE_CURVE_WITH_KNOTS('',3,(#6529,#6530,#6531,#6532,#6533),
 .UNSPECIFIED.,.F.,.F.,(4,1,4),(0.,0.398672590252595,0.689105601776176),
 .UNSPECIFIED.);
#85=B_SPLINE_CURVE_WITH_KNOTS('',3,(#6535,#6536,#6537,#6538,#6539),
 .UNSPECIFIED.,.F.,.F.,(4,1,4),(-0.689105601776176,-0.398672590252595,0.),
 .UNSPECIFIED.);
#86=B_SPLINE_CURVE_WITH_KNOTS('',3,(#6552,#6553,#6554,#6555,#6556),
 .UNSPECIFIED.,.F.,.F.,(4,1,4),(0.,0.230472141901185,0.454763192623008),
 .UNSPECIFIED.);
#87=B_SPLINE_CURVE_WITH_KNOTS('',3,(#6558,#6559,#6560,#6561,#6562),
 .UNSPECIFIED.,.F.,.F.,(4,1,4),(-0.454763192623008,-0.230472141901185,0.),
 .UNSPECIFIED.);
#88=B_SPLINE_CURVE_WITH_KNOTS('',3,(#6575,#6576,#6577,#6578,#6579),
 .UNSPECIFIED.,.F.,.F.,(4,1,4),(0.,0.233642670953732,0.49680534046203),
 .UNSPECIFIED.);
#89=B_SPLINE_CURVE_WITH_KNOTS('',3,(#6581,#6582,#6583,#6584,#6585),
 .UNSPECIFIED.,.F.,.F.,(4,1,4),(-0.49680534046203,-0.233642670953732,0.),
 .UNSPECIFIED.);
#90=B_SPLINE_CURVE_WITH_KNOTS('',3,(#6598,#6599,#6600,#6601,#6602),
 .UNSPECIFIED.,.F.,.F.,(4,1,4),(0.,0.25221430237274,0.509051859540284),
 .UNSPECIFIED.);
#91=B_SPLINE_CURVE_WITH_KNOTS('',3,(#6604,#6605,#6606,#6607,#6608),
 .UNSPECIFIED.,.F.,.F.,(4,1,4),(-0.509051859540284,-0.25221430237274,0.),
 .UNSPECIFIED.);
#92=B_SPLINE_CURVE_WITH_KNOTS('',3,(#6621,#6622,#6623,#6624,#6625),
 .UNSPECIFIED.,.F.,.F.,(4,1,4),(0.,0.26171448172437,0.532474903930947),
 .UNSPECIFIED.);
#93=B_SPLINE_CURVE_WITH_KNOTS('',3,(#6627,#6628,#6629,#6630,#6631),
 .UNSPECIFIED.,.F.,.F.,(4,1,4),(-0.532474903930947,-0.26171448172437,0.),
 .UNSPECIFIED.);
#94=B_SPLINE_CURVE_WITH_KNOTS('',3,(#6644,#6645,#6646,#6647,#6648),
 .UNSPECIFIED.,.F.,.F.,(4,1,4),(0.,0.305207928497664,0.664860712969865),
 .UNSPECIFIED.);
#95=B_SPLINE_CURVE_WITH_KNOTS('',3,(#6650,#6651,#6652,#6653,#6654),
 .UNSPECIFIED.,.F.,.F.,(4,1,4),(-0.664860712969865,-0.305207928497664,0.),
 .UNSPECIFIED.);
#96=B_SPLINE_CURVE_WITH_KNOTS('',3,(#6667,#6668,#6669,#6670,#6671),
 .UNSPECIFIED.,.F.,.F.,(4,1,4),(0.,0.507144719716686,0.926865580614899),
 .UNSPECIFIED.);
#97=B_SPLINE_CURVE_WITH_KNOTS('',3,(#6673,#6674,#6675,#6676,#6677),
 .UNSPECIFIED.,.F.,.F.,(4,1,4),(-0.926865580614899,-0.507144719716686,0.),
 .UNSPECIFIED.);
#98=B_SPLINE_CURVE_WITH_KNOTS('',3,(#6689,#6690,#6691,#6692,#6693),
 .UNSPECIFIED.,.F.,.F.,(4,1,4),(0.,0.405183923397554,0.864876783323794),
 .UNSPECIFIED.);
#99=B_SPLINE_CURVE_WITH_KNOTS('',3,(#6694,#6695,#6696,#6697,#6698),
 .UNSPECIFIED.,.F.,.F.,(4,1,4),(-0.864876783323794,-0.405183923397554,0.),
 .UNSPECIFIED.);
#100=B_SPLINE_CURVE_WITH_KNOTS('',3,(#6721,#6722,#6723,#6724,#6725),
 .UNSPECIFIED.,.F.,.F.,(4,1,4),(0.,0.354144632104051,0.546452695871496),
 .UNSPECIFIED.);
#101=B_SPLINE_CURVE_WITH_KNOTS('',3,(#6727,#6728,#6729,#6730,#6731),
 .UNSPECIFIED.,.F.,.F.,(4,1,4),(-0.546452695871496,-0.354144632104051,0.),
 .UNSPECIFIED.);
#102=B_SPLINE_CURVE_WITH_KNOTS('',3,(#6744,#6745,#6746,#6747,#6748),
 .UNSPECIFIED.,.F.,.F.,(4,1,4),(0.,0.108918295704359,0.214940900484094),
 .UNSPECIFIED.);
#103=B_SPLINE_CURVE_WITH_KNOTS('',3,(#6750,#6751,#6752,#6753,#6754),
 .UNSPECIFIED.,.F.,.F.,(4,1,4),(-0.214940900484094,-0.108918295704359,0.),
 .UNSPECIFIED.);
#104=B_SPLINE_CURVE_WITH_KNOTS('',3,(#6767,#6768,#6769,#6770,#6771),
 .UNSPECIFIED.,.F.,.F.,(4,1,4),(0.,0.111270226017402,0.236023985499531),
 .UNSPECIFIED.);
#105=B_SPLINE_CURVE_WITH_KNOTS('',3,(#6773,#6774,#6775,#6776,#6777),
 .UNSPECIFIED.,.F.,.F.,(4,1,4),(-0.236023985499531,-0.111270226017402,0.),
 .UNSPECIFIED.);
#106=B_SPLINE_CURVE_WITH_KNOTS('',3,(#6790,#6791,#6792,#6793,#6794),
 .UNSPECIFIED.,.F.,.F.,(4,1,4),(0.,0.138120583607019,0.261414438498485),
 .UNSPECIFIED.);
#107=B_SPLINE_CURVE_WITH_KNOTS('',3,(#6796,#6797,#6798,#6799,#6800),
 .UNSPECIFIED.,.F.,.F.,(4,1,4),(-0.261414438498485,-0.138120583607019,0.),
 .UNSPECIFIED.);
#108=B_SPLINE_CURVE_WITH_KNOTS('',3,(#6813,#6814,#6815,#6816,#6817),
 .UNSPECIFIED.,.F.,.F.,(4,1,4),(0.,0.123442760463492,0.26048063204421),
 .UNSPECIFIED.);
#109=B_SPLINE_CURVE_WITH_KNOTS('',3,(#6819,#6820,#6821,#6822,#6823),
 .UNSPECIFIED.,.F.,.F.,(4,1,4),(-0.26048063204421,-0.123442760463492,0.),
 .UNSPECIFIED.);
#110=B_SPLINE_CURVE_WITH_KNOTS('',3,(#6836,#6837,#6838,#6839,#6840),
 .UNSPECIFIED.,.F.,.F.,(4,1,4),(0.,0.147540481874011,0.442229318554737),
 .UNSPECIFIED.);
#111=B_SPLINE_CURVE_WITH_KNOTS('',3,(#6842,#6843,#6844,#6845,#6846),
 .UNSPECIFIED.,.F.,.F.,(4,1,4),(-0.442229318554737,-0.147540481874011,0.),
 .UNSPECIFIED.);
#112=B_SPLINE_CURVE_WITH_KNOTS('',3,(#6883,#6884,#6885,#6886,#6887),
 .UNSPECIFIED.,.F.,.F.,(4,1,4),(0.,0.415407994203888,0.704905521231633),
 .UNSPECIFIED.);
#113=B_SPLINE_CURVE_WITH_KNOTS('',3,(#6889,#6890,#6891,#6892,#6893),
 .UNSPECIFIED.,.F.,.F.,(4,1,4),(-0.704905521231633,-0.415407994203888,0.),
 .UNSPECIFIED.);
#114=B_SPLINE_CURVE_WITH_KNOTS('',3,(#6906,#6907,#6908,#6909,#6910),
 .UNSPECIFIED.,.F.,.F.,(4,1,4),(0.,0.226349617871821,0.458753382436376),
 .UNSPECIFIED.);
#115=B_SPLINE_CURVE_WITH_KNOTS('',3,(#6912,#6913,#6914,#6915,#6916),
 .UNSPECIFIED.,.F.,.F.,(4,1,4),(-0.458753382436376,-0.226349617871821,0.),
 .UNSPECIFIED.);
#116=B_SPLINE_CURVE_WITH_KNOTS('',3,(#6929,#6930,#6931,#6932,#6933),
 .UNSPECIFIED.,.F.,.F.,(4,1,4),(0.,0.242322243450705,0.495640846904651),
 .UNSPECIFIED.);
#117=B_SPLINE_CURVE_WITH_KNOTS('',3,(#6935,#6936,#6937,#6938,#6939),
 .UNSPECIFIED.,.F.,.F.,(4,1,4),(-0.495640846904651,-0.242322243450705,0.),
 .UNSPECIFIED.);
#118=B_SPLINE_CURVE_WITH_KNOTS('',3,(#6952,#6953,#6954,#6955,#6956),
 .UNSPECIFIED.,.F.,.F.,(4,1,4),(0.,0.312458522121451,0.603575123223678),
 .UNSPECIFIED.);
#119=B_SPLINE_CURVE_WITH_KNOTS('',3,(#6958,#6959,#6960,#6961,#6962),
 .UNSPECIFIED.,.F.,.F.,(4,1,4),(-0.603575123223678,-0.312458522121451,0.),
 .UNSPECIFIED.);
#120=B_SPLINE_CURVE_WITH_KNOTS('',3,(#6975,#6976,#6977,#6978,#6979),
 .UNSPECIFIED.,.F.,.F.,(4,1,4),(0.,0.305271518114767,0.66464945607402),
 .UNSPECIFIED.);
#121=B_SPLINE_CURVE_WITH_KNOTS('',3,(#6981,#6982,#6983,#6984,#6985),
 .UNSPECIFIED.,.F.,.F.,(4,1,4),(-0.66464945607402,-0.305271518114767,0.),
 .UNSPECIFIED.);
#122=B_SPLINE_CURVE_WITH_KNOTS('',3,(#6998,#6999,#7000,#7001,#7002),
 .UNSPECIFIED.,.F.,.F.,(4,1,4),(0.,0.215677012776432,0.410870029137873),
 .UNSPECIFIED.);
#123=B_SPLINE_CURVE_WITH_KNOTS('',3,(#7004,#7005,#7006,#7007,#7008),
 .UNSPECIFIED.,.F.,.F.,(4,1,4),(-0.410870029137873,-0.215677012776432,0.),
 .UNSPECIFIED.);
#124=B_SPLINE_CURVE_WITH_KNOTS('',3,(#7021,#7022,#7023,#7024,#7025),
 .UNSPECIFIED.,.F.,.F.,(4,1,4),(0.,0.242891862690046,0.597912729361533),
 .UNSPECIFIED.);
#125=B_SPLINE_CURVE_WITH_KNOTS('',3,(#7027,#7028,#7029,#7030,#7031),
 .UNSPECIFIED.,.F.,.F.,(4,1,4),(-0.597912729361533,-0.242891862690046,0.),
 .UNSPECIFIED.);
#126=B_SPLINE_CURVE_WITH_KNOTS('',3,(#7062,#7063,#7064,#7065,#7066),
 .UNSPECIFIED.,.F.,.F.,(4,1,4),(0.,0.346113774598608,0.543863696348917),
 .UNSPECIFIED.);
#127=B_SPLINE_CURVE_WITH_KNOTS('',3,(#7068,#7069,#7070,#7071,#7072),
 .UNSPECIFIED.,.F.,.F.,(4,1,4),(-0.543863696348917,-0.346113774598608,0.),
 .UNSPECIFIED.);
#128=B_SPLINE_CURVE_WITH_KNOTS('',3,(#7085,#7086,#7087,#7088,#7089),
 .UNSPECIFIED.,.F.,.F.,(4,1,4),(0.,0.117478279403161,0.222496663895049),
 .UNSPECIFIED.);
#129=B_SPLINE_CURVE_WITH_KNOTS('',3,(#7091,#7092,#7093,#7094,#7095),
 .UNSPECIFIED.,.F.,.F.,(4,1,4),(-0.222496663895049,-0.117478279403161,0.),
 .UNSPECIFIED.);
#130=B_SPLINE_CURVE_WITH_KNOTS('',3,(#7108,#7109,#7110,#7111,#7112),
 .UNSPECIFIED.,.F.,.F.,(4,1,4),(0.,0.127025652654772,0.307828438111918),
 .UNSPECIFIED.);
#131=B_SPLINE_CURVE_WITH_KNOTS('',3,(#7114,#7115,#7116,#7117,#7118),
 .UNSPECIFIED.,.F.,.F.,(4,1,4),(-0.307828438111918,-0.127025652654772,0.),
 .UNSPECIFIED.);
#132=B_SPLINE_CURVE_WITH_KNOTS('',3,(#7157,#7158,#7159,#7160,#7161),
 .UNSPECIFIED.,.F.,.F.,(4,1,4),(0.,0.464532234309514,0.869974713182544),
 .UNSPECIFIED.);
#133=B_SPLINE_CURVE_WITH_KNOTS('',3,(#7163,#7164,#7165,#7166,#7167),
 .UNSPECIFIED.,.F.,.F.,(4,1,4),(-0.869974713182544,-0.464532234309514,0.),
 .UNSPECIFIED.);
#134=B_SPLINE_CURVE_WITH_KNOTS('',3,(#7180,#7181,#7182,#7183,#7184),
 .UNSPECIFIED.,.F.,.F.,(4,1,4),(0.,0.397642763431612,0.842105600569216),
 .UNSPECIFIED.);
#135=B_SPLINE_CURVE_WITH_KNOTS('',3,(#7186,#7187,#7188,#7189,#7190),
 .UNSPECIFIED.,.F.,.F.,(4,1,4),(-0.842105600569216,-0.397642763431612,0.),
 .UNSPECIFIED.);
#136=B_SPLINE_CURVE_WITH_KNOTS('',3,(#7203,#7204,#7205,#7206,#7207),
 .UNSPECIFIED.,.F.,.F.,(4,1,4),(0.,0.553776976258613,1.08769021751077),
 .UNSPECIFIED.);
#137=B_SPLINE_CURVE_WITH_KNOTS('',3,(#7209,#7210,#7211,#7212,#7213),
 .UNSPECIFIED.,.F.,.F.,(4,1,4),(-1.08769021751077,-0.553776976258613,0.),
 .UNSPECIFIED.);
#138=B_SPLINE_CURVE_WITH_KNOTS('',3,(#7226,#7227,#7228,#7229,#7230),
 .UNSPECIFIED.,.F.,.F.,(4,1,4),(0.,0.563455549415028,1.20407285122958),
 .UNSPECIFIED.);
#139=B_SPLINE_CURVE_WITH_KNOTS('',3,(#7232,#7233,#7234,#7235,#7236),
 .UNSPECIFIED.,.F.,.F.,(4,1,4),(-1.20407285122958,-0.563455549415028,0.),
 .UNSPECIFIED.);
#140=B_SPLINE_CURVE_WITH_KNOTS('',3,(#7249,#7250,#7251,#7252,#7253),
 .UNSPECIFIED.,.F.,.F.,(4,1,4),(0.,0.672066972325901,1.24776017463872),
 .UNSPECIFIED.);
#141=B_SPLINE_CURVE_WITH_KNOTS('',3,(#7255,#7256,#7257,#7258,#7259),
 .UNSPECIFIED.,.F.,.F.,(4,1,4),(-1.24776017463872,-0.672066972325901,0.),
 .UNSPECIFIED.);
#142=B_SPLINE_CURVE_WITH_KNOTS('',3,(#7272,#7273,#7274,#7275,#7276),
 .UNSPECIFIED.,.F.,.F.,(4,1,4),(0.,0.545396375228549,1.124198250552),
 .UNSPECIFIED.);
#143=B_SPLINE_CURVE_WITH_KNOTS('',3,(#7278,#7279,#7280,#7281,#7282),
 .UNSPECIFIED.,.F.,.F.,(4,1,4),(-1.124198250552,-0.545396375228549,0.),
 .UNSPECIFIED.);
#144=B_SPLINE_CURVE_WITH_KNOTS('',3,(#7295,#7296,#7297,#7298,#7299),
 .UNSPECIFIED.,.F.,.F.,(4,1,4),(0.,0.505393254032308,0.97009165810238),
 .UNSPECIFIED.);
#145=B_SPLINE_CURVE_WITH_KNOTS('',3,(#7301,#7302,#7303,#7304,#7305),
 .UNSPECIFIED.,.F.,.F.,(4,1,4),(-0.97009165810238,-0.505393254032308,0.),
 .UNSPECIFIED.);
#146=B_SPLINE_CURVE_WITH_KNOTS('',3,(#7318,#7319,#7320,#7321,#7322),
 .UNSPECIFIED.,.F.,.F.,(4,1,4),(0.,0.294895723229316,0.637849875245595),
 .UNSPECIFIED.);
#147=B_SPLINE_CURVE_WITH_KNOTS('',3,(#7324,#7325,#7326,#7327,#7328),
 .UNSPECIFIED.,.F.,.F.,(4,1,4),(-0.637849875245595,-0.294895723229316,0.),
 .UNSPECIFIED.);
#148=B_SPLINE_CURVE_WITH_KNOTS('',3,(#7347,#7348,#7349,#7350,#7351),
 .UNSPECIFIED.,.F.,.F.,(4,1,4),(0.,0.224394778356298,0.437165979966981),
 .UNSPECIFIED.);
#149=B_SPLINE_CURVE_WITH_KNOTS('',3,(#7353,#7354,#7355,#7356,#7357),
 .UNSPECIFIED.,.F.,.F.,(4,1,4),(-0.437165979966981,-0.224394778356298,0.),
 .UNSPECIFIED.);
#150=B_SPLINE_CURVE_WITH_KNOTS('',3,(#7370,#7371,#7372,#7373,#7374),
 .UNSPECIFIED.,.F.,.F.,(4,1,4),(0.,0.211987783738805,0.43758572159206),
 .UNSPECIFIED.);
#151=B_SPLINE_CURVE_WITH_KNOTS('',3,(#7376,#7377,#7378,#7379,#7380),
 .UNSPECIFIED.,.F.,.F.,(4,1,4),(-0.43758572159206,-0.211987783738805,0.),
 .UNSPECIFIED.);
#152=B_SPLINE_CURVE_WITH_KNOTS('',3,(#7393,#7394,#7395,#7396,#7397),
 .UNSPECIFIED.,.F.,.F.,(4,1,4),(0.,0.308220859549138,0.607914124481767),
 .UNSPECIFIED.);
#153=B_SPLINE_CURVE_WITH_KNOTS('',3,(#7399,#7400,#7401,#7402,#7403),
 .UNSPECIFIED.,.F.,.F.,(4,1,4),(-0.607914124481767,-0.308220859549138,0.),
 .UNSPECIFIED.);
#154=B_SPLINE_CURVE_WITH_KNOTS('',3,(#7416,#7417,#7418,#7419,#7420),
 .UNSPECIFIED.,.F.,.F.,(4,1,4),(0.,0.349828043938637,0.814680034378951),
 .UNSPECIFIED.);
#155=B_SPLINE_CURVE_WITH_KNOTS('',3,(#7422,#7423,#7424,#7425,#7426),
 .UNSPECIFIED.,.F.,.F.,(4,1,4),(-0.814680034378951,-0.349828043938637,0.),
 .UNSPECIFIED.);
#156=B_SPLINE_CURVE_WITH_KNOTS('',3,(#7439,#7440,#7441,#7442,#7443),
 .UNSPECIFIED.,.F.,.F.,(4,1,4),(0.,0.489719274290526,0.847625304024617),
 .UNSPECIFIED.);
#157=B_SPLINE_CURVE_WITH_KNOTS('',3,(#7445,#7446,#7447,#7448,#7449),
 .UNSPECIFIED.,.F.,.F.,(4,1,4),(-0.847625304024617,-0.489719274290526,0.),
 .UNSPECIFIED.);
#158=B_SPLINE_CURVE_WITH_KNOTS('',3,(#7462,#7463,#7464,#7465,#7466),
 .UNSPECIFIED.,.F.,.F.,(4,1,4),(0.,0.296953154550185,0.599758065414312),
 .UNSPECIFIED.);
#159=B_SPLINE_CURVE_WITH_KNOTS('',3,(#7468,#7469,#7470,#7471,#7472),
 .UNSPECIFIED.,.F.,.F.,(4,1,4),(-0.599758065414312,-0.296953154550185,0.),
 .UNSPECIFIED.);
#160=B_SPLINE_CURVE_WITH_KNOTS('',3,(#7485,#7486,#7487,#7488,#7489),
 .UNSPECIFIED.,.F.,.F.,(4,1,4),(0.,0.227844319669298,0.450700316432765),
 .UNSPECIFIED.);
#161=B_SPLINE_CURVE_WITH_KNOTS('',3,(#7491,#7492,#7493,#7494,#7495),
 .UNSPECIFIED.,.F.,.F.,(4,1,4),(-0.450700316432765,-0.227844319669298,0.),
 .UNSPECIFIED.);
#162=B_SPLINE_CURVE_WITH_KNOTS('',3,(#7507,#7508,#7509,#7510,#7511),
 .UNSPECIFIED.,.F.,.F.,(4,1,4),(0.,0.247614492269914,0.55018365670117),
 .UNSPECIFIED.);
#163=B_SPLINE_CURVE_WITH_KNOTS('',3,(#7512,#7513,#7514,#7515,#7516),
 .UNSPECIFIED.,.F.,.F.,(4,1,4),(-0.55018365670117,-0.247614492269914,0.),
 .UNSPECIFIED.);
#164=B_SPLINE_CURVE_WITH_KNOTS('',3,(#7626,#7627,#7628,#7629,#7630,#7631,
#7632),.UNSPECIFIED.,.F.,.F.,(4,3,4),(-0.77055406891298,-0.497840264804937,
1.11022302462516E-16),.UNSPECIFIED.);
#165=B_SPLINE_CURVE_WITH_KNOTS('',3,(#7634,#7635,#7636,#7637,#7638,#7639,
#7640),.UNSPECIFIED.,.F.,.F.,(4,3,4),(-0.438081056395141,-0.230212699149795,
0.),.UNSPECIFIED.);
#166=B_SPLINE_CURVE_WITH_KNOTS('',3,(#7642,#7643,#7644,#7645,#7646,#7647,
#7648),.UNSPECIFIED.,.F.,.F.,(4,3,4),(-0.422053740047361,-0.207982210748504,
0.),.UNSPECIFIED.);
#167=B_SPLINE_CURVE_WITH_KNOTS('',3,(#7650,#7651,#7652,#7653,#7654,#7655,
#7656),.UNSPECIFIED.,.F.,.F.,(4,3,4),(-0.416884256419473,-0.211595801645239,
0.),.UNSPECIFIED.);
#168=B_SPLINE_CURVE_WITH_KNOTS('',3,(#7658,#7659,#7660,#7661,#7662,#7663,
#7664),.UNSPECIFIED.,.F.,.F.,(4,3,4),(-0.491103726832679,-0.250211319454299,
5.55111512312578E-17),.UNSPECIFIED.);
#169=B_SPLINE_CURVE_WITH_KNOTS('',3,(#7666,#7667,#7668,#7669,#7670,#7671,
#7672),.UNSPECIFIED.,.F.,.F.,(4,3,4),(-0.551818092997644,-0.263711575946519,
0.),.UNSPECIFIED.);
#170=B_SPLINE_CURVE_WITH_KNOTS('',3,(#7674,#7675,#7676,#7677,#7678,#7679,
#7680),.UNSPECIFIED.,.F.,.F.,(4,3,4),(-0.414806227290578,-0.2085774064252,
0.),.UNSPECIFIED.);
#171=B_SPLINE_CURVE_WITH_KNOTS('',3,(#7682,#7683,#7684,#7685,#7686,#7687,
#7688),.UNSPECIFIED.,.F.,.F.,(4,3,4),(-0.414056632894046,-0.206827709704868,
0.),.UNSPECIFIED.);
#172=B_SPLINE_CURVE_WITH_KNOTS('',3,(#7690,#7691,#7692,#7693,#7694,#7695,
#7696),.UNSPECIFIED.,.F.,.F.,(4,3,4),(-0.369609463710773,-0.188355562753387,
5.55111512312578E-17),.UNSPECIFIED.);
#173=B_SPLINE_CURVE_WITH_KNOTS('',3,(#7698,#7699,#7700,#7701,#7702,#7703,
#7704),.UNSPECIFIED.,.F.,.F.,(4,3,4),(-0.346945266799834,-0.177199214985931,
0.),.UNSPECIFIED.);
#174=B_SPLINE_CURVE_WITH_KNOTS('',3,(#7706,#7707,#7708,#7709,#7710,#7711,
#7712),.UNSPECIFIED.,.F.,.F.,(4,3,4),(-0.352089006594497,-0.172867085050551,
0.),.UNSPECIFIED.);
#175=B_SPLINE_CURVE_WITH_KNOTS('',3,(#7714,#7715,#7716,#7717,#7718,#7719,
#7720),.UNSPECIFIED.,.F.,.F.,(4,3,4),(-0.596218257884273,-0.247637108950167,
0.),.UNSPECIFIED.);
#176=B_SPLINE_CURVE_WITH_KNOTS('',3,(#7726,#7727,#7728,#7729,#7730,#7731,
#7732),.UNSPECIFIED.,.F.,.F.,(4,3,4),(-0.565734452999752,-0.357825851232013,
0.),.UNSPECIFIED.);
#177=B_SPLINE_CURVE_WITH_KNOTS('',3,(#7734,#7735,#7736,#7737,#7738,#7739,
#7740),.UNSPECIFIED.,.F.,.F.,(4,3,4),(-0.241930555998407,-0.125549046462792,
0.),.UNSPECIFIED.);
#178=B_SPLINE_CURVE_WITH_KNOTS('',3,(#7742,#7743,#7744,#7745,#7746,#7747),
 .UNSPECIFIED.,.F.,.F.,(4,2,4),(-0.261388500976295,-0.130923892799241,0.),
 .UNSPECIFIED.);
#179=B_SPLINE_CURVE_WITH_KNOTS('',3,(#7749,#7750,#7751,#7752,#7753,#7754,
#7755),.UNSPECIFIED.,.F.,.F.,(4,3,4),(-0.281751374332839,-0.149132750008519,
0.),.UNSPECIFIED.);
#180=B_SPLINE_CURVE_WITH_KNOTS('',3,(#7757,#7758,#7759,#7760,#7761,#7762,
#7763),.UNSPECIFIED.,.F.,.F.,(4,3,4),(-0.267510621869416,-0.130672490442426,
0.),.UNSPECIFIED.);
#181=B_SPLINE_CURVE_WITH_KNOTS('',3,(#7765,#7766,#7767,#7768,#7769,#7770,
#7771),.UNSPECIFIED.,.F.,.F.,(4,3,4),(-0.444466752735811,-0.158618455523852,
0.),.UNSPECIFIED.);
#182=B_SPLINE_CURVE_WITH_KNOTS('',3,(#7779,#7780,#7781,#7782,#7783,#7784),
 .UNSPECIFIED.,.F.,.F.,(4,2,4),(-0.551339262148032,-0.259032987817194,0.),
 .UNSPECIFIED.);
#183=B_SPLINE_CURVE_WITH_KNOTS('',3,(#7786,#7787,#7788,#7789,#7790,#7791,
#7792),.UNSPECIFIED.,.F.,.F.,(4,3,4),(-0.26265837846996,-0.141194600516208,
0.),.UNSPECIFIED.);
#184=B_SPLINE_CURVE_WITH_KNOTS('',3,(#7794,#7795,#7796,#7797,#7798,#7799,
#7800),.UNSPECIFIED.,.F.,.F.,(4,3,4),(-0.266272291510424,-0.126421156056776,
0.),.UNSPECIFIED.);
#185=B_SPLINE_CURVE_WITH_KNOTS('',3,(#7802,#7803,#7804,#7805,#7806,#7807,
#7808),.UNSPECIFIED.,.F.,.F.,(4,3,4),(-0.264379773082173,-0.137078359026953,
0.),.UNSPECIFIED.);
#186=B_SPLINE_CURVE_WITH_KNOTS('',3,(#7810,#7811,#7812,#7813,#7814,#7815,
#7816),.UNSPECIFIED.,.F.,.F.,(4,3,4),(-0.298085977436668,-0.139773853283967,
0.),.UNSPECIFIED.);
#187=B_SPLINE_CURVE_WITH_KNOTS('',3,(#7818,#7819,#7820,#7821,#7822,#7823,
#7824),.UNSPECIFIED.,.F.,.F.,(4,3,4),(-0.464285105636883,-0.161548381925883,
0.),.UNSPECIFIED.);
#188=B_SPLINE_CURVE_WITH_KNOTS('',3,(#7841,#7842,#7843,#7844,#7845),
 .UNSPECIFIED.,.F.,.F.,(4,1,4),(0.,0.123879183381695,0.257272479140342),
 .UNSPECIFIED.);
#189=B_SPLINE_CURVE_WITH_KNOTS('',3,(#7859,#7860,#7861,#7862,#7863),
 .UNSPECIFIED.,.F.,.F.,(4,1,4),(0.,0.127345628554133,0.242462188232878),
 .UNSPECIFIED.);
#190=B_SPLINE_CURVE_WITH_KNOTS('',3,(#7876,#7877,#7878,#7879,#7880),
 .UNSPECIFIED.,.F.,.F.,(4,1,4),(0.,0.11807696219818,0.255334585735027),
 .UNSPECIFIED.);
#191=B_SPLINE_CURVE_WITH_KNOTS('',3,(#7893,#7894,#7895,#7896,#7897),
 .UNSPECIFIED.,.F.,.F.,(4,1,4),(0.,0.174623390397232,0.517913713077988),
 .UNSPECIFIED.);
#192=B_SPLINE_CURVE_WITH_KNOTS('',3,(#7915,#7916,#7917,#7918,#7919),
 .UNSPECIFIED.,.F.,.F.,(4,1,4),(0.,0.129259634904143,0.274615122616111),
 .UNSPECIFIED.);
#193=B_SPLINE_CURVE_WITH_KNOTS('',3,(#7933,#7934,#7935,#7936,#7937),
 .UNSPECIFIED.,.F.,.F.,(4,1,4),(0.,0.125898787550972,0.241242793373557),
 .UNSPECIFIED.);
#194=B_SPLINE_CURVE_WITH_KNOTS('',3,(#7950,#7951,#7952,#7953,#7954),
 .UNSPECIFIED.,.F.,.F.,(4,1,4),(0.,0.114316176763203,0.237637201255501),
 .UNSPECIFIED.);
#195=B_SPLINE_CURVE_WITH_KNOTS('',3,(#7967,#7968,#7969,#7970,#7971),
 .UNSPECIFIED.,.F.,.F.,(4,1,4),(0.,0.198069696574071,0.53896207513501),
 .UNSPECIFIED.);
#196=B_SPLINE_CURVE_WITH_KNOTS('',3,(#7989,#7990,#7991,#7992,#7993),
 .UNSPECIFIED.,.F.,.F.,(4,1,4),(0.,0.265438290899706,0.508401035117291),
 .UNSPECIFIED.);
#197=B_SPLINE_CURVE_WITH_KNOTS('',3,(#8007,#8008,#8009,#8010,#8011),
 .UNSPECIFIED.,.F.,.F.,(4,1,4),(0.,0.23662993319671,0.482413884845016),
 .UNSPECIFIED.);
#198=B_SPLINE_CURVE_WITH_KNOTS('',3,(#8024,#8025,#8026,#8027,#8028),
 .UNSPECIFIED.,.F.,.F.,(4,1,4),(0.,0.203505870730871,0.41326431966151),
 .UNSPECIFIED.);
#199=B_SPLINE_CURVE_WITH_KNOTS('',3,(#8041,#8042,#8043,#8044,#8045),
 .UNSPECIFIED.,.F.,.F.,(4,1,4),(0.,0.206472800264054,0.407072429738376),
 .UNSPECIFIED.);
#200=B_SPLINE_CURVE_WITH_KNOTS('',3,(#8058,#8059,#8060,#8061,#8062),
 .UNSPECIFIED.,.F.,.F.,(4,1,4),(0.,0.205228988365901,0.432518605610201),
 .UNSPECIFIED.);
#201=B_SPLINE_CURVE_WITH_KNOTS('',3,(#8075,#8076,#8077,#8078,#8079),
 .UNSPECIFIED.,.F.,.F.,(4,1,4),(0.,0.258699240669477,0.730955857458498),
 .UNSPECIFIED.);
#202=B_SPLINE_CURVE_WITH_KNOTS('',3,(#8108,#8109,#8110,#8111,#8112),
 .UNSPECIFIED.,.F.,.F.,(4,1,4),(0.,0.287016822521159,0.440176646329204),
 .UNSPECIFIED.);
#203=B_SPLINE_CURVE_WITH_KNOTS('',3,(#8123,#8124,#8125,#8126,#8127),
 .UNSPECIFIED.,.F.,.F.,(4,1,4),(0.,0.143193710015063,0.269619507925063),
 .UNSPECIFIED.);
#204=B_SPLINE_CURVE_WITH_KNOTS('',3,(#8148,#8149,#8150,#8151,#8152),
 .UNSPECIFIED.,.F.,.F.,(4,1,4),(0.,0.2676043870962,0.416099218048897),
 .UNSPECIFIED.);
#205=B_SPLINE_CURVE_WITH_KNOTS('',3,(#8163,#8164,#8165,#8166,#8167),
 .UNSPECIFIED.,.F.,.F.,(4,1,4),(0.,0.129267979056137,0.252711412414751),
 .UNSPECIFIED.);
#206=B_SPLINE_CURVE_WITH_KNOTS('',3,(#8184,#8185,#8186,#8187,#8188),
 .UNSPECIFIED.,.F.,.F.,(4,1,4),(0.,0.310634049987959,0.531312988925765),
 .UNSPECIFIED.);
#207=B_SPLINE_CURVE_WITH_KNOTS('',3,(#8201,#8202,#8203,#8204,#8205),
 .UNSPECIFIED.,.F.,.F.,(4,1,4),(0.,0.172256545475693,0.338405232202942),
 .UNSPECIFIED.);
#208=B_SPLINE_CURVE_WITH_KNOTS('',3,(#8218,#8219,#8220,#8221,#8222),
 .UNSPECIFIED.,.F.,.F.,(4,1,4),(0.,0.168303202597557,0.343996216138757),
 .UNSPECIFIED.);
#209=B_SPLINE_CURVE_WITH_KNOTS('',3,(#8235,#8236,#8237,#8238,#8239),
 .UNSPECIFIED.,.F.,.F.,(4,1,4),(0.,0.179098311308416,0.365213826817288),
 .UNSPECIFIED.);
#210=B_SPLINE_CURVE_WITH_KNOTS('',3,(#8252,#8253,#8254,#8255,#8256),
 .UNSPECIFIED.,.F.,.F.,(4,1,4),(0.,0.204101337600548,0.407807516998511),
 .UNSPECIFIED.);
#211=B_SPLINE_CURVE_WITH_KNOTS('',3,(#8267,#8268,#8269,#8270,#8271),
 .UNSPECIFIED.,.F.,.F.,(4,1,4),(0.,0.203484686933962,0.409286708541964),
 .UNSPECIFIED.);
#212=B_SPLINE_CURVE_WITH_KNOTS('',3,(#8293,#8294,#8295,#8296,#8297),
 .UNSPECIFIED.,.F.,.F.,(4,1,4),(0.,0.184873248958824,0.323198122854792),
 .UNSPECIFIED.);
#213=B_SPLINE_CURVE_WITH_KNOTS('',3,(#8299,#8300,#8301,#8302,#8303),
 .UNSPECIFIED.,.F.,.F.,(4,1,4),(-0.323198122854792,-0.184873248958824,0.),
 .UNSPECIFIED.);
#214=B_SPLINE_CURVE_WITH_KNOTS('',3,(#8316,#8317,#8318,#8319,#8320),
 .UNSPECIFIED.,.F.,.F.,(4,1,4),(0.,0.10444722284674,0.210968095431616),
 .UNSPECIFIED.);
#215=B_SPLINE_CURVE_WITH_KNOTS('',3,(#8322,#8323,#8324,#8325,#8326),
 .UNSPECIFIED.,.F.,.F.,(4,1,4),(-0.210968095431616,-0.10444722284674,0.),
 .UNSPECIFIED.);
#216=B_SPLINE_CURVE_WITH_KNOTS('',3,(#8339,#8340,#8341,#8342,#8343),
 .UNSPECIFIED.,.F.,.F.,(4,1,4),(0.,0.112918665902587,0.240771000045947),
 .UNSPECIFIED.);
#217=B_SPLINE_CURVE_WITH_KNOTS('',3,(#8345,#8346,#8347,#8348,#8349),
 .UNSPECIFIED.,.F.,.F.,(4,1,4),(-0.240771000045947,-0.112918665902587,0.),
 .UNSPECIFIED.);
#218=B_SPLINE_CURVE_WITH_KNOTS('',3,(#8362,#8363,#8364,#8365,#8366),
 .UNSPECIFIED.,.F.,.F.,(4,1,4),(0.,0.123502594193407,0.229792718786815),
 .UNSPECIFIED.);
#219=B_SPLINE_CURVE_WITH_KNOTS('',3,(#8368,#8369,#8370,#8371,#8372),
 .UNSPECIFIED.,.F.,.F.,(4,1,4),(-0.229792718786815,-0.123502594193407,0.),
 .UNSPECIFIED.);
#220=B_SPLINE_CURVE_WITH_KNOTS('',3,(#8385,#8386,#8387,#8388,#8389),
 .UNSPECIFIED.,.F.,.F.,(4,1,4),(0.,0.0935606714274144,0.180183777855909),
 .UNSPECIFIED.);
#221=B_SPLINE_CURVE_WITH_KNOTS('',3,(#8391,#8392,#8393,#8394,#8395),
 .UNSPECIFIED.,.F.,.F.,(4,1,4),(-0.180183777855909,-0.0935606714274144,
0.),.UNSPECIFIED.);
#222=B_SPLINE_CURVE_WITH_KNOTS('',3,(#8408,#8409,#8410,#8411,#8412),
 .UNSPECIFIED.,.F.,.F.,(4,1,4),(0.,0.122137679689787,0.293304701617786),
 .UNSPECIFIED.);
#223=B_SPLINE_CURVE_WITH_KNOTS('',3,(#8414,#8415,#8416,#8417,#8418),
 .UNSPECIFIED.,.F.,.F.,(4,1,4),(-0.293304701617786,-0.122137679689787,0.),
 .UNSPECIFIED.);
#224=B_SPLINE_CURVE_WITH_KNOTS('',3,(#8435,#8436,#8437,#8438,#8439),
 .UNSPECIFIED.,.F.,.F.,(4,1,4),(0.,0.205644905871563,0.38551814373038),
 .UNSPECIFIED.);
#225=B_SPLINE_CURVE_WITH_KNOTS('',3,(#8443,#8444,#8445,#8446,#8447),
 .UNSPECIFIED.,.F.,.F.,(4,1,4),(-0.38551814373038,-0.205644905871563,0.),
 .UNSPECIFIED.);
#226=B_SPLINE_CURVE_WITH_KNOTS('',3,(#8460,#8461,#8462,#8463,#8464),
 .UNSPECIFIED.,.F.,.F.,(4,1,4),(0.,0.160625449402183,0.308483879869237),
 .UNSPECIFIED.);
#227=B_SPLINE_CURVE_WITH_KNOTS('',3,(#8466,#8467,#8468,#8469,#8470),
 .UNSPECIFIED.,.F.,.F.,(4,1,4),(-0.308483879869237,-0.160625449402183,0.),
 .UNSPECIFIED.);
#228=B_SPLINE_CURVE_WITH_KNOTS('',3,(#8483,#8484,#8485,#8486,#8487),
 .UNSPECIFIED.,.F.,.F.,(4,1,4),(0.,0.172007256239511,0.335040920993642),
 .UNSPECIFIED.);
#229=B_SPLINE_CURVE_WITH_KNOTS('',3,(#8489,#8490,#8491,#8492,#8493),
 .UNSPECIFIED.,.F.,.F.,(4,1,4),(-0.335040920993642,-0.172007256239511,0.),
 .UNSPECIFIED.);
#230=B_SPLINE_CURVE_WITH_KNOTS('',3,(#8506,#8507,#8508,#8509,#8510),
 .UNSPECIFIED.,.F.,.F.,(4,1,4),(0.,0.167847746014594,0.35431657147068),
 .UNSPECIFIED.);
#231=B_SPLINE_CURVE_WITH_KNOTS('',3,(#8512,#8513,#8514,#8515,#8516),
 .UNSPECIFIED.,.F.,.F.,(4,1,4),(-0.35431657147068,-0.167847746014594,0.),
 .UNSPECIFIED.);
#232=B_SPLINE_CURVE_WITH_KNOTS('',3,(#8529,#8530,#8531,#8532,#8533),
 .UNSPECIFIED.,.F.,.F.,(4,1,4),(0.,0.133169465519092,0.266660425332552),
 .UNSPECIFIED.);
#233=B_SPLINE_CURVE_WITH_KNOTS('',3,(#8535,#8536,#8537,#8538,#8539),
 .UNSPECIFIED.,.F.,.F.,(4,1,4),(-0.266660425332552,-0.133169465519092,0.),
 .UNSPECIFIED.);
#234=B_SPLINE_CURVE_WITH_KNOTS('',3,(#8552,#8553,#8554,#8555,#8556),
 .UNSPECIFIED.,.F.,.F.,(4,1,4),(0.,0.148336181000984,0.3249408543985),
 .UNSPECIFIED.);
#235=B_SPLINE_CURVE_WITH_KNOTS('',3,(#8558,#8559,#8560,#8561,#8562),
 .UNSPECIFIED.,.F.,.F.,(4,1,4),(-0.3249408543985,-0.148336181000984,0.),
 .UNSPECIFIED.);
#236=B_SPLINE_CURVE_WITH_KNOTS('',3,(#8587,#8588,#8589,#8590,#8591),
 .UNSPECIFIED.,.F.,.F.,(4,1,4),(0.,0.291296111091321,0.601149244835963),
 .UNSPECIFIED.);
#237=B_SPLINE_CURVE_WITH_KNOTS('',3,(#8593,#8594,#8595,#8596,#8597),
 .UNSPECIFIED.,.F.,.F.,(4,1,4),(-0.601149244835963,-0.291296111091321,0.),
 .UNSPECIFIED.);
#238=B_SPLINE_CURVE_WITH_KNOTS('',3,(#8610,#8611,#8612,#8613,#8614),
 .UNSPECIFIED.,.F.,.F.,(4,1,4),(0.,0.235541314878028,0.457928024724203),
 .UNSPECIFIED.);
#239=B_SPLINE_CURVE_WITH_KNOTS('',3,(#8616,#8617,#8618,#8619,#8620),
 .UNSPECIFIED.,.F.,.F.,(4,1,4),(-0.457928024724203,-0.235541314878028,0.),
 .UNSPECIFIED.);
#240=B_SPLINE_CURVE_WITH_KNOTS('',3,(#8633,#8634,#8635,#8636,#8637),
 .UNSPECIFIED.,.F.,.F.,(4,1,4),(0.,0.231544612579258,0.49522269042681),
 .UNSPECIFIED.);
#241=B_SPLINE_CURVE_WITH_KNOTS('',3,(#8639,#8640,#8641,#8642,#8643),
 .UNSPECIFIED.,.F.,.F.,(4,1,4),(-0.49522269042681,-0.231544612579258,0.),
 .UNSPECIFIED.);
#242=B_SPLINE_CURVE_WITH_KNOTS('',3,(#8656,#8657,#8658,#8659,#8660),
 .UNSPECIFIED.,.F.,.F.,(4,1,4),(0.,0.497411845919711,0.921385526923766),
 .UNSPECIFIED.);
#243=B_SPLINE_CURVE_WITH_KNOTS('',3,(#8662,#8663,#8664,#8665,#8666),
 .UNSPECIFIED.,.F.,.F.,(4,1,4),(-0.921385526923766,-0.497411845919711,0.),
 .UNSPECIFIED.);
#244=B_SPLINE_CURVE_WITH_KNOTS('',3,(#8679,#8680,#8681,#8682,#8683),
 .UNSPECIFIED.,.F.,.F.,(4,1,4),(0.,0.309160118060765,0.612905624184949),
 .UNSPECIFIED.);
#245=B_SPLINE_CURVE_WITH_KNOTS('',3,(#8685,#8686,#8687,#8688,#8689),
 .UNSPECIFIED.,.F.,.F.,(4,1,4),(-0.612905624184949,-0.309160118060765,0.),
 .UNSPECIFIED.);
#246=B_SPLINE_CURVE_WITH_KNOTS('',3,(#8702,#8703,#8704,#8705,#8706),
 .UNSPECIFIED.,.F.,.F.,(4,1,4),(0.,0.27705709041065,0.553050248742739),
 .UNSPECIFIED.);
#247=B_SPLINE_CURVE_WITH_KNOTS('',3,(#8708,#8709,#8710,#8711,#8712),
 .UNSPECIFIED.,.F.,.F.,(4,1,4),(-0.553050248742739,-0.27705709041065,0.),
 .UNSPECIFIED.);
#248=B_SPLINE_CURVE_WITH_KNOTS('',3,(#8725,#8726,#8727,#8728,#8729),
 .UNSPECIFIED.,.F.,.F.,(4,1,4),(0.,0.30423592803849,0.656186404366554),
 .UNSPECIFIED.);
#249=B_SPLINE_CURVE_WITH_KNOTS('',3,(#8731,#8732,#8733,#8734,#8735),
 .UNSPECIFIED.,.F.,.F.,(4,1,4),(-0.656186404366554,-0.30423592803849,0.),
 .UNSPECIFIED.);
#250=B_SPLINE_CURVE_WITH_KNOTS('',3,(#8748,#8749,#8750,#8751,#8752),
 .UNSPECIFIED.,.F.,.F.,(4,1,4),(0.,0.222751982644529,0.41686321910363),
 .UNSPECIFIED.);
#251=B_SPLINE_CURVE_WITH_KNOTS('',3,(#8754,#8755,#8756,#8757,#8758),
 .UNSPECIFIED.,.F.,.F.,(4,1,4),(-0.41686321910363,-0.222751982644529,0.),
 .UNSPECIFIED.);
#252=B_SPLINE_CURVE_WITH_KNOTS('',3,(#8771,#8772,#8773,#8774,#8775),
 .UNSPECIFIED.,.F.,.F.,(4,1,4),(0.,0.17138170238216,0.32456449125642),
 .UNSPECIFIED.);
#253=B_SPLINE_CURVE_WITH_KNOTS('',3,(#8777,#8778,#8779,#8780,#8781),
 .UNSPECIFIED.,.F.,.F.,(4,1,4),(-0.32456449125642,-0.17138170238216,0.),
 .UNSPECIFIED.);
#254=B_SPLINE_CURVE_WITH_KNOTS('',3,(#8794,#8795,#8796,#8797,#8798),
 .UNSPECIFIED.,.F.,.F.,(4,1,4),(0.,0.256980875324011,0.522027505456606),
 .UNSPECIFIED.);
#255=B_SPLINE_CURVE_WITH_KNOTS('',3,(#8800,#8801,#8802,#8803,#8804),
 .UNSPECIFIED.,.F.,.F.,(4,1,4),(-0.522027505456606,-0.256980875324011,0.),
 .UNSPECIFIED.);
#256=B_SPLINE_CURVE_WITH_KNOTS('',3,(#8817,#8818,#8819,#8820,#8821),
 .UNSPECIFIED.,.F.,.F.,(4,1,4),(0.,0.301001833420359,0.66125132914009),
 .UNSPECIFIED.);
#257=B_SPLINE_CURVE_WITH_KNOTS('',3,(#8823,#8824,#8825,#8826,#8827),
 .UNSPECIFIED.,.F.,.F.,(4,1,4),(-0.66125132914009,-0.301001833420359,0.),
 .UNSPECIFIED.);
#258=B_SPLINE_CURVE_WITH_KNOTS('',3,(#8840,#8841,#8842,#8843,#8844),
 .UNSPECIFIED.,.F.,.F.,(4,1,4),(0.,0.349888659267365,0.65073194243146),
 .UNSPECIFIED.);
#259=B_SPLINE_CURVE_WITH_KNOTS('',3,(#8846,#8847,#8848,#8849,#8850),
 .UNSPECIFIED.,.F.,.F.,(4,1,4),(-0.65073194243146,-0.349888659267365,0.),
 .UNSPECIFIED.);
#260=B_SPLINE_CURVE_WITH_KNOTS('',3,(#8863,#8864,#8865,#8866,#8867),
 .UNSPECIFIED.,.F.,.F.,(4,1,4),(0.,0.274932879081765,0.545033543615429),
 .UNSPECIFIED.);
#261=B_SPLINE_CURVE_WITH_KNOTS('',3,(#8869,#8870,#8871,#8872,#8873),
 .UNSPECIFIED.,.F.,.F.,(4,1,4),(-0.545033543615429,-0.274932879081765,0.),
 .UNSPECIFIED.);
#262=B_SPLINE_CURVE_WITH_KNOTS('',3,(#8886,#8887,#8888,#8889,#8890),
 .UNSPECIFIED.,.F.,.F.,(4,1,4),(0.,0.17958252190274,0.366523533644865),
 .UNSPECIFIED.);
#263=B_SPLINE_CURVE_WITH_KNOTS('',3,(#8892,#8893,#8894,#8895,#8896),
 .UNSPECIFIED.,.F.,.F.,(4,1,4),(-0.366523533644865,-0.17958252190274,0.),
 .UNSPECIFIED.);
#264=B_SPLINE_CURVE_WITH_KNOTS('',3,(#8909,#8910,#8911,#8912,#8913),
 .UNSPECIFIED.,.F.,.F.,(4,1,4),(0.,0.239239275195889,0.576266425867369),
 .UNSPECIFIED.);
#265=B_SPLINE_CURVE_WITH_KNOTS('',3,(#8915,#8916,#8917,#8918,#8919),
 .UNSPECIFIED.,.F.,.F.,(4,1,4),(-0.576266425867369,-0.239239275195889,0.),
 .UNSPECIFIED.);
#266=B_SPLINE_CURVE_WITH_KNOTS('',3,(#8938,#8939,#8940,#8941,#8942),
 .UNSPECIFIED.,.F.,.F.,(4,1,4),(0.,0.165761514542729,0.365300222614884),
 .UNSPECIFIED.);
#267=B_SPLINE_CURVE_WITH_KNOTS('',3,(#8944,#8945,#8946,#8947,#8948),
 .UNSPECIFIED.,.F.,.F.,(4,1,4),(-0.365300222614884,-0.165761514542729,0.),
 .UNSPECIFIED.);
#268=B_SPLINE_CURVE_WITH_KNOTS('',3,(#8967,#8968,#8969,#8970,#8971),
 .UNSPECIFIED.,.F.,.F.,(4,1,4),(0.,0.250205501713617,0.427324360262483),
 .UNSPECIFIED.);
#269=B_SPLINE_CURVE_WITH_KNOTS('',3,(#8973,#8974,#8975,#8976,#8977),
 .UNSPECIFIED.,.F.,.F.,(4,1,4),(-0.427324360262483,-0.250205501713617,0.),
 .UNSPECIFIED.);
#270=B_SPLINE_CURVE_WITH_KNOTS('',3,(#8990,#8991,#8992,#8993,#8994),
 .UNSPECIFIED.,.F.,.F.,(4,1,4),(0.,0.130872681908286,0.246090143899123),
 .UNSPECIFIED.);
#271=B_SPLINE_CURVE_WITH_KNOTS('',3,(#8996,#8997,#8998,#8999,#9000),
 .UNSPECIFIED.,.F.,.F.,(4,1,4),(-0.246090143899123,-0.130872681908286,0.),
 .UNSPECIFIED.);
#272=B_SPLINE_CURVE_WITH_KNOTS('',3,(#9013,#9014,#9015,#9016,#9017),
 .UNSPECIFIED.,.F.,.F.,(4,1,4),(0.,0.145107482351151,0.317516582488043),
 .UNSPECIFIED.);
#273=B_SPLINE_CURVE_WITH_KNOTS('',3,(#9019,#9020,#9021,#9022,#9023),
 .UNSPECIFIED.,.F.,.F.,(4,1,4),(-0.317516582488043,-0.145107482351151,0.),
 .UNSPECIFIED.);
#274=B_SPLINE_CURVE_WITH_KNOTS('',3,(#9035,#9036,#9037,#9038,#9039),
 .UNSPECIFIED.,.F.,.F.,(4,1,4),(0.,0.159770178118502,0.265867627150999),
 .UNSPECIFIED.);
#275=B_SPLINE_CURVE_WITH_KNOTS('',3,(#9040,#9041,#9042,#9043,#9044),
 .UNSPECIFIED.,.F.,.F.,(4,1,4),(-0.265867627150999,-0.159770178118502,0.),
 .UNSPECIFIED.);
#276=B_SPLINE_CURVE_WITH_KNOTS('',3,(#9129,#9130,#9131,#9132,#9133),
 .UNSPECIFIED.,.F.,.F.,(4,1,4),(0.,0.354144274597105,0.546452810255704),
 .UNSPECIFIED.);
#277=B_SPLINE_CURVE_WITH_KNOTS('',3,(#9135,#9136,#9137,#9138,#9139),
 .UNSPECIFIED.,.F.,.F.,(4,1,4),(-0.546452810255704,-0.354144274597105,0.),
 .UNSPECIFIED.);
#278=B_SPLINE_CURVE_WITH_KNOTS('',3,(#9152,#9153,#9154,#9155,#9156),
 .UNSPECIFIED.,.F.,.F.,(4,1,4),(0.,0.108917025758993,0.214940946631936),
 .UNSPECIFIED.);
#279=B_SPLINE_CURVE_WITH_KNOTS('',3,(#9158,#9159,#9160,#9161,#9162),
 .UNSPECIFIED.,.F.,.F.,(4,1,4),(-0.214940946631936,-0.108917025758993,0.),
 .UNSPECIFIED.);
#280=B_SPLINE_CURVE_WITH_KNOTS('',3,(#9175,#9176,#9177,#9178,#9179),
 .UNSPECIFIED.,.F.,.F.,(4,1,4),(0.,0.111269535399263,0.236023470863189),
 .UNSPECIFIED.);
#281=B_SPLINE_CURVE_WITH_KNOTS('',3,(#9181,#9182,#9183,#9184,#9185),
 .UNSPECIFIED.,.F.,.F.,(4,1,4),(-0.236023470863189,-0.111269535399263,0.),
 .UNSPECIFIED.);
#282=B_SPLINE_CURVE_WITH_KNOTS('',3,(#9198,#9199,#9200,#9201,#9202),
 .UNSPECIFIED.,.F.,.F.,(4,1,4),(0.,0.138120583607019,0.261415150778582),
 .UNSPECIFIED.);
#283=B_SPLINE_CURVE_WITH_KNOTS('',3,(#9204,#9205,#9206,#9207,#9208),
 .UNSPECIFIED.,.F.,.F.,(4,1,4),(-0.261415150778582,-0.138120583607019,0.),
 .UNSPECIFIED.);
#284=B_SPLINE_CURVE_WITH_KNOTS('',3,(#9221,#9222,#9223,#9224,#9225),
 .UNSPECIFIED.,.F.,.F.,(4,1,4),(0.,0.123443227339589,0.26047939662869),
 .UNSPECIFIED.);
#285=B_SPLINE_CURVE_WITH_KNOTS('',3,(#9227,#9228,#9229,#9230,#9231),
 .UNSPECIFIED.,.F.,.F.,(4,1,4),(-0.26047939662869,-0.123443227339589,0.),
 .UNSPECIFIED.);
#286=B_SPLINE_CURVE_WITH_KNOTS('',3,(#9244,#9245,#9246,#9247,#9248),
 .UNSPECIFIED.,.F.,.F.,(4,1,4),(0.,0.147539291394718,0.44222991614742),
 .UNSPECIFIED.);
#287=B_SPLINE_CURVE_WITH_KNOTS('',3,(#9250,#9251,#9252,#9253,#9254),
 .UNSPECIFIED.,.F.,.F.,(4,1,4),(-0.44222991614742,-0.147539291394718,0.),
 .UNSPECIFIED.);
#288=B_SPLINE_CURVE_WITH_KNOTS('',3,(#9291,#9292,#9293,#9294,#9295),
 .UNSPECIFIED.,.F.,.F.,(4,1,4),(0.,0.415408708591223,0.704905769626992),
 .UNSPECIFIED.);
#289=B_SPLINE_CURVE_WITH_KNOTS('',3,(#9297,#9298,#9299,#9300,#9301),
 .UNSPECIFIED.,.F.,.F.,(4,1,4),(-0.704905769626992,-0.415408708591223,0.),
 .UNSPECIFIED.);
#290=B_SPLINE_CURVE_WITH_KNOTS('',3,(#9314,#9315,#9316,#9317,#9318),
 .UNSPECIFIED.,.F.,.F.,(4,1,4),(0.,0.226348373062475,0.458753236101429),
 .UNSPECIFIED.);
#291=B_SPLINE_CURVE_WITH_KNOTS('',3,(#9320,#9321,#9322,#9323,#9324),
 .UNSPECIFIED.,.F.,.F.,(4,1,4),(-0.458753236101429,-0.226348373062475,0.),
 .UNSPECIFIED.);
#292=B_SPLINE_CURVE_WITH_KNOTS('',3,(#9337,#9338,#9339,#9340,#9341),
 .UNSPECIFIED.,.F.,.F.,(4,1,4),(0.,0.242322243450705,0.495640908536516),
 .UNSPECIFIED.);
#293=B_SPLINE_CURVE_WITH_KNOTS('',3,(#9343,#9344,#9345,#9346,#9347),
 .UNSPECIFIED.,.F.,.F.,(4,1,4),(-0.495640908536516,-0.242322243450705,0.),
 .UNSPECIFIED.);
#294=B_SPLINE_CURVE_WITH_KNOTS('',3,(#9360,#9361,#9362,#9363,#9364),
 .UNSPECIFIED.,.F.,.F.,(4,1,4),(0.,0.312458446389408,0.603575047491635),
 .UNSPECIFIED.);
#295=B_SPLINE_CURVE_WITH_KNOTS('',3,(#9366,#9367,#9368,#9369,#9370),
 .UNSPECIFIED.,.F.,.F.,(4,1,4),(-0.603575047491635,-0.312458446389408,0.),
 .UNSPECIFIED.);
#296=B_SPLINE_CURVE_WITH_KNOTS('',3,(#9383,#9384,#9385,#9386,#9387),
 .UNSPECIFIED.,.F.,.F.,(4,1,4),(0.,0.305272098273675,0.664650495105499),
 .UNSPECIFIED.);
#297=B_SPLINE_CURVE_WITH_KNOTS('',3,(#9389,#9390,#9391,#9392,#9393),
 .UNSPECIFIED.,.F.,.F.,(4,1,4),(-0.664650495105499,-0.305272098273675,0.),
 .UNSPECIFIED.);
#298=B_SPLINE_CURVE_WITH_KNOTS('',3,(#9406,#9407,#9408,#9409,#9410),
 .UNSPECIFIED.,.F.,.F.,(4,1,4),(0.,0.215675825134605,0.410870427447591),
 .UNSPECIFIED.);
#299=B_SPLINE_CURVE_WITH_KNOTS('',3,(#9412,#9413,#9414,#9415,#9416),
 .UNSPECIFIED.,.F.,.F.,(4,1,4),(-0.410870427447591,-0.215675825134605,0.),
 .UNSPECIFIED.);
#300=B_SPLINE_CURVE_WITH_KNOTS('',3,(#9429,#9430,#9431,#9432,#9433),
 .UNSPECIFIED.,.F.,.F.,(4,1,4),(0.,0.242891862690046,0.59791194395984),
 .UNSPECIFIED.);
#301=B_SPLINE_CURVE_WITH_KNOTS('',3,(#9435,#9436,#9437,#9438,#9439),
 .UNSPECIFIED.,.F.,.F.,(4,1,4),(-0.59791194395984,-0.242891862690046,0.),
 .UNSPECIFIED.);
#302=B_SPLINE_CURVE_WITH_KNOTS('',3,(#9470,#9471,#9472,#9473,#9474),
 .UNSPECIFIED.,.F.,.F.,(4,1,4),(0.,0.34611472187161,0.54386434755231),
 .UNSPECIFIED.);
#303=B_SPLINE_CURVE_WITH_KNOTS('',3,(#9476,#9477,#9478,#9479,#9480),
 .UNSPECIFIED.,.F.,.F.,(4,1,4),(-0.54386434755231,-0.34611472187161,0.),
 .UNSPECIFIED.);
#304=B_SPLINE_CURVE_WITH_KNOTS('',3,(#9493,#9494,#9495,#9496,#9497),
 .UNSPECIFIED.,.F.,.F.,(4,1,4),(0.,0.117477830349713,0.222496108568442),
 .UNSPECIFIED.);
#305=B_SPLINE_CURVE_WITH_KNOTS('',3,(#9499,#9500,#9501,#9502,#9503),
 .UNSPECIFIED.,.F.,.F.,(4,1,4),(-0.222496108568442,-0.117477830349713,0.),
 .UNSPECIFIED.);
#306=B_SPLINE_CURVE_WITH_KNOTS('',3,(#9516,#9517,#9518,#9519,#9520),
 .UNSPECIFIED.,.F.,.F.,(4,1,4),(0.,0.127026352659672,0.307829138116818),
 .UNSPECIFIED.);
#307=B_SPLINE_CURVE_WITH_KNOTS('',3,(#9522,#9523,#9524,#9525,#9526),
 .UNSPECIFIED.,.F.,.F.,(4,1,4),(-0.307829138116818,-0.127026352659672,0.),
 .UNSPECIFIED.);
#308=B_SPLINE_SURFACE_WITH_KNOTS('',3,1,((#6052,#6053),(#6054,#6055),(#6056,
#6057),(#6058,#6059),(#6060,#6061)),.UNSPECIFIED.,.F.,.F.,.F.,(4,1,4),(2,
2),(-0.493144355069589,-0.269577145261002,0.),(0.,0.5),.UNSPECIFIED.);
#309=B_SPLINE_SURFACE_WITH_KNOTS('',3,1,((#6075,#6076),(#6077,#6078),(#6079,
#6080),(#6081,#6082),(#6083,#6084)),.UNSPECIFIED.,.F.,.F.,.F.,(4,1,4),(2,
2),(-0.468950853512031,-0.21840078333855,0.),(0.,0.5),.UNSPECIFIED.);
#310=B_SPLINE_SURFACE_WITH_KNOTS('',3,1,((#6098,#6099),(#6100,#6101),(#6102,
#6103),(#6104,#6105),(#6106,#6107)),.UNSPECIFIED.,.F.,.F.,.F.,(4,1,4),(2,
2),(-0.463596489428688,-0.258141025643781,0.),(0.,0.5),.UNSPECIFIED.);
#311=B_SPLINE_SURFACE_WITH_KNOTS('',3,1,((#6121,#6122),(#6123,#6124),(#6125,
#6126),(#6127,#6128),(#6129,#6130)),.UNSPECIFIED.,.F.,.F.,.F.,(4,1,4),(2,
2),(-0.335430246013695,-0.175483542830352,0.),(0.,0.5),.UNSPECIFIED.);
#312=B_SPLINE_SURFACE_WITH_KNOTS('',3,1,((#6144,#6145),(#6146,#6147),(#6148,
#6149),(#6150,#6151),(#6152,#6153)),.UNSPECIFIED.,.F.,.F.,.F.,(4,1,4),(2,
2),(-0.194177463900873,-0.0994988867090636,0.),(0.,0.5),.UNSPECIFIED.);
#313=B_SPLINE_SURFACE_WITH_KNOTS('',3,1,((#6167,#6168),(#6169,#6170),(#6171,
#6172),(#6173,#6174),(#6175,#6176)),.UNSPECIFIED.,.F.,.F.,.F.,(4,1,4),(2,
2),(-0.25558055296365,-0.110438077408067,0.),(0.,0.5),.UNSPECIFIED.);
#314=B_SPLINE_SURFACE_WITH_KNOTS('',3,1,((#6190,#6191),(#6192,#6193),(#6194,
#6195),(#6196,#6197),(#6198,#6199)),.UNSPECIFIED.,.F.,.F.,.F.,(4,1,4),(2,
2),(-0.502431238240426,-0.181800407400728,0.),(0.,0.5),.UNSPECIFIED.);
#315=B_SPLINE_SURFACE_WITH_KNOTS('',3,1,((#6213,#6214),(#6215,#6216),(#6217,
#6218),(#6219,#6220),(#6221,#6222)),.UNSPECIFIED.,.F.,.F.,.F.,(4,1,4),(2,
2),(-0.749879828038638,-0.435688787923933,0.),(0.,0.5),.UNSPECIFIED.);
#316=B_SPLINE_SURFACE_WITH_KNOTS('',3,1,((#6236,#6237),(#6238,#6239),(#6240,
#6241),(#6242,#6243),(#6244,#6245)),.UNSPECIFIED.,.F.,.F.,.F.,(4,1,4),(2,
2),(-0.680229597194086,-0.344101232328033,0.),(0.,0.5),.UNSPECIFIED.);
#317=B_SPLINE_SURFACE_WITH_KNOTS('',3,1,((#6259,#6260),(#6261,#6262),(#6263,
#6264),(#6265,#6266),(#6267,#6268)),.UNSPECIFIED.,.F.,.F.,.F.,(4,1,4),(2,
2),(-0.451574386909355,-0.22385382564321,0.),(0.,0.5),.UNSPECIFIED.);
#318=B_SPLINE_SURFACE_WITH_KNOTS('',3,1,((#6282,#6283),(#6284,#6285),(#6286,
#6287),(#6288,#6289),(#6290,#6291)),.UNSPECIFIED.,.F.,.F.,.F.,(4,1,4),(2,
2),(-0.488383775107614,-0.237627786867445,0.),(0.,0.5),.UNSPECIFIED.);
#319=B_SPLINE_SURFACE_WITH_KNOTS('',3,1,((#6305,#6306),(#6307,#6308),(#6309,
#6310),(#6311,#6312),(#6313,#6314)),.UNSPECIFIED.,.F.,.F.,.F.,(4,1,4),(2,
2),(-0.603557386965222,-0.281725836789303,0.),(0.,0.5),.UNSPECIFIED.);
#320=B_SPLINE_SURFACE_WITH_KNOTS('',3,1,((#6328,#6329),(#6330,#6331),(#6332,
#6333),(#6334,#6335),(#6336,#6337)),.UNSPECIFIED.,.F.,.F.,.F.,(4,1,4),(2,
2),(-0.898800487495856,-0.498570744521724,0.),(0.,0.5),.UNSPECIFIED.);
#321=B_SPLINE_SURFACE_WITH_KNOTS('',3,1,((#6351,#6352),(#6353,#6354),(#6355,
#6356),(#6357,#6358),(#6359,#6360)),.UNSPECIFIED.,.F.,.F.,.F.,(4,1,4),(2,
2),(-0.743256938805749,-0.362315333518572,0.),(0.,0.5),.UNSPECIFIED.);
#322=B_SPLINE_SURFACE_WITH_KNOTS('',3,1,((#6380,#6381),(#6382,#6383),(#6384,
#6385),(#6386,#6387),(#6388,#6389)),.UNSPECIFIED.,.F.,.F.,.F.,(4,1,4),(2,
2),(-0.378117856818271,-0.207776058122839,0.),(0.,0.5),.UNSPECIFIED.);
#323=B_SPLINE_SURFACE_WITH_KNOTS('',3,1,((#6403,#6404),(#6405,#6406),(#6407,
#6408),(#6409,#6410),(#6411,#6412)),.UNSPECIFIED.,.F.,.F.,.F.,(4,1,4),(2,
2),(-0.401673241554644,-0.176646663993621,0.),(0.,0.5),.UNSPECIFIED.);
#324=B_SPLINE_SURFACE_WITH_KNOTS('',3,1,((#6426,#6427),(#6428,#6429),(#6430,
#6431),(#6432,#6433),(#6434,#6435)),.UNSPECIFIED.,.F.,.F.,.F.,(4,1,4),(2,
2),(-0.432629763401747,-0.236891285735556,0.),(0.,0.5),.UNSPECIFIED.);
#325=B_SPLINE_SURFACE_WITH_KNOTS('',3,1,((#6449,#6450),(#6451,#6452),(#6453,
#6454),(#6455,#6456),(#6457,#6458)),.UNSPECIFIED.,.F.,.F.,.F.,(4,1,4),(2,
2),(-0.216319063776222,-0.108720311226438,0.),(0.,0.5),.UNSPECIFIED.);
#326=B_SPLINE_SURFACE_WITH_KNOTS('',3,1,((#6472,#6473),(#6474,#6475),(#6476,
#6477),(#6478,#6479),(#6480,#6481)),.UNSPECIFIED.,.F.,.F.,.F.,(4,1,4),(2,
2),(-0.208576867960195,-0.101271571594655,0.),(0.,0.5),.UNSPECIFIED.);
#327=B_SPLINE_SURFACE_WITH_KNOTS('',3,1,((#6495,#6496),(#6497,#6498),(#6499,
#6500),(#6501,#6502),(#6503,#6504)),.UNSPECIFIED.,.F.,.F.,.F.,(4,1,4),(2,
2),(-0.594056106576596,-0.219639530843619,0.),(0.,0.5),.UNSPECIFIED.);
#328=B_SPLINE_SURFACE_WITH_KNOTS('',3,1,((#6518,#6519),(#6520,#6521),(#6522,
#6523),(#6524,#6525),(#6526,#6527)),.UNSPECIFIED.,.F.,.F.,.F.,(4,1,4),(2,
2),(-0.689105601776176,-0.398672590252595,0.),(0.,0.5),.UNSPECIFIED.);
#329=B_SPLINE_SURFACE_WITH_KNOTS('',3,1,((#6541,#6542),(#6543,#6544),(#6545,
#6546),(#6547,#6548),(#6549,#6550)),.UNSPECIFIED.,.F.,.F.,.F.,(4,1,4),(2,
2),(-0.454763192623008,-0.230472141901185,0.),(0.,0.5),.UNSPECIFIED.);
#330=B_SPLINE_SURFACE_WITH_KNOTS('',3,1,((#6564,#6565),(#6566,#6567),(#6568,
#6569),(#6570,#6571),(#6572,#6573)),.UNSPECIFIED.,.F.,.F.,.F.,(4,1,4),(2,
2),(-0.49680534046203,-0.233642670953732,0.),(0.,0.5),.UNSPECIFIED.);
#331=B_SPLINE_SURFACE_WITH_KNOTS('',3,1,((#6587,#6588),(#6589,#6590),(#6591,
#6592),(#6593,#6594),(#6595,#6596)),.UNSPECIFIED.,.F.,.F.,.F.,(4,1,4),(2,
2),(-0.509051859540284,-0.25221430237274,0.),(0.,0.5),.UNSPECIFIED.);
#332=B_SPLINE_SURFACE_WITH_KNOTS('',3,1,((#6610,#6611),(#6612,#6613),(#6614,
#6615),(#6616,#6617),(#6618,#6619)),.UNSPECIFIED.,.F.,.F.,.F.,(4,1,4),(2,
2),(-0.532474903930947,-0.26171448172437,0.),(0.,0.5),.UNSPECIFIED.);
#333=B_SPLINE_SURFACE_WITH_KNOTS('',3,1,((#6633,#6634),(#6635,#6636),(#6637,
#6638),(#6639,#6640),(#6641,#6642)),.UNSPECIFIED.,.F.,.F.,.F.,(4,1,4),(2,
2),(-0.664860712969865,-0.305207928497664,0.),(0.,0.5),.UNSPECIFIED.);
#334=B_SPLINE_SURFACE_WITH_KNOTS('',3,1,((#6656,#6657),(#6658,#6659),(#6660,
#6661),(#6662,#6663),(#6664,#6665)),.UNSPECIFIED.,.F.,.F.,.F.,(4,1,4),(2,
2),(-0.926865580614899,-0.507144719716686,0.),(0.,0.5),.UNSPECIFIED.);
#335=B_SPLINE_SURFACE_WITH_KNOTS('',3,1,((#6679,#6680),(#6681,#6682),(#6683,
#6684),(#6685,#6686),(#6687,#6688)),.UNSPECIFIED.,.F.,.F.,.F.,(4,1,4),(2,
2),(-0.864876783323794,-0.405183923397554,0.),(0.,0.5),.UNSPECIFIED.);
#336=B_SPLINE_SURFACE_WITH_KNOTS('',3,1,((#6710,#6711),(#6712,#6713),(#6714,
#6715),(#6716,#6717),(#6718,#6719)),.UNSPECIFIED.,.F.,.F.,.F.,(4,1,4),(2,
2),(-0.546452695871496,-0.354144632104051,0.),(0.,0.5),.UNSPECIFIED.);
#337=B_SPLINE_SURFACE_WITH_KNOTS('',3,1,((#6733,#6734),(#6735,#6736),(#6737,
#6738),(#6739,#6740),(#6741,#6742)),.UNSPECIFIED.,.F.,.F.,.F.,(4,1,4),(2,
2),(-0.214940900484094,-0.108918295704359,0.),(0.,0.5),.UNSPECIFIED.);
#338=B_SPLINE_SURFACE_WITH_KNOTS('',3,1,((#6756,#6757),(#6758,#6759),(#6760,
#6761),(#6762,#6763),(#6764,#6765)),.UNSPECIFIED.,.F.,.F.,.F.,(4,1,4),(2,
2),(-0.236023985499531,-0.111270226017402,0.),(0.,0.5),.UNSPECIFIED.);
#339=B_SPLINE_SURFACE_WITH_KNOTS('',3,1,((#6779,#6780),(#6781,#6782),(#6783,
#6784),(#6785,#6786),(#6787,#6788)),.UNSPECIFIED.,.F.,.F.,.F.,(4,1,4),(2,
2),(-0.261414438498485,-0.138120583607019,0.),(0.,0.5),.UNSPECIFIED.);
#340=B_SPLINE_SURFACE_WITH_KNOTS('',3,1,((#6802,#6803),(#6804,#6805),(#6806,
#6807),(#6808,#6809),(#6810,#6811)),.UNSPECIFIED.,.F.,.F.,.F.,(4,1,4),(2,
2),(-0.26048063204421,-0.123442760463492,0.),(0.,0.5),.UNSPECIFIED.);
#341=B_SPLINE_SURFACE_WITH_KNOTS('',3,1,((#6825,#6826),(#6827,#6828),(#6829,
#6830),(#6831,#6832),(#6833,#6834)),.UNSPECIFIED.,.F.,.F.,.F.,(4,1,4),(2,
2),(-0.442229318554737,-0.147540481874011,0.),(0.,0.5),.UNSPECIFIED.);
#342=B_SPLINE_SURFACE_WITH_KNOTS('',3,1,((#6872,#6873),(#6874,#6875),(#6876,
#6877),(#6878,#6879),(#6880,#6881)),.UNSPECIFIED.,.F.,.F.,.F.,(4,1,4),(2,
2),(-0.704905521231633,-0.415407994203888,0.),(0.,0.5),.UNSPECIFIED.);
#343=B_SPLINE_SURFACE_WITH_KNOTS('',3,1,((#6895,#6896),(#6897,#6898),(#6899,
#6900),(#6901,#6902),(#6903,#6904)),.UNSPECIFIED.,.F.,.F.,.F.,(4,1,4),(2,
2),(-0.458753382436376,-0.226349617871821,0.),(0.,0.5),.UNSPECIFIED.);
#344=B_SPLINE_SURFACE_WITH_KNOTS('',3,1,((#6918,#6919),(#6920,#6921),(#6922,
#6923),(#6924,#6925),(#6926,#6927)),.UNSPECIFIED.,.F.,.F.,.F.,(4,1,4),(2,
2),(-0.495640846904651,-0.242322243450705,0.),(0.,0.5),.UNSPECIFIED.);
#345=B_SPLINE_SURFACE_WITH_KNOTS('',3,1,((#6941,#6942),(#6943,#6944),(#6945,
#6946),(#6947,#6948),(#6949,#6950)),.UNSPECIFIED.,.F.,.F.,.F.,(4,1,4),(2,
2),(-0.603575123223678,-0.312458522121451,0.),(0.,0.5),.UNSPECIFIED.);
#346=B_SPLINE_SURFACE_WITH_KNOTS('',3,1,((#6964,#6965),(#6966,#6967),(#6968,
#6969),(#6970,#6971),(#6972,#6973)),.UNSPECIFIED.,.F.,.F.,.F.,(4,1,4),(2,
2),(-0.66464945607402,-0.305271518114767,0.),(0.,0.5),.UNSPECIFIED.);
#347=B_SPLINE_SURFACE_WITH_KNOTS('',3,1,((#6987,#6988),(#6989,#6990),(#6991,
#6992),(#6993,#6994),(#6995,#6996)),.UNSPECIFIED.,.F.,.F.,.F.,(4,1,4),(2,
2),(-0.410870029137873,-0.215677012776432,0.),(0.,0.5),.UNSPECIFIED.);
#348=B_SPLINE_SURFACE_WITH_KNOTS('',3,1,((#7010,#7011),(#7012,#7013),(#7014,
#7015),(#7016,#7017),(#7018,#7019)),.UNSPECIFIED.,.F.,.F.,.F.,(4,1,4),(2,
2),(-0.597912729361533,-0.242891862690046,0.),(0.,0.5),.UNSPECIFIED.);
#349=B_SPLINE_SURFACE_WITH_KNOTS('',3,1,((#7051,#7052),(#7053,#7054),(#7055,
#7056),(#7057,#7058),(#7059,#7060)),.UNSPECIFIED.,.F.,.F.,.F.,(4,1,4),(2,
2),(-0.543863696348917,-0.346113774598608,0.),(0.,0.5),.UNSPECIFIED.);
#350=B_SPLINE_SURFACE_WITH_KNOTS('',3,1,((#7074,#7075),(#7076,#7077),(#7078,
#7079),(#7080,#7081),(#7082,#7083)),.UNSPECIFIED.,.F.,.F.,.F.,(4,1,4),(2,
2),(-0.222496663895049,-0.117478279403161,0.),(0.,0.5),.UNSPECIFIED.);
#351=B_SPLINE_SURFACE_WITH_KNOTS('',3,1,((#7097,#7098),(#7099,#7100),(#7101,
#7102),(#7103,#7104),(#7105,#7106)),.UNSPECIFIED.,.F.,.F.,.F.,(4,1,4),(2,
2),(-0.307828438111918,-0.127025652654772,0.),(0.,0.5),.UNSPECIFIED.);
#352=B_SPLINE_SURFACE_WITH_KNOTS('',3,1,((#7146,#7147),(#7148,#7149),(#7150,
#7151),(#7152,#7153),(#7154,#7155)),.UNSPECIFIED.,.F.,.F.,.F.,(4,1,4),(2,
2),(-0.869974713182544,-0.464532234309514,0.),(0.,0.5),.UNSPECIFIED.);
#353=B_SPLINE_SURFACE_WITH_KNOTS('',3,1,((#7169,#7170),(#7171,#7172),(#7173,
#7174),(#7175,#7176),(#7177,#7178)),.UNSPECIFIED.,.F.,.F.,.F.,(4,1,4),(2,
2),(-0.842105600569216,-0.397642763431612,0.),(0.,0.5),.UNSPECIFIED.);
#354=B_SPLINE_SURFACE_WITH_KNOTS('',3,1,((#7192,#7193),(#7194,#7195),(#7196,
#7197),(#7198,#7199),(#7200,#7201)),.UNSPECIFIED.,.F.,.F.,.F.,(4,1,4),(2,
2),(-1.08769021751077,-0.553776976258613,0.),(0.,0.5),.UNSPECIFIED.);
#355=B_SPLINE_SURFACE_WITH_KNOTS('',3,1,((#7215,#7216),(#7217,#7218),(#7219,
#7220),(#7221,#7222),(#7223,#7224)),.UNSPECIFIED.,.F.,.F.,.F.,(4,1,4),(2,
2),(-1.20407285122958,-0.563455549415028,0.),(0.,0.5),.UNSPECIFIED.);
#356=B_SPLINE_SURFACE_WITH_KNOTS('',3,1,((#7238,#7239),(#7240,#7241),(#7242,
#7243),(#7244,#7245),(#7246,#7247)),.UNSPECIFIED.,.F.,.F.,.F.,(4,1,4),(2,
2),(-1.24776017463872,-0.672066972325901,0.),(0.,0.5),.UNSPECIFIED.);
#357=B_SPLINE_SURFACE_WITH_KNOTS('',3,1,((#7261,#7262),(#7263,#7264),(#7265,
#7266),(#7267,#7268),(#7269,#7270)),.UNSPECIFIED.,.F.,.F.,.F.,(4,1,4),(2,
2),(-1.124198250552,-0.545396375228549,0.),(0.,0.5),.UNSPECIFIED.);
#358=B_SPLINE_SURFACE_WITH_KNOTS('',3,1,((#7284,#7285),(#7286,#7287),(#7288,
#7289),(#7290,#7291),(#7292,#7293)),.UNSPECIFIED.,.F.,.F.,.F.,(4,1,4),(2,
2),(-0.97009165810238,-0.505393254032308,0.),(0.,0.5),.UNSPECIFIED.);
#359=B_SPLINE_SURFACE_WITH_KNOTS('',3,1,((#7307,#7308),(#7309,#7310),(#7311,
#7312),(#7313,#7314),(#7315,#7316)),.UNSPECIFIED.,.F.,.F.,.F.,(4,1,4),(2,
2),(-0.637849875245595,-0.294895723229316,0.),(0.,0.5),.UNSPECIFIED.);
#360=B_SPLINE_SURFACE_WITH_KNOTS('',3,1,((#7336,#7337),(#7338,#7339),(#7340,
#7341),(#7342,#7343),(#7344,#7345)),.UNSPECIFIED.,.F.,.F.,.F.,(4,1,4),(2,
2),(-0.437165979966981,-0.224394778356298,0.),(0.,0.5),.UNSPECIFIED.);
#361=B_SPLINE_SURFACE_WITH_KNOTS('',3,1,((#7359,#7360),(#7361,#7362),(#7363,
#7364),(#7365,#7366),(#7367,#7368)),.UNSPECIFIED.,.F.,.F.,.F.,(4,1,4),(2,
2),(-0.43758572159206,-0.211987783738805,0.),(0.,0.5),.UNSPECIFIED.);
#362=B_SPLINE_SURFACE_WITH_KNOTS('',3,1,((#7382,#7383),(#7384,#7385),(#7386,
#7387),(#7388,#7389),(#7390,#7391)),.UNSPECIFIED.,.F.,.F.,.F.,(4,1,4),(2,
2),(-0.607914124481767,-0.308220859549138,0.),(0.,0.5),.UNSPECIFIED.);
#363=B_SPLINE_SURFACE_WITH_KNOTS('',3,1,((#7405,#7406),(#7407,#7408),(#7409,
#7410),(#7411,#7412),(#7413,#7414)),.UNSPECIFIED.,.F.,.F.,.F.,(4,1,4),(2,
2),(-0.814680034378951,-0.349828043938637,0.),(0.,0.5),.UNSPECIFIED.);
#364=B_SPLINE_SURFACE_WITH_KNOTS('',3,1,((#7428,#7429),(#7430,#7431),(#7432,
#7433),(#7434,#7435),(#7436,#7437)),.UNSPECIFIED.,.F.,.F.,.F.,(4,1,4),(2,
2),(-0.847625304024617,-0.489719274290526,0.),(0.,0.5),.UNSPECIFIED.);
#365=B_SPLINE_SURFACE_WITH_KNOTS('',3,1,((#7451,#7452),(#7453,#7454),(#7455,
#7456),(#7457,#7458),(#7459,#7460)),.UNSPECIFIED.,.F.,.F.,.F.,(4,1,4),(2,
2),(-0.599758065414312,-0.296953154550185,0.),(0.,0.5),.UNSPECIFIED.);
#366=B_SPLINE_SURFACE_WITH_KNOTS('',3,1,((#7474,#7475),(#7476,#7477),(#7478,
#7479),(#7480,#7481),(#7482,#7483)),.UNSPECIFIED.,.F.,.F.,.F.,(4,1,4),(2,
2),(-0.450700316432765,-0.227844319669298,0.),(0.,0.5),.UNSPECIFIED.);
#367=B_SPLINE_SURFACE_WITH_KNOTS('',3,1,((#7497,#7498),(#7499,#7500),(#7501,
#7502),(#7503,#7504),(#7505,#7506)),.UNSPECIFIED.,.F.,.F.,.F.,(4,1,4),(2,
2),(-0.55018365670117,-0.247614492269914,0.),(0.,0.5),.UNSPECIFIED.);
#368=B_SPLINE_SURFACE_WITH_KNOTS('',3,1,((#7828,#7829),(#7830,#7831),(#7832,
#7833),(#7834,#7835),(#7836,#7837)),.UNSPECIFIED.,.F.,.F.,.F.,(4,1,4),(2,
2),(-0.257272479140342,-0.123879183381695,0.),(0.,0.5),.UNSPECIFIED.);
#369=B_SPLINE_SURFACE_WITH_KNOTS('',3,1,((#7847,#7848),(#7849,#7850),(#7851,
#7852),(#7853,#7854),(#7855,#7856)),.UNSPECIFIED.,.F.,.F.,.F.,(4,1,4),(2,
2),(-0.242462188232878,-0.127345628554133,0.),(0.,0.5),.UNSPECIFIED.);
#370=B_SPLINE_SURFACE_WITH_KNOTS('',3,1,((#7864,#7865),(#7866,#7867),(#7868,
#7869),(#7870,#7871),(#7872,#7873)),.UNSPECIFIED.,.F.,.F.,.F.,(4,1,4),(2,
2),(-0.255334585735027,-0.11807696219818,0.),(0.,0.5),.UNSPECIFIED.);
#371=B_SPLINE_SURFACE_WITH_KNOTS('',3,1,((#7881,#7882),(#7883,#7884),(#7885,
#7886),(#7887,#7888),(#7889,#7890)),.UNSPECIFIED.,.F.,.F.,.F.,(4,1,4),(2,
2),(-0.517913713077988,-0.174623390397232,0.),(0.,0.5),.UNSPECIFIED.);
#372=B_SPLINE_SURFACE_WITH_KNOTS('',3,1,((#7902,#7903),(#7904,#7905),(#7906,
#7907),(#7908,#7909),(#7910,#7911)),.UNSPECIFIED.,.F.,.F.,.F.,(4,1,4),(2,
2),(-0.274615122616111,-0.129259634904143,0.),(0.,0.5),.UNSPECIFIED.);
#373=B_SPLINE_SURFACE_WITH_KNOTS('',3,1,((#7921,#7922),(#7923,#7924),(#7925,
#7926),(#7927,#7928),(#7929,#7930)),.UNSPECIFIED.,.F.,.F.,.F.,(4,1,4),(2,
2),(-0.241242793373557,-0.125898787550972,0.),(0.,0.5),.UNSPECIFIED.);
#374=B_SPLINE_SURFACE_WITH_KNOTS('',3,1,((#7938,#7939),(#7940,#7941),(#7942,
#7943),(#7944,#7945),(#7946,#7947)),.UNSPECIFIED.,.F.,.F.,.F.,(4,1,4),(2,
2),(-0.237637201255501,-0.114316176763203,0.),(0.,0.5),.UNSPECIFIED.);
#375=B_SPLINE_SURFACE_WITH_KNOTS('',3,1,((#7955,#7956),(#7957,#7958),(#7959,
#7960),(#7961,#7962),(#7963,#7964)),.UNSPECIFIED.,.F.,.F.,.F.,(4,1,4),(2,
2),(-0.53896207513501,-0.198069696574071,0.),(0.,0.5),.UNSPECIFIED.);
#376=B_SPLINE_SURFACE_WITH_KNOTS('',3,1,((#7976,#7977),(#7978,#7979),(#7980,
#7981),(#7982,#7983),(#7984,#7985)),.UNSPECIFIED.,.F.,.F.,.F.,(4,1,4),(2,
2),(-0.508401035117291,-0.265438290899706,0.),(0.,0.5),.UNSPECIFIED.);
#377=B_SPLINE_SURFACE_WITH_KNOTS('',3,1,((#7995,#7996),(#7997,#7998),(#7999,
#8000),(#8001,#8002),(#8003,#8004)),.UNSPECIFIED.,.F.,.F.,.F.,(4,1,4),(2,
2),(-0.482413884845016,-0.23662993319671,0.),(0.,0.5),.UNSPECIFIED.);
#378=B_SPLINE_SURFACE_WITH_KNOTS('',3,1,((#8012,#8013),(#8014,#8015),(#8016,
#8017),(#8018,#8019),(#8020,#8021)),.UNSPECIFIED.,.F.,.F.,.F.,(4,1,4),(2,
2),(-0.41326431966151,-0.203505870730871,0.),(0.,0.5),.UNSPECIFIED.);
#379=B_SPLINE_SURFACE_WITH_KNOTS('',3,1,((#8029,#8030),(#8031,#8032),(#8033,
#8034),(#8035,#8036),(#8037,#8038)),.UNSPECIFIED.,.F.,.F.,.F.,(4,1,4),(2,
2),(-0.407072429738376,-0.206472800264054,0.),(0.,0.5),.UNSPECIFIED.);
#380=B_SPLINE_SURFACE_WITH_KNOTS('',3,1,((#8046,#8047),(#8048,#8049),(#8050,
#8051),(#8052,#8053),(#8054,#8055)),.UNSPECIFIED.,.F.,.F.,.F.,(4,1,4),(2,
2),(-0.432518605610201,-0.205228988365901,0.),(0.,0.5),.UNSPECIFIED.);
#381=B_SPLINE_SURFACE_WITH_KNOTS('',3,1,((#8063,#8064),(#8065,#8066),(#8067,
#8068),(#8069,#8070),(#8071,#8072)),.UNSPECIFIED.,.F.,.F.,.F.,(4,1,4),(2,
2),(-0.730955857458498,-0.258699240669477,0.),(0.,0.5),.UNSPECIFIED.);
#382=B_SPLINE_SURFACE_WITH_KNOTS('',3,1,((#8096,#8097),(#8098,#8099),(#8100,
#8101),(#8102,#8103),(#8104,#8105)),.UNSPECIFIED.,.F.,.F.,.F.,(4,1,4),(2,
2),(-0.440176646329204,-0.287016822521159,0.),(0.,0.5),.UNSPECIFIED.);
#383=B_SPLINE_SURFACE_WITH_KNOTS('',3,1,((#8113,#8114),(#8115,#8116),(#8117,
#8118),(#8119,#8120),(#8121,#8122)),.UNSPECIFIED.,.F.,.F.,.F.,(4,1,4),(2,
2),(-0.269619507925063,-0.143193710015063,0.),(0.,0.5),.UNSPECIFIED.);
#384=B_SPLINE_SURFACE_WITH_KNOTS('',3,1,((#8136,#8137),(#8138,#8139),(#8140,
#8141),(#8142,#8143),(#8144,#8145)),.UNSPECIFIED.,.F.,.F.,.F.,(4,1,4),(2,
2),(-0.416099218048897,-0.2676043870962,0.),(0.,0.5),.UNSPECIFIED.);
#385=B_SPLINE_SURFACE_WITH_KNOTS('',3,1,((#8153,#8154),(#8155,#8156),(#8157,
#8158),(#8159,#8160),(#8161,#8162)),.UNSPECIFIED.,.F.,.F.,.F.,(4,1,4),(2,
2),(-0.252711412414751,-0.129267979056137,0.),(0.,0.5),.UNSPECIFIED.);
#386=B_SPLINE_SURFACE_WITH_KNOTS('',3,1,((#8172,#8173),(#8174,#8175),(#8176,
#8177),(#8178,#8179),(#8180,#8181)),.UNSPECIFIED.,.F.,.F.,.F.,(4,1,4),(2,
2),(-0.531312988925765,-0.310634049987959,0.),(0.,0.5),.UNSPECIFIED.);
#387=B_SPLINE_SURFACE_WITH_KNOTS('',3,1,((#8189,#8190),(#8191,#8192),(#8193,
#8194),(#8195,#8196),(#8197,#8198)),.UNSPECIFIED.,.F.,.F.,.F.,(4,1,4),(2,
2),(-0.338405232202942,-0.172256545475693,0.),(0.,0.5),.UNSPECIFIED.);
#388=B_SPLINE_SURFACE_WITH_KNOTS('',3,1,((#8206,#8207),(#8208,#8209),(#8210,
#8211),(#8212,#8213),(#8214,#8215)),.UNSPECIFIED.,.F.,.F.,.F.,(4,1,4),(2,
2),(-0.343996216138757,-0.168303202597557,0.),(0.,0.5),.UNSPECIFIED.);
#389=B_SPLINE_SURFACE_WITH_KNOTS('',3,1,((#8223,#8224),(#8225,#8226),(#8227,
#8228),(#8229,#8230),(#8231,#8232)),.UNSPECIFIED.,.F.,.F.,.F.,(4,1,4),(2,
2),(-0.365213826817288,-0.179098311308416,0.),(0.,0.5),.UNSPECIFIED.);
#390=B_SPLINE_SURFACE_WITH_KNOTS('',3,1,((#8240,#8241),(#8242,#8243),(#8244,
#8245),(#8246,#8247),(#8248,#8249)),.UNSPECIFIED.,.F.,.F.,.F.,(4,1,4),(2,
2),(-0.407807516998511,-0.204101337600548,0.),(0.,0.5),.UNSPECIFIED.);
#391=B_SPLINE_SURFACE_WITH_KNOTS('',3,1,((#8257,#8258),(#8259,#8260),(#8261,
#8262),(#8263,#8264),(#8265,#8266)),.UNSPECIFIED.,.F.,.F.,.F.,(4,1,4),(2,
2),(-0.409286708541964,-0.203484686933962,0.),(0.,0.5),.UNSPECIFIED.);
#392=B_SPLINE_SURFACE_WITH_KNOTS('',3,1,((#8282,#8283),(#8284,#8285),(#8286,
#8287),(#8288,#8289),(#8290,#8291)),.UNSPECIFIED.,.F.,.F.,.F.,(4,1,4),(2,
2),(-0.323198122854792,-0.184873248958824,0.),(0.,0.5),.UNSPECIFIED.);
#393=B_SPLINE_SURFACE_WITH_KNOTS('',3,1,((#8305,#8306),(#8307,#8308),(#8309,
#8310),(#8311,#8312),(#8313,#8314)),.UNSPECIFIED.,.F.,.F.,.F.,(4,1,4),(2,
2),(-0.210968095431616,-0.10444722284674,0.),(0.,0.5),.UNSPECIFIED.);
#394=B_SPLINE_SURFACE_WITH_KNOTS('',3,1,((#8328,#8329),(#8330,#8331),(#8332,
#8333),(#8334,#8335),(#8336,#8337)),.UNSPECIFIED.,.F.,.F.,.F.,(4,1,4),(2,
2),(-0.240771000045947,-0.112918665902587,0.),(0.,0.5),.UNSPECIFIED.);
#395=B_SPLINE_SURFACE_WITH_KNOTS('',3,1,((#8351,#8352),(#8353,#8354),(#8355,
#8356),(#8357,#8358),(#8359,#8360)),.UNSPECIFIED.,.F.,.F.,.F.,(4,1,4),(2,
2),(-0.229792718786815,-0.123502594193407,0.),(0.,0.5),.UNSPECIFIED.);
#396=B_SPLINE_SURFACE_WITH_KNOTS('',3,1,((#8374,#8375),(#8376,#8377),(#8378,
#8379),(#8380,#8381),(#8382,#8383)),.UNSPECIFIED.,.F.,.F.,.F.,(4,1,4),(2,
2),(-0.180183777855909,-0.0935606714274144,0.),(0.,0.5),.UNSPECIFIED.);
#397=B_SPLINE_SURFACE_WITH_KNOTS('',3,1,((#8397,#8398),(#8399,#8400),(#8401,
#8402),(#8403,#8404),(#8405,#8406)),.UNSPECIFIED.,.F.,.F.,.F.,(4,1,4),(2,
2),(-0.293304701617786,-0.122137679689787,0.),(0.,0.5),.UNSPECIFIED.);
#398=B_SPLINE_SURFACE_WITH_KNOTS('',3,1,((#8423,#8424),(#8425,#8426),(#8427,
#8428),(#8429,#8430),(#8431,#8432)),.UNSPECIFIED.,.F.,.F.,.F.,(4,1,4),(2,
2),(-0.38551814373038,-0.205644905871563,0.),(0.,0.5),.UNSPECIFIED.);
#399=B_SPLINE_SURFACE_WITH_KNOTS('',3,1,((#8449,#8450),(#8451,#8452),(#8453,
#8454),(#8455,#8456),(#8457,#8458)),.UNSPECIFIED.,.F.,.F.,.F.,(4,1,4),(2,
2),(-0.308483879869237,-0.160625449402183,0.),(0.,0.5),.UNSPECIFIED.);
#400=B_SPLINE_SURFACE_WITH_KNOTS('',3,1,((#8472,#8473),(#8474,#8475),(#8476,
#8477),(#8478,#8479),(#8480,#8481)),.UNSPECIFIED.,.F.,.F.,.F.,(4,1,4),(2,
2),(-0.335040920993642,-0.172007256239511,0.),(0.,0.5),.UNSPECIFIED.);
#401=B_SPLINE_SURFACE_WITH_KNOTS('',3,1,((#8495,#8496),(#8497,#8498),(#8499,
#8500),(#8501,#8502),(#8503,#8504)),.UNSPECIFIED.,.F.,.F.,.F.,(4,1,4),(2,
2),(-0.35431657147068,-0.167847746014594,0.),(0.,0.5),.UNSPECIFIED.);
#402=B_SPLINE_SURFACE_WITH_KNOTS('',3,1,((#8518,#8519),(#8520,#8521),(#8522,
#8523),(#8524,#8525),(#8526,#8527)),.UNSPECIFIED.,.F.,.F.,.F.,(4,1,4),(2,
2),(-0.266660425332552,-0.133169465519092,0.),(0.,0.5),.UNSPECIFIED.);
#403=B_SPLINE_SURFACE_WITH_KNOTS('',3,1,((#8541,#8542),(#8543,#8544),(#8545,
#8546),(#8547,#8548),(#8549,#8550)),.UNSPECIFIED.,.F.,.F.,.F.,(4,1,4),(2,
2),(-0.3249408543985,-0.148336181000984,0.),(0.,0.5),.UNSPECIFIED.);
#404=B_SPLINE_SURFACE_WITH_KNOTS('',3,1,((#8576,#8577),(#8578,#8579),(#8580,
#8581),(#8582,#8583),(#8584,#8585)),.UNSPECIFIED.,.F.,.F.,.F.,(4,1,4),(2,
2),(-0.601149244835963,-0.291296111091321,0.),(0.,0.5),.UNSPECIFIED.);
#405=B_SPLINE_SURFACE_WITH_KNOTS('',3,1,((#8599,#8600),(#8601,#8602),(#8603,
#8604),(#8605,#8606),(#8607,#8608)),.UNSPECIFIED.,.F.,.F.,.F.,(4,1,4),(2,
2),(-0.457928024724203,-0.235541314878028,0.),(0.,0.5),.UNSPECIFIED.);
#406=B_SPLINE_SURFACE_WITH_KNOTS('',3,1,((#8622,#8623),(#8624,#8625),(#8626,
#8627),(#8628,#8629),(#8630,#8631)),.UNSPECIFIED.,.F.,.F.,.F.,(4,1,4),(2,
2),(-0.49522269042681,-0.231544612579258,0.),(0.,0.5),.UNSPECIFIED.);
#407=B_SPLINE_SURFACE_WITH_KNOTS('',3,1,((#8645,#8646),(#8647,#8648),(#8649,
#8650),(#8651,#8652),(#8653,#8654)),.UNSPECIFIED.,.F.,.F.,.F.,(4,1,4),(2,
2),(-0.921385526923766,-0.497411845919711,0.),(0.,0.5),.UNSPECIFIED.);
#408=B_SPLINE_SURFACE_WITH_KNOTS('',3,1,((#8668,#8669),(#8670,#8671),(#8672,
#8673),(#8674,#8675),(#8676,#8677)),.UNSPECIFIED.,.F.,.F.,.F.,(4,1,4),(2,
2),(-0.612905624184949,-0.309160118060765,0.),(0.,0.5),.UNSPECIFIED.);
#409=B_SPLINE_SURFACE_WITH_KNOTS('',3,1,((#8691,#8692),(#8693,#8694),(#8695,
#8696),(#8697,#8698),(#8699,#8700)),.UNSPECIFIED.,.F.,.F.,.F.,(4,1,4),(2,
2),(-0.553050248742739,-0.27705709041065,0.),(0.,0.5),.UNSPECIFIED.);
#410=B_SPLINE_SURFACE_WITH_KNOTS('',3,1,((#8714,#8715),(#8716,#8717),(#8718,
#8719),(#8720,#8721),(#8722,#8723)),.UNSPECIFIED.,.F.,.F.,.F.,(4,1,4),(2,
2),(-0.656186404366554,-0.30423592803849,0.),(0.,0.5),.UNSPECIFIED.);
#411=B_SPLINE_SURFACE_WITH_KNOTS('',3,1,((#8737,#8738),(#8739,#8740),(#8741,
#8742),(#8743,#8744),(#8745,#8746)),.UNSPECIFIED.,.F.,.F.,.F.,(4,1,4),(2,
2),(-0.41686321910363,-0.222751982644529,0.),(0.,0.5),.UNSPECIFIED.);
#412=B_SPLINE_SURFACE_WITH_KNOTS('',3,1,((#8760,#8761),(#8762,#8763),(#8764,
#8765),(#8766,#8767),(#8768,#8769)),.UNSPECIFIED.,.F.,.F.,.F.,(4,1,4),(2,
2),(-0.32456449125642,-0.17138170238216,0.),(0.,0.5),.UNSPECIFIED.);
#413=B_SPLINE_SURFACE_WITH_KNOTS('',3,1,((#8783,#8784),(#8785,#8786),(#8787,
#8788),(#8789,#8790),(#8791,#8792)),.UNSPECIFIED.,.F.,.F.,.F.,(4,1,4),(2,
2),(-0.522027505456606,-0.256980875324011,0.),(0.,0.5),.UNSPECIFIED.);
#414=B_SPLINE_SURFACE_WITH_KNOTS('',3,1,((#8806,#8807),(#8808,#8809),(#8810,
#8811),(#8812,#8813),(#8814,#8815)),.UNSPECIFIED.,.F.,.F.,.F.,(4,1,4),(2,
2),(-0.66125132914009,-0.301001833420359,0.),(0.,0.5),.UNSPECIFIED.);
#415=B_SPLINE_SURFACE_WITH_KNOTS('',3,1,((#8829,#8830),(#8831,#8832),(#8833,
#8834),(#8835,#8836),(#8837,#8838)),.UNSPECIFIED.,.F.,.F.,.F.,(4,1,4),(2,
2),(-0.65073194243146,-0.349888659267365,0.),(0.,0.5),.UNSPECIFIED.);
#416=B_SPLINE_SURFACE_WITH_KNOTS('',3,1,((#8852,#8853),(#8854,#8855),(#8856,
#8857),(#8858,#8859),(#8860,#8861)),.UNSPECIFIED.,.F.,.F.,.F.,(4,1,4),(2,
2),(-0.545033543615429,-0.274932879081765,0.),(0.,0.5),.UNSPECIFIED.);
#417=B_SPLINE_SURFACE_WITH_KNOTS('',3,1,((#8875,#8876),(#8877,#8878),(#8879,
#8880),(#8881,#8882),(#8883,#8884)),.UNSPECIFIED.,.F.,.F.,.F.,(4,1,4),(2,
2),(-0.366523533644865,-0.17958252190274,0.),(0.,0.5),.UNSPECIFIED.);
#418=B_SPLINE_SURFACE_WITH_KNOTS('',3,1,((#8898,#8899),(#8900,#8901),(#8902,
#8903),(#8904,#8905),(#8906,#8907)),.UNSPECIFIED.,.F.,.F.,.F.,(4,1,4),(2,
2),(-0.576266425867369,-0.239239275195889,0.),(0.,0.5),.UNSPECIFIED.);
#419=B_SPLINE_SURFACE_WITH_KNOTS('',3,1,((#8927,#8928),(#8929,#8930),(#8931,
#8932),(#8933,#8934),(#8935,#8936)),.UNSPECIFIED.,.F.,.F.,.F.,(4,1,4),(2,
2),(-0.365300222614884,-0.165761514542729,0.),(0.,0.5),.UNSPECIFIED.);
#420=B_SPLINE_SURFACE_WITH_KNOTS('',3,1,((#8956,#8957),(#8958,#8959),(#8960,
#8961),(#8962,#8963),(#8964,#8965)),.UNSPECIFIED.,.F.,.F.,.F.,(4,1,4),(2,
2),(-0.427324360262483,-0.250205501713617,0.),(0.,0.5),.UNSPECIFIED.);
#421=B_SPLINE_SURFACE_WITH_KNOTS('',3,1,((#8979,#8980),(#8981,#8982),(#8983,
#8984),(#8985,#8986),(#8987,#8988)),.UNSPECIFIED.,.F.,.F.,.F.,(4,1,4),(2,
2),(-0.246090143899123,-0.130872681908286,0.),(0.,0.5),.UNSPECIFIED.);
#422=B_SPLINE_SURFACE_WITH_KNOTS('',3,1,((#9002,#9003),(#9004,#9005),(#9006,
#9007),(#9008,#9009),(#9010,#9011)),.UNSPECIFIED.,.F.,.F.,.F.,(4,1,4),(2,
2),(-0.317516582488043,-0.145107482351151,0.),(0.,0.5),.UNSPECIFIED.);
#423=B_SPLINE_SURFACE_WITH_KNOTS('',3,1,((#9025,#9026),(#9027,#9028),(#9029,
#9030),(#9031,#9032),(#9033,#9034)),.UNSPECIFIED.,.F.,.F.,.F.,(4,1,4),(2,
2),(-0.265867627150999,-0.159770178118502,0.),(0.,0.5),.UNSPECIFIED.);
#424=B_SPLINE_SURFACE_WITH_KNOTS('',3,1,((#9118,#9119),(#9120,#9121),(#9122,
#9123),(#9124,#9125),(#9126,#9127)),.UNSPECIFIED.,.F.,.F.,.F.,(4,1,4),(2,
2),(-0.546452810255704,-0.354144274597105,0.),(0.,0.5),.UNSPECIFIED.);
#425=B_SPLINE_SURFACE_WITH_KNOTS('',3,1,((#9141,#9142),(#9143,#9144),(#9145,
#9146),(#9147,#9148),(#9149,#9150)),.UNSPECIFIED.,.F.,.F.,.F.,(4,1,4),(2,
2),(-0.214940946631936,-0.108917025758993,0.),(0.,0.5),.UNSPECIFIED.);
#426=B_SPLINE_SURFACE_WITH_KNOTS('',3,1,((#9164,#9165),(#9166,#9167),(#9168,
#9169),(#9170,#9171),(#9172,#9173)),.UNSPECIFIED.,.F.,.F.,.F.,(4,1,4),(2,
2),(-0.236023470863189,-0.111269535399263,0.),(0.,0.5),.UNSPECIFIED.);
#427=B_SPLINE_SURFACE_WITH_KNOTS('',3,1,((#9187,#9188),(#9189,#9190),(#9191,
#9192),(#9193,#9194),(#9195,#9196)),.UNSPECIFIED.,.F.,.F.,.F.,(4,1,4),(2,
2),(-0.261415150778582,-0.138120583607019,0.),(0.,0.5),.UNSPECIFIED.);
#428=B_SPLINE_SURFACE_WITH_KNOTS('',3,1,((#9210,#9211),(#9212,#9213),(#9214,
#9215),(#9216,#9217),(#9218,#9219)),.UNSPECIFIED.,.F.,.F.,.F.,(4,1,4),(2,
2),(-0.26047939662869,-0.123443227339589,0.),(0.,0.5),.UNSPECIFIED.);
#429=B_SPLINE_SURFACE_WITH_KNOTS('',3,1,((#9233,#9234),(#9235,#9236),(#9237,
#9238),(#9239,#9240),(#9241,#9242)),.UNSPECIFIED.,.F.,.F.,.F.,(4,1,4),(2,
2),(-0.44222991614742,-0.147539291394718,0.),(0.,0.5),.UNSPECIFIED.);
#430=B_SPLINE_SURFACE_WITH_KNOTS('',3,1,((#9280,#9281),(#9282,#9283),(#9284,
#9285),(#9286,#9287),(#9288,#9289)),.UNSPECIFIED.,.F.,.F.,.F.,(4,1,4),(2,
2),(-0.704905769626992,-0.415408708591223,0.),(0.,0.5),.UNSPECIFIED.);
#431=B_SPLINE_SURFACE_WITH_KNOTS('',3,1,((#9303,#9304),(#9305,#9306),(#9307,
#9308),(#9309,#9310),(#9311,#9312)),.UNSPECIFIED.,.F.,.F.,.F.,(4,1,4),(2,
2),(-0.458753236101429,-0.226348373062475,0.),(0.,0.5),.UNSPECIFIED.);
#432=B_SPLINE_SURFACE_WITH_KNOTS('',3,1,((#9326,#9327),(#9328,#9329),(#9330,
#9331),(#9332,#9333),(#9334,#9335)),.UNSPECIFIED.,.F.,.F.,.F.,(4,1,4),(2,
2),(-0.495640908536516,-0.242322243450705,0.),(0.,0.5),.UNSPECIFIED.);
#433=B_SPLINE_SURFACE_WITH_KNOTS('',3,1,((#9349,#9350),(#9351,#9352),(#9353,
#9354),(#9355,#9356),(#9357,#9358)),.UNSPECIFIED.,.F.,.F.,.F.,(4,1,4),(2,
2),(-0.603575047491635,-0.312458446389408,0.),(0.,0.5),.UNSPECIFIED.);
#434=B_SPLINE_SURFACE_WITH_KNOTS('',3,1,((#9372,#9373),(#9374,#9375),(#9376,
#9377),(#9378,#9379),(#9380,#9381)),.UNSPECIFIED.,.F.,.F.,.F.,(4,1,4),(2,
2),(-0.664650495105499,-0.305272098273675,0.),(0.,0.5),.UNSPECIFIED.);
#435=B_SPLINE_SURFACE_WITH_KNOTS('',3,1,((#9395,#9396),(#9397,#9398),(#9399,
#9400),(#9401,#9402),(#9403,#9404)),.UNSPECIFIED.,.F.,.F.,.F.,(4,1,4),(2,
2),(-0.410870427447591,-0.215675825134605,0.),(0.,0.5),.UNSPECIFIED.);
#436=B_SPLINE_SURFACE_WITH_KNOTS('',3,1,((#9418,#9419),(#9420,#9421),(#9422,
#9423),(#9424,#9425),(#9426,#9427)),.UNSPECIFIED.,.F.,.F.,.F.,(4,1,4),(2,
2),(-0.59791194395984,-0.242891862690046,0.),(0.,0.5),.UNSPECIFIED.);
#437=B_SPLINE_SURFACE_WITH_KNOTS('',3,1,((#9459,#9460),(#9461,#9462),(#9463,
#9464),(#9465,#9466),(#9467,#9468)),.UNSPECIFIED.,.F.,.F.,.F.,(4,1,4),(2,
2),(-0.54386434755231,-0.34611472187161,0.),(0.,0.5),.UNSPECIFIED.);
#438=B_SPLINE_SURFACE_WITH_KNOTS('',3,1,((#9482,#9483),(#9484,#9485),(#9486,
#9487),(#9488,#9489),(#9490,#9491)),.UNSPECIFIED.,.F.,.F.,.F.,(4,1,4),(2,
2),(-0.222496108568442,-0.117477830349713,0.),(0.,0.5),.UNSPECIFIED.);
#439=B_SPLINE_SURFACE_WITH_KNOTS('',3,1,((#9505,#9506),(#9507,#9508),(#9509,
#9510),(#9511,#9512),(#9513,#9514)),.UNSPECIFIED.,.F.,.F.,.F.,(4,1,4),(2,
2),(-0.307829138116818,-0.127026352659672,0.),(0.,0.5),.UNSPECIFIED.);
#440=STYLED_ITEM('',(#9777),#456);
#441=STYLED_ITEM('',(#9777),#457);
#442=STYLED_ITEM('',(#9777),#458);
#443=STYLED_ITEM('',(#9777),#459);
#444=STYLED_ITEM('',(#9777),#460);
#445=STYLED_ITEM('',(#9777),#461);
#446=STYLED_ITEM('',(#9777),#462);
#447=STYLED_ITEM('',(#9777),#463);
#448=STYLED_ITEM('',(#9777),#464);
#449=STYLED_ITEM('',(#9777),#465);
#450=STYLED_ITEM('',(#9777),#466);
#451=STYLED_ITEM('',(#9778),#467);
#452=STYLED_ITEM('',(#9778),#468);
#453=STYLED_ITEM('',(#9777),#469);
#454=STYLED_ITEM('',(#9777),#470);
#455=STYLED_ITEM('',(#9779),#12);
#456=MANIFOLD_SOLID_BREP('Bry\X2\0142\X0\a1',#5004);
#457=MANIFOLD_SOLID_BREP('Bry\X2\0142\X0\a2',#5005);
#458=MANIFOLD_SOLID_BREP('Bry\X2\0142\X0\a3',#5006);
#459=MANIFOLD_SOLID_BREP('Bry\X2\0142\X0\a4',#5007);
#460=MANIFOLD_SOLID_BREP('Bry\X2\0142\X0\a5',#5008);
#461=MANIFOLD_SOLID_BREP('Bry\X2\0142\X0\a6',#5009);
#462=MANIFOLD_SOLID_BREP('Bry\X2\0142\X0\a7',#5010);
#463=MANIFOLD_SOLID_BREP('Bry\X2\0142\X0\a8',#5011);
#464=MANIFOLD_SOLID_BREP('Bry\X2\0142\X0\a9',#5012);
#465=MANIFOLD_SOLID_BREP('Bry\X2\0142\X0\a10',#5013);
#466=MANIFOLD_SOLID_BREP('Bry\X2\0142\X0\a11',#5014);
#467=MANIFOLD_SOLID_BREP('Bry\X2\0142\X0\a1',#5015);
#468=MANIFOLD_SOLID_BREP('Bry\X2\0142\X0\a2',#5016);
#469=MANIFOLD_SOLID_BREP('Bry\X2\0142\X0\a1',#5017);
#470=MANIFOLD_SOLID_BREP('Bry\X2\0142\X0\a2',#5018);
#471=FACE_OUTER_BOUND('',#742,.T.);
#472=FACE_OUTER_BOUND('',#743,.T.);
#473=FACE_OUTER_BOUND('',#744,.T.);
#474=FACE_OUTER_BOUND('',#745,.T.);
#475=FACE_OUTER_BOUND('',#746,.T.);
#476=FACE_OUTER_BOUND('',#747,.T.);
#477=FACE_OUTER_BOUND('',#748,.T.);
#478=FACE_OUTER_BOUND('',#749,.T.);
#479=FACE_OUTER_BOUND('',#750,.T.);
#480=FACE_OUTER_BOUND('',#751,.T.);
#481=FACE_OUTER_BOUND('',#752,.T.);
#482=FACE_OUTER_BOUND('',#753,.T.);
#483=FACE_OUTER_BOUND('',#754,.T.);
#484=FACE_OUTER_BOUND('',#755,.T.);
#485=FACE_OUTER_BOUND('',#756,.T.);
#486=FACE_OUTER_BOUND('',#757,.T.);
#487=FACE_OUTER_BOUND('',#758,.T.);
#488=FACE_OUTER_BOUND('',#759,.T.);
#489=FACE_OUTER_BOUND('',#760,.T.);
#490=FACE_OUTER_BOUND('',#761,.T.);
#491=FACE_OUTER_BOUND('',#762,.T.);
#492=FACE_OUTER_BOUND('',#763,.T.);
#493=FACE_OUTER_BOUND('',#764,.T.);
#494=FACE_OUTER_BOUND('',#765,.T.);
#495=FACE_OUTER_BOUND('',#766,.T.);
#496=FACE_OUTER_BOUND('',#767,.T.);
#497=FACE_OUTER_BOUND('',#768,.T.);
#498=FACE_OUTER_BOUND('',#769,.T.);
#499=FACE_OUTER_BOUND('',#770,.T.);
#500=FACE_OUTER_BOUND('',#771,.T.);
#501=FACE_OUTER_BOUND('',#772,.T.);
#502=FACE_OUTER_BOUND('',#773,.T.);
#503=FACE_OUTER_BOUND('',#774,.T.);
#504=FACE_OUTER_BOUND('',#775,.T.);
#505=FACE_OUTER_BOUND('',#776,.T.);
#506=FACE_OUTER_BOUND('',#777,.T.);
#507=FACE_OUTER_BOUND('',#778,.T.);
#508=FACE_OUTER_BOUND('',#779,.T.);
#509=FACE_OUTER_BOUND('',#780,.T.);
#510=FACE_OUTER_BOUND('',#781,.T.);
#511=FACE_OUTER_BOUND('',#782,.T.);
#512=FACE_OUTER_BOUND('',#783,.T.);
#513=FACE_OUTER_BOUND('',#784,.T.);
#514=FACE_OUTER_BOUND('',#785,.T.);
#515=FACE_OUTER_BOUND('',#786,.T.);
#516=FACE_OUTER_BOUND('',#787,.T.);
#517=FACE_OUTER_BOUND('',#788,.T.);
#518=FACE_OUTER_BOUND('',#789,.T.);
#519=FACE_OUTER_BOUND('',#790,.T.);
#520=FACE_OUTER_BOUND('',#791,.T.);
#521=FACE_OUTER_BOUND('',#792,.T.);
#522=FACE_OUTER_BOUND('',#793,.T.);
#523=FACE_OUTER_BOUND('',#794,.T.);
#524=FACE_OUTER_BOUND('',#795,.T.);
#525=FACE_OUTER_BOUND('',#796,.T.);
#526=FACE_OUTER_BOUND('',#797,.T.);
#527=FACE_OUTER_BOUND('',#798,.T.);
#528=FACE_OUTER_BOUND('',#799,.T.);
#529=FACE_OUTER_BOUND('',#800,.T.);
#530=FACE_OUTER_BOUND('',#801,.T.);
#531=FACE_OUTER_BOUND('',#802,.T.);
#532=FACE_OUTER_BOUND('',#803,.T.);
#533=FACE_OUTER_BOUND('',#804,.T.);
#534=FACE_OUTER_BOUND('',#805,.T.);
#535=FACE_OUTER_BOUND('',#806,.T.);
#536=FACE_OUTER_BOUND('',#807,.T.);
#537=FACE_OUTER_BOUND('',#808,.T.);
#538=FACE_OUTER_BOUND('',#809,.T.);
#539=FACE_OUTER_BOUND('',#810,.T.);
#540=FACE_OUTER_BOUND('',#811,.T.);
#541=FACE_OUTER_BOUND('',#812,.T.);
#542=FACE_OUTER_BOUND('',#813,.T.);
#543=FACE_OUTER_BOUND('',#814,.T.);
#544=FACE_OUTER_BOUND('',#815,.T.);
#545=FACE_OUTER_BOUND('',#816,.T.);
#546=FACE_OUTER_BOUND('',#817,.T.);
#547=FACE_OUTER_BOUND('',#818,.T.);
#548=FACE_OUTER_BOUND('',#819,.T.);
#549=FACE_OUTER_BOUND('',#821,.T.);
#550=FACE_OUTER_BOUND('',#823,.T.);
#551=FACE_OUTER_BOUND('',#824,.T.);
#552=FACE_OUTER_BOUND('',#825,.T.);
#553=FACE_OUTER_BOUND('',#826,.T.);
#554=FACE_OUTER_BOUND('',#827,.T.);
#555=FACE_OUTER_BOUND('',#828,.T.);
#556=FACE_OUTER_BOUND('',#829,.T.);
#557=FACE_OUTER_BOUND('',#830,.T.);
#558=FACE_OUTER_BOUND('',#831,.T.);
#559=FACE_OUTER_BOUND('',#832,.T.);
#560=FACE_OUTER_BOUND('',#833,.T.);
#561=FACE_OUTER_BOUND('',#834,.T.);
#562=FACE_OUTER_BOUND('',#835,.T.);
#563=FACE_OUTER_BOUND('',#836,.T.);
#564=FACE_OUTER_BOUND('',#837,.T.);
#565=FACE_OUTER_BOUND('',#838,.T.);
#566=FACE_OUTER_BOUND('',#839,.T.);
#567=FACE_OUTER_BOUND('',#840,.T.);
#568=FACE_OUTER_BOUND('',#841,.T.);
#569=FACE_OUTER_BOUND('',#842,.T.);
#570=FACE_OUTER_BOUND('',#843,.T.);
#571=FACE_OUTER_BOUND('',#844,.T.);
#572=FACE_OUTER_BOUND('',#845,.T.);
#573=FACE_OUTER_BOUND('',#846,.T.);
#574=FACE_OUTER_BOUND('',#847,.T.);
#575=FACE_OUTER_BOUND('',#848,.T.);
#576=FACE_OUTER_BOUND('',#849,.T.);
#577=FACE_OUTER_BOUND('',#850,.T.);
#578=FACE_OUTER_BOUND('',#851,.T.);
#579=FACE_OUTER_BOUND('',#852,.T.);
#580=FACE_OUTER_BOUND('',#853,.T.);
#581=FACE_OUTER_BOUND('',#854,.T.);
#582=FACE_OUTER_BOUND('',#855,.T.);
#583=FACE_OUTER_BOUND('',#856,.T.);
#584=FACE_OUTER_BOUND('',#857,.T.);
#585=FACE_OUTER_BOUND('',#858,.T.);
#586=FACE_OUTER_BOUND('',#859,.T.);
#587=FACE_OUTER_BOUND('',#860,.T.);
#588=FACE_OUTER_BOUND('',#861,.T.);
#589=FACE_OUTER_BOUND('',#862,.T.);
#590=FACE_OUTER_BOUND('',#863,.T.);
#591=FACE_OUTER_BOUND('',#866,.T.);
#592=FACE_OUTER_BOUND('',#867,.T.);
#593=FACE_OUTER_BOUND('',#868,.T.);
#594=FACE_OUTER_BOUND('',#869,.T.);
#595=FACE_OUTER_BOUND('',#870,.T.);
#596=FACE_OUTER_BOUND('',#871,.T.);
#597=FACE_OUTER_BOUND('',#872,.T.);
#598=FACE_OUTER_BOUND('',#873,.T.);
#599=FACE_OUTER_BOUND('',#874,.T.);
#600=FACE_OUTER_BOUND('',#875,.T.);
#601=FACE_OUTER_BOUND('',#876,.T.);
#602=FACE_OUTER_BOUND('',#877,.T.);
#603=FACE_OUTER_BOUND('',#878,.T.);
#604=FACE_OUTER_BOUND('',#879,.T.);
#605=FACE_OUTER_BOUND('',#880,.T.);
#606=FACE_OUTER_BOUND('',#881,.T.);
#607=FACE_OUTER_BOUND('',#882,.T.);
#608=FACE_OUTER_BOUND('',#883,.T.);
#609=FACE_OUTER_BOUND('',#884,.T.);
#610=FACE_OUTER_BOUND('',#885,.T.);
#611=FACE_OUTER_BOUND('',#886,.T.);
#612=FACE_OUTER_BOUND('',#887,.T.);
#613=FACE_OUTER_BOUND('',#888,.T.);
#614=FACE_OUTER_BOUND('',#889,.T.);
#615=FACE_OUTER_BOUND('',#890,.T.);
#616=FACE_OUTER_BOUND('',#891,.T.);
#617=FACE_OUTER_BOUND('',#892,.T.);
#618=FACE_OUTER_BOUND('',#893,.T.);
#619=FACE_OUTER_BOUND('',#894,.T.);
#620=FACE_OUTER_BOUND('',#895,.T.);
#621=FACE_OUTER_BOUND('',#896,.T.);
#622=FACE_OUTER_BOUND('',#897,.T.);
#623=FACE_OUTER_BOUND('',#898,.T.);
#624=FACE_OUTER_BOUND('',#899,.T.);
#625=FACE_OUTER_BOUND('',#902,.T.);
#626=FACE_OUTER_BOUND('',#903,.T.);
#627=FACE_OUTER_BOUND('',#904,.T.);
#628=FACE_OUTER_BOUND('',#905,.T.);
#629=FACE_OUTER_BOUND('',#906,.T.);
#630=FACE_OUTER_BOUND('',#907,.T.);
#631=FACE_OUTER_BOUND('',#908,.T.);
#632=FACE_OUTER_BOUND('',#909,.T.);
#633=FACE_OUTER_BOUND('',#910,.T.);
#634=FACE_OUTER_BOUND('',#911,.T.);
#635=FACE_OUTER_BOUND('',#912,.T.);
#636=FACE_OUTER_BOUND('',#913,.T.);
#637=FACE_OUTER_BOUND('',#914,.T.);
#638=FACE_OUTER_BOUND('',#915,.T.);
#639=FACE_OUTER_BOUND('',#916,.T.);
#640=FACE_OUTER_BOUND('',#917,.T.);
#641=FACE_OUTER_BOUND('',#918,.T.);
#642=FACE_OUTER_BOUND('',#919,.T.);
#643=FACE_OUTER_BOUND('',#920,.T.);
#644=FACE_OUTER_BOUND('',#921,.T.);
#645=FACE_OUTER_BOUND('',#922,.T.);
#646=FACE_OUTER_BOUND('',#923,.T.);
#647=FACE_OUTER_BOUND('',#924,.T.);
#648=FACE_OUTER_BOUND('',#925,.T.);
#649=FACE_OUTER_BOUND('',#926,.T.);
#650=FACE_OUTER_BOUND('',#927,.T.);
#651=FACE_OUTER_BOUND('',#928,.T.);
#652=FACE_OUTER_BOUND('',#929,.T.);
#653=FACE_OUTER_BOUND('',#930,.T.);
#654=FACE_OUTER_BOUND('',#931,.T.);
#655=FACE_OUTER_BOUND('',#932,.T.);
#656=FACE_OUTER_BOUND('',#933,.T.);
#657=FACE_OUTER_BOUND('',#934,.T.);
#658=FACE_OUTER_BOUND('',#935,.T.);
#659=FACE_OUTER_BOUND('',#936,.T.);
#660=FACE_OUTER_BOUND('',#937,.T.);
#661=FACE_OUTER_BOUND('',#938,.T.);
#662=FACE_OUTER_BOUND('',#939,.T.);
#663=FACE_OUTER_BOUND('',#940,.T.);
#664=FACE_OUTER_BOUND('',#943,.T.);
#665=FACE_OUTER_BOUND('',#946,.T.);
#666=FACE_OUTER_BOUND('',#947,.T.);
#667=FACE_OUTER_BOUND('',#948,.T.);
#668=FACE_OUTER_BOUND('',#949,.T.);
#669=FACE_OUTER_BOUND('',#950,.T.);
#670=FACE_OUTER_BOUND('',#951,.T.);
#671=FACE_OUTER_BOUND('',#952,.T.);
#672=FACE_OUTER_BOUND('',#953,.T.);
#673=FACE_OUTER_BOUND('',#954,.T.);
#674=FACE_OUTER_BOUND('',#955,.T.);
#675=FACE_OUTER_BOUND('',#956,.T.);
#676=FACE_OUTER_BOUND('',#957,.T.);
#677=FACE_OUTER_BOUND('',#958,.T.);
#678=FACE_OUTER_BOUND('',#959,.T.);
#679=FACE_OUTER_BOUND('',#960,.T.);
#680=FACE_OUTER_BOUND('',#961,.T.);
#681=FACE_OUTER_BOUND('',#962,.T.);
#682=FACE_OUTER_BOUND('',#963,.T.);
#683=FACE_OUTER_BOUND('',#964,.T.);
#684=FACE_OUTER_BOUND('',#965,.T.);
#685=FACE_OUTER_BOUND('',#966,.T.);
#686=FACE_OUTER_BOUND('',#967,.T.);
#687=FACE_OUTER_BOUND('',#968,.T.);
#688=FACE_OUTER_BOUND('',#969,.T.);
#689=FACE_OUTER_BOUND('',#970,.T.);
#690=FACE_OUTER_BOUND('',#971,.T.);
#691=FACE_OUTER_BOUND('',#972,.T.);
#692=FACE_OUTER_BOUND('',#973,.T.);
#693=FACE_OUTER_BOUND('',#974,.T.);
#694=FACE_OUTER_BOUND('',#975,.T.);
#695=FACE_OUTER_BOUND('',#976,.T.);
#696=FACE_OUTER_BOUND('',#977,.T.);
#697=FACE_OUTER_BOUND('',#978,.T.);
#698=FACE_OUTER_BOUND('',#979,.T.);
#699=FACE_OUTER_BOUND('',#980,.T.);
#700=FACE_OUTER_BOUND('',#981,.T.);
#701=FACE_OUTER_BOUND('',#982,.T.);
#702=FACE_OUTER_BOUND('',#983,.T.);
#703=FACE_OUTER_BOUND('',#984,.T.);
#704=FACE_OUTER_BOUND('',#985,.T.);
#705=FACE_OUTER_BOUND('',#987,.T.);
#706=FACE_OUTER_BOUND('',#989,.T.);
#707=FACE_OUTER_BOUND('',#990,.T.);
#708=FACE_OUTER_BOUND('',#991,.T.);
#709=FACE_OUTER_BOUND('',#992,.T.);
#710=FACE_OUTER_BOUND('',#993,.T.);
#711=FACE_OUTER_BOUND('',#994,.T.);
#712=FACE_OUTER_BOUND('',#995,.T.);
#713=FACE_OUTER_BOUND('',#996,.T.);
#714=FACE_OUTER_BOUND('',#997,.T.);
#715=FACE_OUTER_BOUND('',#998,.T.);
#716=FACE_OUTER_BOUND('',#999,.T.);
#717=FACE_OUTER_BOUND('',#1000,.T.);
#718=FACE_OUTER_BOUND('',#1001,.T.);
#719=FACE_OUTER_BOUND('',#1002,.T.);
#720=FACE_OUTER_BOUND('',#1003,.T.);
#721=FACE_OUTER_BOUND('',#1004,.T.);
#722=FACE_OUTER_BOUND('',#1005,.T.);
#723=FACE_OUTER_BOUND('',#1006,.T.);
#724=FACE_OUTER_BOUND('',#1007,.T.);
#725=FACE_OUTER_BOUND('',#1008,.T.);
#726=FACE_OUTER_BOUND('',#1009,.T.);
#727=FACE_OUTER_BOUND('',#1010,.T.);
#728=FACE_OUTER_BOUND('',#1011,.T.);
#729=FACE_OUTER_BOUND('',#1012,.T.);
#730=FACE_OUTER_BOUND('',#1013,.T.);
#731=FACE_OUTER_BOUND('',#1014,.T.);
#732=FACE_OUTER_BOUND('',#1015,.T.);
#733=FACE_OUTER_BOUND('',#1016,.T.);
#734=FACE_OUTER_BOUND('',#1017,.T.);
#735=FACE_OUTER_BOUND('',#1018,.T.);
#736=FACE_OUTER_BOUND('',#1019,.T.);
#737=FACE_OUTER_BOUND('',#1020,.T.);
#738=FACE_OUTER_BOUND('',#1021,.T.);
#739=FACE_OUTER_BOUND('',#1022,.T.);
#740=FACE_OUTER_BOUND('',#1023,.T.);
#741=FACE_OUTER_BOUND('',#1024,.T.);
#742=EDGE_LOOP('',(#3148,#3149,#3150,#3151));
#743=EDGE_LOOP('',(#3152,#3153,#3154,#3155));
#744=EDGE_LOOP('',(#3156,#3157,#3158,#3159));
#745=EDGE_LOOP('',(#3160,#3161,#3162,#3163));
#746=EDGE_LOOP('',(#3164,#3165,#3166,#3167));
#747=EDGE_LOOP('',(#3168,#3169,#3170,#3171));
#748=EDGE_LOOP('',(#3172,#3173,#3174,#3175,#3176,#3177,#3178,#3179,#3180,
#3181));
#749=EDGE_LOOP('',(#3182,#3183,#3184,#3185));
#750=EDGE_LOOP('',(#3186,#3187,#3188,#3189));
#751=EDGE_LOOP('',(#3190,#3191,#3192,#3193));
#752=EDGE_LOOP('',(#3194,#3195,#3196,#3197));
#753=EDGE_LOOP('',(#3198,#3199,#3200,#3201));
#754=EDGE_LOOP('',(#3202,#3203,#3204,#3205));
#755=EDGE_LOOP('',(#3206,#3207,#3208,#3209));
#756=EDGE_LOOP('',(#3210,#3211,#3212,#3213));
#757=EDGE_LOOP('',(#3214,#3215,#3216,#3217));
#758=EDGE_LOOP('',(#3218,#3219,#3220,#3221));
#759=EDGE_LOOP('',(#3222,#3223,#3224,#3225,#3226,#3227,#3228,#3229,#3230,
#3231));
#760=EDGE_LOOP('',(#3232,#3233,#3234,#3235));
#761=EDGE_LOOP('',(#3236,#3237,#3238,#3239));
#762=EDGE_LOOP('',(#3240,#3241,#3242,#3243));
#763=EDGE_LOOP('',(#3244,#3245,#3246,#3247));
#764=EDGE_LOOP('',(#3248,#3249,#3250,#3251));
#765=EDGE_LOOP('',(#3252,#3253,#3254,#3255));
#766=EDGE_LOOP('',(#3256,#3257,#3258,#3259));
#767=EDGE_LOOP('',(#3260,#3261,#3262,#3263));
#768=EDGE_LOOP('',(#3264,#3265,#3266,#3267));
#769=EDGE_LOOP('',(#3268,#3269,#3270,#3271));
#770=EDGE_LOOP('',(#3272,#3273,#3274,#3275));
#771=EDGE_LOOP('',(#3276,#3277,#3278,#3279));
#772=EDGE_LOOP('',(#3280,#3281,#3282,#3283));
#773=EDGE_LOOP('',(#3284,#3285,#3286,#3287));
#774=EDGE_LOOP('',(#3288,#3289,#3290,#3291));
#775=EDGE_LOOP('',(#3292,#3293,#3294,#3295));
#776=EDGE_LOOP('',(#3296,#3297,#3298,#3299));
#777=EDGE_LOOP('',(#3300,#3301,#3302,#3303));
#778=EDGE_LOOP('',(#3304,#3305,#3306,#3307));
#779=EDGE_LOOP('',(#3308,#3309,#3310,#3311));
#780=EDGE_LOOP('',(#3312,#3313,#3314,#3315));
#781=EDGE_LOOP('',(#3316,#3317,#3318,#3319));
#782=EDGE_LOOP('',(#3320,#3321,#3322,#3323));
#783=EDGE_LOOP('',(#3324,#3325,#3326,#3327));
#784=EDGE_LOOP('',(#3328,#3329,#3330,#3331));
#785=EDGE_LOOP('',(#3332,#3333,#3334,#3335));
#786=EDGE_LOOP('',(#3336,#3337,#3338,#3339));
#787=EDGE_LOOP('',(#3340,#3341,#3342,#3343));
#788=EDGE_LOOP('',(#3344,#3345,#3346,#3347));
#789=EDGE_LOOP('',(#3348,#3349,#3350,#3351));
#790=EDGE_LOOP('',(#3352,#3353,#3354,#3355,#3356,#3357,#3358,#3359,#3360,
#3361,#3362,#3363,#3364,#3365,#3366,#3367,#3368,#3369,#3370,#3371,#3372,
#3373,#3374,#3375,#3376,#3377,#3378,#3379,#3380,#3381));
#791=EDGE_LOOP('',(#3382,#3383,#3384,#3385,#3386,#3387,#3388,#3389,#3390,
#3391,#3392,#3393,#3394,#3395,#3396,#3397,#3398,#3399,#3400,#3401,#3402,
#3403,#3404,#3405,#3406,#3407,#3408,#3409,#3410,#3411));
#792=EDGE_LOOP('',(#3412,#3413,#3414,#3415));
#793=EDGE_LOOP('',(#3416,#3417,#3418,#3419));
#794=EDGE_LOOP('',(#3420,#3421,#3422,#3423));
#795=EDGE_LOOP('',(#3424,#3425,#3426,#3427));
#796=EDGE_LOOP('',(#3428,#3429,#3430,#3431));
#797=EDGE_LOOP('',(#3432,#3433,#3434,#3435));
#798=EDGE_LOOP('',(#3436,#3437,#3438,#3439));
#799=EDGE_LOOP('',(#3440,#3441,#3442,#3443));
#800=EDGE_LOOP('',(#3444,#3445,#3446,#3447));
#801=EDGE_LOOP('',(#3448,#3449,#3450,#3451));
#802=EDGE_LOOP('',(#3452,#3453,#3454,#3455));
#803=EDGE_LOOP('',(#3456,#3457,#3458,#3459));
#804=EDGE_LOOP('',(#3460,#3461,#3462,#3463));
#805=EDGE_LOOP('',(#3464,#3465,#3466,#3467));
#806=EDGE_LOOP('',(#3468,#3469,#3470,#3471));
#807=EDGE_LOOP('',(#3472,#3473,#3474,#3475));
#808=EDGE_LOOP('',(#3476,#3477,#3478,#3479));
#809=EDGE_LOOP('',(#3480,#3481,#3482,#3483));
#810=EDGE_LOOP('',(#3484,#3485,#3486,#3487));
#811=EDGE_LOOP('',(#3488,#3489,#3490,#3491));
#812=EDGE_LOOP('',(#3492,#3493,#3494,#3495));
#813=EDGE_LOOP('',(#3496,#3497,#3498,#3499));
#814=EDGE_LOOP('',(#3500,#3501,#3502,#3503));
#815=EDGE_LOOP('',(#3504,#3505,#3506,#3507));
#816=EDGE_LOOP('',(#3508,#3509,#3510,#3511));
#817=EDGE_LOOP('',(#3512,#3513,#3514,#3515));
#818=EDGE_LOOP('',(#3516,#3517,#3518,#3519));
#819=EDGE_LOOP('',(#3520,#3521,#3522,#3523,#3524,#3525,#3526,#3527,#3528,
#3529,#3530,#3531,#3532,#3533,#3534,#3535,#3536,#3537));
#820=EDGE_LOOP('',(#3538,#3539,#3540,#3541,#3542,#3543,#3544,#3545,#3546));
#821=EDGE_LOOP('',(#3547,#3548,#3549,#3550,#3551,#3552,#3553,#3554,#3555,
#3556,#3557,#3558,#3559,#3560,#3561,#3562,#3563,#3564));
#822=EDGE_LOOP('',(#3565,#3566,#3567,#3568,#3569,#3570,#3571,#3572,#3573));
#823=EDGE_LOOP('',(#3574,#3575,#3576,#3577));
#824=EDGE_LOOP('',(#3578,#3579,#3580,#3581));
#825=EDGE_LOOP('',(#3582,#3583,#3584,#3585));
#826=EDGE_LOOP('',(#3586,#3587,#3588,#3589));
#827=EDGE_LOOP('',(#3590,#3591,#3592,#3593));
#828=EDGE_LOOP('',(#3594,#3595,#3596,#3597));
#829=EDGE_LOOP('',(#3598,#3599,#3600,#3601));
#830=EDGE_LOOP('',(#3602,#3603,#3604,#3605));
#831=EDGE_LOOP('',(#3606,#3607,#3608,#3609));
#832=EDGE_LOOP('',(#3610,#3611,#3612,#3613));
#833=EDGE_LOOP('',(#3614,#3615,#3616,#3617));
#834=EDGE_LOOP('',(#3618,#3619,#3620,#3621));
#835=EDGE_LOOP('',(#3622,#3623,#3624,#3625));
#836=EDGE_LOOP('',(#3626,#3627,#3628,#3629));
#837=EDGE_LOOP('',(#3630,#3631,#3632,#3633));
#838=EDGE_LOOP('',(#3634,#3635,#3636,#3637));
#839=EDGE_LOOP('',(#3638,#3639,#3640,#3641));
#840=EDGE_LOOP('',(#3642,#3643,#3644,#3645));
#841=EDGE_LOOP('',(#3646,#3647,#3648,#3649,#3650,#3651,#3652,#3653,#3654,
#3655,#3656,#3657,#3658,#3659,#3660,#3661,#3662,#3663));
#842=EDGE_LOOP('',(#3664,#3665,#3666,#3667,#3668,#3669,#3670,#3671,#3672,
#3673,#3674,#3675,#3676,#3677,#3678,#3679,#3680,#3681));
#843=EDGE_LOOP('',(#3682,#3683,#3684,#3685,#3686,#3687,#3688,#3689,#3690,
#3691,#3692,#3693));
#844=EDGE_LOOP('',(#3694,#3695,#3696,#3697));
#845=EDGE_LOOP('',(#3698,#3699,#3700,#3701));
#846=EDGE_LOOP('',(#3702,#3703,#3704,#3705));
#847=EDGE_LOOP('',(#3706,#3707,#3708,#3709));
#848=EDGE_LOOP('',(#3710,#3711,#3712,#3713));
#849=EDGE_LOOP('',(#3714,#3715,#3716,#3717));
#850=EDGE_LOOP('',(#3718,#3719,#3720,#3721));
#851=EDGE_LOOP('',(#3722,#3723,#3724,#3725));
#852=EDGE_LOOP('',(#3726,#3727,#3728,#3729));
#853=EDGE_LOOP('',(#3730,#3731,#3732,#3733));
#854=EDGE_LOOP('',(#3734,#3735,#3736,#3737));
#855=EDGE_LOOP('',(#3738,#3739,#3740,#3741));
#856=EDGE_LOOP('',(#3742,#3743,#3744,#3745,#3746,#3747,#3748,#3749,#3750,
#3751,#3752,#3753));
#857=EDGE_LOOP('',(#3754,#3755,#3756,#3757));
#858=EDGE_LOOP('',(#3758,#3759,#3760,#3761));
#859=EDGE_LOOP('',(#3762,#3763,#3764,#3765));
#860=EDGE_LOOP('',(#3766,#3767,#3768,#3769));
#861=EDGE_LOOP('',(#3770,#3771,#3772,#3773));
#862=EDGE_LOOP('',(#3774,#3775,#3776,#3777));
#863=EDGE_LOOP('',(#3778,#3779,#3780,#3781,#3782,#3783,#3784,#3785,#3786,
#3787,#3788,#3789,#3790,#3791,#3792));
#864=EDGE_LOOP('',(#3793,#3794,#3795,#3796,#3797,#3798,#3799,#3800,#3801));
#865=EDGE_LOOP('',(#3802,#3803,#3804,#3805,#3806,#3807,#3808,#3809,#3810));
#866=EDGE_LOOP('',(#3811,#3812,#3813,#3814));
#867=EDGE_LOOP('',(#3815,#3816,#3817,#3818));
#868=EDGE_LOOP('',(#3819,#3820,#3821,#3822));
#869=EDGE_LOOP('',(#3823,#3824,#3825,#3826));
#870=EDGE_LOOP('',(#3827,#3828,#3829,#3830));
#871=EDGE_LOOP('',(#3831,#3832,#3833,#3834));
#872=EDGE_LOOP('',(#3835,#3836,#3837,#3838));
#873=EDGE_LOOP('',(#3839,#3840,#3841,#3842));
#874=EDGE_LOOP('',(#3843,#3844,#3845,#3846));
#875=EDGE_LOOP('',(#3847,#3848,#3849,#3850));
#876=EDGE_LOOP('',(#3851,#3852,#3853,#3854));
#877=EDGE_LOOP('',(#3855,#3856,#3857,#3858));
#878=EDGE_LOOP('',(#3859,#3860,#3861,#3862));
#879=EDGE_LOOP('',(#3863,#3864,#3865,#3866));
#880=EDGE_LOOP('',(#3867,#3868,#3869,#3870));
#881=EDGE_LOOP('',(#3871,#3872,#3873,#3874));
#882=EDGE_LOOP('',(#3875,#3876,#3877,#3878));
#883=EDGE_LOOP('',(#3879,#3880,#3881,#3882));
#884=EDGE_LOOP('',(#3883,#3884,#3885,#3886));
#885=EDGE_LOOP('',(#3887,#3888,#3889,#3890));
#886=EDGE_LOOP('',(#3891,#3892,#3893,#3894));
#887=EDGE_LOOP('',(#3895,#3896,#3897,#3898));
#888=EDGE_LOOP('',(#3899,#3900,#3901,#3902));
#889=EDGE_LOOP('',(#3903,#3904,#3905,#3906));
#890=EDGE_LOOP('',(#3907,#3908,#3909,#3910));
#891=EDGE_LOOP('',(#3911,#3912,#3913,#3914));
#892=EDGE_LOOP('',(#3915,#3916,#3917,#3918));
#893=EDGE_LOOP('',(#3919,#3920,#3921,#3922));
#894=EDGE_LOOP('',(#3923,#3924,#3925,#3926));
#895=EDGE_LOOP('',(#3927,#3928,#3929,#3930));
#896=EDGE_LOOP('',(#3931,#3932,#3933,#3934));
#897=EDGE_LOOP('',(#3935,#3936,#3937,#3938));
#898=EDGE_LOOP('',(#3939,#3940,#3941,#3942));
#899=EDGE_LOOP('',(#3943,#3944,#3945,#3946,#3947,#3948,#3949,#3950,#3951,
#3952,#3953,#3954,#3955,#3956,#3957));
#900=EDGE_LOOP('',(#3958,#3959,#3960,#3961,#3962,#3963,#3964,#3965,#3966));
#901=EDGE_LOOP('',(#3967,#3968,#3969,#3970,#3971,#3972,#3973,#3974,#3975));
#902=EDGE_LOOP('',(#3976,#3977,#3978,#3979));
#903=EDGE_LOOP('',(#3980,#3981,#3982,#3983));
#904=EDGE_LOOP('',(#3984,#3985,#3986,#3987));
#905=EDGE_LOOP('',(#3988,#3989,#3990,#3991));
#906=EDGE_LOOP('',(#3992,#3993,#3994,#3995));
#907=EDGE_LOOP('',(#3996,#3997,#3998,#3999));
#908=EDGE_LOOP('',(#4000,#4001,#4002,#4003));
#909=EDGE_LOOP('',(#4004,#4005,#4006,#4007));
#910=EDGE_LOOP('',(#4008,#4009,#4010,#4011));
#911=EDGE_LOOP('',(#4012,#4013,#4014,#4015));
#912=EDGE_LOOP('',(#4016,#4017,#4018,#4019));
#913=EDGE_LOOP('',(#4020,#4021,#4022,#4023));
#914=EDGE_LOOP('',(#4024,#4025,#4026,#4027));
#915=EDGE_LOOP('',(#4028,#4029,#4030,#4031));
#916=EDGE_LOOP('',(#4032,#4033,#4034,#4035));
#917=EDGE_LOOP('',(#4036,#4037,#4038,#4039));
#918=EDGE_LOOP('',(#4040,#4041,#4042,#4043));
#919=EDGE_LOOP('',(#4044,#4045,#4046,#4047));
#920=EDGE_LOOP('',(#4048,#4049,#4050,#4051));
#921=EDGE_LOOP('',(#4052,#4053,#4054,#4055));
#922=EDGE_LOOP('',(#4056,#4057,#4058,#4059));
#923=EDGE_LOOP('',(#4060,#4061,#4062,#4063));
#924=EDGE_LOOP('',(#4064,#4065,#4066,#4067));
#925=EDGE_LOOP('',(#4068,#4069,#4070,#4071));
#926=EDGE_LOOP('',(#4072,#4073,#4074,#4075));
#927=EDGE_LOOP('',(#4076,#4077,#4078,#4079));
#928=EDGE_LOOP('',(#4080,#4081,#4082,#4083));
#929=EDGE_LOOP('',(#4084,#4085,#4086,#4087));
#930=EDGE_LOOP('',(#4088,#4089,#4090,#4091));
#931=EDGE_LOOP('',(#4092,#4093,#4094,#4095));
#932=EDGE_LOOP('',(#4096,#4097,#4098,#4099));
#933=EDGE_LOOP('',(#4100,#4101,#4102,#4103));
#934=EDGE_LOOP('',(#4104,#4105,#4106,#4107));
#935=EDGE_LOOP('',(#4108,#4109,#4110,#4111));
#936=EDGE_LOOP('',(#4112,#4113,#4114,#4115));
#937=EDGE_LOOP('',(#4116,#4117,#4118,#4119));
#938=EDGE_LOOP('',(#4120,#4121,#4122,#4123));
#939=EDGE_LOOP('',(#4124,#4125,#4126,#4127));
#940=EDGE_LOOP('',(#4128,#4129,#4130,#4131,#4132,#4133,#4134,#4135,#4136,
#4137,#4138,#4139,#4140,#4141,#4142,#4143,#4144,#4145,#4146,#4147,#4148,
#4149,#4150));
#941=EDGE_LOOP('',(#4151,#4152,#4153,#4154,#4155,#4156,#4157));
#942=EDGE_LOOP('',(#4158,#4159,#4160,#4161,#4162,#4163,#4164,#4165));
#943=EDGE_LOOP('',(#4166,#4167,#4168,#4169,#4170,#4171,#4172,#4173,#4174,
#4175,#4176,#4177,#4178,#4179,#4180,#4181,#4182,#4183,#4184,#4185,#4186,
#4187,#4188));
#944=EDGE_LOOP('',(#4189,#4190,#4191,#4192,#4193,#4194,#4195));
#945=EDGE_LOOP('',(#4196,#4197,#4198,#4199,#4200,#4201,#4202,#4203));
#946=EDGE_LOOP('',(#4204,#4205,#4206,#4207));
#947=EDGE_LOOP('',(#4208,#4209,#4210,#4211));
#948=EDGE_LOOP('',(#4212,#4213,#4214,#4215));
#949=EDGE_LOOP('',(#4216,#4217,#4218,#4219));
#950=EDGE_LOOP('',(#4220,#4221,#4222,#4223));
#951=EDGE_LOOP('',(#4224,#4225,#4226,#4227));
#952=EDGE_LOOP('',(#4228,#4229,#4230,#4231));
#953=EDGE_LOOP('',(#4232,#4233,#4234,#4235));
#954=EDGE_LOOP('',(#4236,#4237,#4238,#4239));
#955=EDGE_LOOP('',(#4240,#4241,#4242,#4243));
#956=EDGE_LOOP('',(#4244,#4245,#4246,#4247,#4248,#4249,#4250,#4251,#4252,
#4253));
#957=EDGE_LOOP('',(#4254,#4255,#4256,#4257,#4258,#4259,#4260,#4261,#4262,
#4263));
#958=EDGE_LOOP('',(#4264,#4265,#4266,#4267));
#959=EDGE_LOOP('',(#4268,#4269,#4270,#4271));
#960=EDGE_LOOP('',(#4272,#4273,#4274,#4275));
#961=EDGE_LOOP('',(#4276,#4277,#4278,#4279));
#962=EDGE_LOOP('',(#4280,#4281,#4282,#4283));
#963=EDGE_LOOP('',(#4284,#4285,#4286,#4287));
#964=EDGE_LOOP('',(#4288,#4289,#4290,#4291));
#965=EDGE_LOOP('',(#4292,#4293,#4294,#4295));
#966=EDGE_LOOP('',(#4296,#4297,#4298,#4299));
#967=EDGE_LOOP('',(#4300,#4301,#4302,#4303));
#968=EDGE_LOOP('',(#4304,#4305,#4306,#4307));
#969=EDGE_LOOP('',(#4308,#4309,#4310,#4311));
#970=EDGE_LOOP('',(#4312,#4313,#4314,#4315));
#971=EDGE_LOOP('',(#4316,#4317,#4318,#4319));
#972=EDGE_LOOP('',(#4320,#4321,#4322,#4323));
#973=EDGE_LOOP('',(#4324,#4325,#4326,#4327));
#974=EDGE_LOOP('',(#4328,#4329,#4330,#4331));
#975=EDGE_LOOP('',(#4332,#4333,#4334,#4335));
#976=EDGE_LOOP('',(#4336,#4337,#4338,#4339));
#977=EDGE_LOOP('',(#4340,#4341,#4342,#4343));
#978=EDGE_LOOP('',(#4344,#4345,#4346,#4347));
#979=EDGE_LOOP('',(#4348,#4349,#4350,#4351));
#980=EDGE_LOOP('',(#4352,#4353,#4354,#4355));
#981=EDGE_LOOP('',(#4356,#4357,#4358,#4359));
#982=EDGE_LOOP('',(#4360,#4361,#4362,#4363));
#983=EDGE_LOOP('',(#4364,#4365,#4366,#4367));
#984=EDGE_LOOP('',(#4368,#4369,#4370,#4371));
#985=EDGE_LOOP('',(#4372,#4373,#4374,#4375,#4376,#4377,#4378,#4379,#4380,
#4381,#4382,#4383,#4384,#4385,#4386,#4387,#4388,#4389));
#986=EDGE_LOOP('',(#4390,#4391,#4392,#4393,#4394,#4395,#4396,#4397,#4398));
#987=EDGE_LOOP('',(#4399,#4400,#4401,#4402,#4403,#4404,#4405,#4406,#4407,
#4408,#4409,#4410,#4411,#4412,#4413,#4414,#4415,#4416));
#988=EDGE_LOOP('',(#4417,#4418,#4419,#4420,#4421,#4422,#4423,#4424,#4425));
#989=EDGE_LOOP('',(#4426,#4427,#4428,#4429,#4430,#4431,#4432));
#990=EDGE_LOOP('',(#4433,#4434,#4435,#4436));
#991=EDGE_LOOP('',(#4437,#4438,#4439,#4440));
#992=EDGE_LOOP('',(#4441,#4442,#4443,#4444));
#993=EDGE_LOOP('',(#4445,#4446,#4447,#4448));
#994=EDGE_LOOP('',(#4449,#4450,#4451,#4452,#4453,#4454,#4455));
#995=EDGE_LOOP('',(#4456,#4457,#4458,#4459));
#996=EDGE_LOOP('',(#4460,#4461,#4462,#4463));
#997=EDGE_LOOP('',(#4464,#4465,#4466,#4467));
#998=EDGE_LOOP('',(#4468,#4469,#4470,#4471,#4472,#4473,#4474));
#999=EDGE_LOOP('',(#4475,#4476,#4477,#4478));
#1000=EDGE_LOOP('',(#4479,#4480,#4481,#4482));
#1001=EDGE_LOOP('',(#4483,#4484,#4485,#4486));
#1002=EDGE_LOOP('',(#4487,#4488,#4489,#4490));
#1003=EDGE_LOOP('',(#4491,#4492,#4493,#4494));
#1004=EDGE_LOOP('',(#4495,#4496,#4497,#4498));
#1005=EDGE_LOOP('',(#4499,#4500,#4501,#4502));
#1006=EDGE_LOOP('',(#4503,#4504,#4505,#4506,#4507,#4508,#4509));
#1007=EDGE_LOOP('',(#4510,#4511,#4512,#4513,#4514,#4515,#4516));
#1008=EDGE_LOOP('',(#4517,#4518,#4519,#4520));
#1009=EDGE_LOOP('',(#4521,#4522,#4523,#4524));
#1010=EDGE_LOOP('',(#4525,#4526,#4527,#4528));
#1011=EDGE_LOOP('',(#4529,#4530,#4531,#4532));
#1012=EDGE_LOOP('',(#4533,#4534,#4535,#4536,#4537,#4538,#4539));
#1013=EDGE_LOOP('',(#4540,#4541,#4542,#4543));
#1014=EDGE_LOOP('',(#4544,#4545,#4546,#4547));
#1015=EDGE_LOOP('',(#4548,#4549,#4550,#4551));
#1016=EDGE_LOOP('',(#4552,#4553,#4554,#4555,#4556,#4557,#4558));
#1017=EDGE_LOOP('',(#4559,#4560,#4561,#4562));
#1018=EDGE_LOOP('',(#4563,#4564,#4565,#4566));
#1019=EDGE_LOOP('',(#4567,#4568,#4569,#4570));
#1020=EDGE_LOOP('',(#4571,#4572,#4573,#4574));
#1021=EDGE_LOOP('',(#4575,#4576,#4577,#4578));
#1022=EDGE_LOOP('',(#4579,#4580,#4581,#4582));
#1023=EDGE_LOOP('',(#4583,#4584,#4585,#4586));
#1024=EDGE_LOOP('',(#4587,#4588,#4589,#4590,#4591,#4592,#4593));
#1025=LINE('',#5958,#1484);
#1026=LINE('',#5960,#1485);
#1027=LINE('',#5962,#1486);
#1028=LINE('',#5963,#1487);
#1029=LINE('',#5966,#1488);
#1030=LINE('',#5968,#1489);
#1031=LINE('',#5969,#1490);
#1032=LINE('',#5972,#1491);
#1033=LINE('',#5973,#1492);
#1034=LINE('',#5976,#1493);
#1035=LINE('',#5977,#1494);
#1036=LINE('',#5979,#1495);
#1037=LINE('',#5984,#1496);
#1038=LINE('',#5986,#1497);
#1039=LINE('',#5988,#1498);
#1040=LINE('',#5990,#1499);
#1041=LINE('',#5992,#1500);
#1042=LINE('',#5994,#1501);
#1043=LINE('',#5996,#1502);
#1044=LINE('',#5998,#1503);
#1045=LINE('',#6000,#1504);
#1046=LINE('',#6001,#1505);
#1047=LINE('',#6004,#1506);
#1048=LINE('',#6006,#1507);
#1049=LINE('',#6007,#1508);
#1050=LINE('',#6010,#1509);
#1051=LINE('',#6011,#1510);
#1052=LINE('',#6014,#1511);
#1053=LINE('',#6015,#1512);
#1054=LINE('',#6018,#1513);
#1055=LINE('',#6019,#1514);
#1056=LINE('',#6022,#1515);
#1057=LINE('',#6023,#1516);
#1058=LINE('',#6026,#1517);
#1059=LINE('',#6027,#1518);
#1060=LINE('',#6030,#1519);
#1061=LINE('',#6031,#1520);
#1062=LINE('',#6034,#1521);
#1063=LINE('',#6035,#1522);
#1064=LINE('',#6038,#1523);
#1065=LINE('',#6039,#1524);
#1066=LINE('',#6041,#1525);
#1067=LINE('',#6046,#1526);
#1068=LINE('',#6048,#1527);
#1069=LINE('',#6050,#1528);
#1070=LINE('',#6051,#1529);
#1071=LINE('',#6074,#1530);
#1072=LINE('',#6097,#1531);
#1073=LINE('',#6120,#1532);
#1074=LINE('',#6143,#1533);
#1075=LINE('',#6166,#1534);
#1076=LINE('',#6189,#1535);
#1077=LINE('',#6212,#1536);
#1078=LINE('',#6235,#1537);
#1079=LINE('',#6258,#1538);
#1080=LINE('',#6281,#1539);
#1081=LINE('',#6304,#1540);
#1082=LINE('',#6327,#1541);
#1083=LINE('',#6350,#1542);
#1084=LINE('',#6373,#1543);
#1085=LINE('',#6376,#1544);
#1086=LINE('',#6378,#1545);
#1087=LINE('',#6379,#1546);
#1088=LINE('',#6402,#1547);
#1089=LINE('',#6425,#1548);
#1090=LINE('',#6448,#1549);
#1091=LINE('',#6471,#1550);
#1092=LINE('',#6494,#1551);
#1093=LINE('',#6517,#1552);
#1094=LINE('',#6540,#1553);
#1095=LINE('',#6563,#1554);
#1096=LINE('',#6586,#1555);
#1097=LINE('',#6609,#1556);
#1098=LINE('',#6632,#1557);
#1099=LINE('',#6655,#1558);
#1100=LINE('',#6678,#1559);
#1101=LINE('',#6704,#1560);
#1102=LINE('',#6706,#1561);
#1103=LINE('',#6708,#1562);
#1104=LINE('',#6709,#1563);
#1105=LINE('',#6732,#1564);
#1106=LINE('',#6755,#1565);
#1107=LINE('',#6778,#1566);
#1108=LINE('',#6801,#1567);
#1109=LINE('',#6824,#1568);
#1110=LINE('',#6847,#1569);
#1111=LINE('',#6850,#1570);
#1112=LINE('',#6852,#1571);
#1113=LINE('',#6853,#1572);
#1114=LINE('',#6855,#1573);
#1115=LINE('',#6856,#1574);
#1116=LINE('',#6860,#1575);
#1117=LINE('',#6862,#1576);
#1118=LINE('',#6864,#1577);
#1119=LINE('',#6865,#1578);
#1120=LINE('',#6868,#1579);
#1121=LINE('',#6870,#1580);
#1122=LINE('',#6871,#1581);
#1123=LINE('',#6894,#1582);
#1124=LINE('',#6917,#1583);
#1125=LINE('',#6940,#1584);
#1126=LINE('',#6963,#1585);
#1127=LINE('',#6986,#1586);
#1128=LINE('',#7009,#1587);
#1129=LINE('',#7032,#1588);
#1130=LINE('',#7035,#1589);
#1131=LINE('',#7037,#1590);
#1132=LINE('',#7038,#1591);
#1133=LINE('',#7041,#1592);
#1134=LINE('',#7043,#1593);
#1135=LINE('',#7044,#1594);
#1136=LINE('',#7047,#1595);
#1137=LINE('',#7049,#1596);
#1138=LINE('',#7050,#1597);
#1139=LINE('',#7073,#1598);
#1140=LINE('',#7096,#1599);
#1141=LINE('',#7119,#1600);
#1142=LINE('',#7122,#1601);
#1143=LINE('',#7124,#1602);
#1144=LINE('',#7125,#1603);
#1145=LINE('',#7128,#1604);
#1146=LINE('',#7130,#1605);
#1147=LINE('',#7131,#1606);
#1148=LINE('',#7133,#1607);
#1149=LINE('',#7134,#1608);
#1150=LINE('',#7140,#1609);
#1151=LINE('',#7142,#1610);
#1152=LINE('',#7144,#1611);
#1153=LINE('',#7145,#1612);
#1154=LINE('',#7168,#1613);
#1155=LINE('',#7191,#1614);
#1156=LINE('',#7214,#1615);
#1157=LINE('',#7237,#1616);
#1158=LINE('',#7260,#1617);
#1159=LINE('',#7283,#1618);
#1160=LINE('',#7306,#1619);
#1161=LINE('',#7329,#1620);
#1162=LINE('',#7332,#1621);
#1163=LINE('',#7334,#1622);
#1164=LINE('',#7335,#1623);
#1165=LINE('',#7358,#1624);
#1166=LINE('',#7381,#1625);
#1167=LINE('',#7404,#1626);
#1168=LINE('',#7427,#1627);
#1169=LINE('',#7450,#1628);
#1170=LINE('',#7473,#1629);
#1171=LINE('',#7496,#1630);
#1172=LINE('',#7522,#1631);
#1173=LINE('',#7524,#1632);
#1174=LINE('',#7526,#1633);
#1175=LINE('',#7528,#1634);
#1176=LINE('',#7530,#1635);
#1177=LINE('',#7532,#1636);
#1178=LINE('',#7534,#1637);
#1179=LINE('',#7536,#1638);
#1180=LINE('',#7538,#1639);
#1181=LINE('',#7540,#1640);
#1182=LINE('',#7542,#1641);
#1183=LINE('',#7543,#1642);
#1184=LINE('',#7546,#1643);
#1185=LINE('',#7548,#1644);
#1186=LINE('',#7549,#1645);
#1187=LINE('',#7552,#1646);
#1188=LINE('',#7553,#1647);
#1189=LINE('',#7556,#1648);
#1190=LINE('',#7557,#1649);
#1191=LINE('',#7560,#1650);
#1192=LINE('',#7561,#1651);
#1193=LINE('',#7564,#1652);
#1194=LINE('',#7565,#1653);
#1195=LINE('',#7568,#1654);
#1196=LINE('',#7569,#1655);
#1197=LINE('',#7572,#1656);
#1198=LINE('',#7573,#1657);
#1199=LINE('',#7576,#1658);
#1200=LINE('',#7577,#1659);
#1201=LINE('',#7580,#1660);
#1202=LINE('',#7581,#1661);
#1203=LINE('',#7584,#1662);
#1204=LINE('',#7585,#1663);
#1205=LINE('',#7588,#1664);
#1206=LINE('',#7589,#1665);
#1207=LINE('',#7591,#1666);
#1208=LINE('',#7596,#1667);
#1209=LINE('',#7598,#1668);
#1210=LINE('',#7600,#1669);
#1211=LINE('',#7601,#1670);
#1212=LINE('',#7604,#1671);
#1213=LINE('',#7606,#1672);
#1214=LINE('',#7607,#1673);
#1215=LINE('',#7610,#1674);
#1216=LINE('',#7611,#1675);
#1217=LINE('',#7614,#1676);
#1218=LINE('',#7615,#1677);
#1219=LINE('',#7617,#1678);
#1220=LINE('',#7622,#1679);
#1221=LINE('',#7624,#1680);
#1222=LINE('',#7721,#1681);
#1223=LINE('',#7724,#1682);
#1224=LINE('',#7773,#1683);
#1225=LINE('',#7774,#1684);
#1226=LINE('',#7777,#1685);
#1227=LINE('',#7826,#1686);
#1228=LINE('',#7827,#1687);
#1229=LINE('',#7839,#1688);
#1230=LINE('',#7846,#1689);
#1231=LINE('',#7858,#1690);
#1232=LINE('',#7875,#1691);
#1233=LINE('',#7892,#1692);
#1234=LINE('',#7900,#1693);
#1235=LINE('',#7901,#1694);
#1236=LINE('',#7913,#1695);
#1237=LINE('',#7920,#1696);
#1238=LINE('',#7932,#1697);
#1239=LINE('',#7949,#1698);
#1240=LINE('',#7966,#1699);
#1241=LINE('',#7974,#1700);
#1242=LINE('',#7975,#1701);
#1243=LINE('',#7987,#1702);
#1244=LINE('',#7994,#1703);
#1245=LINE('',#8006,#1704);
#1246=LINE('',#8023,#1705);
#1247=LINE('',#8040,#1706);
#1248=LINE('',#8057,#1707);
#1249=LINE('',#8074,#1708);
#1250=LINE('',#8082,#1709);
#1251=LINE('',#8083,#1710);
#1252=LINE('',#8086,#1711);
#1253=LINE('',#8087,#1712);
#1254=LINE('',#8090,#1713);
#1255=LINE('',#8091,#1714);
#1256=LINE('',#8094,#1715);
#1257=LINE('',#8095,#1716);
#1258=LINE('',#8107,#1717);
#1259=LINE('',#8130,#1718);
#1260=LINE('',#8131,#1719);
#1261=LINE('',#8134,#1720);
#1262=LINE('',#8135,#1721);
#1263=LINE('',#8147,#1722);
#1264=LINE('',#8170,#1723);
#1265=LINE('',#8171,#1724);
#1266=LINE('',#8183,#1725);
#1267=LINE('',#8200,#1726);
#1268=LINE('',#8217,#1727);
#1269=LINE('',#8234,#1728);
#1270=LINE('',#8251,#1729);
#1271=LINE('',#8276,#1730);
#1272=LINE('',#8278,#1731);
#1273=LINE('',#8280,#1732);
#1274=LINE('',#8281,#1733);
#1275=LINE('',#8304,#1734);
#1276=LINE('',#8327,#1735);
#1277=LINE('',#8350,#1736);
#1278=LINE('',#8373,#1737);
#1279=LINE('',#8396,#1738);
#1280=LINE('',#8419,#1739);
#1281=LINE('',#8421,#1740);
#1282=LINE('',#8422,#1741);
#1283=LINE('',#8441,#1742);
#1284=LINE('',#8448,#1743);
#1285=LINE('',#8471,#1744);
#1286=LINE('',#8494,#1745);
#1287=LINE('',#8517,#1746);
#1288=LINE('',#8540,#1747);
#1289=LINE('',#8563,#1748);
#1290=LINE('',#8565,#1749);
#1291=LINE('',#8566,#1750);
#1292=LINE('',#8570,#1751);
#1293=LINE('',#8572,#1752);
#1294=LINE('',#8574,#1753);
#1295=LINE('',#8575,#1754);
#1296=LINE('',#8598,#1755);
#1297=LINE('',#8621,#1756);
#1298=LINE('',#8644,#1757);
#1299=LINE('',#8667,#1758);
#1300=LINE('',#8690,#1759);
#1301=LINE('',#8713,#1760);
#1302=LINE('',#8736,#1761);
#1303=LINE('',#8759,#1762);
#1304=LINE('',#8782,#1763);
#1305=LINE('',#8805,#1764);
#1306=LINE('',#8828,#1765);
#1307=LINE('',#8851,#1766);
#1308=LINE('',#8874,#1767);
#1309=LINE('',#8897,#1768);
#1310=LINE('',#8920,#1769);
#1311=LINE('',#8923,#1770);
#1312=LINE('',#8925,#1771);
#1313=LINE('',#8926,#1772);
#1314=LINE('',#8949,#1773);
#1315=LINE('',#8952,#1774);
#1316=LINE('',#8954,#1775);
#1317=LINE('',#8955,#1776);
#1318=LINE('',#8978,#1777);
#1319=LINE('',#9001,#1778);
#1320=LINE('',#9024,#1779);
#1321=LINE('',#9050,#1780);
#1322=LINE('',#9052,#1781);
#1323=LINE('',#9054,#1782);
#1324=LINE('',#9055,#1783);
#1325=LINE('',#9058,#1784);
#1326=LINE('',#9060,#1785);
#1327=LINE('',#9061,#1786);
#1328=LINE('',#9064,#1787);
#1329=LINE('',#9066,#1788);
#1330=LINE('',#9067,#1789);
#1331=LINE('',#9070,#1790);
#1332=LINE('',#9072,#1791);
#1333=LINE('',#9073,#1792);
#1334=LINE('',#9076,#1793);
#1335=LINE('',#9078,#1794);
#1336=LINE('',#9079,#1795);
#1337=LINE('',#9082,#1796);
#1338=LINE('',#9084,#1797);
#1339=LINE('',#9085,#1798);
#1340=LINE('',#9088,#1799);
#1341=LINE('',#9090,#1800);
#1342=LINE('',#9091,#1801);
#1343=LINE('',#9094,#1802);
#1344=LINE('',#9096,#1803);
#1345=LINE('',#9097,#1804);
#1346=LINE('',#9100,#1805);
#1347=LINE('',#9102,#1806);
#1348=LINE('',#9103,#1807);
#1349=LINE('',#9105,#1808);
#1350=LINE('',#9106,#1809);
#1351=LINE('',#9112,#1810);
#1352=LINE('',#9114,#1811);
#1353=LINE('',#9116,#1812);
#1354=LINE('',#9117,#1813);
#1355=LINE('',#9140,#1814);
#1356=LINE('',#9163,#1815);
#1357=LINE('',#9186,#1816);
#1358=LINE('',#9209,#1817);
#1359=LINE('',#9232,#1818);
#1360=LINE('',#9255,#1819);
#1361=LINE('',#9258,#1820);
#1362=LINE('',#9260,#1821);
#1363=LINE('',#9261,#1822);
#1364=LINE('',#9263,#1823);
#1365=LINE('',#9264,#1824);
#1366=LINE('',#9268,#1825);
#1367=LINE('',#9270,#1826);
#1368=LINE('',#9272,#1827);
#1369=LINE('',#9273,#1828);
#1370=LINE('',#9276,#1829);
#1371=LINE('',#9278,#1830);
#1372=LINE('',#9279,#1831);
#1373=LINE('',#9302,#1832);
#1374=LINE('',#9325,#1833);
#1375=LINE('',#9348,#1834);
#1376=LINE('',#9371,#1835);
#1377=LINE('',#9394,#1836);
#1378=LINE('',#9417,#1837);
#1379=LINE('',#9440,#1838);
#1380=LINE('',#9443,#1839);
#1381=LINE('',#9445,#1840);
#1382=LINE('',#9446,#1841);
#1383=LINE('',#9449,#1842);
#1384=LINE('',#9451,#1843);
#1385=LINE('',#9452,#1844);
#1386=LINE('',#9455,#1845);
#1387=LINE('',#9457,#1846);
#1388=LINE('',#9458,#1847);
#1389=LINE('',#9481,#1848);
#1390=LINE('',#9504,#1849);
#1391=LINE('',#9527,#1850);
#1392=LINE('',#9530,#1851);
#1393=LINE('',#9532,#1852);
#1394=LINE('',#9533,#1853);
#1395=LINE('',#9536,#1854);
#1396=LINE('',#9538,#1855);
#1397=LINE('',#9539,#1856);
#1398=LINE('',#9541,#1857);
#1399=LINE('',#9542,#1858);
#1400=LINE('',#9549,#1859);
#1401=LINE('',#9551,#1860);
#1402=LINE('',#9553,#1861);
#1403=LINE('',#9555,#1862);
#1404=LINE('',#9557,#1863);
#1405=LINE('',#9559,#1864);
#1406=LINE('',#9560,#1865);
#1407=LINE('',#9563,#1866);
#1408=LINE('',#9565,#1867);
#1409=LINE('',#9566,#1868);
#1410=LINE('',#9569,#1869);
#1411=LINE('',#9570,#1870);
#1412=LINE('',#9573,#1871);
#1413=LINE('',#9574,#1872);
#1414=LINE('',#9577,#1873);
#1415=LINE('',#9578,#1874);
#1416=LINE('',#9581,#1875);
#1417=LINE('',#9583,#1876);
#1418=LINE('',#9584,#1877);
#1419=LINE('',#9586,#1878);
#1420=LINE('',#9588,#1879);
#1421=LINE('',#9593,#1880);
#1422=LINE('',#9595,#1881);
#1423=LINE('',#9597,#1882);
#1424=LINE('',#9599,#1883);
#1425=LINE('',#9601,#1884);
#1426=LINE('',#9603,#1885);
#1427=LINE('',#9604,#1886);
#1428=LINE('',#9607,#1887);
#1429=LINE('',#9609,#1888);
#1430=LINE('',#9610,#1889);
#1431=LINE('',#9613,#1890);
#1432=LINE('',#9614,#1891);
#1433=LINE('',#9617,#1892);
#1434=LINE('',#9618,#1893);
#1435=LINE('',#9621,#1894);
#1436=LINE('',#9622,#1895);
#1437=LINE('',#9625,#1896);
#1438=LINE('',#9626,#1897);
#1439=LINE('',#9629,#1898);
#1440=LINE('',#9630,#1899);
#1441=LINE('',#9632,#1900);
#1442=LINE('',#9638,#1901);
#1443=LINE('',#9640,#1902);
#1444=LINE('',#9642,#1903);
#1445=LINE('',#9644,#1904);
#1446=LINE('',#9646,#1905);
#1447=LINE('',#9648,#1906);
#1448=LINE('',#9649,#1907);
#1449=LINE('',#9652,#1908);
#1450=LINE('',#9654,#1909);
#1451=LINE('',#9655,#1910);
#1452=LINE('',#9658,#1911);
#1453=LINE('',#9659,#1912);
#1454=LINE('',#9662,#1913);
#1455=LINE('',#9663,#1914);
#1456=LINE('',#9666,#1915);
#1457=LINE('',#9667,#1916);
#1458=LINE('',#9670,#1917);
#1459=LINE('',#9672,#1918);
#1460=LINE('',#9673,#1919);
#1461=LINE('',#9675,#1920);
#1462=LINE('',#9677,#1921);
#1463=LINE('',#9682,#1922);
#1464=LINE('',#9684,#1923);
#1465=LINE('',#9686,#1924);
#1466=LINE('',#9688,#1925);
#1467=LINE('',#9690,#1926);
#1468=LINE('',#9692,#1927);
#1469=LINE('',#9693,#1928);
#1470=LINE('',#9696,#1929);
#1471=LINE('',#9698,#1930);
#1472=LINE('',#9699,#1931);
#1473=LINE('',#9702,#1932);
#1474=LINE('',#9703,#1933);
#1475=LINE('',#9706,#1934);
#1476=LINE('',#9707,#1935);
#1477=LINE('',#9710,#1936);
#1478=LINE('',#9711,#1937);
#1479=LINE('',#9714,#1938);
#1480=LINE('',#9715,#1939);
#1481=LINE('',#9718,#1940);
#1482=LINE('',#9719,#1941);
#1483=LINE('',#9721,#1942);
#1484=VECTOR('',#5206,10.);
#1485=VECTOR('',#5207,10.);
#1486=VECTOR('',#5208,10.);
#1487=VECTOR('',#5209,10.);
#1488=VECTOR('',#5212,10.);
#1489=VECTOR('',#5213,10.);
#1490=VECTOR('',#5214,10.);
#1491=VECTOR('',#5217,10.);
#1492=VECTOR('',#5218,10.);
#1493=VECTOR('',#5221,10.);
#1494=VECTOR('',#5222,10.);
#1495=VECTOR('',#5225,10.);
#1496=VECTOR('',#5230,10.);
#1497=VECTOR('',#5231,10.);
#1498=VECTOR('',#5232,10.);
#1499=VECTOR('',#5233,10.);
#1500=VECTOR('',#5234,10.);
#1501=VECTOR('',#5235,10.);
#1502=VECTOR('',#5236,10.);
#1503=VECTOR('',#5237,10.);
#1504=VECTOR('',#5238,10.);
#1505=VECTOR('',#5239,10.);
#1506=VECTOR('',#5242,10.);
#1507=VECTOR('',#5243,10.);
#1508=VECTOR('',#5244,10.);
#1509=VECTOR('',#5247,10.);
#1510=VECTOR('',#5248,10.);
#1511=VECTOR('',#5251,10.);
#1512=VECTOR('',#5252,10.);
#1513=VECTOR('',#5255,10.);
#1514=VECTOR('',#5256,10.);
#1515=VECTOR('',#5259,10.);
#1516=VECTOR('',#5260,10.);
#1517=VECTOR('',#5263,10.);
#1518=VECTOR('',#5264,10.);
#1519=VECTOR('',#5267,10.);
#1520=VECTOR('',#5268,10.);
#1521=VECTOR('',#5271,10.);
#1522=VECTOR('',#5272,10.);
#1523=VECTOR('',#5275,10.);
#1524=VECTOR('',#5276,10.);
#1525=VECTOR('',#5279,10.);
#1526=VECTOR('',#5284,10.);
#1527=VECTOR('',#5285,10.);
#1528=VECTOR('',#5286,10.);
#1529=VECTOR('',#5287,10.);
#1530=VECTOR('',#5288,10.);
#1531=VECTOR('',#5289,10.);
#1532=VECTOR('',#5290,10.);
#1533=VECTOR('',#5291,10.);
#1534=VECTOR('',#5292,10.);
#1535=VECTOR('',#5293,10.);
#1536=VECTOR('',#5294,10.);
#1537=VECTOR('',#5295,10.);
#1538=VECTOR('',#5296,10.);
#1539=VECTOR('',#5297,10.);
#1540=VECTOR('',#5298,10.);
#1541=VECTOR('',#5299,10.);
#1542=VECTOR('',#5300,10.);
#1543=VECTOR('',#5301,10.);
#1544=VECTOR('',#5304,10.);
#1545=VECTOR('',#5305,10.);
#1546=VECTOR('',#5306,10.);
#1547=VECTOR('',#5307,10.);
#1548=VECTOR('',#5308,10.);
#1549=VECTOR('',#5309,10.);
#1550=VECTOR('',#5310,10.);
#1551=VECTOR('',#5311,10.);
#1552=VECTOR('',#5312,10.);
#1553=VECTOR('',#5313,10.);
#1554=VECTOR('',#5314,10.);
#1555=VECTOR('',#5315,10.);
#1556=VECTOR('',#5316,10.);
#1557=VECTOR('',#5317,10.);
#1558=VECTOR('',#5318,10.);
#1559=VECTOR('',#5319,10.);
#1560=VECTOR('',#5326,10.);
#1561=VECTOR('',#5327,10.);
#1562=VECTOR('',#5328,10.);
#1563=VECTOR('',#5329,10.);
#1564=VECTOR('',#5330,10.);
#1565=VECTOR('',#5331,10.);
#1566=VECTOR('',#5332,10.);
#1567=VECTOR('',#5333,10.);
#1568=VECTOR('',#5334,10.);
#1569=VECTOR('',#5335,10.);
#1570=VECTOR('',#5338,10.);
#1571=VECTOR('',#5339,10.);
#1572=VECTOR('',#5340,10.);
#1573=VECTOR('',#5343,10.);
#1574=VECTOR('',#5344,10.);
#1575=VECTOR('',#5347,10.);
#1576=VECTOR('',#5348,10.);
#1577=VECTOR('',#5349,10.);
#1578=VECTOR('',#5350,10.);
#1579=VECTOR('',#5353,10.);
#1580=VECTOR('',#5354,10.);
#1581=VECTOR('',#5355,10.);
#1582=VECTOR('',#5356,10.);
#1583=VECTOR('',#5357,10.);
#1584=VECTOR('',#5358,10.);
#1585=VECTOR('',#5359,10.);
#1586=VECTOR('',#5360,10.);
#1587=VECTOR('',#5361,10.);
#1588=VECTOR('',#5362,10.);
#1589=VECTOR('',#5365,10.);
#1590=VECTOR('',#5366,10.);
#1591=VECTOR('',#5367,10.);
#1592=VECTOR('',#5370,10.);
#1593=VECTOR('',#5371,10.);
#1594=VECTOR('',#5372,10.);
#1595=VECTOR('',#5375,10.);
#1596=VECTOR('',#5376,10.);
#1597=VECTOR('',#5377,10.);
#1598=VECTOR('',#5378,10.);
#1599=VECTOR('',#5379,10.);
#1600=VECTOR('',#5380,10.);
#1601=VECTOR('',#5383,10.);
#1602=VECTOR('',#5384,10.);
#1603=VECTOR('',#5385,10.);
#1604=VECTOR('',#5388,10.);
#1605=VECTOR('',#5389,10.);
#1606=VECTOR('',#5390,10.);
#1607=VECTOR('',#5393,10.);
#1608=VECTOR('',#5394,10.);
#1609=VECTOR('',#5401,10.);
#1610=VECTOR('',#5402,10.);
#1611=VECTOR('',#5403,10.);
#1612=VECTOR('',#5404,10.);
#1613=VECTOR('',#5405,10.);
#1614=VECTOR('',#5406,10.);
#1615=VECTOR('',#5407,10.);
#1616=VECTOR('',#5408,10.);
#1617=VECTOR('',#5409,10.);
#1618=VECTOR('',#5410,10.);
#1619=VECTOR('',#5411,10.);
#1620=VECTOR('',#5412,10.);
#1621=VECTOR('',#5415,10.);
#1622=VECTOR('',#5416,10.);
#1623=VECTOR('',#5417,10.);
#1624=VECTOR('',#5418,10.);
#1625=VECTOR('',#5419,10.);
#1626=VECTOR('',#5420,10.);
#1627=VECTOR('',#5421,10.);
#1628=VECTOR('',#5422,10.);
#1629=VECTOR('',#5423,10.);
#1630=VECTOR('',#5424,10.);
#1631=VECTOR('',#5431,10.);
#1632=VECTOR('',#5432,10.);
#1633=VECTOR('',#5433,10.);
#1634=VECTOR('',#5434,10.);
#1635=VECTOR('',#5435,10.);
#1636=VECTOR('',#5436,10.);
#1637=VECTOR('',#5437,10.);
#1638=VECTOR('',#5438,10.);
#1639=VECTOR('',#5439,10.);
#1640=VECTOR('',#5440,10.);
#1641=VECTOR('',#5441,10.);
#1642=VECTOR('',#5442,10.);
#1643=VECTOR('',#5445,10.);
#1644=VECTOR('',#5446,10.);
#1645=VECTOR('',#5447,10.);
#1646=VECTOR('',#5450,10.);
#1647=VECTOR('',#5451,10.);
#1648=VECTOR('',#5454,10.);
#1649=VECTOR('',#5455,10.);
#1650=VECTOR('',#5458,10.);
#1651=VECTOR('',#5459,10.);
#1652=VECTOR('',#5462,10.);
#1653=VECTOR('',#5463,10.);
#1654=VECTOR('',#5466,10.);
#1655=VECTOR('',#5467,10.);
#1656=VECTOR('',#5470,10.);
#1657=VECTOR('',#5471,10.);
#1658=VECTOR('',#5474,10.);
#1659=VECTOR('',#5475,10.);
#1660=VECTOR('',#5478,10.);
#1661=VECTOR('',#5479,10.);
#1662=VECTOR('',#5482,10.);
#1663=VECTOR('',#5483,10.);
#1664=VECTOR('',#5486,10.);
#1665=VECTOR('',#5487,10.);
#1666=VECTOR('',#5490,10.);
#1667=VECTOR('',#5495,10.);
#1668=VECTOR('',#5496,10.);
#1669=VECTOR('',#5497,10.);
#1670=VECTOR('',#5498,10.);
#1671=VECTOR('',#5501,10.);
#1672=VECTOR('',#5502,10.);
#1673=VECTOR('',#5503,10.);
#1674=VECTOR('',#5506,10.);
#1675=VECTOR('',#5507,10.);
#1676=VECTOR('',#5510,10.);
#1677=VECTOR('',#5511,10.);
#1678=VECTOR('',#5514,10.);
#1679=VECTOR('',#5519,10.);
#1680=VECTOR('',#5520,10.);
#1681=VECTOR('',#5521,10.);
#1682=VECTOR('',#5522,10.);
#1683=VECTOR('',#5523,10.);
#1684=VECTOR('',#5524,10.);
#1685=VECTOR('',#5525,10.);
#1686=VECTOR('',#5526,10.);
#1687=VECTOR('',#5527,10.);
#1688=VECTOR('',#5528,10.);
#1689=VECTOR('',#5529,10.);
#1690=VECTOR('',#5530,10.);
#1691=VECTOR('',#5531,10.);
#1692=VECTOR('',#5532,10.);
#1693=VECTOR('',#5535,10.);
#1694=VECTOR('',#5536,10.);
#1695=VECTOR('',#5537,10.);
#1696=VECTOR('',#5538,10.);
#1697=VECTOR('',#5539,10.);
#1698=VECTOR('',#5540,10.);
#1699=VECTOR('',#5541,10.);
#1700=VECTOR('',#5544,10.);
#1701=VECTOR('',#5545,10.);
#1702=VECTOR('',#5546,10.);
#1703=VECTOR('',#5547,10.);
#1704=VECTOR('',#5548,10.);
#1705=VECTOR('',#5549,10.);
#1706=VECTOR('',#5550,10.);
#1707=VECTOR('',#5551,10.);
#1708=VECTOR('',#5552,10.);
#1709=VECTOR('',#5555,10.);
#1710=VECTOR('',#5556,10.);
#1711=VECTOR('',#5559,10.);
#1712=VECTOR('',#5560,10.);
#1713=VECTOR('',#5563,10.);
#1714=VECTOR('',#5564,10.);
#1715=VECTOR('',#5567,10.);
#1716=VECTOR('',#5568,10.);
#1717=VECTOR('',#5569,10.);
#1718=VECTOR('',#5572,10.);
#1719=VECTOR('',#5573,10.);
#1720=VECTOR('',#5576,10.);
#1721=VECTOR('',#5577,10.);
#1722=VECTOR('',#5578,10.);
#1723=VECTOR('',#5581,10.);
#1724=VECTOR('',#5582,10.);
#1725=VECTOR('',#5583,10.);
#1726=VECTOR('',#5584,10.);
#1727=VECTOR('',#5585,10.);
#1728=VECTOR('',#5586,10.);
#1729=VECTOR('',#5587,10.);
#1730=VECTOR('',#5592,10.);
#1731=VECTOR('',#5593,10.);
#1732=VECTOR('',#5594,10.);
#1733=VECTOR('',#5595,10.);
#1734=VECTOR('',#5596,10.);
#1735=VECTOR('',#5597,10.);
#1736=VECTOR('',#5598,10.);
#1737=VECTOR('',#5599,10.);
#1738=VECTOR('',#5600,10.);
#1739=VECTOR('',#5601,10.);
#1740=VECTOR('',#5604,10.);
#1741=VECTOR('',#5605,10.);
#1742=VECTOR('',#5606,10.);
#1743=VECTOR('',#5607,10.);
#1744=VECTOR('',#5608,10.);
#1745=VECTOR('',#5609,10.);
#1746=VECTOR('',#5610,10.);
#1747=VECTOR('',#5611,10.);
#1748=VECTOR('',#5612,10.);
#1749=VECTOR('',#5615,10.);
#1750=VECTOR('',#5616,10.);
#1751=VECTOR('',#5619,10.);
#1752=VECTOR('',#5620,10.);
#1753=VECTOR('',#5621,10.);
#1754=VECTOR('',#5622,10.);
#1755=VECTOR('',#5623,10.);
#1756=VECTOR('',#5624,10.);
#1757=VECTOR('',#5625,10.);
#1758=VECTOR('',#5626,10.);
#1759=VECTOR('',#5627,10.);
#1760=VECTOR('',#5628,10.);
#1761=VECTOR('',#5629,10.);
#1762=VECTOR('',#5630,10.);
#1763=VECTOR('',#5631,10.);
#1764=VECTOR('',#5632,10.);
#1765=VECTOR('',#5633,10.);
#1766=VECTOR('',#5634,10.);
#1767=VECTOR('',#5635,10.);
#1768=VECTOR('',#5636,10.);
#1769=VECTOR('',#5637,10.);
#1770=VECTOR('',#5640,10.);
#1771=VECTOR('',#5641,10.);
#1772=VECTOR('',#5642,10.);
#1773=VECTOR('',#5643,10.);
#1774=VECTOR('',#5646,10.);
#1775=VECTOR('',#5647,10.);
#1776=VECTOR('',#5648,10.);
#1777=VECTOR('',#5649,10.);
#1778=VECTOR('',#5650,10.);
#1779=VECTOR('',#5651,10.);
#1780=VECTOR('',#5658,10.);
#1781=VECTOR('',#5659,10.);
#1782=VECTOR('',#5660,10.);
#1783=VECTOR('',#5661,10.);
#1784=VECTOR('',#5664,10.);
#1785=VECTOR('',#5665,10.);
#1786=VECTOR('',#5666,10.);
#1787=VECTOR('',#5669,10.);
#1788=VECTOR('',#5670,10.);
#1789=VECTOR('',#5671,10.);
#1790=VECTOR('',#5674,10.);
#1791=VECTOR('',#5675,10.);
#1792=VECTOR('',#5676,10.);
#1793=VECTOR('',#5679,10.);
#1794=VECTOR('',#5680,10.);
#1795=VECTOR('',#5681,10.);
#1796=VECTOR('',#5684,10.);
#1797=VECTOR('',#5685,10.);
#1798=VECTOR('',#5686,10.);
#1799=VECTOR('',#5689,10.);
#1800=VECTOR('',#5690,10.);
#1801=VECTOR('',#5691,10.);
#1802=VECTOR('',#5694,10.);
#1803=VECTOR('',#5695,10.);
#1804=VECTOR('',#5696,10.);
#1805=VECTOR('',#5699,10.);
#1806=VECTOR('',#5700,10.);
#1807=VECTOR('',#5701,10.);
#1808=VECTOR('',#5704,10.);
#1809=VECTOR('',#5705,10.);
#1810=VECTOR('',#5712,10.);
#1811=VECTOR('',#5713,10.);
#1812=VECTOR('',#5714,10.);
#1813=VECTOR('',#5715,10.);
#1814=VECTOR('',#5716,10.);
#1815=VECTOR('',#5717,10.);
#1816=VECTOR('',#5718,10.);
#1817=VECTOR('',#5719,10.);
#1818=VECTOR('',#5720,10.);
#1819=VECTOR('',#5721,10.);
#1820=VECTOR('',#5724,10.);
#1821=VECTOR('',#5725,10.);
#1822=VECTOR('',#5726,10.);
#1823=VECTOR('',#5729,10.);
#1824=VECTOR('',#5730,10.);
#1825=VECTOR('',#5733,10.);
#1826=VECTOR('',#5734,10.);
#1827=VECTOR('',#5735,10.);
#1828=VECTOR('',#5736,10.);
#1829=VECTOR('',#5739,10.);
#1830=VECTOR('',#5740,10.);
#1831=VECTOR('',#5741,10.);
#1832=VECTOR('',#5742,10.);
#1833=VECTOR('',#5743,10.);
#1834=VECTOR('',#5744,10.);
#1835=VECTOR('',#5745,10.);
#1836=VECTOR('',#5746,10.);
#1837=VECTOR('',#5747,10.);
#1838=VECTOR('',#5748,10.);
#1839=VECTOR('',#5751,10.);
#1840=VECTOR('',#5752,10.);
#1841=VECTOR('',#5753,10.);
#1842=VECTOR('',#5756,10.);
#1843=VECTOR('',#5757,10.);
#1844=VECTOR('',#5758,10.);
#1845=VECTOR('',#5761,10.);
#1846=VECTOR('',#5762,10.);
#1847=VECTOR('',#5763,10.);
#1848=VECTOR('',#5764,10.);
#1849=VECTOR('',#5765,10.);
#1850=VECTOR('',#5766,10.);
#1851=VECTOR('',#5769,10.);
#1852=VECTOR('',#5770,10.);
#1853=VECTOR('',#5771,10.);
#1854=VECTOR('',#5774,10.);
#1855=VECTOR('',#5775,10.);
#1856=VECTOR('',#5776,10.);
#1857=VECTOR('',#5779,10.);
#1858=VECTOR('',#5780,10.);
#1859=VECTOR('',#5789,10.);
#1860=VECTOR('',#5790,10.);
#1861=VECTOR('',#5791,10.);
#1862=VECTOR('',#5792,10.);
#1863=VECTOR('',#5793,10.);
#1864=VECTOR('',#5794,10.);
#1865=VECTOR('',#5795,10.);
#1866=VECTOR('',#5798,10.);
#1867=VECTOR('',#5799,10.);
#1868=VECTOR('',#5800,10.);
#1869=VECTOR('',#5803,10.);
#1870=VECTOR('',#5804,10.);
#1871=VECTOR('',#5807,10.);
#1872=VECTOR('',#5808,10.);
#1873=VECTOR('',#5811,10.);
#1874=VECTOR('',#5812,10.);
#1875=VECTOR('',#5815,10.);
#1876=VECTOR('',#5816,10.);
#1877=VECTOR('',#5817,10.);
#1878=VECTOR('',#5820,10.);
#1879=VECTOR('',#5823,10.);
#1880=VECTOR('',#5828,10.);
#1881=VECTOR('',#5829,10.);
#1882=VECTOR('',#5830,10.);
#1883=VECTOR('',#5831,10.);
#1884=VECTOR('',#5832,10.);
#1885=VECTOR('',#5833,10.);
#1886=VECTOR('',#5834,10.);
#1887=VECTOR('',#5837,10.);
#1888=VECTOR('',#5838,10.);
#1889=VECTOR('',#5839,10.);
#1890=VECTOR('',#5842,10.);
#1891=VECTOR('',#5843,10.);
#1892=VECTOR('',#5846,10.);
#1893=VECTOR('',#5847,10.);
#1894=VECTOR('',#5850,10.);
#1895=VECTOR('',#5851,10.);
#1896=VECTOR('',#5854,10.);
#1897=VECTOR('',#5855,10.);
#1898=VECTOR('',#5858,10.);
#1899=VECTOR('',#5859,10.);
#1900=VECTOR('',#5862,10.);
#1901=VECTOR('',#5869,10.);
#1902=VECTOR('',#5870,10.);
#1903=VECTOR('',#5871,10.);
#1904=VECTOR('',#5872,10.);
#1905=VECTOR('',#5873,10.);
#1906=VECTOR('',#5874,10.);
#1907=VECTOR('',#5875,10.);
#1908=VECTOR('',#5878,10.);
#1909=VECTOR('',#5879,10.);
#1910=VECTOR('',#5880,10.);
#1911=VECTOR('',#5883,10.);
#1912=VECTOR('',#5884,10.);
#1913=VECTOR('',#5887,10.);
#1914=VECTOR('',#5888,10.);
#1915=VECTOR('',#5891,10.);
#1916=VECTOR('',#5892,10.);
#1917=VECTOR('',#5895,10.);
#1918=VECTOR('',#5896,10.);
#1919=VECTOR('',#5897,10.);
#1920=VECTOR('',#5900,10.);
#1921=VECTOR('',#5903,10.);
#1922=VECTOR('',#5908,10.);
#1923=VECTOR('',#5909,10.);
#1924=VECTOR('',#5910,10.);
#1925=VECTOR('',#5911,10.);
#1926=VECTOR('',#5912,10.);
#1927=VECTOR('',#5913,10.);
#1928=VECTOR('',#5914,10.);
#1929=VECTOR('',#5917,10.);
#1930=VECTOR('',#5918,10.);
#1931=VECTOR('',#5919,10.);
#1932=VECTOR('',#5922,10.);
#1933=VECTOR('',#5923,10.);
#1934=VECTOR('',#5926,10.);
#1935=VECTOR('',#5927,10.);
#1936=VECTOR('',#5930,10.);
#1937=VECTOR('',#5931,10.);
#1938=VECTOR('',#5934,10.);
#1939=VECTOR('',#5935,10.);
#1940=VECTOR('',#5938,10.);
#1941=VECTOR('',#5939,10.);
#1942=VECTOR('',#5942,10.);
#1943=VERTEX_POINT('',#5956);
#1944=VERTEX_POINT('',#5957);
#1945=VERTEX_POINT('',#5959);
#1946=VERTEX_POINT('',#5961);
#1947=VERTEX_POINT('',#5965);
#1948=VERTEX_POINT('',#5967);
#1949=VERTEX_POINT('',#5971);
#1950=VERTEX_POINT('',#5975);
#1951=VERTEX_POINT('',#5982);
#1952=VERTEX_POINT('',#5983);
#1953=VERTEX_POINT('',#5985);
#1954=VERTEX_POINT('',#5987);
#1955=VERTEX_POINT('',#5989);
#1956=VERTEX_POINT('',#5991);
#1957=VERTEX_POINT('',#5993);
#1958=VERTEX_POINT('',#5995);
#1959=VERTEX_POINT('',#5997);
#1960=VERTEX_POINT('',#5999);
#1961=VERTEX_POINT('',#6003);
#1962=VERTEX_POINT('',#6005);
#1963=VERTEX_POINT('',#6009);
#1964=VERTEX_POINT('',#6013);
#1965=VERTEX_POINT('',#6017);
#1966=VERTEX_POINT('',#6021);
#1967=VERTEX_POINT('',#6025);
#1968=VERTEX_POINT('',#6029);
#1969=VERTEX_POINT('',#6033);
#1970=VERTEX_POINT('',#6037);
#1971=VERTEX_POINT('',#6044);
#1972=VERTEX_POINT('',#6045);
#1973=VERTEX_POINT('',#6047);
#1974=VERTEX_POINT('',#6049);
#1975=VERTEX_POINT('',#6062);
#1976=VERTEX_POINT('',#6068);
#1977=VERTEX_POINT('',#6085);
#1978=VERTEX_POINT('',#6091);
#1979=VERTEX_POINT('',#6108);
#1980=VERTEX_POINT('',#6114);
#1981=VERTEX_POINT('',#6131);
#1982=VERTEX_POINT('',#6137);
#1983=VERTEX_POINT('',#6154);
#1984=VERTEX_POINT('',#6160);
#1985=VERTEX_POINT('',#6177);
#1986=VERTEX_POINT('',#6183);
#1987=VERTEX_POINT('',#6200);
#1988=VERTEX_POINT('',#6206);
#1989=VERTEX_POINT('',#6223);
#1990=VERTEX_POINT('',#6229);
#1991=VERTEX_POINT('',#6246);
#1992=VERTEX_POINT('',#6252);
#1993=VERTEX_POINT('',#6269);
#1994=VERTEX_POINT('',#6275);
#1995=VERTEX_POINT('',#6292);
#1996=VERTEX_POINT('',#6298);
#1997=VERTEX_POINT('',#6315);
#1998=VERTEX_POINT('',#6321);
#1999=VERTEX_POINT('',#6338);
#2000=VERTEX_POINT('',#6344);
#2001=VERTEX_POINT('',#6361);
#2002=VERTEX_POINT('',#6367);
#2003=VERTEX_POINT('',#6375);
#2004=VERTEX_POINT('',#6377);
#2005=VERTEX_POINT('',#6390);
#2006=VERTEX_POINT('',#6396);
#2007=VERTEX_POINT('',#6413);
#2008=VERTEX_POINT('',#6419);
#2009=VERTEX_POINT('',#6436);
#2010=VERTEX_POINT('',#6442);
#2011=VERTEX_POINT('',#6459);
#2012=VERTEX_POINT('',#6465);
#2013=VERTEX_POINT('',#6482);
#2014=VERTEX_POINT('',#6488);
#2015=VERTEX_POINT('',#6505);
#2016=VERTEX_POINT('',#6511);
#2017=VERTEX_POINT('',#6528);
#2018=VERTEX_POINT('',#6534);
#2019=VERTEX_POINT('',#6551);
#2020=VERTEX_POINT('',#6557);
#2021=VERTEX_POINT('',#6574);
#2022=VERTEX_POINT('',#6580);
#2023=VERTEX_POINT('',#6597);
#2024=VERTEX_POINT('',#6603);
#2025=VERTEX_POINT('',#6620);
#2026=VERTEX_POINT('',#6626);
#2027=VERTEX_POINT('',#6643);
#2028=VERTEX_POINT('',#6649);
#2029=VERTEX_POINT('',#6666);
#2030=VERTEX_POINT('',#6672);
#2031=VERTEX_POINT('',#6702);
#2032=VERTEX_POINT('',#6703);
#2033=VERTEX_POINT('',#6705);
#2034=VERTEX_POINT('',#6707);
#2035=VERTEX_POINT('',#6720);
#2036=VERTEX_POINT('',#6726);
#2037=VERTEX_POINT('',#6743);
#2038=VERTEX_POINT('',#6749);
#2039=VERTEX_POINT('',#6766);
#2040=VERTEX_POINT('',#6772);
#2041=VERTEX_POINT('',#6789);
#2042=VERTEX_POINT('',#6795);
#2043=VERTEX_POINT('',#6812);
#2044=VERTEX_POINT('',#6818);
#2045=VERTEX_POINT('',#6835);
#2046=VERTEX_POINT('',#6841);
#2047=VERTEX_POINT('',#6849);
#2048=VERTEX_POINT('',#6851);
#2049=VERTEX_POINT('',#6858);
#2050=VERTEX_POINT('',#6859);
#2051=VERTEX_POINT('',#6861);
#2052=VERTEX_POINT('',#6863);
#2053=VERTEX_POINT('',#6867);
#2054=VERTEX_POINT('',#6869);
#2055=VERTEX_POINT('',#6882);
#2056=VERTEX_POINT('',#6888);
#2057=VERTEX_POINT('',#6905);
#2058=VERTEX_POINT('',#6911);
#2059=VERTEX_POINT('',#6928);
#2060=VERTEX_POINT('',#6934);
#2061=VERTEX_POINT('',#6951);
#2062=VERTEX_POINT('',#6957);
#2063=VERTEX_POINT('',#6974);
#2064=VERTEX_POINT('',#6980);
#2065=VERTEX_POINT('',#6997);
#2066=VERTEX_POINT('',#7003);
#2067=VERTEX_POINT('',#7020);
#2068=VERTEX_POINT('',#7026);
#2069=VERTEX_POINT('',#7034);
#2070=VERTEX_POINT('',#7036);
#2071=VERTEX_POINT('',#7040);
#2072=VERTEX_POINT('',#7042);
#2073=VERTEX_POINT('',#7046);
#2074=VERTEX_POINT('',#7048);
#2075=VERTEX_POINT('',#7061);
#2076=VERTEX_POINT('',#7067);
#2077=VERTEX_POINT('',#7084);
#2078=VERTEX_POINT('',#7090);
#2079=VERTEX_POINT('',#7107);
#2080=VERTEX_POINT('',#7113);
#2081=VERTEX_POINT('',#7121);
#2082=VERTEX_POINT('',#7123);
#2083=VERTEX_POINT('',#7127);
#2084=VERTEX_POINT('',#7129);
#2085=VERTEX_POINT('',#7138);
#2086=VERTEX_POINT('',#7139);
#2087=VERTEX_POINT('',#7141);
#2088=VERTEX_POINT('',#7143);
#2089=VERTEX_POINT('',#7156);
#2090=VERTEX_POINT('',#7162);
#2091=VERTEX_POINT('',#7179);
#2092=VERTEX_POINT('',#7185);
#2093=VERTEX_POINT('',#7202);
#2094=VERTEX_POINT('',#7208);
#2095=VERTEX_POINT('',#7225);
#2096=VERTEX_POINT('',#7231);
#2097=VERTEX_POINT('',#7248);
#2098=VERTEX_POINT('',#7254);
#2099=VERTEX_POINT('',#7271);
#2100=VERTEX_POINT('',#7277);
#2101=VERTEX_POINT('',#7294);
#2102=VERTEX_POINT('',#7300);
#2103=VERTEX_POINT('',#7317);
#2104=VERTEX_POINT('',#7323);
#2105=VERTEX_POINT('',#7331);
#2106=VERTEX_POINT('',#7333);
#2107=VERTEX_POINT('',#7346);
#2108=VERTEX_POINT('',#7352);
#2109=VERTEX_POINT('',#7369);
#2110=VERTEX_POINT('',#7375);
#2111=VERTEX_POINT('',#7392);
#2112=VERTEX_POINT('',#7398);
#2113=VERTEX_POINT('',#7415);
#2114=VERTEX_POINT('',#7421);
#2115=VERTEX_POINT('',#7438);
#2116=VERTEX_POINT('',#7444);
#2117=VERTEX_POINT('',#7461);
#2118=VERTEX_POINT('',#7467);
#2119=VERTEX_POINT('',#7484);
#2120=VERTEX_POINT('',#7490);
#2121=VERTEX_POINT('',#7520);
#2122=VERTEX_POINT('',#7521);
#2123=VERTEX_POINT('',#7523);
#2124=VERTEX_POINT('',#7525);
#2125=VERTEX_POINT('',#7527);
#2126=VERTEX_POINT('',#7529);
#2127=VERTEX_POINT('',#7531);
#2128=VERTEX_POINT('',#7533);
#2129=VERTEX_POINT('',#7535);
#2130=VERTEX_POINT('',#7537);
#2131=VERTEX_POINT('',#7539);
#2132=VERTEX_POINT('',#7541);
#2133=VERTEX_POINT('',#7545);
#2134=VERTEX_POINT('',#7547);
#2135=VERTEX_POINT('',#7551);
#2136=VERTEX_POINT('',#7555);
#2137=VERTEX_POINT('',#7559);
#2138=VERTEX_POINT('',#7563);
#2139=VERTEX_POINT('',#7567);
#2140=VERTEX_POINT('',#7571);
#2141=VERTEX_POINT('',#7575);
#2142=VERTEX_POINT('',#7579);
#2143=VERTEX_POINT('',#7583);
#2144=VERTEX_POINT('',#7587);
#2145=VERTEX_POINT('',#7594);
#2146=VERTEX_POINT('',#7595);
#2147=VERTEX_POINT('',#7597);
#2148=VERTEX_POINT('',#7599);
#2149=VERTEX_POINT('',#7603);
#2150=VERTEX_POINT('',#7605);
#2151=VERTEX_POINT('',#7609);
#2152=VERTEX_POINT('',#7613);
#2153=VERTEX_POINT('',#7620);
#2154=VERTEX_POINT('',#7621);
#2155=VERTEX_POINT('',#7623);
#2156=VERTEX_POINT('',#7625);
#2157=VERTEX_POINT('',#7633);
#2158=VERTEX_POINT('',#7641);
#2159=VERTEX_POINT('',#7649);
#2160=VERTEX_POINT('',#7657);
#2161=VERTEX_POINT('',#7665);
#2162=VERTEX_POINT('',#7673);
#2163=VERTEX_POINT('',#7681);
#2164=VERTEX_POINT('',#7689);
#2165=VERTEX_POINT('',#7697);
#2166=VERTEX_POINT('',#7705);
#2167=VERTEX_POINT('',#7713);
#2168=VERTEX_POINT('',#7722);
#2169=VERTEX_POINT('',#7723);
#2170=VERTEX_POINT('',#7725);
#2171=VERTEX_POINT('',#7733);
#2172=VERTEX_POINT('',#7741);
#2173=VERTEX_POINT('',#7748);
#2174=VERTEX_POINT('',#7756);
#2175=VERTEX_POINT('',#7764);
#2176=VERTEX_POINT('',#7772);
#2177=VERTEX_POINT('',#7775);
#2178=VERTEX_POINT('',#7776);
#2179=VERTEX_POINT('',#7778);
#2180=VERTEX_POINT('',#7785);
#2181=VERTEX_POINT('',#7793);
#2182=VERTEX_POINT('',#7801);
#2183=VERTEX_POINT('',#7809);
#2184=VERTEX_POINT('',#7817);
#2185=VERTEX_POINT('',#7825);
#2186=VERTEX_POINT('',#7838);
#2187=VERTEX_POINT('',#7840);
#2188=VERTEX_POINT('',#7857);
#2189=VERTEX_POINT('',#7874);
#2190=VERTEX_POINT('',#7891);
#2191=VERTEX_POINT('',#7899);
#2192=VERTEX_POINT('',#7912);
#2193=VERTEX_POINT('',#7914);
#2194=VERTEX_POINT('',#7931);
#2195=VERTEX_POINT('',#7948);
#2196=VERTEX_POINT('',#7965);
#2197=VERTEX_POINT('',#7973);
#2198=VERTEX_POINT('',#7986);
#2199=VERTEX_POINT('',#7988);
#2200=VERTEX_POINT('',#8005);
#2201=VERTEX_POINT('',#8022);
#2202=VERTEX_POINT('',#8039);
#2203=VERTEX_POINT('',#8056);
#2204=VERTEX_POINT('',#8073);
#2205=VERTEX_POINT('',#8081);
#2206=VERTEX_POINT('',#8085);
#2207=VERTEX_POINT('',#8089);
#2208=VERTEX_POINT('',#8093);
#2209=VERTEX_POINT('',#8106);
#2210=VERTEX_POINT('',#8129);
#2211=VERTEX_POINT('',#8133);
#2212=VERTEX_POINT('',#8146);
#2213=VERTEX_POINT('',#8169);
#2214=VERTEX_POINT('',#8182);
#2215=VERTEX_POINT('',#8199);
#2216=VERTEX_POINT('',#8216);
#2217=VERTEX_POINT('',#8233);
#2218=VERTEX_POINT('',#8250);
#2219=VERTEX_POINT('',#8274);
#2220=VERTEX_POINT('',#8275);
#2221=VERTEX_POINT('',#8277);
#2222=VERTEX_POINT('',#8279);
#2223=VERTEX_POINT('',#8292);
#2224=VERTEX_POINT('',#8298);
#2225=VERTEX_POINT('',#8315);
#2226=VERTEX_POINT('',#8321);
#2227=VERTEX_POINT('',#8338);
#2228=VERTEX_POINT('',#8344);
#2229=VERTEX_POINT('',#8361);
#2230=VERTEX_POINT('',#8367);
#2231=VERTEX_POINT('',#8384);
#2232=VERTEX_POINT('',#8390);
#2233=VERTEX_POINT('',#8407);
#2234=VERTEX_POINT('',#8413);
#2235=VERTEX_POINT('',#8433);
#2236=VERTEX_POINT('',#8434);
#2237=VERTEX_POINT('',#8440);
#2238=VERTEX_POINT('',#8442);
#2239=VERTEX_POINT('',#8459);
#2240=VERTEX_POINT('',#8465);
#2241=VERTEX_POINT('',#8482);
#2242=VERTEX_POINT('',#8488);
#2243=VERTEX_POINT('',#8505);
#2244=VERTEX_POINT('',#8511);
#2245=VERTEX_POINT('',#8528);
#2246=VERTEX_POINT('',#8534);
#2247=VERTEX_POINT('',#8551);
#2248=VERTEX_POINT('',#8557);
#2249=VERTEX_POINT('',#8568);
#2250=VERTEX_POINT('',#8569);
#2251=VERTEX_POINT('',#8571);
#2252=VERTEX_POINT('',#8573);
#2253=VERTEX_POINT('',#8586);
#2254=VERTEX_POINT('',#8592);
#2255=VERTEX_POINT('',#8609);
#2256=VERTEX_POINT('',#8615);
#2257=VERTEX_POINT('',#8632);
#2258=VERTEX_POINT('',#8638);
#2259=VERTEX_POINT('',#8655);
#2260=VERTEX_POINT('',#8661);
#2261=VERTEX_POINT('',#8678);
#2262=VERTEX_POINT('',#8684);
#2263=VERTEX_POINT('',#8701);
#2264=VERTEX_POINT('',#8707);
#2265=VERTEX_POINT('',#8724);
#2266=VERTEX_POINT('',#8730);
#2267=VERTEX_POINT('',#8747);
#2268=VERTEX_POINT('',#8753);
#2269=VERTEX_POINT('',#8770);
#2270=VERTEX_POINT('',#8776);
#2271=VERTEX_POINT('',#8793);
#2272=VERTEX_POINT('',#8799);
#2273=VERTEX_POINT('',#8816);
#2274=VERTEX_POINT('',#8822);
#2275=VERTEX_POINT('',#8839);
#2276=VERTEX_POINT('',#8845);
#2277=VERTEX_POINT('',#8862);
#2278=VERTEX_POINT('',#8868);
#2279=VERTEX_POINT('',#8885);
#2280=VERTEX_POINT('',#8891);
#2281=VERTEX_POINT('',#8908);
#2282=VERTEX_POINT('',#8914);
#2283=VERTEX_POINT('',#8922);
#2284=VERTEX_POINT('',#8924);
#2285=VERTEX_POINT('',#8937);
#2286=VERTEX_POINT('',#8943);
#2287=VERTEX_POINT('',#8951);
#2288=VERTEX_POINT('',#8953);
#2289=VERTEX_POINT('',#8966);
#2290=VERTEX_POINT('',#8972);
#2291=VERTEX_POINT('',#8989);
#2292=VERTEX_POINT('',#8995);
#2293=VERTEX_POINT('',#9012);
#2294=VERTEX_POINT('',#9018);
#2295=VERTEX_POINT('',#9048);
#2296=VERTEX_POINT('',#9049);
#2297=VERTEX_POINT('',#9051);
#2298=VERTEX_POINT('',#9053);
#2299=VERTEX_POINT('',#9057);
#2300=VERTEX_POINT('',#9059);
#2301=VERTEX_POINT('',#9063);
#2302=VERTEX_POINT('',#9065);
#2303=VERTEX_POINT('',#9069);
#2304=VERTEX_POINT('',#9071);
#2305=VERTEX_POINT('',#9075);
#2306=VERTEX_POINT('',#9077);
#2307=VERTEX_POINT('',#9081);
#2308=VERTEX_POINT('',#9083);
#2309=VERTEX_POINT('',#9087);
#2310=VERTEX_POINT('',#9089);
#2311=VERTEX_POINT('',#9093);
#2312=VERTEX_POINT('',#9095);
#2313=VERTEX_POINT('',#9099);
#2314=VERTEX_POINT('',#9101);
#2315=VERTEX_POINT('',#9110);
#2316=VERTEX_POINT('',#9111);
#2317=VERTEX_POINT('',#9113);
#2318=VERTEX_POINT('',#9115);
#2319=VERTEX_POINT('',#9128);
#2320=VERTEX_POINT('',#9134);
#2321=VERTEX_POINT('',#9151);
#2322=VERTEX_POINT('',#9157);
#2323=VERTEX_POINT('',#9174);
#2324=VERTEX_POINT('',#9180);
#2325=VERTEX_POINT('',#9197);
#2326=VERTEX_POINT('',#9203);
#2327=VERTEX_POINT('',#9220);
#2328=VERTEX_POINT('',#9226);
#2329=VERTEX_POINT('',#9243);
#2330=VERTEX_POINT('',#9249);
#2331=VERTEX_POINT('',#9257);
#2332=VERTEX_POINT('',#9259);
#2333=VERTEX_POINT('',#9266);
#2334=VERTEX_POINT('',#9267);
#2335=VERTEX_POINT('',#9269);
#2336=VERTEX_POINT('',#9271);
#2337=VERTEX_POINT('',#9275);
#2338=VERTEX_POINT('',#9277);
#2339=VERTEX_POINT('',#9290);
#2340=VERTEX_POINT('',#9296);
#2341=VERTEX_POINT('',#9313);
#2342=VERTEX_POINT('',#9319);
#2343=VERTEX_POINT('',#9336);
#2344=VERTEX_POINT('',#9342);
#2345=VERTEX_POINT('',#9359);
#2346=VERTEX_POINT('',#9365);
#2347=VERTEX_POINT('',#9382);
#2348=VERTEX_POINT('',#9388);
#2349=VERTEX_POINT('',#9405);
#2350=VERTEX_POINT('',#9411);
#2351=VERTEX_POINT('',#9428);
#2352=VERTEX_POINT('',#9434);
#2353=VERTEX_POINT('',#9442);
#2354=VERTEX_POINT('',#9444);
#2355=VERTEX_POINT('',#9448);
#2356=VERTEX_POINT('',#9450);
#2357=VERTEX_POINT('',#9454);
#2358=VERTEX_POINT('',#9456);
#2359=VERTEX_POINT('',#9469);
#2360=VERTEX_POINT('',#9475);
#2361=VERTEX_POINT('',#9492);
#2362=VERTEX_POINT('',#9498);
#2363=VERTEX_POINT('',#9515);
#2364=VERTEX_POINT('',#9521);
#2365=VERTEX_POINT('',#9529);
#2366=VERTEX_POINT('',#9531);
#2367=VERTEX_POINT('',#9535);
#2368=VERTEX_POINT('',#9537);
#2369=VERTEX_POINT('',#9547);
#2370=VERTEX_POINT('',#9548);
#2371=VERTEX_POINT('',#9550);
#2372=VERTEX_POINT('',#9552);
#2373=VERTEX_POINT('',#9554);
#2374=VERTEX_POINT('',#9556);
#2375=VERTEX_POINT('',#9558);
#2376=VERTEX_POINT('',#9562);
#2377=VERTEX_POINT('',#9564);
#2378=VERTEX_POINT('',#9568);
#2379=VERTEX_POINT('',#9572);
#2380=VERTEX_POINT('',#9576);
#2381=VERTEX_POINT('',#9580);
#2382=VERTEX_POINT('',#9582);
#2383=VERTEX_POINT('',#9591);
#2384=VERTEX_POINT('',#9592);
#2385=VERTEX_POINT('',#9594);
#2386=VERTEX_POINT('',#9596);
#2387=VERTEX_POINT('',#9598);
#2388=VERTEX_POINT('',#9600);
#2389=VERTEX_POINT('',#9602);
#2390=VERTEX_POINT('',#9606);
#2391=VERTEX_POINT('',#9608);
#2392=VERTEX_POINT('',#9612);
#2393=VERTEX_POINT('',#9616);
#2394=VERTEX_POINT('',#9620);
#2395=VERTEX_POINT('',#9624);
#2396=VERTEX_POINT('',#9628);
#2397=VERTEX_POINT('',#9636);
#2398=VERTEX_POINT('',#9637);
#2399=VERTEX_POINT('',#9639);
#2400=VERTEX_POINT('',#9641);
#2401=VERTEX_POINT('',#9643);
#2402=VERTEX_POINT('',#9645);
#2403=VERTEX_POINT('',#9647);
#2404=VERTEX_POINT('',#9651);
#2405=VERTEX_POINT('',#9653);
#2406=VERTEX_POINT('',#9657);
#2407=VERTEX_POINT('',#9661);
#2408=VERTEX_POINT('',#9665);
#2409=VERTEX_POINT('',#9669);
#2410=VERTEX_POINT('',#9671);
#2411=VERTEX_POINT('',#9680);
#2412=VERTEX_POINT('',#9681);
#2413=VERTEX_POINT('',#9683);
#2414=VERTEX_POINT('',#9685);
#2415=VERTEX_POINT('',#9687);
#2416=VERTEX_POINT('',#9689);
#2417=VERTEX_POINT('',#9691);
#2418=VERTEX_POINT('',#9695);
#2419=VERTEX_POINT('',#9697);
#2420=VERTEX_POINT('',#9701);
#2421=VERTEX_POINT('',#9705);
#2422=VERTEX_POINT('',#9709);
#2423=VERTEX_POINT('',#9713);
#2424=VERTEX_POINT('',#9717);
#2425=EDGE_CURVE('',#1943,#1944,#1025,.T.);
#2426=EDGE_CURVE('',#1945,#1943,#1026,.T.);
#2427=EDGE_CURVE('',#1946,#1945,#1027,.T.);
#2428=EDGE_CURVE('',#1944,#1946,#1028,.T.);
#2429=EDGE_CURVE('',#1947,#1943,#1029,.T.);
#2430=EDGE_CURVE('',#1948,#1947,#1030,.T.);
#2431=EDGE_CURVE('',#1948,#1945,#1031,.T.);
#2432=EDGE_CURVE('',#1949,#1944,#1032,.T.);
#2433=EDGE_CURVE('',#1947,#1949,#1033,.T.);
#2434=EDGE_CURVE('',#1950,#1946,#1034,.T.);
#2435=EDGE_CURVE('',#1949,#1950,#1035,.T.);
#2436=EDGE_CURVE('',#1950,#1948,#1036,.T.);
#2437=EDGE_CURVE('',#1951,#1952,#1037,.T.);
#2438=EDGE_CURVE('',#1953,#1951,#1038,.T.);
#2439=EDGE_CURVE('',#1954,#1953,#1039,.T.);
#2440=EDGE_CURVE('',#1955,#1954,#1040,.T.);
#2441=EDGE_CURVE('',#1956,#1955,#1041,.T.);
#2442=EDGE_CURVE('',#1957,#1956,#1042,.T.);
#2443=EDGE_CURVE('',#1958,#1957,#1043,.T.);
#2444=EDGE_CURVE('',#1959,#1958,#1044,.T.);
#2445=EDGE_CURVE('',#1960,#1959,#1045,.T.);
#2446=EDGE_CURVE('',#1952,#1960,#1046,.T.);
#2447=EDGE_CURVE('',#1961,#1955,#1047,.T.);
#2448=EDGE_CURVE('',#1962,#1961,#1048,.T.);
#2449=EDGE_CURVE('',#1962,#1956,#1049,.T.);
#2450=EDGE_CURVE('',#1963,#1954,#1050,.T.);
#2451=EDGE_CURVE('',#1961,#1963,#1051,.T.);
#2452=EDGE_CURVE('',#1964,#1953,#1052,.T.);
#2453=EDGE_CURVE('',#1963,#1964,#1053,.T.);
#2454=EDGE_CURVE('',#1965,#1951,#1054,.T.);
#2455=EDGE_CURVE('',#1964,#1965,#1055,.T.);
#2456=EDGE_CURVE('',#1966,#1952,#1056,.T.);
#2457=EDGE_CURVE('',#1965,#1966,#1057,.T.);
#2458=EDGE_CURVE('',#1967,#1960,#1058,.T.);
#2459=EDGE_CURVE('',#1966,#1967,#1059,.T.);
#2460=EDGE_CURVE('',#1968,#1959,#1060,.T.);
#2461=EDGE_CURVE('',#1967,#1968,#1061,.T.);
#2462=EDGE_CURVE('',#1969,#1958,#1062,.T.);
#2463=EDGE_CURVE('',#1968,#1969,#1063,.T.);
#2464=EDGE_CURVE('',#1970,#1957,#1064,.T.);
#2465=EDGE_CURVE('',#1969,#1970,#1065,.T.);
#2466=EDGE_CURVE('',#1970,#1962,#1066,.T.);
#2467=EDGE_CURVE('',#1971,#1972,#1067,.T.);
#2468=EDGE_CURVE('',#1971,#1973,#1068,.T.);
#2469=EDGE_CURVE('',#1974,#1973,#1069,.T.);
#2470=EDGE_CURVE('',#1972,#1974,#1070,.T.);
#2471=EDGE_CURVE('',#1972,#1975,#44,.T.);
#2472=EDGE_CURVE('',#1976,#1974,#45,.T.);
#2473=EDGE_CURVE('',#1975,#1976,#1071,.T.);
#2474=EDGE_CURVE('',#1975,#1977,#46,.T.);
#2475=EDGE_CURVE('',#1978,#1976,#47,.T.);
#2476=EDGE_CURVE('',#1977,#1978,#1072,.T.);
#2477=EDGE_CURVE('',#1977,#1979,#48,.T.);
#2478=EDGE_CURVE('',#1980,#1978,#49,.T.);
#2479=EDGE_CURVE('',#1979,#1980,#1073,.T.);
#2480=EDGE_CURVE('',#1979,#1981,#50,.T.);
#2481=EDGE_CURVE('',#1982,#1980,#51,.T.);
#2482=EDGE_CURVE('',#1981,#1982,#1074,.T.);
#2483=EDGE_CURVE('',#1981,#1983,#52,.T.);
#2484=EDGE_CURVE('',#1984,#1982,#53,.T.);
#2485=EDGE_CURVE('',#1983,#1984,#1075,.T.);
#2486=EDGE_CURVE('',#1983,#1985,#54,.T.);
#2487=EDGE_CURVE('',#1986,#1984,#55,.T.);
#2488=EDGE_CURVE('',#1985,#1986,#1076,.T.);
#2489=EDGE_CURVE('',#1985,#1987,#56,.T.);
#2490=EDGE_CURVE('',#1988,#1986,#57,.T.);
#2491=EDGE_CURVE('',#1987,#1988,#1077,.T.);
#2492=EDGE_CURVE('',#1987,#1989,#58,.T.);
#2493=EDGE_CURVE('',#1990,#1988,#59,.T.);
#2494=EDGE_CURVE('',#1989,#1990,#1078,.T.);
#2495=EDGE_CURVE('',#1989,#1991,#60,.T.);
#2496=EDGE_CURVE('',#1992,#1990,#61,.T.);
#2497=EDGE_CURVE('',#1991,#1992,#1079,.T.);
#2498=EDGE_CURVE('',#1991,#1993,#62,.T.);
#2499=EDGE_CURVE('',#1994,#1992,#63,.T.);
#2500=EDGE_CURVE('',#1993,#1994,#1080,.T.);
#2501=EDGE_CURVE('',#1993,#1995,#64,.T.);
#2502=EDGE_CURVE('',#1996,#1994,#65,.T.);
#2503=EDGE_CURVE('',#1995,#1996,#1081,.T.);
#2504=EDGE_CURVE('',#1995,#1997,#66,.T.);
#2505=EDGE_CURVE('',#1998,#1996,#67,.T.);
#2506=EDGE_CURVE('',#1997,#1998,#1082,.T.);
#2507=EDGE_CURVE('',#1997,#1999,#68,.T.);
#2508=EDGE_CURVE('',#2000,#1998,#69,.T.);
#2509=EDGE_CURVE('',#1999,#2000,#1083,.T.);
#2510=EDGE_CURVE('',#1999,#2001,#70,.T.);
#2511=EDGE_CURVE('',#2002,#2000,#71,.T.);
#2512=EDGE_CURVE('',#2001,#2002,#1084,.T.);
#2513=EDGE_CURVE('',#2001,#2003,#1085,.T.);
#2514=EDGE_CURVE('',#2004,#2002,#1086,.T.);
#2515=EDGE_CURVE('',#2003,#2004,#1087,.T.);
#2516=EDGE_CURVE('',#2003,#2005,#72,.T.);
#2517=EDGE_CURVE('',#2006,#2004,#73,.T.);
#2518=EDGE_CURVE('',#2005,#2006,#1088,.T.);
#2519=EDGE_CURVE('',#2005,#2007,#74,.T.);
#2520=EDGE_CURVE('',#2008,#2006,#75,.T.);
#2521=EDGE_CURVE('',#2007,#2008,#1089,.T.);
#2522=EDGE_CURVE('',#2007,#2009,#76,.T.);
#2523=EDGE_CURVE('',#2010,#2008,#77,.T.);
#2524=EDGE_CURVE('',#2009,#2010,#1090,.T.);
#2525=EDGE_CURVE('',#2009,#2011,#78,.T.);
#2526=EDGE_CURVE('',#2012,#2010,#79,.T.);
#2527=EDGE_CURVE('',#2011,#2012,#1091,.T.);
#2528=EDGE_CURVE('',#2011,#2013,#80,.T.);
#2529=EDGE_CURVE('',#2014,#2012,#81,.T.);
#2530=EDGE_CURVE('',#2013,#2014,#1092,.T.);
#2531=EDGE_CURVE('',#2013,#2015,#82,.T.);
#2532=EDGE_CURVE('',#2016,#2014,#83,.T.);
#2533=EDGE_CURVE('',#2015,#2016,#1093,.T.);
#2534=EDGE_CURVE('',#2015,#2017,#84,.T.);
#2535=EDGE_CURVE('',#2018,#2016,#85,.T.);
#2536=EDGE_CURVE('',#2017,#2018,#1094,.T.);
#2537=EDGE_CURVE('',#2017,#2019,#86,.T.);
#2538=EDGE_CURVE('',#2020,#2018,#87,.T.);
#2539=EDGE_CURVE('',#2019,#2020,#1095,.T.);
#2540=EDGE_CURVE('',#2019,#2021,#88,.T.);
#2541=EDGE_CURVE('',#2022,#2020,#89,.T.);
#2542=EDGE_CURVE('',#2021,#2022,#1096,.T.);
#2543=EDGE_CURVE('',#2021,#2023,#90,.T.);
#2544=EDGE_CURVE('',#2024,#2022,#91,.T.);
#2545=EDGE_CURVE('',#2023,#2024,#1097,.T.);
#2546=EDGE_CURVE('',#2023,#2025,#92,.T.);
#2547=EDGE_CURVE('',#2026,#2024,#93,.T.);
#2548=EDGE_CURVE('',#2025,#2026,#1098,.T.);
#2549=EDGE_CURVE('',#2025,#2027,#94,.T.);
#2550=EDGE_CURVE('',#2028,#2026,#95,.T.);
#2551=EDGE_CURVE('',#2027,#2028,#1099,.T.);
#2552=EDGE_CURVE('',#2027,#2029,#96,.T.);
#2553=EDGE_CURVE('',#2030,#2028,#97,.T.);
#2554=EDGE_CURVE('',#2029,#2030,#1100,.T.);
#2555=EDGE_CURVE('',#2029,#1971,#98,.T.);
#2556=EDGE_CURVE('',#1973,#2030,#99,.T.);
#2557=EDGE_CURVE('',#2031,#2032,#1101,.T.);
#2558=EDGE_CURVE('',#2031,#2033,#1102,.T.);
#2559=EDGE_CURVE('',#2034,#2033,#1103,.T.);
#2560=EDGE_CURVE('',#2032,#2034,#1104,.T.);
#2561=EDGE_CURVE('',#2032,#2035,#100,.T.);
#2562=EDGE_CURVE('',#2036,#2034,#101,.T.);
#2563=EDGE_CURVE('',#2035,#2036,#1105,.T.);
#2564=EDGE_CURVE('',#2035,#2037,#102,.T.);
#2565=EDGE_CURVE('',#2038,#2036,#103,.T.);
#2566=EDGE_CURVE('',#2037,#2038,#1106,.T.);
#2567=EDGE_CURVE('',#2037,#2039,#104,.T.);
#2568=EDGE_CURVE('',#2040,#2038,#105,.T.);
#2569=EDGE_CURVE('',#2039,#2040,#1107,.T.);
#2570=EDGE_CURVE('',#2039,#2041,#106,.T.);
#2571=EDGE_CURVE('',#2042,#2040,#107,.T.);
#2572=EDGE_CURVE('',#2041,#2042,#1108,.T.);
#2573=EDGE_CURVE('',#2041,#2043,#108,.T.);
#2574=EDGE_CURVE('',#2044,#2042,#109,.T.);
#2575=EDGE_CURVE('',#2043,#2044,#1109,.T.);
#2576=EDGE_CURVE('',#2043,#2045,#110,.T.);
#2577=EDGE_CURVE('',#2046,#2044,#111,.T.);
#2578=EDGE_CURVE('',#2045,#2046,#1110,.T.);
#2579=EDGE_CURVE('',#2045,#2047,#1111,.T.);
#2580=EDGE_CURVE('',#2048,#2046,#1112,.T.);
#2581=EDGE_CURVE('',#2047,#2048,#1113,.T.);
#2582=EDGE_CURVE('',#2047,#2031,#1114,.T.);
#2583=EDGE_CURVE('',#2033,#2048,#1115,.T.);
#2584=EDGE_CURVE('',#2049,#2050,#1116,.T.);
#2585=EDGE_CURVE('',#2049,#2051,#1117,.T.);
#2586=EDGE_CURVE('',#2052,#2051,#1118,.T.);
#2587=EDGE_CURVE('',#2050,#2052,#1119,.T.);
#2588=EDGE_CURVE('',#2050,#2053,#1120,.T.);
#2589=EDGE_CURVE('',#2054,#2052,#1121,.T.);
#2590=EDGE_CURVE('',#2053,#2054,#1122,.T.);
#2591=EDGE_CURVE('',#2053,#2055,#112,.T.);
#2592=EDGE_CURVE('',#2056,#2054,#113,.T.);
#2593=EDGE_CURVE('',#2055,#2056,#1123,.T.);
#2594=EDGE_CURVE('',#2055,#2057,#114,.T.);
#2595=EDGE_CURVE('',#2058,#2056,#115,.T.);
#2596=EDGE_CURVE('',#2057,#2058,#1124,.T.);
#2597=EDGE_CURVE('',#2057,#2059,#116,.T.);
#2598=EDGE_CURVE('',#2060,#2058,#117,.T.);
#2599=EDGE_CURVE('',#2059,#2060,#1125,.T.);
#2600=EDGE_CURVE('',#2059,#2061,#118,.T.);
#2601=EDGE_CURVE('',#2062,#2060,#119,.T.);
#2602=EDGE_CURVE('',#2061,#2062,#1126,.T.);
#2603=EDGE_CURVE('',#2061,#2063,#120,.T.);
#2604=EDGE_CURVE('',#2064,#2062,#121,.T.);
#2605=EDGE_CURVE('',#2063,#2064,#1127,.T.);
#2606=EDGE_CURVE('',#2063,#2065,#122,.T.);
#2607=EDGE_CURVE('',#2066,#2064,#123,.T.);
#2608=EDGE_CURVE('',#2065,#2066,#1128,.T.);
#2609=EDGE_CURVE('',#2065,#2067,#124,.T.);
#2610=EDGE_CURVE('',#2068,#2066,#125,.T.);
#2611=EDGE_CURVE('',#2067,#2068,#1129,.T.);
#2612=EDGE_CURVE('',#2067,#2069,#1130,.T.);
#2613=EDGE_CURVE('',#2070,#2068,#1131,.T.);
#2614=EDGE_CURVE('',#2069,#2070,#1132,.T.);
#2615=EDGE_CURVE('',#2069,#2071,#1133,.T.);
#2616=EDGE_CURVE('',#2072,#2070,#1134,.T.);
#2617=EDGE_CURVE('',#2071,#2072,#1135,.T.);
#2618=EDGE_CURVE('',#2071,#2073,#1136,.T.);
#2619=EDGE_CURVE('',#2074,#2072,#1137,.T.);
#2620=EDGE_CURVE('',#2073,#2074,#1138,.T.);
#2621=EDGE_CURVE('',#2073,#2075,#126,.T.);
#2622=EDGE_CURVE('',#2076,#2074,#127,.T.);
#2623=EDGE_CURVE('',#2075,#2076,#1139,.T.);
#2624=EDGE_CURVE('',#2075,#2077,#128,.T.);
#2625=EDGE_CURVE('',#2078,#2076,#129,.T.);
#2626=EDGE_CURVE('',#2077,#2078,#1140,.T.);
#2627=EDGE_CURVE('',#2077,#2079,#130,.T.);
#2628=EDGE_CURVE('',#2080,#2078,#131,.T.);
#2629=EDGE_CURVE('',#2079,#2080,#1141,.T.);
#2630=EDGE_CURVE('',#2079,#2081,#1142,.T.);
#2631=EDGE_CURVE('',#2082,#2080,#1143,.T.);
#2632=EDGE_CURVE('',#2081,#2082,#1144,.T.);
#2633=EDGE_CURVE('',#2081,#2083,#1145,.T.);
#2634=EDGE_CURVE('',#2084,#2082,#1146,.T.);
#2635=EDGE_CURVE('',#2083,#2084,#1147,.T.);
#2636=EDGE_CURVE('',#2083,#2049,#1148,.T.);
#2637=EDGE_CURVE('',#2051,#2084,#1149,.T.);
#2638=EDGE_CURVE('',#2085,#2086,#1150,.T.);
#2639=EDGE_CURVE('',#2085,#2087,#1151,.T.);
#2640=EDGE_CURVE('',#2088,#2087,#1152,.T.);
#2641=EDGE_CURVE('',#2086,#2088,#1153,.T.);
#2642=EDGE_CURVE('',#2086,#2089,#132,.T.);
#2643=EDGE_CURVE('',#2090,#2088,#133,.T.);
#2644=EDGE_CURVE('',#2089,#2090,#1154,.T.);
#2645=EDGE_CURVE('',#2089,#2091,#134,.T.);
#2646=EDGE_CURVE('',#2092,#2090,#135,.T.);
#2647=EDGE_CURVE('',#2091,#2092,#1155,.T.);
#2648=EDGE_CURVE('',#2091,#2093,#136,.T.);
#2649=EDGE_CURVE('',#2094,#2092,#137,.T.);
#2650=EDGE_CURVE('',#2093,#2094,#1156,.T.);
#2651=EDGE_CURVE('',#2093,#2095,#138,.T.);
#2652=EDGE_CURVE('',#2096,#2094,#139,.T.);
#2653=EDGE_CURVE('',#2095,#2096,#1157,.T.);
#2654=EDGE_CURVE('',#2095,#2097,#140,.T.);
#2655=EDGE_CURVE('',#2098,#2096,#141,.T.);
#2656=EDGE_CURVE('',#2097,#2098,#1158,.T.);
#2657=EDGE_CURVE('',#2097,#2099,#142,.T.);
#2658=EDGE_CURVE('',#2100,#2098,#143,.T.);
#2659=EDGE_CURVE('',#2099,#2100,#1159,.T.);
#2660=EDGE_CURVE('',#2099,#2101,#144,.T.);
#2661=EDGE_CURVE('',#2102,#2100,#145,.T.);
#2662=EDGE_CURVE('',#2101,#2102,#1160,.T.);
#2663=EDGE_CURVE('',#2101,#2103,#146,.T.);
#2664=EDGE_CURVE('',#2104,#2102,#147,.T.);
#2665=EDGE_CURVE('',#2103,#2104,#1161,.T.);
#2666=EDGE_CURVE('',#2103,#2105,#1162,.T.);
#2667=EDGE_CURVE('',#2106,#2104,#1163,.T.);
#2668=EDGE_CURVE('',#2105,#2106,#1164,.T.);
#2669=EDGE_CURVE('',#2105,#2107,#148,.T.);
#2670=EDGE_CURVE('',#2108,#2106,#149,.T.);
#2671=EDGE_CURVE('',#2107,#2108,#1165,.T.);
#2672=EDGE_CURVE('',#2107,#2109,#150,.T.);
#2673=EDGE_CURVE('',#2110,#2108,#151,.T.);
#2674=EDGE_CURVE('',#2109,#2110,#1166,.T.);
#2675=EDGE_CURVE('',#2109,#2111,#152,.T.);
#2676=EDGE_CURVE('',#2112,#2110,#153,.T.);
#2677=EDGE_CURVE('',#2111,#2112,#1167,.T.);
#2678=EDGE_CURVE('',#2111,#2113,#154,.T.);
#2679=EDGE_CURVE('',#2114,#2112,#155,.T.);
#2680=EDGE_CURVE('',#2113,#2114,#1168,.T.);
#2681=EDGE_CURVE('',#2113,#2115,#156,.T.);
#2682=EDGE_CURVE('',#2116,#2114,#157,.T.);
#2683=EDGE_CURVE('',#2115,#2116,#1169,.T.);
#2684=EDGE_CURVE('',#2115,#2117,#158,.T.);
#2685=EDGE_CURVE('',#2118,#2116,#159,.T.);
#2686=EDGE_CURVE('',#2117,#2118,#1170,.T.);
#2687=EDGE_CURVE('',#2117,#2119,#160,.T.);
#2688=EDGE_CURVE('',#2120,#2118,#161,.T.);
#2689=EDGE_CURVE('',#2119,#2120,#1171,.T.);
#2690=EDGE_CURVE('',#2119,#2085,#162,.T.);
#2691=EDGE_CURVE('',#2087,#2120,#163,.T.);
#2692=EDGE_CURVE('',#2121,#2122,#1172,.T.);
#2693=EDGE_CURVE('',#2123,#2121,#1173,.T.);
#2694=EDGE_CURVE('',#2124,#2123,#1174,.T.);
#2695=EDGE_CURVE('',#2125,#2124,#1175,.T.);
#2696=EDGE_CURVE('',#2126,#2125,#1176,.T.);
#2697=EDGE_CURVE('',#2127,#2126,#1177,.T.);
#2698=EDGE_CURVE('',#2128,#2127,#1178,.T.);
#2699=EDGE_CURVE('',#2129,#2128,#1179,.T.);
#2700=EDGE_CURVE('',#2130,#2129,#1180,.T.);
#2701=EDGE_CURVE('',#2131,#2130,#1181,.T.);
#2702=EDGE_CURVE('',#2132,#2131,#1182,.T.);
#2703=EDGE_CURVE('',#2122,#2132,#1183,.T.);
#2704=EDGE_CURVE('',#2133,#2126,#1184,.T.);
#2705=EDGE_CURVE('',#2134,#2133,#1185,.T.);
#2706=EDGE_CURVE('',#2134,#2127,#1186,.T.);
#2707=EDGE_CURVE('',#2135,#2125,#1187,.T.);
#2708=EDGE_CURVE('',#2133,#2135,#1188,.T.);
#2709=EDGE_CURVE('',#2136,#2124,#1189,.T.);
#2710=EDGE_CURVE('',#2135,#2136,#1190,.T.);
#2711=EDGE_CURVE('',#2137,#2123,#1191,.T.);
#2712=EDGE_CURVE('',#2136,#2137,#1192,.T.);
#2713=EDGE_CURVE('',#2138,#2121,#1193,.T.);
#2714=EDGE_CURVE('',#2137,#2138,#1194,.T.);
#2715=EDGE_CURVE('',#2139,#2122,#1195,.T.);
#2716=EDGE_CURVE('',#2138,#2139,#1196,.T.);
#2717=EDGE_CURVE('',#2140,#2132,#1197,.T.);
#2718=EDGE_CURVE('',#2139,#2140,#1198,.T.);
#2719=EDGE_CURVE('',#2141,#2131,#1199,.T.);
#2720=EDGE_CURVE('',#2140,#2141,#1200,.T.);
#2721=EDGE_CURVE('',#2142,#2130,#1201,.T.);
#2722=EDGE_CURVE('',#2141,#2142,#1202,.T.);
#2723=EDGE_CURVE('',#2143,#2129,#1203,.T.);
#2724=EDGE_CURVE('',#2142,#2143,#1204,.T.);
#2725=EDGE_CURVE('',#2144,#2128,#1205,.T.);
#2726=EDGE_CURVE('',#2143,#2144,#1206,.T.);
#2727=EDGE_CURVE('',#2144,#2134,#1207,.T.);
#2728=EDGE_CURVE('',#2145,#2146,#1208,.T.);
#2729=EDGE_CURVE('',#2147,#2145,#1209,.T.);
#2730=EDGE_CURVE('',#2148,#2147,#1210,.T.);
#2731=EDGE_CURVE('',#2146,#2148,#1211,.T.);
#2732=EDGE_CURVE('',#2149,#2145,#1212,.T.);
#2733=EDGE_CURVE('',#2150,#2149,#1213,.T.);
#2734=EDGE_CURVE('',#2150,#2147,#1214,.T.);
#2735=EDGE_CURVE('',#2151,#2146,#1215,.T.);
#2736=EDGE_CURVE('',#2149,#2151,#1216,.T.);
#2737=EDGE_CURVE('',#2152,#2148,#1217,.T.);
#2738=EDGE_CURVE('',#2151,#2152,#1218,.T.);
#2739=EDGE_CURVE('',#2152,#2150,#1219,.T.);
#2740=EDGE_CURVE('',#2153,#2154,#1220,.T.);
#2741=EDGE_CURVE('',#2155,#2153,#1221,.T.);
#2742=EDGE_CURVE('',#2156,#2155,#164,.T.);
#2743=EDGE_CURVE('',#2157,#2156,#165,.T.);
#2744=EDGE_CURVE('',#2158,#2157,#166,.T.);
#2745=EDGE_CURVE('',#2159,#2158,#167,.T.);
#2746=EDGE_CURVE('',#2160,#2159,#168,.T.);
#2747=EDGE_CURVE('',#2161,#2160,#169,.T.);
#2748=EDGE_CURVE('',#2162,#2161,#170,.T.);
#2749=EDGE_CURVE('',#2163,#2162,#171,.T.);
#2750=EDGE_CURVE('',#2164,#2163,#172,.T.);
#2751=EDGE_CURVE('',#2165,#2164,#173,.T.);
#2752=EDGE_CURVE('',#2166,#2165,#174,.T.);
#2753=EDGE_CURVE('',#2167,#2166,#175,.T.);
#2754=EDGE_CURVE('',#2154,#2167,#1222,.T.);
#2755=EDGE_CURVE('',#2168,#2169,#1223,.T.);
#2756=EDGE_CURVE('',#2170,#2168,#176,.T.);
#2757=EDGE_CURVE('',#2171,#2170,#177,.T.);
#2758=EDGE_CURVE('',#2172,#2171,#178,.T.);
#2759=EDGE_CURVE('',#2173,#2172,#179,.T.);
#2760=EDGE_CURVE('',#2174,#2173,#180,.T.);
#2761=EDGE_CURVE('',#2175,#2174,#181,.T.);
#2762=EDGE_CURVE('',#2176,#2175,#1224,.T.);
#2763=EDGE_CURVE('',#2169,#2176,#1225,.T.);
#2764=EDGE_CURVE('',#2177,#2178,#1226,.T.);
#2765=EDGE_CURVE('',#2179,#2177,#182,.T.);
#2766=EDGE_CURVE('',#2180,#2179,#183,.T.);
#2767=EDGE_CURVE('',#2181,#2180,#184,.T.);
#2768=EDGE_CURVE('',#2182,#2181,#185,.T.);
#2769=EDGE_CURVE('',#2183,#2182,#186,.T.);
#2770=EDGE_CURVE('',#2184,#2183,#187,.T.);
#2771=EDGE_CURVE('',#2185,#2184,#1227,.T.);
#2772=EDGE_CURVE('',#2178,#2185,#1228,.T.);
#2773=EDGE_CURVE('',#2186,#2181,#1229,.T.);
#2774=EDGE_CURVE('',#2187,#2186,#188,.T.);
#2775=EDGE_CURVE('',#2187,#2182,#1230,.T.);
#2776=EDGE_CURVE('',#2188,#2180,#1231,.T.);
#2777=EDGE_CURVE('',#2186,#2188,#189,.T.);
#2778=EDGE_CURVE('',#2189,#2179,#1232,.T.);
#2779=EDGE_CURVE('',#2188,#2189,#190,.T.);
#2780=EDGE_CURVE('',#2190,#2177,#1233,.T.);
#2781=EDGE_CURVE('',#2189,#2190,#191,.T.);
#2782=EDGE_CURVE('',#2191,#2178,#1234,.T.);
#2783=EDGE_CURVE('',#2190,#2191,#1235,.T.);
#2784=EDGE_CURVE('',#2192,#2172,#1236,.T.);
#2785=EDGE_CURVE('',#2193,#2192,#192,.T.);
#2786=EDGE_CURVE('',#2193,#2173,#1237,.T.);
#2787=EDGE_CURVE('',#2194,#2171,#1238,.T.);
#2788=EDGE_CURVE('',#2192,#2194,#193,.T.);
#2789=EDGE_CURVE('',#2195,#2170,#1239,.T.);
#2790=EDGE_CURVE('',#2194,#2195,#194,.T.);
#2791=EDGE_CURVE('',#2196,#2168,#1240,.T.);
#2792=EDGE_CURVE('',#2195,#2196,#195,.T.);
#2793=EDGE_CURVE('',#2197,#2169,#1241,.T.);
#2794=EDGE_CURVE('',#2196,#2197,#1242,.T.);
#2795=EDGE_CURVE('',#2198,#2160,#1243,.T.);
#2796=EDGE_CURVE('',#2199,#2198,#196,.T.);
#2797=EDGE_CURVE('',#2199,#2161,#1244,.T.);
#2798=EDGE_CURVE('',#2200,#2159,#1245,.T.);
#2799=EDGE_CURVE('',#2198,#2200,#197,.T.);
#2800=EDGE_CURVE('',#2201,#2158,#1246,.T.);
#2801=EDGE_CURVE('',#2200,#2201,#198,.T.);
#2802=EDGE_CURVE('',#2202,#2157,#1247,.T.);
#2803=EDGE_CURVE('',#2201,#2202,#199,.T.);
#2804=EDGE_CURVE('',#2203,#2156,#1248,.T.);
#2805=EDGE_CURVE('',#2202,#2203,#200,.T.);
#2806=EDGE_CURVE('',#2204,#2155,#1249,.T.);
#2807=EDGE_CURVE('',#2203,#2204,#201,.T.);
#2808=EDGE_CURVE('',#2205,#2153,#1250,.T.);
#2809=EDGE_CURVE('',#2204,#2205,#1251,.T.);
#2810=EDGE_CURVE('',#2206,#2154,#1252,.T.);
#2811=EDGE_CURVE('',#2205,#2206,#1253,.T.);
#2812=EDGE_CURVE('',#2207,#2185,#1254,.T.);
#2813=EDGE_CURVE('',#2191,#2207,#1255,.T.);
#2814=EDGE_CURVE('',#2208,#2184,#1256,.T.);
#2815=EDGE_CURVE('',#2207,#2208,#1257,.T.);
#2816=EDGE_CURVE('',#2209,#2183,#1258,.T.);
#2817=EDGE_CURVE('',#2208,#2209,#202,.T.);
#2818=EDGE_CURVE('',#2209,#2187,#203,.T.);
#2819=EDGE_CURVE('',#2210,#2176,#1259,.T.);
#2820=EDGE_CURVE('',#2197,#2210,#1260,.T.);
#2821=EDGE_CURVE('',#2211,#2175,#1261,.T.);
#2822=EDGE_CURVE('',#2210,#2211,#1262,.T.);
#2823=EDGE_CURVE('',#2212,#2174,#1263,.T.);
#2824=EDGE_CURVE('',#2211,#2212,#204,.T.);
#2825=EDGE_CURVE('',#2212,#2193,#205,.T.);
#2826=EDGE_CURVE('',#2213,#2167,#1264,.T.);
#2827=EDGE_CURVE('',#2206,#2213,#1265,.T.);
#2828=EDGE_CURVE('',#2214,#2166,#1266,.T.);
#2829=EDGE_CURVE('',#2213,#2214,#206,.T.);
#2830=EDGE_CURVE('',#2215,#2165,#1267,.T.);
#2831=EDGE_CURVE('',#2214,#2215,#207,.T.);
#2832=EDGE_CURVE('',#2216,#2164,#1268,.T.);
#2833=EDGE_CURVE('',#2215,#2216,#208,.T.);
#2834=EDGE_CURVE('',#2217,#2163,#1269,.T.);
#2835=EDGE_CURVE('',#2216,#2217,#209,.T.);
#2836=EDGE_CURVE('',#2218,#2162,#1270,.T.);
#2837=EDGE_CURVE('',#2217,#2218,#210,.T.);
#2838=EDGE_CURVE('',#2218,#2199,#211,.T.);
#2839=EDGE_CURVE('',#2219,#2220,#1271,.T.);
#2840=EDGE_CURVE('',#2219,#2221,#1272,.T.);
#2841=EDGE_CURVE('',#2222,#2221,#1273,.T.);
#2842=EDGE_CURVE('',#2220,#2222,#1274,.T.);
#2843=EDGE_CURVE('',#2220,#2223,#212,.T.);
#2844=EDGE_CURVE('',#2224,#2222,#213,.T.);
#2845=EDGE_CURVE('',#2223,#2224,#1275,.T.);
#2846=EDGE_CURVE('',#2223,#2225,#214,.T.);
#2847=EDGE_CURVE('',#2226,#2224,#215,.T.);
#2848=EDGE_CURVE('',#2225,#2226,#1276,.T.);
#2849=EDGE_CURVE('',#2225,#2227,#216,.T.);
#2850=EDGE_CURVE('',#2228,#2226,#217,.T.);
#2851=EDGE_CURVE('',#2227,#2228,#1277,.T.);
#2852=EDGE_CURVE('',#2227,#2229,#218,.T.);
#2853=EDGE_CURVE('',#2230,#2228,#219,.T.);
#2854=EDGE_CURVE('',#2229,#2230,#1278,.T.);
#2855=EDGE_CURVE('',#2229,#2231,#220,.T.);
#2856=EDGE_CURVE('',#2232,#2230,#221,.T.);
#2857=EDGE_CURVE('',#2231,#2232,#1279,.T.);
#2858=EDGE_CURVE('',#2231,#2233,#222,.T.);
#2859=EDGE_CURVE('',#2234,#2232,#223,.T.);
#2860=EDGE_CURVE('',#2233,#2234,#1280,.T.);
#2861=EDGE_CURVE('',#2233,#2219,#1281,.T.);
#2862=EDGE_CURVE('',#2221,#2234,#1282,.T.);
#2863=EDGE_CURVE('',#2235,#2236,#224,.T.);
#2864=EDGE_CURVE('',#2235,#2237,#1283,.T.);
#2865=EDGE_CURVE('',#2238,#2237,#225,.T.);
#2866=EDGE_CURVE('',#2236,#2238,#1284,.T.);
#2867=EDGE_CURVE('',#2236,#2239,#226,.T.);
#2868=EDGE_CURVE('',#2240,#2238,#227,.T.);
#2869=EDGE_CURVE('',#2239,#2240,#1285,.T.);
#2870=EDGE_CURVE('',#2239,#2241,#228,.T.);
#2871=EDGE_CURVE('',#2242,#2240,#229,.T.);
#2872=EDGE_CURVE('',#2241,#2242,#1286,.T.);
#2873=EDGE_CURVE('',#2241,#2243,#230,.T.);
#2874=EDGE_CURVE('',#2244,#2242,#231,.T.);
#2875=EDGE_CURVE('',#2243,#2244,#1287,.T.);
#2876=EDGE_CURVE('',#2243,#2245,#232,.T.);
#2877=EDGE_CURVE('',#2246,#2244,#233,.T.);
#2878=EDGE_CURVE('',#2245,#2246,#1288,.T.);
#2879=EDGE_CURVE('',#2245,#2247,#234,.T.);
#2880=EDGE_CURVE('',#2248,#2246,#235,.T.);
#2881=EDGE_CURVE('',#2247,#2248,#1289,.T.);
#2882=EDGE_CURVE('',#2247,#2235,#1290,.T.);
#2883=EDGE_CURVE('',#2237,#2248,#1291,.T.);
#2884=EDGE_CURVE('',#2249,#2250,#1292,.T.);
#2885=EDGE_CURVE('',#2249,#2251,#1293,.T.);
#2886=EDGE_CURVE('',#2252,#2251,#1294,.T.);
#2887=EDGE_CURVE('',#2250,#2252,#1295,.T.);
#2888=EDGE_CURVE('',#2250,#2253,#236,.T.);
#2889=EDGE_CURVE('',#2254,#2252,#237,.T.);
#2890=EDGE_CURVE('',#2253,#2254,#1296,.T.);
#2891=EDGE_CURVE('',#2253,#2255,#238,.T.);
#2892=EDGE_CURVE('',#2256,#2254,#239,.T.);
#2893=EDGE_CURVE('',#2255,#2256,#1297,.T.);
#2894=EDGE_CURVE('',#2255,#2257,#240,.T.);
#2895=EDGE_CURVE('',#2258,#2256,#241,.T.);
#2896=EDGE_CURVE('',#2257,#2258,#1298,.T.);
#2897=EDGE_CURVE('',#2257,#2259,#242,.T.);
#2898=EDGE_CURVE('',#2260,#2258,#243,.T.);
#2899=EDGE_CURVE('',#2259,#2260,#1299,.T.);
#2900=EDGE_CURVE('',#2259,#2261,#244,.T.);
#2901=EDGE_CURVE('',#2262,#2260,#245,.T.);
#2902=EDGE_CURVE('',#2261,#2262,#1300,.T.);
#2903=EDGE_CURVE('',#2261,#2263,#246,.T.);
#2904=EDGE_CURVE('',#2264,#2262,#247,.T.);
#2905=EDGE_CURVE('',#2263,#2264,#1301,.T.);
#2906=EDGE_CURVE('',#2263,#2265,#248,.T.);
#2907=EDGE_CURVE('',#2266,#2264,#249,.T.);
#2908=EDGE_CURVE('',#2265,#2266,#1302,.T.);
#2909=EDGE_CURVE('',#2265,#2267,#250,.T.);
#2910=EDGE_CURVE('',#2268,#2266,#251,.T.);
#2911=EDGE_CURVE('',#2267,#2268,#1303,.T.);
#2912=EDGE_CURVE('',#2267,#2269,#252,.T.);
#2913=EDGE_CURVE('',#2270,#2268,#253,.T.);
#2914=EDGE_CURVE('',#2269,#2270,#1304,.T.);
#2915=EDGE_CURVE('',#2269,#2271,#254,.T.);
#2916=EDGE_CURVE('',#2272,#2270,#255,.T.);
#2917=EDGE_CURVE('',#2271,#2272,#1305,.T.);
#2918=EDGE_CURVE('',#2271,#2273,#256,.T.);
#2919=EDGE_CURVE('',#2274,#2272,#257,.T.);
#2920=EDGE_CURVE('',#2273,#2274,#1306,.T.);
#2921=EDGE_CURVE('',#2273,#2275,#258,.T.);
#2922=EDGE_CURVE('',#2276,#2274,#259,.T.);
#2923=EDGE_CURVE('',#2275,#2276,#1307,.T.);
#2924=EDGE_CURVE('',#2275,#2277,#260,.T.);
#2925=EDGE_CURVE('',#2278,#2276,#261,.T.);
#2926=EDGE_CURVE('',#2277,#2278,#1308,.T.);
#2927=EDGE_CURVE('',#2277,#2279,#262,.T.);
#2928=EDGE_CURVE('',#2280,#2278,#263,.T.);
#2929=EDGE_CURVE('',#2279,#2280,#1309,.T.);
#2930=EDGE_CURVE('',#2279,#2281,#264,.T.);
#2931=EDGE_CURVE('',#2282,#2280,#265,.T.);
#2932=EDGE_CURVE('',#2281,#2282,#1310,.T.);
#2933=EDGE_CURVE('',#2281,#2283,#1311,.T.);
#2934=EDGE_CURVE('',#2284,#2282,#1312,.T.);
#2935=EDGE_CURVE('',#2283,#2284,#1313,.T.);
#2936=EDGE_CURVE('',#2283,#2285,#266,.T.);
#2937=EDGE_CURVE('',#2286,#2284,#267,.T.);
#2938=EDGE_CURVE('',#2285,#2286,#1314,.T.);
#2939=EDGE_CURVE('',#2285,#2287,#1315,.T.);
#2940=EDGE_CURVE('',#2288,#2286,#1316,.T.);
#2941=EDGE_CURVE('',#2287,#2288,#1317,.T.);
#2942=EDGE_CURVE('',#2287,#2289,#268,.T.);
#2943=EDGE_CURVE('',#2290,#2288,#269,.T.);
#2944=EDGE_CURVE('',#2289,#2290,#1318,.T.);
#2945=EDGE_CURVE('',#2289,#2291,#270,.T.);
#2946=EDGE_CURVE('',#2292,#2290,#271,.T.);
#2947=EDGE_CURVE('',#2291,#2292,#1319,.T.);
#2948=EDGE_CURVE('',#2291,#2293,#272,.T.);
#2949=EDGE_CURVE('',#2294,#2292,#273,.T.);
#2950=EDGE_CURVE('',#2293,#2294,#1320,.T.);
#2951=EDGE_CURVE('',#2293,#2249,#274,.T.);
#2952=EDGE_CURVE('',#2251,#2294,#275,.T.);
#2953=EDGE_CURVE('',#2295,#2296,#1321,.T.);
#2954=EDGE_CURVE('',#2295,#2297,#1322,.T.);
#2955=EDGE_CURVE('',#2298,#2297,#1323,.T.);
#2956=EDGE_CURVE('',#2296,#2298,#1324,.T.);
#2957=EDGE_CURVE('',#2296,#2299,#1325,.T.);
#2958=EDGE_CURVE('',#2300,#2298,#1326,.T.);
#2959=EDGE_CURVE('',#2299,#2300,#1327,.T.);
#2960=EDGE_CURVE('',#2299,#2301,#1328,.T.);
#2961=EDGE_CURVE('',#2302,#2300,#1329,.T.);
#2962=EDGE_CURVE('',#2301,#2302,#1330,.T.);
#2963=EDGE_CURVE('',#2301,#2303,#1331,.T.);
#2964=EDGE_CURVE('',#2304,#2302,#1332,.T.);
#2965=EDGE_CURVE('',#2303,#2304,#1333,.T.);
#2966=EDGE_CURVE('',#2303,#2305,#1334,.T.);
#2967=EDGE_CURVE('',#2306,#2304,#1335,.T.);
#2968=EDGE_CURVE('',#2305,#2306,#1336,.T.);
#2969=EDGE_CURVE('',#2305,#2307,#1337,.T.);
#2970=EDGE_CURVE('',#2308,#2306,#1338,.T.);
#2971=EDGE_CURVE('',#2307,#2308,#1339,.T.);
#2972=EDGE_CURVE('',#2307,#2309,#1340,.T.);
#2973=EDGE_CURVE('',#2310,#2308,#1341,.T.);
#2974=EDGE_CURVE('',#2309,#2310,#1342,.T.);
#2975=EDGE_CURVE('',#2309,#2311,#1343,.T.);
#2976=EDGE_CURVE('',#2312,#2310,#1344,.T.);
#2977=EDGE_CURVE('',#2311,#2312,#1345,.T.);
#2978=EDGE_CURVE('',#2311,#2313,#1346,.T.);
#2979=EDGE_CURVE('',#2314,#2312,#1347,.T.);
#2980=EDGE_CURVE('',#2313,#2314,#1348,.T.);
#2981=EDGE_CURVE('',#2313,#2295,#1349,.T.);
#2982=EDGE_CURVE('',#2297,#2314,#1350,.T.);
#2983=EDGE_CURVE('',#2315,#2316,#1351,.T.);
#2984=EDGE_CURVE('',#2315,#2317,#1352,.T.);
#2985=EDGE_CURVE('',#2318,#2317,#1353,.T.);
#2986=EDGE_CURVE('',#2316,#2318,#1354,.T.);
#2987=EDGE_CURVE('',#2316,#2319,#276,.T.);
#2988=EDGE_CURVE('',#2320,#2318,#277,.T.);
#2989=EDGE_CURVE('',#2319,#2320,#1355,.T.);
#2990=EDGE_CURVE('',#2319,#2321,#278,.T.);
#2991=EDGE_CURVE('',#2322,#2320,#279,.T.);
#2992=EDGE_CURVE('',#2321,#2322,#1356,.T.);
#2993=EDGE_CURVE('',#2321,#2323,#280,.T.);
#2994=EDGE_CURVE('',#2324,#2322,#281,.T.);
#2995=EDGE_CURVE('',#2323,#2324,#1357,.T.);
#2996=EDGE_CURVE('',#2323,#2325,#282,.T.);
#2997=EDGE_CURVE('',#2326,#2324,#283,.T.);
#2998=EDGE_CURVE('',#2325,#2326,#1358,.T.);
#2999=EDGE_CURVE('',#2325,#2327,#284,.T.);
#3000=EDGE_CURVE('',#2328,#2326,#285,.T.);
#3001=EDGE_CURVE('',#2327,#2328,#1359,.T.);
#3002=EDGE_CURVE('',#2327,#2329,#286,.T.);
#3003=EDGE_CURVE('',#2330,#2328,#287,.T.);
#3004=EDGE_CURVE('',#2329,#2330,#1360,.T.);
#3005=EDGE_CURVE('',#2329,#2331,#1361,.T.);
#3006=EDGE_CURVE('',#2332,#2330,#1362,.T.);
#3007=EDGE_CURVE('',#2331,#2332,#1363,.T.);
#3008=EDGE_CURVE('',#2331,#2315,#1364,.T.);
#3009=EDGE_CURVE('',#2317,#2332,#1365,.T.);
#3010=EDGE_CURVE('',#2333,#2334,#1366,.T.);
#3011=EDGE_CURVE('',#2333,#2335,#1367,.T.);
#3012=EDGE_CURVE('',#2336,#2335,#1368,.T.);
#3013=EDGE_CURVE('',#2334,#2336,#1369,.T.);
#3014=EDGE_CURVE('',#2334,#2337,#1370,.T.);
#3015=EDGE_CURVE('',#2338,#2336,#1371,.T.);
#3016=EDGE_CURVE('',#2337,#2338,#1372,.T.);
#3017=EDGE_CURVE('',#2337,#2339,#288,.T.);
#3018=EDGE_CURVE('',#2340,#2338,#289,.T.);
#3019=EDGE_CURVE('',#2339,#2340,#1373,.T.);
#3020=EDGE_CURVE('',#2339,#2341,#290,.T.);
#3021=EDGE_CURVE('',#2342,#2340,#291,.T.);
#3022=EDGE_CURVE('',#2341,#2342,#1374,.T.);
#3023=EDGE_CURVE('',#2341,#2343,#292,.T.);
#3024=EDGE_CURVE('',#2344,#2342,#293,.T.);
#3025=EDGE_CURVE('',#2343,#2344,#1375,.T.);
#3026=EDGE_CURVE('',#2343,#2345,#294,.T.);
#3027=EDGE_CURVE('',#2346,#2344,#295,.T.);
#3028=EDGE_CURVE('',#2345,#2346,#1376,.T.);
#3029=EDGE_CURVE('',#2345,#2347,#296,.T.);
#3030=EDGE_CURVE('',#2348,#2346,#297,.T.);
#3031=EDGE_CURVE('',#2347,#2348,#1377,.T.);
#3032=EDGE_CURVE('',#2347,#2349,#298,.T.);
#3033=EDGE_CURVE('',#2350,#2348,#299,.T.);
#3034=EDGE_CURVE('',#2349,#2350,#1378,.T.);
#3035=EDGE_CURVE('',#2349,#2351,#300,.T.);
#3036=EDGE_CURVE('',#2352,#2350,#301,.T.);
#3037=EDGE_CURVE('',#2351,#2352,#1379,.T.);
#3038=EDGE_CURVE('',#2351,#2353,#1380,.T.);
#3039=EDGE_CURVE('',#2354,#2352,#1381,.T.);
#3040=EDGE_CURVE('',#2353,#2354,#1382,.T.);
#3041=EDGE_CURVE('',#2353,#2355,#1383,.T.);
#3042=EDGE_CURVE('',#2356,#2354,#1384,.T.);
#3043=EDGE_CURVE('',#2355,#2356,#1385,.T.);
#3044=EDGE_CURVE('',#2355,#2357,#1386,.T.);
#3045=EDGE_CURVE('',#2358,#2356,#1387,.T.);
#3046=EDGE_CURVE('',#2357,#2358,#1388,.T.);
#3047=EDGE_CURVE('',#2357,#2359,#302,.T.);
#3048=EDGE_CURVE('',#2360,#2358,#303,.T.);
#3049=EDGE_CURVE('',#2359,#2360,#1389,.T.);
#3050=EDGE_CURVE('',#2359,#2361,#304,.T.);
#3051=EDGE_CURVE('',#2362,#2360,#305,.T.);
#3052=EDGE_CURVE('',#2361,#2362,#1390,.T.);
#3053=EDGE_CURVE('',#2361,#2363,#306,.T.);
#3054=EDGE_CURVE('',#2364,#2362,#307,.T.);
#3055=EDGE_CURVE('',#2363,#2364,#1391,.T.);
#3056=EDGE_CURVE('',#2363,#2365,#1392,.T.);
#3057=EDGE_CURVE('',#2366,#2364,#1393,.T.);
#3058=EDGE_CURVE('',#2365,#2366,#1394,.T.);
#3059=EDGE_CURVE('',#2365,#2367,#1395,.T.);
#3060=EDGE_CURVE('',#2368,#2366,#1396,.T.);
#3061=EDGE_CURVE('',#2367,#2368,#1397,.T.);
#3062=EDGE_CURVE('',#2367,#2333,#1398,.T.);
#3063=EDGE_CURVE('',#2335,#2368,#1399,.T.);
#3064=EDGE_CURVE('',#2369,#2370,#1400,.T.);
#3065=EDGE_CURVE('',#2371,#2369,#1401,.T.);
#3066=EDGE_CURVE('',#2372,#2371,#1402,.T.);
#3067=EDGE_CURVE('',#2373,#2372,#1403,.T.);
#3068=EDGE_CURVE('',#2374,#2373,#1404,.T.);
#3069=EDGE_CURVE('',#2375,#2374,#1405,.T.);
#3070=EDGE_CURVE('',#2370,#2375,#1406,.T.);
#3071=EDGE_CURVE('',#2375,#2376,#1407,.T.);
#3072=EDGE_CURVE('',#2376,#2377,#1408,.T.);
#3073=EDGE_CURVE('',#2377,#2370,#1409,.T.);
#3074=EDGE_CURVE('',#2374,#2378,#1410,.T.);
#3075=EDGE_CURVE('',#2376,#2378,#1411,.T.);
#3076=EDGE_CURVE('',#2373,#2379,#1412,.T.);
#3077=EDGE_CURVE('',#2378,#2379,#1413,.T.);
#3078=EDGE_CURVE('',#2380,#2377,#1414,.T.);
#3079=EDGE_CURVE('',#2369,#2380,#1415,.T.);
#3080=EDGE_CURVE('',#2379,#2381,#1416,.T.);
#3081=EDGE_CURVE('',#2381,#2382,#1417,.T.);
#3082=EDGE_CURVE('',#2382,#2380,#1418,.T.);
#3083=EDGE_CURVE('',#2372,#2381,#1419,.T.);
#3084=EDGE_CURVE('',#2371,#2382,#1420,.T.);
#3085=EDGE_CURVE('',#2383,#2384,#1421,.T.);
#3086=EDGE_CURVE('',#2385,#2383,#1422,.T.);
#3087=EDGE_CURVE('',#2386,#2385,#1423,.T.);
#3088=EDGE_CURVE('',#2387,#2386,#1424,.T.);
#3089=EDGE_CURVE('',#2388,#2387,#1425,.T.);
#3090=EDGE_CURVE('',#2389,#2388,#1426,.T.);
#3091=EDGE_CURVE('',#2384,#2389,#1427,.T.);
#3092=EDGE_CURVE('',#2390,#2389,#1428,.T.);
#3093=EDGE_CURVE('',#2391,#2390,#1429,.T.);
#3094=EDGE_CURVE('',#2391,#2384,#1430,.T.);
#3095=EDGE_CURVE('',#2392,#2388,#1431,.T.);
#3096=EDGE_CURVE('',#2390,#2392,#1432,.T.);
#3097=EDGE_CURVE('',#2393,#2387,#1433,.T.);
#3098=EDGE_CURVE('',#2392,#2393,#1434,.T.);
#3099=EDGE_CURVE('',#2386,#2394,#1435,.T.);
#3100=EDGE_CURVE('',#2394,#2393,#1436,.T.);
#3101=EDGE_CURVE('',#2395,#2391,#1437,.T.);
#3102=EDGE_CURVE('',#2395,#2383,#1438,.T.);
#3103=EDGE_CURVE('',#2396,#2395,#1439,.T.);
#3104=EDGE_CURVE('',#2396,#2385,#1440,.T.);
#3105=EDGE_CURVE('',#2394,#2396,#1441,.T.);
#3106=EDGE_CURVE('',#2397,#2398,#1442,.T.);
#3107=EDGE_CURVE('',#2399,#2397,#1443,.T.);
#3108=EDGE_CURVE('',#2400,#2399,#1444,.T.);
#3109=EDGE_CURVE('',#2401,#2400,#1445,.T.);
#3110=EDGE_CURVE('',#2402,#2401,#1446,.T.);
#3111=EDGE_CURVE('',#2403,#2402,#1447,.T.);
#3112=EDGE_CURVE('',#2398,#2403,#1448,.T.);
#3113=EDGE_CURVE('',#2403,#2404,#1449,.T.);
#3114=EDGE_CURVE('',#2404,#2405,#1450,.T.);
#3115=EDGE_CURVE('',#2405,#2398,#1451,.T.);
#3116=EDGE_CURVE('',#2402,#2406,#1452,.T.);
#3117=EDGE_CURVE('',#2404,#2406,#1453,.T.);
#3118=EDGE_CURVE('',#2401,#2407,#1454,.T.);
#3119=EDGE_CURVE('',#2406,#2407,#1455,.T.);
#3120=EDGE_CURVE('',#2408,#2405,#1456,.T.);
#3121=EDGE_CURVE('',#2397,#2408,#1457,.T.);
#3122=EDGE_CURVE('',#2407,#2409,#1458,.T.);
#3123=EDGE_CURVE('',#2409,#2410,#1459,.T.);
#3124=EDGE_CURVE('',#2410,#2408,#1460,.T.);
#3125=EDGE_CURVE('',#2400,#2409,#1461,.T.);
#3126=EDGE_CURVE('',#2399,#2410,#1462,.T.);
#3127=EDGE_CURVE('',#2411,#2412,#1463,.T.);
#3128=EDGE_CURVE('',#2413,#2411,#1464,.T.);
#3129=EDGE_CURVE('',#2414,#2413,#1465,.T.);
#3130=EDGE_CURVE('',#2415,#2414,#1466,.T.);
#3131=EDGE_CURVE('',#2416,#2415,#1467,.T.);
#3132=EDGE_CURVE('',#2417,#2416,#1468,.T.);
#3133=EDGE_CURVE('',#2412,#2417,#1469,.T.);
#3134=EDGE_CURVE('',#2418,#2413,#1470,.T.);
#3135=EDGE_CURVE('',#2419,#2418,#1471,.T.);
#3136=EDGE_CURVE('',#2419,#2414,#1472,.T.);
#3137=EDGE_CURVE('',#2420,#2411,#1473,.T.);
#3138=EDGE_CURVE('',#2418,#2420,#1474,.T.);
#3139=EDGE_CURVE('',#2421,#2412,#1475,.T.);
#3140=EDGE_CURVE('',#2420,#2421,#1476,.T.);
#3141=EDGE_CURVE('',#2417,#2422,#1477,.T.);
#3142=EDGE_CURVE('',#2422,#2421,#1478,.T.);
#3143=EDGE_CURVE('',#2423,#2419,#1479,.T.);
#3144=EDGE_CURVE('',#2423,#2415,#1480,.T.);
#3145=EDGE_CURVE('',#2424,#2423,#1481,.T.);
#3146=EDGE_CURVE('',#2424,#2416,#1482,.T.);
#3147=EDGE_CURVE('',#2422,#2424,#1483,.T.);
#3148=ORIENTED_EDGE('',*,*,#2425,.F.);
#3149=ORIENTED_EDGE('',*,*,#2426,.F.);
#3150=ORIENTED_EDGE('',*,*,#2427,.F.);
#3151=ORIENTED_EDGE('',*,*,#2428,.F.);
#3152=ORIENTED_EDGE('',*,*,#2426,.T.);
#3153=ORIENTED_EDGE('',*,*,#2429,.F.);
#3154=ORIENTED_EDGE('',*,*,#2430,.F.);
#3155=ORIENTED_EDGE('',*,*,#2431,.T.);
#3156=ORIENTED_EDGE('',*,*,#2425,.T.);
#3157=ORIENTED_EDGE('',*,*,#2432,.F.);
#3158=ORIENTED_EDGE('',*,*,#2433,.F.);
#3159=ORIENTED_EDGE('',*,*,#2429,.T.);
#3160=ORIENTED_EDGE('',*,*,#2428,.T.);
#3161=ORIENTED_EDGE('',*,*,#2434,.F.);
#3162=ORIENTED_EDGE('',*,*,#2435,.F.);
#3163=ORIENTED_EDGE('',*,*,#2432,.T.);
#3164=ORIENTED_EDGE('',*,*,#2427,.T.);
#3165=ORIENTED_EDGE('',*,*,#2431,.F.);
#3166=ORIENTED_EDGE('',*,*,#2436,.F.);
#3167=ORIENTED_EDGE('',*,*,#2434,.T.);
#3168=ORIENTED_EDGE('',*,*,#2433,.T.);
#3169=ORIENTED_EDGE('',*,*,#2435,.T.);
#3170=ORIENTED_EDGE('',*,*,#2436,.T.);
#3171=ORIENTED_EDGE('',*,*,#2430,.T.);
#3172=ORIENTED_EDGE('',*,*,#2437,.F.);
#3173=ORIENTED_EDGE('',*,*,#2438,.F.);
#3174=ORIENTED_EDGE('',*,*,#2439,.F.);
#3175=ORIENTED_EDGE('',*,*,#2440,.F.);
#3176=ORIENTED_EDGE('',*,*,#2441,.F.);
#3177=ORIENTED_EDGE('',*,*,#2442,.F.);
#3178=ORIENTED_EDGE('',*,*,#2443,.F.);
#3179=ORIENTED_EDGE('',*,*,#2444,.F.);
#3180=ORIENTED_EDGE('',*,*,#2445,.F.);
#3181=ORIENTED_EDGE('',*,*,#2446,.F.);
#3182=ORIENTED_EDGE('',*,*,#2441,.T.);
#3183=ORIENTED_EDGE('',*,*,#2447,.F.);
#3184=ORIENTED_EDGE('',*,*,#2448,.F.);
#3185=ORIENTED_EDGE('',*,*,#2449,.T.);
#3186=ORIENTED_EDGE('',*,*,#2440,.T.);
#3187=ORIENTED_EDGE('',*,*,#2450,.F.);
#3188=ORIENTED_EDGE('',*,*,#2451,.F.);
#3189=ORIENTED_EDGE('',*,*,#2447,.T.);
#3190=ORIENTED_EDGE('',*,*,#2439,.T.);
#3191=ORIENTED_EDGE('',*,*,#2452,.F.);
#3192=ORIENTED_EDGE('',*,*,#2453,.F.);
#3193=ORIENTED_EDGE('',*,*,#2450,.T.);
#3194=ORIENTED_EDGE('',*,*,#2438,.T.);
#3195=ORIENTED_EDGE('',*,*,#2454,.F.);
#3196=ORIENTED_EDGE('',*,*,#2455,.F.);
#3197=ORIENTED_EDGE('',*,*,#2452,.T.);
#3198=ORIENTED_EDGE('',*,*,#2437,.T.);
#3199=ORIENTED_EDGE('',*,*,#2456,.F.);
#3200=ORIENTED_EDGE('',*,*,#2457,.F.);
#3201=ORIENTED_EDGE('',*,*,#2454,.T.);
#3202=ORIENTED_EDGE('',*,*,#2446,.T.);
#3203=ORIENTED_EDGE('',*,*,#2458,.F.);
#3204=ORIENTED_EDGE('',*,*,#2459,.F.);
#3205=ORIENTED_EDGE('',*,*,#2456,.T.);
#3206=ORIENTED_EDGE('',*,*,#2445,.T.);
#3207=ORIENTED_EDGE('',*,*,#2460,.F.);
#3208=ORIENTED_EDGE('',*,*,#2461,.F.);
#3209=ORIENTED_EDGE('',*,*,#2458,.T.);
#3210=ORIENTED_EDGE('',*,*,#2444,.T.);
#3211=ORIENTED_EDGE('',*,*,#2462,.F.);
#3212=ORIENTED_EDGE('',*,*,#2463,.F.);
#3213=ORIENTED_EDGE('',*,*,#2460,.T.);
#3214=ORIENTED_EDGE('',*,*,#2443,.T.);
#3215=ORIENTED_EDGE('',*,*,#2464,.F.);
#3216=ORIENTED_EDGE('',*,*,#2465,.F.);
#3217=ORIENTED_EDGE('',*,*,#2462,.T.);
#3218=ORIENTED_EDGE('',*,*,#2442,.T.);
#3219=ORIENTED_EDGE('',*,*,#2449,.F.);
#3220=ORIENTED_EDGE('',*,*,#2466,.F.);
#3221=ORIENTED_EDGE('',*,*,#2464,.T.);
#3222=ORIENTED_EDGE('',*,*,#2457,.T.);
#3223=ORIENTED_EDGE('',*,*,#2459,.T.);
#3224=ORIENTED_EDGE('',*,*,#2461,.T.);
#3225=ORIENTED_EDGE('',*,*,#2463,.T.);
#3226=ORIENTED_EDGE('',*,*,#2465,.T.);
#3227=ORIENTED_EDGE('',*,*,#2466,.T.);
#3228=ORIENTED_EDGE('',*,*,#2448,.T.);
#3229=ORIENTED_EDGE('',*,*,#2451,.T.);
#3230=ORIENTED_EDGE('',*,*,#2453,.T.);
#3231=ORIENTED_EDGE('',*,*,#2455,.T.);
#3232=ORIENTED_EDGE('',*,*,#2467,.F.);
#3233=ORIENTED_EDGE('',*,*,#2468,.T.);
#3234=ORIENTED_EDGE('',*,*,#2469,.F.);
#3235=ORIENTED_EDGE('',*,*,#2470,.F.);
#3236=ORIENTED_EDGE('',*,*,#2471,.F.);
#3237=ORIENTED_EDGE('',*,*,#2470,.T.);
#3238=ORIENTED_EDGE('',*,*,#2472,.F.);
#3239=ORIENTED_EDGE('',*,*,#2473,.F.);
#3240=ORIENTED_EDGE('',*,*,#2474,.F.);
#3241=ORIENTED_EDGE('',*,*,#2473,.T.);
#3242=ORIENTED_EDGE('',*,*,#2475,.F.);
#3243=ORIENTED_EDGE('',*,*,#2476,.F.);
#3244=ORIENTED_EDGE('',*,*,#2477,.F.);
#3245=ORIENTED_EDGE('',*,*,#2476,.T.);
#3246=ORIENTED_EDGE('',*,*,#2478,.F.);
#3247=ORIENTED_EDGE('',*,*,#2479,.F.);
#3248=ORIENTED_EDGE('',*,*,#2480,.F.);
#3249=ORIENTED_EDGE('',*,*,#2479,.T.);
#3250=ORIENTED_EDGE('',*,*,#2481,.F.);
#3251=ORIENTED_EDGE('',*,*,#2482,.F.);
#3252=ORIENTED_EDGE('',*,*,#2483,.F.);
#3253=ORIENTED_EDGE('',*,*,#2482,.T.);
#3254=ORIENTED_EDGE('',*,*,#2484,.F.);
#3255=ORIENTED_EDGE('',*,*,#2485,.F.);
#3256=ORIENTED_EDGE('',*,*,#2486,.F.);
#3257=ORIENTED_EDGE('',*,*,#2485,.T.);
#3258=ORIENTED_EDGE('',*,*,#2487,.F.);
#3259=ORIENTED_EDGE('',*,*,#2488,.F.);
#3260=ORIENTED_EDGE('',*,*,#2489,.F.);
#3261=ORIENTED_EDGE('',*,*,#2488,.T.);
#3262=ORIENTED_EDGE('',*,*,#2490,.F.);
#3263=ORIENTED_EDGE('',*,*,#2491,.F.);
#3264=ORIENTED_EDGE('',*,*,#2492,.F.);
#3265=ORIENTED_EDGE('',*,*,#2491,.T.);
#3266=ORIENTED_EDGE('',*,*,#2493,.F.);
#3267=ORIENTED_EDGE('',*,*,#2494,.F.);
#3268=ORIENTED_EDGE('',*,*,#2495,.F.);
#3269=ORIENTED_EDGE('',*,*,#2494,.T.);
#3270=ORIENTED_EDGE('',*,*,#2496,.F.);
#3271=ORIENTED_EDGE('',*,*,#2497,.F.);
#3272=ORIENTED_EDGE('',*,*,#2498,.F.);
#3273=ORIENTED_EDGE('',*,*,#2497,.T.);
#3274=ORIENTED_EDGE('',*,*,#2499,.F.);
#3275=ORIENTED_EDGE('',*,*,#2500,.F.);
#3276=ORIENTED_EDGE('',*,*,#2501,.F.);
#3277=ORIENTED_EDGE('',*,*,#2500,.T.);
#3278=ORIENTED_EDGE('',*,*,#2502,.F.);
#3279=ORIENTED_EDGE('',*,*,#2503,.F.);
#3280=ORIENTED_EDGE('',*,*,#2504,.F.);
#3281=ORIENTED_EDGE('',*,*,#2503,.T.);
#3282=ORIENTED_EDGE('',*,*,#2505,.F.);
#3283=ORIENTED_EDGE('',*,*,#2506,.F.);
#3284=ORIENTED_EDGE('',*,*,#2507,.F.);
#3285=ORIENTED_EDGE('',*,*,#2506,.T.);
#3286=ORIENTED_EDGE('',*,*,#2508,.F.);
#3287=ORIENTED_EDGE('',*,*,#2509,.F.);
#3288=ORIENTED_EDGE('',*,*,#2510,.F.);
#3289=ORIENTED_EDGE('',*,*,#2509,.T.);
#3290=ORIENTED_EDGE('',*,*,#2511,.F.);
#3291=ORIENTED_EDGE('',*,*,#2512,.F.);
#3292=ORIENTED_EDGE('',*,*,#2513,.F.);
#3293=ORIENTED_EDGE('',*,*,#2512,.T.);
#3294=ORIENTED_EDGE('',*,*,#2514,.F.);
#3295=ORIENTED_EDGE('',*,*,#2515,.F.);
#3296=ORIENTED_EDGE('',*,*,#2516,.F.);
#3297=ORIENTED_EDGE('',*,*,#2515,.T.);
#3298=ORIENTED_EDGE('',*,*,#2517,.F.);
#3299=ORIENTED_EDGE('',*,*,#2518,.F.);
#3300=ORIENTED_EDGE('',*,*,#2519,.F.);
#3301=ORIENTED_EDGE('',*,*,#2518,.T.);
#3302=ORIENTED_EDGE('',*,*,#2520,.F.);
#3303=ORIENTED_EDGE('',*,*,#2521,.F.);
#3304=ORIENTED_EDGE('',*,*,#2522,.F.);
#3305=ORIENTED_EDGE('',*,*,#2521,.T.);
#3306=ORIENTED_EDGE('',*,*,#2523,.F.);
#3307=ORIENTED_EDGE('',*,*,#2524,.F.);
#3308=ORIENTED_EDGE('',*,*,#2525,.F.);
#3309=ORIENTED_EDGE('',*,*,#2524,.T.);
#3310=ORIENTED_EDGE('',*,*,#2526,.F.);
#3311=ORIENTED_EDGE('',*,*,#2527,.F.);
#3312=ORIENTED_EDGE('',*,*,#2528,.F.);
#3313=ORIENTED_EDGE('',*,*,#2527,.T.);
#3314=ORIENTED_EDGE('',*,*,#2529,.F.);
#3315=ORIENTED_EDGE('',*,*,#2530,.F.);
#3316=ORIENTED_EDGE('',*,*,#2531,.F.);
#3317=ORIENTED_EDGE('',*,*,#2530,.T.);
#3318=ORIENTED_EDGE('',*,*,#2532,.F.);
#3319=ORIENTED_EDGE('',*,*,#2533,.F.);
#3320=ORIENTED_EDGE('',*,*,#2534,.F.);
#3321=ORIENTED_EDGE('',*,*,#2533,.T.);
#3322=ORIENTED_EDGE('',*,*,#2535,.F.);
#3323=ORIENTED_EDGE('',*,*,#2536,.F.);
#3324=ORIENTED_EDGE('',*,*,#2537,.F.);
#3325=ORIENTED_EDGE('',*,*,#2536,.T.);
#3326=ORIENTED_EDGE('',*,*,#2538,.F.);
#3327=ORIENTED_EDGE('',*,*,#2539,.F.);
#3328=ORIENTED_EDGE('',*,*,#2540,.F.);
#3329=ORIENTED_EDGE('',*,*,#2539,.T.);
#3330=ORIENTED_EDGE('',*,*,#2541,.F.);
#3331=ORIENTED_EDGE('',*,*,#2542,.F.);
#3332=ORIENTED_EDGE('',*,*,#2543,.F.);
#3333=ORIENTED_EDGE('',*,*,#2542,.T.);
#3334=ORIENTED_EDGE('',*,*,#2544,.F.);
#3335=ORIENTED_EDGE('',*,*,#2545,.F.);
#3336=ORIENTED_EDGE('',*,*,#2546,.F.);
#3337=ORIENTED_EDGE('',*,*,#2545,.T.);
#3338=ORIENTED_EDGE('',*,*,#2547,.F.);
#3339=ORIENTED_EDGE('',*,*,#2548,.F.);
#3340=ORIENTED_EDGE('',*,*,#2549,.F.);
#3341=ORIENTED_EDGE('',*,*,#2548,.T.);
#3342=ORIENTED_EDGE('',*,*,#2550,.F.);
#3343=ORIENTED_EDGE('',*,*,#2551,.F.);
#3344=ORIENTED_EDGE('',*,*,#2552,.F.);
#3345=ORIENTED_EDGE('',*,*,#2551,.T.);
#3346=ORIENTED_EDGE('',*,*,#2553,.F.);
#3347=ORIENTED_EDGE('',*,*,#2554,.F.);
#3348=ORIENTED_EDGE('',*,*,#2555,.F.);
#3349=ORIENTED_EDGE('',*,*,#2554,.T.);
#3350=ORIENTED_EDGE('',*,*,#2556,.F.);
#3351=ORIENTED_EDGE('',*,*,#2468,.F.);
#3352=ORIENTED_EDGE('',*,*,#2556,.T.);
#3353=ORIENTED_EDGE('',*,*,#2553,.T.);
#3354=ORIENTED_EDGE('',*,*,#2550,.T.);
#3355=ORIENTED_EDGE('',*,*,#2547,.T.);
#3356=ORIENTED_EDGE('',*,*,#2544,.T.);
#3357=ORIENTED_EDGE('',*,*,#2541,.T.);
#3358=ORIENTED_EDGE('',*,*,#2538,.T.);
#3359=ORIENTED_EDGE('',*,*,#2535,.T.);
#3360=ORIENTED_EDGE('',*,*,#2532,.T.);
#3361=ORIENTED_EDGE('',*,*,#2529,.T.);
#3362=ORIENTED_EDGE('',*,*,#2526,.T.);
#3363=ORIENTED_EDGE('',*,*,#2523,.T.);
#3364=ORIENTED_EDGE('',*,*,#2520,.T.);
#3365=ORIENTED_EDGE('',*,*,#2517,.T.);
#3366=ORIENTED_EDGE('',*,*,#2514,.T.);
#3367=ORIENTED_EDGE('',*,*,#2511,.T.);
#3368=ORIENTED_EDGE('',*,*,#2508,.T.);
#3369=ORIENTED_EDGE('',*,*,#2505,.T.);
#3370=ORIENTED_EDGE('',*,*,#2502,.T.);
#3371=ORIENTED_EDGE('',*,*,#2499,.T.);
#3372=ORIENTED_EDGE('',*,*,#2496,.T.);
#3373=ORIENTED_EDGE('',*,*,#2493,.T.);
#3374=ORIENTED_EDGE('',*,*,#2490,.T.);
#3375=ORIENTED_EDGE('',*,*,#2487,.T.);
#3376=ORIENTED_EDGE('',*,*,#2484,.T.);
#3377=ORIENTED_EDGE('',*,*,#2481,.T.);
#3378=ORIENTED_EDGE('',*,*,#2478,.T.);
#3379=ORIENTED_EDGE('',*,*,#2475,.T.);
#3380=ORIENTED_EDGE('',*,*,#2472,.T.);
#3381=ORIENTED_EDGE('',*,*,#2469,.T.);
#3382=ORIENTED_EDGE('',*,*,#2555,.T.);
#3383=ORIENTED_EDGE('',*,*,#2467,.T.);
#3384=ORIENTED_EDGE('',*,*,#2471,.T.);
#3385=ORIENTED_EDGE('',*,*,#2474,.T.);
#3386=ORIENTED_EDGE('',*,*,#2477,.T.);
#3387=ORIENTED_EDGE('',*,*,#2480,.T.);
#3388=ORIENTED_EDGE('',*,*,#2483,.T.);
#3389=ORIENTED_EDGE('',*,*,#2486,.T.);
#3390=ORIENTED_EDGE('',*,*,#2489,.T.);
#3391=ORIENTED_EDGE('',*,*,#2492,.T.);
#3392=ORIENTED_EDGE('',*,*,#2495,.T.);
#3393=ORIENTED_EDGE('',*,*,#2498,.T.);
#3394=ORIENTED_EDGE('',*,*,#2501,.T.);
#3395=ORIENTED_EDGE('',*,*,#2504,.T.);
#3396=ORIENTED_EDGE('',*,*,#2507,.T.);
#3397=ORIENTED_EDGE('',*,*,#2510,.T.);
#3398=ORIENTED_EDGE('',*,*,#2513,.T.);
#3399=ORIENTED_EDGE('',*,*,#2516,.T.);
#3400=ORIENTED_EDGE('',*,*,#2519,.T.);
#3401=ORIENTED_EDGE('',*,*,#2522,.T.);
#3402=ORIENTED_EDGE('',*,*,#2525,.T.);
#3403=ORIENTED_EDGE('',*,*,#2528,.T.);
#3404=ORIENTED_EDGE('',*,*,#2531,.T.);
#3405=ORIENTED_EDGE('',*,*,#2534,.T.);
#3406=ORIENTED_EDGE('',*,*,#2537,.T.);
#3407=ORIENTED_EDGE('',*,*,#2540,.T.);
#3408=ORIENTED_EDGE('',*,*,#2543,.T.);
#3409=ORIENTED_EDGE('',*,*,#2546,.T.);
#3410=ORIENTED_EDGE('',*,*,#2549,.T.);
#3411=ORIENTED_EDGE('',*,*,#2552,.T.);
#3412=ORIENTED_EDGE('',*,*,#2557,.F.);
#3413=ORIENTED_EDGE('',*,*,#2558,.T.);
#3414=ORIENTED_EDGE('',*,*,#2559,.F.);
#3415=ORIENTED_EDGE('',*,*,#2560,.F.);
#3416=ORIENTED_EDGE('',*,*,#2561,.F.);
#3417=ORIENTED_EDGE('',*,*,#2560,.T.);
#3418=ORIENTED_EDGE('',*,*,#2562,.F.);
#3419=ORIENTED_EDGE('',*,*,#2563,.F.);
#3420=ORIENTED_EDGE('',*,*,#2564,.F.);
#3421=ORIENTED_EDGE('',*,*,#2563,.T.);
#3422=ORIENTED_EDGE('',*,*,#2565,.F.);
#3423=ORIENTED_EDGE('',*,*,#2566,.F.);
#3424=ORIENTED_EDGE('',*,*,#2567,.F.);
#3425=ORIENTED_EDGE('',*,*,#2566,.T.);
#3426=ORIENTED_EDGE('',*,*,#2568,.F.);
#3427=ORIENTED_EDGE('',*,*,#2569,.F.);
#3428=ORIENTED_EDGE('',*,*,#2570,.F.);
#3429=ORIENTED_EDGE('',*,*,#2569,.T.);
#3430=ORIENTED_EDGE('',*,*,#2571,.F.);
#3431=ORIENTED_EDGE('',*,*,#2572,.F.);
#3432=ORIENTED_EDGE('',*,*,#2573,.F.);
#3433=ORIENTED_EDGE('',*,*,#2572,.T.);
#3434=ORIENTED_EDGE('',*,*,#2574,.F.);
#3435=ORIENTED_EDGE('',*,*,#2575,.F.);
#3436=ORIENTED_EDGE('',*,*,#2576,.F.);
#3437=ORIENTED_EDGE('',*,*,#2575,.T.);
#3438=ORIENTED_EDGE('',*,*,#2577,.F.);
#3439=ORIENTED_EDGE('',*,*,#2578,.F.);
#3440=ORIENTED_EDGE('',*,*,#2579,.F.);
#3441=ORIENTED_EDGE('',*,*,#2578,.T.);
#3442=ORIENTED_EDGE('',*,*,#2580,.F.);
#3443=ORIENTED_EDGE('',*,*,#2581,.F.);
#3444=ORIENTED_EDGE('',*,*,#2582,.F.);
#3445=ORIENTED_EDGE('',*,*,#2581,.T.);
#3446=ORIENTED_EDGE('',*,*,#2583,.F.);
#3447=ORIENTED_EDGE('',*,*,#2558,.F.);
#3448=ORIENTED_EDGE('',*,*,#2584,.F.);
#3449=ORIENTED_EDGE('',*,*,#2585,.T.);
#3450=ORIENTED_EDGE('',*,*,#2586,.F.);
#3451=ORIENTED_EDGE('',*,*,#2587,.F.);
#3452=ORIENTED_EDGE('',*,*,#2588,.F.);
#3453=ORIENTED_EDGE('',*,*,#2587,.T.);
#3454=ORIENTED_EDGE('',*,*,#2589,.F.);
#3455=ORIENTED_EDGE('',*,*,#2590,.F.);
#3456=ORIENTED_EDGE('',*,*,#2591,.F.);
#3457=ORIENTED_EDGE('',*,*,#2590,.T.);
#3458=ORIENTED_EDGE('',*,*,#2592,.F.);
#3459=ORIENTED_EDGE('',*,*,#2593,.F.);
#3460=ORIENTED_EDGE('',*,*,#2594,.F.);
#3461=ORIENTED_EDGE('',*,*,#2593,.T.);
#3462=ORIENTED_EDGE('',*,*,#2595,.F.);
#3463=ORIENTED_EDGE('',*,*,#2596,.F.);
#3464=ORIENTED_EDGE('',*,*,#2597,.F.);
#3465=ORIENTED_EDGE('',*,*,#2596,.T.);
#3466=ORIENTED_EDGE('',*,*,#2598,.F.);
#3467=ORIENTED_EDGE('',*,*,#2599,.F.);
#3468=ORIENTED_EDGE('',*,*,#2600,.F.);
#3469=ORIENTED_EDGE('',*,*,#2599,.T.);
#3470=ORIENTED_EDGE('',*,*,#2601,.F.);
#3471=ORIENTED_EDGE('',*,*,#2602,.F.);
#3472=ORIENTED_EDGE('',*,*,#2603,.F.);
#3473=ORIENTED_EDGE('',*,*,#2602,.T.);
#3474=ORIENTED_EDGE('',*,*,#2604,.F.);
#3475=ORIENTED_EDGE('',*,*,#2605,.F.);
#3476=ORIENTED_EDGE('',*,*,#2606,.F.);
#3477=ORIENTED_EDGE('',*,*,#2605,.T.);
#3478=ORIENTED_EDGE('',*,*,#2607,.F.);
#3479=ORIENTED_EDGE('',*,*,#2608,.F.);
#3480=ORIENTED_EDGE('',*,*,#2609,.F.);
#3481=ORIENTED_EDGE('',*,*,#2608,.T.);
#3482=ORIENTED_EDGE('',*,*,#2610,.F.);
#3483=ORIENTED_EDGE('',*,*,#2611,.F.);
#3484=ORIENTED_EDGE('',*,*,#2612,.F.);
#3485=ORIENTED_EDGE('',*,*,#2611,.T.);
#3486=ORIENTED_EDGE('',*,*,#2613,.F.);
#3487=ORIENTED_EDGE('',*,*,#2614,.F.);
#3488=ORIENTED_EDGE('',*,*,#2615,.F.);
#3489=ORIENTED_EDGE('',*,*,#2614,.T.);
#3490=ORIENTED_EDGE('',*,*,#2616,.F.);
#3491=ORIENTED_EDGE('',*,*,#2617,.F.);
#3492=ORIENTED_EDGE('',*,*,#2618,.F.);
#3493=ORIENTED_EDGE('',*,*,#2617,.T.);
#3494=ORIENTED_EDGE('',*,*,#2619,.F.);
#3495=ORIENTED_EDGE('',*,*,#2620,.F.);
#3496=ORIENTED_EDGE('',*,*,#2621,.F.);
#3497=ORIENTED_EDGE('',*,*,#2620,.T.);
#3498=ORIENTED_EDGE('',*,*,#2622,.F.);
#3499=ORIENTED_EDGE('',*,*,#2623,.F.);
#3500=ORIENTED_EDGE('',*,*,#2624,.F.);
#3501=ORIENTED_EDGE('',*,*,#2623,.T.);
#3502=ORIENTED_EDGE('',*,*,#2625,.F.);
#3503=ORIENTED_EDGE('',*,*,#2626,.F.);
#3504=ORIENTED_EDGE('',*,*,#2627,.F.);
#3505=ORIENTED_EDGE('',*,*,#2626,.T.);
#3506=ORIENTED_EDGE('',*,*,#2628,.F.);
#3507=ORIENTED_EDGE('',*,*,#2629,.F.);
#3508=ORIENTED_EDGE('',*,*,#2630,.F.);
#3509=ORIENTED_EDGE('',*,*,#2629,.T.);
#3510=ORIENTED_EDGE('',*,*,#2631,.F.);
#3511=ORIENTED_EDGE('',*,*,#2632,.F.);
#3512=ORIENTED_EDGE('',*,*,#2633,.F.);
#3513=ORIENTED_EDGE('',*,*,#2632,.T.);
#3514=ORIENTED_EDGE('',*,*,#2634,.F.);
#3515=ORIENTED_EDGE('',*,*,#2635,.F.);
#3516=ORIENTED_EDGE('',*,*,#2636,.F.);
#3517=ORIENTED_EDGE('',*,*,#2635,.T.);
#3518=ORIENTED_EDGE('',*,*,#2637,.F.);
#3519=ORIENTED_EDGE('',*,*,#2585,.F.);
#3520=ORIENTED_EDGE('',*,*,#2637,.T.);
#3521=ORIENTED_EDGE('',*,*,#2634,.T.);
#3522=ORIENTED_EDGE('',*,*,#2631,.T.);
#3523=ORIENTED_EDGE('',*,*,#2628,.T.);
#3524=ORIENTED_EDGE('',*,*,#2625,.T.);
#3525=ORIENTED_EDGE('',*,*,#2622,.T.);
#3526=ORIENTED_EDGE('',*,*,#2619,.T.);
#3527=ORIENTED_EDGE('',*,*,#2616,.T.);
#3528=ORIENTED_EDGE('',*,*,#2613,.T.);
#3529=ORIENTED_EDGE('',*,*,#2610,.T.);
#3530=ORIENTED_EDGE('',*,*,#2607,.T.);
#3531=ORIENTED_EDGE('',*,*,#2604,.T.);
#3532=ORIENTED_EDGE('',*,*,#2601,.T.);
#3533=ORIENTED_EDGE('',*,*,#2598,.T.);
#3534=ORIENTED_EDGE('',*,*,#2595,.T.);
#3535=ORIENTED_EDGE('',*,*,#2592,.T.);
#3536=ORIENTED_EDGE('',*,*,#2589,.T.);
#3537=ORIENTED_EDGE('',*,*,#2586,.T.);
#3538=ORIENTED_EDGE('',*,*,#2583,.T.);
#3539=ORIENTED_EDGE('',*,*,#2580,.T.);
#3540=ORIENTED_EDGE('',*,*,#2577,.T.);
#3541=ORIENTED_EDGE('',*,*,#2574,.T.);
#3542=ORIENTED_EDGE('',*,*,#2571,.T.);
#3543=ORIENTED_EDGE('',*,*,#2568,.T.);
#3544=ORIENTED_EDGE('',*,*,#2565,.T.);
#3545=ORIENTED_EDGE('',*,*,#2562,.T.);
#3546=ORIENTED_EDGE('',*,*,#2559,.T.);
#3547=ORIENTED_EDGE('',*,*,#2636,.T.);
#3548=ORIENTED_EDGE('',*,*,#2584,.T.);
#3549=ORIENTED_EDGE('',*,*,#2588,.T.);
#3550=ORIENTED_EDGE('',*,*,#2591,.T.);
#3551=ORIENTED_EDGE('',*,*,#2594,.T.);
#3552=ORIENTED_EDGE('',*,*,#2597,.T.);
#3553=ORIENTED_EDGE('',*,*,#2600,.T.);
#3554=ORIENTED_EDGE('',*,*,#2603,.T.);
#3555=ORIENTED_EDGE('',*,*,#2606,.T.);
#3556=ORIENTED_EDGE('',*,*,#2609,.T.);
#3557=ORIENTED_EDGE('',*,*,#2612,.T.);
#3558=ORIENTED_EDGE('',*,*,#2615,.T.);
#3559=ORIENTED_EDGE('',*,*,#2618,.T.);
#3560=ORIENTED_EDGE('',*,*,#2621,.T.);
#3561=ORIENTED_EDGE('',*,*,#2624,.T.);
#3562=ORIENTED_EDGE('',*,*,#2627,.T.);
#3563=ORIENTED_EDGE('',*,*,#2630,.T.);
#3564=ORIENTED_EDGE('',*,*,#2633,.T.);
#3565=ORIENTED_EDGE('',*,*,#2582,.T.);
#3566=ORIENTED_EDGE('',*,*,#2557,.T.);
#3567=ORIENTED_EDGE('',*,*,#2561,.T.);
#3568=ORIENTED_EDGE('',*,*,#2564,.T.);
#3569=ORIENTED_EDGE('',*,*,#2567,.T.);
#3570=ORIENTED_EDGE('',*,*,#2570,.T.);
#3571=ORIENTED_EDGE('',*,*,#2573,.T.);
#3572=ORIENTED_EDGE('',*,*,#2576,.T.);
#3573=ORIENTED_EDGE('',*,*,#2579,.T.);
#3574=ORIENTED_EDGE('',*,*,#2638,.F.);
#3575=ORIENTED_EDGE('',*,*,#2639,.T.);
#3576=ORIENTED_EDGE('',*,*,#2640,.F.);
#3577=ORIENTED_EDGE('',*,*,#2641,.F.);
#3578=ORIENTED_EDGE('',*,*,#2642,.F.);
#3579=ORIENTED_EDGE('',*,*,#2641,.T.);
#3580=ORIENTED_EDGE('',*,*,#2643,.F.);
#3581=ORIENTED_EDGE('',*,*,#2644,.F.);
#3582=ORIENTED_EDGE('',*,*,#2645,.F.);
#3583=ORIENTED_EDGE('',*,*,#2644,.T.);
#3584=ORIENTED_EDGE('',*,*,#2646,.F.);
#3585=ORIENTED_EDGE('',*,*,#2647,.F.);
#3586=ORIENTED_EDGE('',*,*,#2648,.F.);
#3587=ORIENTED_EDGE('',*,*,#2647,.T.);
#3588=ORIENTED_EDGE('',*,*,#2649,.F.);
#3589=ORIENTED_EDGE('',*,*,#2650,.F.);
#3590=ORIENTED_EDGE('',*,*,#2651,.F.);
#3591=ORIENTED_EDGE('',*,*,#2650,.T.);
#3592=ORIENTED_EDGE('',*,*,#2652,.F.);
#3593=ORIENTED_EDGE('',*,*,#2653,.F.);
#3594=ORIENTED_EDGE('',*,*,#2654,.F.);
#3595=ORIENTED_EDGE('',*,*,#2653,.T.);
#3596=ORIENTED_EDGE('',*,*,#2655,.F.);
#3597=ORIENTED_EDGE('',*,*,#2656,.F.);
#3598=ORIENTED_EDGE('',*,*,#2657,.F.);
#3599=ORIENTED_EDGE('',*,*,#2656,.T.);
#3600=ORIENTED_EDGE('',*,*,#2658,.F.);
#3601=ORIENTED_EDGE('',*,*,#2659,.F.);
#3602=ORIENTED_EDGE('',*,*,#2660,.F.);
#3603=ORIENTED_EDGE('',*,*,#2659,.T.);
#3604=ORIENTED_EDGE('',*,*,#2661,.F.);
#3605=ORIENTED_EDGE('',*,*,#2662,.F.);
#3606=ORIENTED_EDGE('',*,*,#2663,.F.);
#3607=ORIENTED_EDGE('',*,*,#2662,.T.);
#3608=ORIENTED_EDGE('',*,*,#2664,.F.);
#3609=ORIENTED_EDGE('',*,*,#2665,.F.);
#3610=ORIENTED_EDGE('',*,*,#2666,.F.);
#3611=ORIENTED_EDGE('',*,*,#2665,.T.);
#3612=ORIENTED_EDGE('',*,*,#2667,.F.);
#3613=ORIENTED_EDGE('',*,*,#2668,.F.);
#3614=ORIENTED_EDGE('',*,*,#2669,.F.);
#3615=ORIENTED_EDGE('',*,*,#2668,.T.);
#3616=ORIENTED_EDGE('',*,*,#2670,.F.);
#3617=ORIENTED_EDGE('',*,*,#2671,.F.);
#3618=ORIENTED_EDGE('',*,*,#2672,.F.);
#3619=ORIENTED_EDGE('',*,*,#2671,.T.);
#3620=ORIENTED_EDGE('',*,*,#2673,.F.);
#3621=ORIENTED_EDGE('',*,*,#2674,.F.);
#3622=ORIENTED_EDGE('',*,*,#2675,.F.);
#3623=ORIENTED_EDGE('',*,*,#2674,.T.);
#3624=ORIENTED_EDGE('',*,*,#2676,.F.);
#3625=ORIENTED_EDGE('',*,*,#2677,.F.);
#3626=ORIENTED_EDGE('',*,*,#2678,.F.);
#3627=ORIENTED_EDGE('',*,*,#2677,.T.);
#3628=ORIENTED_EDGE('',*,*,#2679,.F.);
#3629=ORIENTED_EDGE('',*,*,#2680,.F.);
#3630=ORIENTED_EDGE('',*,*,#2681,.F.);
#3631=ORIENTED_EDGE('',*,*,#2680,.T.);
#3632=ORIENTED_EDGE('',*,*,#2682,.F.);
#3633=ORIENTED_EDGE('',*,*,#2683,.F.);
#3634=ORIENTED_EDGE('',*,*,#2684,.F.);
#3635=ORIENTED_EDGE('',*,*,#2683,.T.);
#3636=ORIENTED_EDGE('',*,*,#2685,.F.);
#3637=ORIENTED_EDGE('',*,*,#2686,.F.);
#3638=ORIENTED_EDGE('',*,*,#2687,.F.);
#3639=ORIENTED_EDGE('',*,*,#2686,.T.);
#3640=ORIENTED_EDGE('',*,*,#2688,.F.);
#3641=ORIENTED_EDGE('',*,*,#2689,.F.);
#3642=ORIENTED_EDGE('',*,*,#2690,.F.);
#3643=ORIENTED_EDGE('',*,*,#2689,.T.);
#3644=ORIENTED_EDGE('',*,*,#2691,.F.);
#3645=ORIENTED_EDGE('',*,*,#2639,.F.);
#3646=ORIENTED_EDGE('',*,*,#2691,.T.);
#3647=ORIENTED_EDGE('',*,*,#2688,.T.);
#3648=ORIENTED_EDGE('',*,*,#2685,.T.);
#3649=ORIENTED_EDGE('',*,*,#2682,.T.);
#3650=ORIENTED_EDGE('',*,*,#2679,.T.);
#3651=ORIENTED_EDGE('',*,*,#2676,.T.);
#3652=ORIENTED_EDGE('',*,*,#2673,.T.);
#3653=ORIENTED_EDGE('',*,*,#2670,.T.);
#3654=ORIENTED_EDGE('',*,*,#2667,.T.);
#3655=ORIENTED_EDGE('',*,*,#2664,.T.);
#3656=ORIENTED_EDGE('',*,*,#2661,.T.);
#3657=ORIENTED_EDGE('',*,*,#2658,.T.);
#3658=ORIENTED_EDGE('',*,*,#2655,.T.);
#3659=ORIENTED_EDGE('',*,*,#2652,.T.);
#3660=ORIENTED_EDGE('',*,*,#2649,.T.);
#3661=ORIENTED_EDGE('',*,*,#2646,.T.);
#3662=ORIENTED_EDGE('',*,*,#2643,.T.);
#3663=ORIENTED_EDGE('',*,*,#2640,.T.);
#3664=ORIENTED_EDGE('',*,*,#2690,.T.);
#3665=ORIENTED_EDGE('',*,*,#2638,.T.);
#3666=ORIENTED_EDGE('',*,*,#2642,.T.);
#3667=ORIENTED_EDGE('',*,*,#2645,.T.);
#3668=ORIENTED_EDGE('',*,*,#2648,.T.);
#3669=ORIENTED_EDGE('',*,*,#2651,.T.);
#3670=ORIENTED_EDGE('',*,*,#2654,.T.);
#3671=ORIENTED_EDGE('',*,*,#2657,.T.);
#3672=ORIENTED_EDGE('',*,*,#2660,.T.);
#3673=ORIENTED_EDGE('',*,*,#2663,.T.);
#3674=ORIENTED_EDGE('',*,*,#2666,.T.);
#3675=ORIENTED_EDGE('',*,*,#2669,.T.);
#3676=ORIENTED_EDGE('',*,*,#2672,.T.);
#3677=ORIENTED_EDGE('',*,*,#2675,.T.);
#3678=ORIENTED_EDGE('',*,*,#2678,.T.);
#3679=ORIENTED_EDGE('',*,*,#2681,.T.);
#3680=ORIENTED_EDGE('',*,*,#2684,.T.);
#3681=ORIENTED_EDGE('',*,*,#2687,.T.);
#3682=ORIENTED_EDGE('',*,*,#2692,.F.);
#3683=ORIENTED_EDGE('',*,*,#2693,.F.);
#3684=ORIENTED_EDGE('',*,*,#2694,.F.);
#3685=ORIENTED_EDGE('',*,*,#2695,.F.);
#3686=ORIENTED_EDGE('',*,*,#2696,.F.);
#3687=ORIENTED_EDGE('',*,*,#2697,.F.);
#3688=ORIENTED_EDGE('',*,*,#2698,.F.);
#3689=ORIENTED_EDGE('',*,*,#2699,.F.);
#3690=ORIENTED_EDGE('',*,*,#2700,.F.);
#3691=ORIENTED_EDGE('',*,*,#2701,.F.);
#3692=ORIENTED_EDGE('',*,*,#2702,.F.);
#3693=ORIENTED_EDGE('',*,*,#2703,.F.);
#3694=ORIENTED_EDGE('',*,*,#2697,.T.);
#3695=ORIENTED_EDGE('',*,*,#2704,.F.);
#3696=ORIENTED_EDGE('',*,*,#2705,.F.);
#3697=ORIENTED_EDGE('',*,*,#2706,.T.);
#3698=ORIENTED_EDGE('',*,*,#2696,.T.);
#3699=ORIENTED_EDGE('',*,*,#2707,.F.);
#3700=ORIENTED_EDGE('',*,*,#2708,.F.);
#3701=ORIENTED_EDGE('',*,*,#2704,.T.);
#3702=ORIENTED_EDGE('',*,*,#2695,.T.);
#3703=ORIENTED_EDGE('',*,*,#2709,.F.);
#3704=ORIENTED_EDGE('',*,*,#2710,.F.);
#3705=ORIENTED_EDGE('',*,*,#2707,.T.);
#3706=ORIENTED_EDGE('',*,*,#2694,.T.);
#3707=ORIENTED_EDGE('',*,*,#2711,.F.);
#3708=ORIENTED_EDGE('',*,*,#2712,.F.);
#3709=ORIENTED_EDGE('',*,*,#2709,.T.);
#3710=ORIENTED_EDGE('',*,*,#2693,.T.);
#3711=ORIENTED_EDGE('',*,*,#2713,.F.);
#3712=ORIENTED_EDGE('',*,*,#2714,.F.);
#3713=ORIENTED_EDGE('',*,*,#2711,.T.);
#3714=ORIENTED_EDGE('',*,*,#2692,.T.);
#3715=ORIENTED_EDGE('',*,*,#2715,.F.);
#3716=ORIENTED_EDGE('',*,*,#2716,.F.);
#3717=ORIENTED_EDGE('',*,*,#2713,.T.);
#3718=ORIENTED_EDGE('',*,*,#2703,.T.);
#3719=ORIENTED_EDGE('',*,*,#2717,.F.);
#3720=ORIENTED_EDGE('',*,*,#2718,.F.);
#3721=ORIENTED_EDGE('',*,*,#2715,.T.);
#3722=ORIENTED_EDGE('',*,*,#2702,.T.);
#3723=ORIENTED_EDGE('',*,*,#2719,.F.);
#3724=ORIENTED_EDGE('',*,*,#2720,.F.);
#3725=ORIENTED_EDGE('',*,*,#2717,.T.);
#3726=ORIENTED_EDGE('',*,*,#2701,.T.);
#3727=ORIENTED_EDGE('',*,*,#2721,.F.);
#3728=ORIENTED_EDGE('',*,*,#2722,.F.);
#3729=ORIENTED_EDGE('',*,*,#2719,.T.);
#3730=ORIENTED_EDGE('',*,*,#2700,.T.);
#3731=ORIENTED_EDGE('',*,*,#2723,.F.);
#3732=ORIENTED_EDGE('',*,*,#2724,.F.);
#3733=ORIENTED_EDGE('',*,*,#2721,.T.);
#3734=ORIENTED_EDGE('',*,*,#2699,.T.);
#3735=ORIENTED_EDGE('',*,*,#2725,.F.);
#3736=ORIENTED_EDGE('',*,*,#2726,.F.);
#3737=ORIENTED_EDGE('',*,*,#2723,.T.);
#3738=ORIENTED_EDGE('',*,*,#2698,.T.);
#3739=ORIENTED_EDGE('',*,*,#2706,.F.);
#3740=ORIENTED_EDGE('',*,*,#2727,.F.);
#3741=ORIENTED_EDGE('',*,*,#2725,.T.);
#3742=ORIENTED_EDGE('',*,*,#2716,.T.);
#3743=ORIENTED_EDGE('',*,*,#2718,.T.);
#3744=ORIENTED_EDGE('',*,*,#2720,.T.);
#3745=ORIENTED_EDGE('',*,*,#2722,.T.);
#3746=ORIENTED_EDGE('',*,*,#2724,.T.);
#3747=ORIENTED_EDGE('',*,*,#2726,.T.);
#3748=ORIENTED_EDGE('',*,*,#2727,.T.);
#3749=ORIENTED_EDGE('',*,*,#2705,.T.);
#3750=ORIENTED_EDGE('',*,*,#2708,.T.);
#3751=ORIENTED_EDGE('',*,*,#2710,.T.);
#3752=ORIENTED_EDGE('',*,*,#2712,.T.);
#3753=ORIENTED_EDGE('',*,*,#2714,.T.);
#3754=ORIENTED_EDGE('',*,*,#2728,.F.);
#3755=ORIENTED_EDGE('',*,*,#2729,.F.);
#3756=ORIENTED_EDGE('',*,*,#2730,.F.);
#3757=ORIENTED_EDGE('',*,*,#2731,.F.);
#3758=ORIENTED_EDGE('',*,*,#2729,.T.);
#3759=ORIENTED_EDGE('',*,*,#2732,.F.);
#3760=ORIENTED_EDGE('',*,*,#2733,.F.);
#3761=ORIENTED_EDGE('',*,*,#2734,.T.);
#3762=ORIENTED_EDGE('',*,*,#2728,.T.);
#3763=ORIENTED_EDGE('',*,*,#2735,.F.);
#3764=ORIENTED_EDGE('',*,*,#2736,.F.);
#3765=ORIENTED_EDGE('',*,*,#2732,.T.);
#3766=ORIENTED_EDGE('',*,*,#2731,.T.);
#3767=ORIENTED_EDGE('',*,*,#2737,.F.);
#3768=ORIENTED_EDGE('',*,*,#2738,.F.);
#3769=ORIENTED_EDGE('',*,*,#2735,.T.);
#3770=ORIENTED_EDGE('',*,*,#2730,.T.);
#3771=ORIENTED_EDGE('',*,*,#2734,.F.);
#3772=ORIENTED_EDGE('',*,*,#2739,.F.);
#3773=ORIENTED_EDGE('',*,*,#2737,.T.);
#3774=ORIENTED_EDGE('',*,*,#2736,.T.);
#3775=ORIENTED_EDGE('',*,*,#2738,.T.);
#3776=ORIENTED_EDGE('',*,*,#2739,.T.);
#3777=ORIENTED_EDGE('',*,*,#2733,.T.);
#3778=ORIENTED_EDGE('',*,*,#2740,.F.);
#3779=ORIENTED_EDGE('',*,*,#2741,.F.);
#3780=ORIENTED_EDGE('',*,*,#2742,.F.);
#3781=ORIENTED_EDGE('',*,*,#2743,.F.);
#3782=ORIENTED_EDGE('',*,*,#2744,.F.);
#3783=ORIENTED_EDGE('',*,*,#2745,.F.);
#3784=ORIENTED_EDGE('',*,*,#2746,.F.);
#3785=ORIENTED_EDGE('',*,*,#2747,.F.);
#3786=ORIENTED_EDGE('',*,*,#2748,.F.);
#3787=ORIENTED_EDGE('',*,*,#2749,.F.);
#3788=ORIENTED_EDGE('',*,*,#2750,.F.);
#3789=ORIENTED_EDGE('',*,*,#2751,.F.);
#3790=ORIENTED_EDGE('',*,*,#2752,.F.);
#3791=ORIENTED_EDGE('',*,*,#2753,.F.);
#3792=ORIENTED_EDGE('',*,*,#2754,.F.);
#3793=ORIENTED_EDGE('',*,*,#2755,.F.);
#3794=ORIENTED_EDGE('',*,*,#2756,.F.);
#3795=ORIENTED_EDGE('',*,*,#2757,.F.);
#3796=ORIENTED_EDGE('',*,*,#2758,.F.);
#3797=ORIENTED_EDGE('',*,*,#2759,.F.);
#3798=ORIENTED_EDGE('',*,*,#2760,.F.);
#3799=ORIENTED_EDGE('',*,*,#2761,.F.);
#3800=ORIENTED_EDGE('',*,*,#2762,.F.);
#3801=ORIENTED_EDGE('',*,*,#2763,.F.);
#3802=ORIENTED_EDGE('',*,*,#2764,.F.);
#3803=ORIENTED_EDGE('',*,*,#2765,.F.);
#3804=ORIENTED_EDGE('',*,*,#2766,.F.);
#3805=ORIENTED_EDGE('',*,*,#2767,.F.);
#3806=ORIENTED_EDGE('',*,*,#2768,.F.);
#3807=ORIENTED_EDGE('',*,*,#2769,.F.);
#3808=ORIENTED_EDGE('',*,*,#2770,.F.);
#3809=ORIENTED_EDGE('',*,*,#2771,.F.);
#3810=ORIENTED_EDGE('',*,*,#2772,.F.);
#3811=ORIENTED_EDGE('',*,*,#2768,.T.);
#3812=ORIENTED_EDGE('',*,*,#2773,.F.);
#3813=ORIENTED_EDGE('',*,*,#2774,.F.);
#3814=ORIENTED_EDGE('',*,*,#2775,.T.);
#3815=ORIENTED_EDGE('',*,*,#2767,.T.);
#3816=ORIENTED_EDGE('',*,*,#2776,.F.);
#3817=ORIENTED_EDGE('',*,*,#2777,.F.);
#3818=ORIENTED_EDGE('',*,*,#2773,.T.);
#3819=ORIENTED_EDGE('',*,*,#2766,.T.);
#3820=ORIENTED_EDGE('',*,*,#2778,.F.);
#3821=ORIENTED_EDGE('',*,*,#2779,.F.);
#3822=ORIENTED_EDGE('',*,*,#2776,.T.);
#3823=ORIENTED_EDGE('',*,*,#2765,.T.);
#3824=ORIENTED_EDGE('',*,*,#2780,.F.);
#3825=ORIENTED_EDGE('',*,*,#2781,.F.);
#3826=ORIENTED_EDGE('',*,*,#2778,.T.);
#3827=ORIENTED_EDGE('',*,*,#2764,.T.);
#3828=ORIENTED_EDGE('',*,*,#2782,.F.);
#3829=ORIENTED_EDGE('',*,*,#2783,.F.);
#3830=ORIENTED_EDGE('',*,*,#2780,.T.);
#3831=ORIENTED_EDGE('',*,*,#2759,.T.);
#3832=ORIENTED_EDGE('',*,*,#2784,.F.);
#3833=ORIENTED_EDGE('',*,*,#2785,.F.);
#3834=ORIENTED_EDGE('',*,*,#2786,.T.);
#3835=ORIENTED_EDGE('',*,*,#2758,.T.);
#3836=ORIENTED_EDGE('',*,*,#2787,.F.);
#3837=ORIENTED_EDGE('',*,*,#2788,.F.);
#3838=ORIENTED_EDGE('',*,*,#2784,.T.);
#3839=ORIENTED_EDGE('',*,*,#2757,.T.);
#3840=ORIENTED_EDGE('',*,*,#2789,.F.);
#3841=ORIENTED_EDGE('',*,*,#2790,.F.);
#3842=ORIENTED_EDGE('',*,*,#2787,.T.);
#3843=ORIENTED_EDGE('',*,*,#2756,.T.);
#3844=ORIENTED_EDGE('',*,*,#2791,.F.);
#3845=ORIENTED_EDGE('',*,*,#2792,.F.);
#3846=ORIENTED_EDGE('',*,*,#2789,.T.);
#3847=ORIENTED_EDGE('',*,*,#2755,.T.);
#3848=ORIENTED_EDGE('',*,*,#2793,.F.);
#3849=ORIENTED_EDGE('',*,*,#2794,.F.);
#3850=ORIENTED_EDGE('',*,*,#2791,.T.);
#3851=ORIENTED_EDGE('',*,*,#2747,.T.);
#3852=ORIENTED_EDGE('',*,*,#2795,.F.);
#3853=ORIENTED_EDGE('',*,*,#2796,.F.);
#3854=ORIENTED_EDGE('',*,*,#2797,.T.);
#3855=ORIENTED_EDGE('',*,*,#2746,.T.);
#3856=ORIENTED_EDGE('',*,*,#2798,.F.);
#3857=ORIENTED_EDGE('',*,*,#2799,.F.);
#3858=ORIENTED_EDGE('',*,*,#2795,.T.);
#3859=ORIENTED_EDGE('',*,*,#2745,.T.);
#3860=ORIENTED_EDGE('',*,*,#2800,.F.);
#3861=ORIENTED_EDGE('',*,*,#2801,.F.);
#3862=ORIENTED_EDGE('',*,*,#2798,.T.);
#3863=ORIENTED_EDGE('',*,*,#2744,.T.);
#3864=ORIENTED_EDGE('',*,*,#2802,.F.);
#3865=ORIENTED_EDGE('',*,*,#2803,.F.);
#3866=ORIENTED_EDGE('',*,*,#2800,.T.);
#3867=ORIENTED_EDGE('',*,*,#2743,.T.);
#3868=ORIENTED_EDGE('',*,*,#2804,.F.);
#3869=ORIENTED_EDGE('',*,*,#2805,.F.);
#3870=ORIENTED_EDGE('',*,*,#2802,.T.);
#3871=ORIENTED_EDGE('',*,*,#2742,.T.);
#3872=ORIENTED_EDGE('',*,*,#2806,.F.);
#3873=ORIENTED_EDGE('',*,*,#2807,.F.);
#3874=ORIENTED_EDGE('',*,*,#2804,.T.);
#3875=ORIENTED_EDGE('',*,*,#2741,.T.);
#3876=ORIENTED_EDGE('',*,*,#2808,.F.);
#3877=ORIENTED_EDGE('',*,*,#2809,.F.);
#3878=ORIENTED_EDGE('',*,*,#2806,.T.);
#3879=ORIENTED_EDGE('',*,*,#2740,.T.);
#3880=ORIENTED_EDGE('',*,*,#2810,.F.);
#3881=ORIENTED_EDGE('',*,*,#2811,.F.);
#3882=ORIENTED_EDGE('',*,*,#2808,.T.);
#3883=ORIENTED_EDGE('',*,*,#2772,.T.);
#3884=ORIENTED_EDGE('',*,*,#2812,.F.);
#3885=ORIENTED_EDGE('',*,*,#2813,.F.);
#3886=ORIENTED_EDGE('',*,*,#2782,.T.);
#3887=ORIENTED_EDGE('',*,*,#2771,.T.);
#3888=ORIENTED_EDGE('',*,*,#2814,.F.);
#3889=ORIENTED_EDGE('',*,*,#2815,.F.);
#3890=ORIENTED_EDGE('',*,*,#2812,.T.);
#3891=ORIENTED_EDGE('',*,*,#2770,.T.);
#3892=ORIENTED_EDGE('',*,*,#2816,.F.);
#3893=ORIENTED_EDGE('',*,*,#2817,.F.);
#3894=ORIENTED_EDGE('',*,*,#2814,.T.);
#3895=ORIENTED_EDGE('',*,*,#2769,.T.);
#3896=ORIENTED_EDGE('',*,*,#2775,.F.);
#3897=ORIENTED_EDGE('',*,*,#2818,.F.);
#3898=ORIENTED_EDGE('',*,*,#2816,.T.);
#3899=ORIENTED_EDGE('',*,*,#2763,.T.);
#3900=ORIENTED_EDGE('',*,*,#2819,.F.);
#3901=ORIENTED_EDGE('',*,*,#2820,.F.);
#3902=ORIENTED_EDGE('',*,*,#2793,.T.);
#3903=ORIENTED_EDGE('',*,*,#2762,.T.);
#3904=ORIENTED_EDGE('',*,*,#2821,.F.);
#3905=ORIENTED_EDGE('',*,*,#2822,.F.);
#3906=ORIENTED_EDGE('',*,*,#2819,.T.);
#3907=ORIENTED_EDGE('',*,*,#2761,.T.);
#3908=ORIENTED_EDGE('',*,*,#2823,.F.);
#3909=ORIENTED_EDGE('',*,*,#2824,.F.);
#3910=ORIENTED_EDGE('',*,*,#2821,.T.);
#3911=ORIENTED_EDGE('',*,*,#2760,.T.);
#3912=ORIENTED_EDGE('',*,*,#2786,.F.);
#3913=ORIENTED_EDGE('',*,*,#2825,.F.);
#3914=ORIENTED_EDGE('',*,*,#2823,.T.);
#3915=ORIENTED_EDGE('',*,*,#2754,.T.);
#3916=ORIENTED_EDGE('',*,*,#2826,.F.);
#3917=ORIENTED_EDGE('',*,*,#2827,.F.);
#3918=ORIENTED_EDGE('',*,*,#2810,.T.);
#3919=ORIENTED_EDGE('',*,*,#2753,.T.);
#3920=ORIENTED_EDGE('',*,*,#2828,.F.);
#3921=ORIENTED_EDGE('',*,*,#2829,.F.);
#3922=ORIENTED_EDGE('',*,*,#2826,.T.);
#3923=ORIENTED_EDGE('',*,*,#2752,.T.);
#3924=ORIENTED_EDGE('',*,*,#2830,.F.);
#3925=ORIENTED_EDGE('',*,*,#2831,.F.);
#3926=ORIENTED_EDGE('',*,*,#2828,.T.);
#3927=ORIENTED_EDGE('',*,*,#2751,.T.);
#3928=ORIENTED_EDGE('',*,*,#2832,.F.);
#3929=ORIENTED_EDGE('',*,*,#2833,.F.);
#3930=ORIENTED_EDGE('',*,*,#2830,.T.);
#3931=ORIENTED_EDGE('',*,*,#2750,.T.);
#3932=ORIENTED_EDGE('',*,*,#2834,.F.);
#3933=ORIENTED_EDGE('',*,*,#2835,.F.);
#3934=ORIENTED_EDGE('',*,*,#2832,.T.);
#3935=ORIENTED_EDGE('',*,*,#2749,.T.);
#3936=ORIENTED_EDGE('',*,*,#2836,.F.);
#3937=ORIENTED_EDGE('',*,*,#2837,.F.);
#3938=ORIENTED_EDGE('',*,*,#2834,.T.);
#3939=ORIENTED_EDGE('',*,*,#2748,.T.);
#3940=ORIENTED_EDGE('',*,*,#2797,.F.);
#3941=ORIENTED_EDGE('',*,*,#2838,.F.);
#3942=ORIENTED_EDGE('',*,*,#2836,.T.);
#3943=ORIENTED_EDGE('',*,*,#2811,.T.);
#3944=ORIENTED_EDGE('',*,*,#2827,.T.);
#3945=ORIENTED_EDGE('',*,*,#2829,.T.);
#3946=ORIENTED_EDGE('',*,*,#2831,.T.);
#3947=ORIENTED_EDGE('',*,*,#2833,.T.);
#3948=ORIENTED_EDGE('',*,*,#2835,.T.);
#3949=ORIENTED_EDGE('',*,*,#2837,.T.);
#3950=ORIENTED_EDGE('',*,*,#2838,.T.);
#3951=ORIENTED_EDGE('',*,*,#2796,.T.);
#3952=ORIENTED_EDGE('',*,*,#2799,.T.);
#3953=ORIENTED_EDGE('',*,*,#2801,.T.);
#3954=ORIENTED_EDGE('',*,*,#2803,.T.);
#3955=ORIENTED_EDGE('',*,*,#2805,.T.);
#3956=ORIENTED_EDGE('',*,*,#2807,.T.);
#3957=ORIENTED_EDGE('',*,*,#2809,.T.);
#3958=ORIENTED_EDGE('',*,*,#2794,.T.);
#3959=ORIENTED_EDGE('',*,*,#2820,.T.);
#3960=ORIENTED_EDGE('',*,*,#2822,.T.);
#3961=ORIENTED_EDGE('',*,*,#2824,.T.);
#3962=ORIENTED_EDGE('',*,*,#2825,.T.);
#3963=ORIENTED_EDGE('',*,*,#2785,.T.);
#3964=ORIENTED_EDGE('',*,*,#2788,.T.);
#3965=ORIENTED_EDGE('',*,*,#2790,.T.);
#3966=ORIENTED_EDGE('',*,*,#2792,.T.);
#3967=ORIENTED_EDGE('',*,*,#2783,.T.);
#3968=ORIENTED_EDGE('',*,*,#2813,.T.);
#3969=ORIENTED_EDGE('',*,*,#2815,.T.);
#3970=ORIENTED_EDGE('',*,*,#2817,.T.);
#3971=ORIENTED_EDGE('',*,*,#2818,.T.);
#3972=ORIENTED_EDGE('',*,*,#2774,.T.);
#3973=ORIENTED_EDGE('',*,*,#2777,.T.);
#3974=ORIENTED_EDGE('',*,*,#2779,.T.);
#3975=ORIENTED_EDGE('',*,*,#2781,.T.);
#3976=ORIENTED_EDGE('',*,*,#2839,.F.);
#3977=ORIENTED_EDGE('',*,*,#2840,.T.);
#3978=ORIENTED_EDGE('',*,*,#2841,.F.);
#3979=ORIENTED_EDGE('',*,*,#2842,.F.);
#3980=ORIENTED_EDGE('',*,*,#2843,.F.);
#3981=ORIENTED_EDGE('',*,*,#2842,.T.);
#3982=ORIENTED_EDGE('',*,*,#2844,.F.);
#3983=ORIENTED_EDGE('',*,*,#2845,.F.);
#3984=ORIENTED_EDGE('',*,*,#2846,.F.);
#3985=ORIENTED_EDGE('',*,*,#2845,.T.);
#3986=ORIENTED_EDGE('',*,*,#2847,.F.);
#3987=ORIENTED_EDGE('',*,*,#2848,.F.);
#3988=ORIENTED_EDGE('',*,*,#2849,.F.);
#3989=ORIENTED_EDGE('',*,*,#2848,.T.);
#3990=ORIENTED_EDGE('',*,*,#2850,.F.);
#3991=ORIENTED_EDGE('',*,*,#2851,.F.);
#3992=ORIENTED_EDGE('',*,*,#2852,.F.);
#3993=ORIENTED_EDGE('',*,*,#2851,.T.);
#3994=ORIENTED_EDGE('',*,*,#2853,.F.);
#3995=ORIENTED_EDGE('',*,*,#2854,.F.);
#3996=ORIENTED_EDGE('',*,*,#2855,.F.);
#3997=ORIENTED_EDGE('',*,*,#2854,.T.);
#3998=ORIENTED_EDGE('',*,*,#2856,.F.);
#3999=ORIENTED_EDGE('',*,*,#2857,.F.);
#4000=ORIENTED_EDGE('',*,*,#2858,.F.);
#4001=ORIENTED_EDGE('',*,*,#2857,.T.);
#4002=ORIENTED_EDGE('',*,*,#2859,.F.);
#4003=ORIENTED_EDGE('',*,*,#2860,.F.);
#4004=ORIENTED_EDGE('',*,*,#2861,.F.);
#4005=ORIENTED_EDGE('',*,*,#2860,.T.);
#4006=ORIENTED_EDGE('',*,*,#2862,.F.);
#4007=ORIENTED_EDGE('',*,*,#2840,.F.);
#4008=ORIENTED_EDGE('',*,*,#2863,.F.);
#4009=ORIENTED_EDGE('',*,*,#2864,.T.);
#4010=ORIENTED_EDGE('',*,*,#2865,.F.);
#4011=ORIENTED_EDGE('',*,*,#2866,.F.);
#4012=ORIENTED_EDGE('',*,*,#2867,.F.);
#4013=ORIENTED_EDGE('',*,*,#2866,.T.);
#4014=ORIENTED_EDGE('',*,*,#2868,.F.);
#4015=ORIENTED_EDGE('',*,*,#2869,.F.);
#4016=ORIENTED_EDGE('',*,*,#2870,.F.);
#4017=ORIENTED_EDGE('',*,*,#2869,.T.);
#4018=ORIENTED_EDGE('',*,*,#2871,.F.);
#4019=ORIENTED_EDGE('',*,*,#2872,.F.);
#4020=ORIENTED_EDGE('',*,*,#2873,.F.);
#4021=ORIENTED_EDGE('',*,*,#2872,.T.);
#4022=ORIENTED_EDGE('',*,*,#2874,.F.);
#4023=ORIENTED_EDGE('',*,*,#2875,.F.);
#4024=ORIENTED_EDGE('',*,*,#2876,.F.);
#4025=ORIENTED_EDGE('',*,*,#2875,.T.);
#4026=ORIENTED_EDGE('',*,*,#2877,.F.);
#4027=ORIENTED_EDGE('',*,*,#2878,.F.);
#4028=ORIENTED_EDGE('',*,*,#2879,.F.);
#4029=ORIENTED_EDGE('',*,*,#2878,.T.);
#4030=ORIENTED_EDGE('',*,*,#2880,.F.);
#4031=ORIENTED_EDGE('',*,*,#2881,.F.);
#4032=ORIENTED_EDGE('',*,*,#2882,.F.);
#4033=ORIENTED_EDGE('',*,*,#2881,.T.);
#4034=ORIENTED_EDGE('',*,*,#2883,.F.);
#4035=ORIENTED_EDGE('',*,*,#2864,.F.);
#4036=ORIENTED_EDGE('',*,*,#2884,.F.);
#4037=ORIENTED_EDGE('',*,*,#2885,.T.);
#4038=ORIENTED_EDGE('',*,*,#2886,.F.);
#4039=ORIENTED_EDGE('',*,*,#2887,.F.);
#4040=ORIENTED_EDGE('',*,*,#2888,.F.);
#4041=ORIENTED_EDGE('',*,*,#2887,.T.);
#4042=ORIENTED_EDGE('',*,*,#2889,.F.);
#4043=ORIENTED_EDGE('',*,*,#2890,.F.);
#4044=ORIENTED_EDGE('',*,*,#2891,.F.);
#4045=ORIENTED_EDGE('',*,*,#2890,.T.);
#4046=ORIENTED_EDGE('',*,*,#2892,.F.);
#4047=ORIENTED_EDGE('',*,*,#2893,.F.);
#4048=ORIENTED_EDGE('',*,*,#2894,.F.);
#4049=ORIENTED_EDGE('',*,*,#2893,.T.);
#4050=ORIENTED_EDGE('',*,*,#2895,.F.);
#4051=ORIENTED_EDGE('',*,*,#2896,.F.);
#4052=ORIENTED_EDGE('',*,*,#2897,.F.);
#4053=ORIENTED_EDGE('',*,*,#2896,.T.);
#4054=ORIENTED_EDGE('',*,*,#2898,.F.);
#4055=ORIENTED_EDGE('',*,*,#2899,.F.);
#4056=ORIENTED_EDGE('',*,*,#2900,.F.);
#4057=ORIENTED_EDGE('',*,*,#2899,.T.);
#4058=ORIENTED_EDGE('',*,*,#2901,.F.);
#4059=ORIENTED_EDGE('',*,*,#2902,.F.);
#4060=ORIENTED_EDGE('',*,*,#2903,.F.);
#4061=ORIENTED_EDGE('',*,*,#2902,.T.);
#4062=ORIENTED_EDGE('',*,*,#2904,.F.);
#4063=ORIENTED_EDGE('',*,*,#2905,.F.);
#4064=ORIENTED_EDGE('',*,*,#2906,.F.);
#4065=ORIENTED_EDGE('',*,*,#2905,.T.);
#4066=ORIENTED_EDGE('',*,*,#2907,.F.);
#4067=ORIENTED_EDGE('',*,*,#2908,.F.);
#4068=ORIENTED_EDGE('',*,*,#2909,.F.);
#4069=ORIENTED_EDGE('',*,*,#2908,.T.);
#4070=ORIENTED_EDGE('',*,*,#2910,.F.);
#4071=ORIENTED_EDGE('',*,*,#2911,.F.);
#4072=ORIENTED_EDGE('',*,*,#2912,.F.);
#4073=ORIENTED_EDGE('',*,*,#2911,.T.);
#4074=ORIENTED_EDGE('',*,*,#2913,.F.);
#4075=ORIENTED_EDGE('',*,*,#2914,.F.);
#4076=ORIENTED_EDGE('',*,*,#2915,.F.);
#4077=ORIENTED_EDGE('',*,*,#2914,.T.);
#4078=ORIENTED_EDGE('',*,*,#2916,.F.);
#4079=ORIENTED_EDGE('',*,*,#2917,.F.);
#4080=ORIENTED_EDGE('',*,*,#2918,.F.);
#4081=ORIENTED_EDGE('',*,*,#2917,.T.);
#4082=ORIENTED_EDGE('',*,*,#2919,.F.);
#4083=ORIENTED_EDGE('',*,*,#2920,.F.);
#4084=ORIENTED_EDGE('',*,*,#2921,.F.);
#4085=ORIENTED_EDGE('',*,*,#2920,.T.);
#4086=ORIENTED_EDGE('',*,*,#2922,.F.);
#4087=ORIENTED_EDGE('',*,*,#2923,.F.);
#4088=ORIENTED_EDGE('',*,*,#2924,.F.);
#4089=ORIENTED_EDGE('',*,*,#2923,.T.);
#4090=ORIENTED_EDGE('',*,*,#2925,.F.);
#4091=ORIENTED_EDGE('',*,*,#2926,.F.);
#4092=ORIENTED_EDGE('',*,*,#2927,.F.);
#4093=ORIENTED_EDGE('',*,*,#2926,.T.);
#4094=ORIENTED_EDGE('',*,*,#2928,.F.);
#4095=ORIENTED_EDGE('',*,*,#2929,.F.);
#4096=ORIENTED_EDGE('',*,*,#2930,.F.);
#4097=ORIENTED_EDGE('',*,*,#2929,.T.);
#4098=ORIENTED_EDGE('',*,*,#2931,.F.);
#4099=ORIENTED_EDGE('',*,*,#2932,.F.);
#4100=ORIENTED_EDGE('',*,*,#2933,.F.);
#4101=ORIENTED_EDGE('',*,*,#2932,.T.);
#4102=ORIENTED_EDGE('',*,*,#2934,.F.);
#4103=ORIENTED_EDGE('',*,*,#2935,.F.);
#4104=ORIENTED_EDGE('',*,*,#2936,.F.);
#4105=ORIENTED_EDGE('',*,*,#2935,.T.);
#4106=ORIENTED_EDGE('',*,*,#2937,.F.);
#4107=ORIENTED_EDGE('',*,*,#2938,.F.);
#4108=ORIENTED_EDGE('',*,*,#2939,.F.);
#4109=ORIENTED_EDGE('',*,*,#2938,.T.);
#4110=ORIENTED_EDGE('',*,*,#2940,.F.);
#4111=ORIENTED_EDGE('',*,*,#2941,.F.);
#4112=ORIENTED_EDGE('',*,*,#2942,.F.);
#4113=ORIENTED_EDGE('',*,*,#2941,.T.);
#4114=ORIENTED_EDGE('',*,*,#2943,.F.);
#4115=ORIENTED_EDGE('',*,*,#2944,.F.);
#4116=ORIENTED_EDGE('',*,*,#2945,.F.);
#4117=ORIENTED_EDGE('',*,*,#2944,.T.);
#4118=ORIENTED_EDGE('',*,*,#2946,.F.);
#4119=ORIENTED_EDGE('',*,*,#2947,.F.);
#4120=ORIENTED_EDGE('',*,*,#2948,.F.);
#4121=ORIENTED_EDGE('',*,*,#2947,.T.);
#4122=ORIENTED_EDGE('',*,*,#2949,.F.);
#4123=ORIENTED_EDGE('',*,*,#2950,.F.);
#4124=ORIENTED_EDGE('',*,*,#2951,.F.);
#4125=ORIENTED_EDGE('',*,*,#2950,.T.);
#4126=ORIENTED_EDGE('',*,*,#2952,.F.);
#4127=ORIENTED_EDGE('',*,*,#2885,.F.);
#4128=ORIENTED_EDGE('',*,*,#2952,.T.);
#4129=ORIENTED_EDGE('',*,*,#2949,.T.);
#4130=ORIENTED_EDGE('',*,*,#2946,.T.);
#4131=ORIENTED_EDGE('',*,*,#2943,.T.);
#4132=ORIENTED_EDGE('',*,*,#2940,.T.);
#4133=ORIENTED_EDGE('',*,*,#2937,.T.);
#4134=ORIENTED_EDGE('',*,*,#2934,.T.);
#4135=ORIENTED_EDGE('',*,*,#2931,.T.);
#4136=ORIENTED_EDGE('',*,*,#2928,.T.);
#4137=ORIENTED_EDGE('',*,*,#2925,.T.);
#4138=ORIENTED_EDGE('',*,*,#2922,.T.);
#4139=ORIENTED_EDGE('',*,*,#2919,.T.);
#4140=ORIENTED_EDGE('',*,*,#2916,.T.);
#4141=ORIENTED_EDGE('',*,*,#2913,.T.);
#4142=ORIENTED_EDGE('',*,*,#2910,.T.);
#4143=ORIENTED_EDGE('',*,*,#2907,.T.);
#4144=ORIENTED_EDGE('',*,*,#2904,.T.);
#4145=ORIENTED_EDGE('',*,*,#2901,.T.);
#4146=ORIENTED_EDGE('',*,*,#2898,.T.);
#4147=ORIENTED_EDGE('',*,*,#2895,.T.);
#4148=ORIENTED_EDGE('',*,*,#2892,.T.);
#4149=ORIENTED_EDGE('',*,*,#2889,.T.);
#4150=ORIENTED_EDGE('',*,*,#2886,.T.);
#4151=ORIENTED_EDGE('',*,*,#2883,.T.);
#4152=ORIENTED_EDGE('',*,*,#2880,.T.);
#4153=ORIENTED_EDGE('',*,*,#2877,.T.);
#4154=ORIENTED_EDGE('',*,*,#2874,.T.);
#4155=ORIENTED_EDGE('',*,*,#2871,.T.);
#4156=ORIENTED_EDGE('',*,*,#2868,.T.);
#4157=ORIENTED_EDGE('',*,*,#2865,.T.);
#4158=ORIENTED_EDGE('',*,*,#2862,.T.);
#4159=ORIENTED_EDGE('',*,*,#2859,.T.);
#4160=ORIENTED_EDGE('',*,*,#2856,.T.);
#4161=ORIENTED_EDGE('',*,*,#2853,.T.);
#4162=ORIENTED_EDGE('',*,*,#2850,.T.);
#4163=ORIENTED_EDGE('',*,*,#2847,.T.);
#4164=ORIENTED_EDGE('',*,*,#2844,.T.);
#4165=ORIENTED_EDGE('',*,*,#2841,.T.);
#4166=ORIENTED_EDGE('',*,*,#2951,.T.);
#4167=ORIENTED_EDGE('',*,*,#2884,.T.);
#4168=ORIENTED_EDGE('',*,*,#2888,.T.);
#4169=ORIENTED_EDGE('',*,*,#2891,.T.);
#4170=ORIENTED_EDGE('',*,*,#2894,.T.);
#4171=ORIENTED_EDGE('',*,*,#2897,.T.);
#4172=ORIENTED_EDGE('',*,*,#2900,.T.);
#4173=ORIENTED_EDGE('',*,*,#2903,.T.);
#4174=ORIENTED_EDGE('',*,*,#2906,.T.);
#4175=ORIENTED_EDGE('',*,*,#2909,.T.);
#4176=ORIENTED_EDGE('',*,*,#2912,.T.);
#4177=ORIENTED_EDGE('',*,*,#2915,.T.);
#4178=ORIENTED_EDGE('',*,*,#2918,.T.);
#4179=ORIENTED_EDGE('',*,*,#2921,.T.);
#4180=ORIENTED_EDGE('',*,*,#2924,.T.);
#4181=ORIENTED_EDGE('',*,*,#2927,.T.);
#4182=ORIENTED_EDGE('',*,*,#2930,.T.);
#4183=ORIENTED_EDGE('',*,*,#2933,.T.);
#4184=ORIENTED_EDGE('',*,*,#2936,.T.);
#4185=ORIENTED_EDGE('',*,*,#2939,.T.);
#4186=ORIENTED_EDGE('',*,*,#2942,.T.);
#4187=ORIENTED_EDGE('',*,*,#2945,.T.);
#4188=ORIENTED_EDGE('',*,*,#2948,.T.);
#4189=ORIENTED_EDGE('',*,*,#2882,.T.);
#4190=ORIENTED_EDGE('',*,*,#2863,.T.);
#4191=ORIENTED_EDGE('',*,*,#2867,.T.);
#4192=ORIENTED_EDGE('',*,*,#2870,.T.);
#4193=ORIENTED_EDGE('',*,*,#2873,.T.);
#4194=ORIENTED_EDGE('',*,*,#2876,.T.);
#4195=ORIENTED_EDGE('',*,*,#2879,.T.);
#4196=ORIENTED_EDGE('',*,*,#2861,.T.);
#4197=ORIENTED_EDGE('',*,*,#2839,.T.);
#4198=ORIENTED_EDGE('',*,*,#2843,.T.);
#4199=ORIENTED_EDGE('',*,*,#2846,.T.);
#4200=ORIENTED_EDGE('',*,*,#2849,.T.);
#4201=ORIENTED_EDGE('',*,*,#2852,.T.);
#4202=ORIENTED_EDGE('',*,*,#2855,.T.);
#4203=ORIENTED_EDGE('',*,*,#2858,.T.);
#4204=ORIENTED_EDGE('',*,*,#2953,.F.);
#4205=ORIENTED_EDGE('',*,*,#2954,.T.);
#4206=ORIENTED_EDGE('',*,*,#2955,.F.);
#4207=ORIENTED_EDGE('',*,*,#2956,.F.);
#4208=ORIENTED_EDGE('',*,*,#2957,.F.);
#4209=ORIENTED_EDGE('',*,*,#2956,.T.);
#4210=ORIENTED_EDGE('',*,*,#2958,.F.);
#4211=ORIENTED_EDGE('',*,*,#2959,.F.);
#4212=ORIENTED_EDGE('',*,*,#2960,.F.);
#4213=ORIENTED_EDGE('',*,*,#2959,.T.);
#4214=ORIENTED_EDGE('',*,*,#2961,.F.);
#4215=ORIENTED_EDGE('',*,*,#2962,.F.);
#4216=ORIENTED_EDGE('',*,*,#2963,.F.);
#4217=ORIENTED_EDGE('',*,*,#2962,.T.);
#4218=ORIENTED_EDGE('',*,*,#2964,.F.);
#4219=ORIENTED_EDGE('',*,*,#2965,.F.);
#4220=ORIENTED_EDGE('',*,*,#2966,.F.);
#4221=ORIENTED_EDGE('',*,*,#2965,.T.);
#4222=ORIENTED_EDGE('',*,*,#2967,.F.);
#4223=ORIENTED_EDGE('',*,*,#2968,.F.);
#4224=ORIENTED_EDGE('',*,*,#2969,.F.);
#4225=ORIENTED_EDGE('',*,*,#2968,.T.);
#4226=ORIENTED_EDGE('',*,*,#2970,.F.);
#4227=ORIENTED_EDGE('',*,*,#2971,.F.);
#4228=ORIENTED_EDGE('',*,*,#2972,.F.);
#4229=ORIENTED_EDGE('',*,*,#2971,.T.);
#4230=ORIENTED_EDGE('',*,*,#2973,.F.);
#4231=ORIENTED_EDGE('',*,*,#2974,.F.);
#4232=ORIENTED_EDGE('',*,*,#2975,.F.);
#4233=ORIENTED_EDGE('',*,*,#2974,.T.);
#4234=ORIENTED_EDGE('',*,*,#2976,.F.);
#4235=ORIENTED_EDGE('',*,*,#2977,.F.);
#4236=ORIENTED_EDGE('',*,*,#2978,.F.);
#4237=ORIENTED_EDGE('',*,*,#2977,.T.);
#4238=ORIENTED_EDGE('',*,*,#2979,.F.);
#4239=ORIENTED_EDGE('',*,*,#2980,.F.);
#4240=ORIENTED_EDGE('',*,*,#2981,.F.);
#4241=ORIENTED_EDGE('',*,*,#2980,.T.);
#4242=ORIENTED_EDGE('',*,*,#2982,.F.);
#4243=ORIENTED_EDGE('',*,*,#2954,.F.);
#4244=ORIENTED_EDGE('',*,*,#2982,.T.);
#4245=ORIENTED_EDGE('',*,*,#2979,.T.);
#4246=ORIENTED_EDGE('',*,*,#2976,.T.);
#4247=ORIENTED_EDGE('',*,*,#2973,.T.);
#4248=ORIENTED_EDGE('',*,*,#2970,.T.);
#4249=ORIENTED_EDGE('',*,*,#2967,.T.);
#4250=ORIENTED_EDGE('',*,*,#2964,.T.);
#4251=ORIENTED_EDGE('',*,*,#2961,.T.);
#4252=ORIENTED_EDGE('',*,*,#2958,.T.);
#4253=ORIENTED_EDGE('',*,*,#2955,.T.);
#4254=ORIENTED_EDGE('',*,*,#2981,.T.);
#4255=ORIENTED_EDGE('',*,*,#2953,.T.);
#4256=ORIENTED_EDGE('',*,*,#2957,.T.);
#4257=ORIENTED_EDGE('',*,*,#2960,.T.);
#4258=ORIENTED_EDGE('',*,*,#2963,.T.);
#4259=ORIENTED_EDGE('',*,*,#2966,.T.);
#4260=ORIENTED_EDGE('',*,*,#2969,.T.);
#4261=ORIENTED_EDGE('',*,*,#2972,.T.);
#4262=ORIENTED_EDGE('',*,*,#2975,.T.);
#4263=ORIENTED_EDGE('',*,*,#2978,.T.);
#4264=ORIENTED_EDGE('',*,*,#2983,.F.);
#4265=ORIENTED_EDGE('',*,*,#2984,.T.);
#4266=ORIENTED_EDGE('',*,*,#2985,.F.);
#4267=ORIENTED_EDGE('',*,*,#2986,.F.);
#4268=ORIENTED_EDGE('',*,*,#2987,.F.);
#4269=ORIENTED_EDGE('',*,*,#2986,.T.);
#4270=ORIENTED_EDGE('',*,*,#2988,.F.);
#4271=ORIENTED_EDGE('',*,*,#2989,.F.);
#4272=ORIENTED_EDGE('',*,*,#2990,.F.);
#4273=ORIENTED_EDGE('',*,*,#2989,.T.);
#4274=ORIENTED_EDGE('',*,*,#2991,.F.);
#4275=ORIENTED_EDGE('',*,*,#2992,.F.);
#4276=ORIENTED_EDGE('',*,*,#2993,.F.);
#4277=ORIENTED_EDGE('',*,*,#2992,.T.);
#4278=ORIENTED_EDGE('',*,*,#2994,.F.);
#4279=ORIENTED_EDGE('',*,*,#2995,.F.);
#4280=ORIENTED_EDGE('',*,*,#2996,.F.);
#4281=ORIENTED_EDGE('',*,*,#2995,.T.);
#4282=ORIENTED_EDGE('',*,*,#2997,.F.);
#4283=ORIENTED_EDGE('',*,*,#2998,.F.);
#4284=ORIENTED_EDGE('',*,*,#2999,.F.);
#4285=ORIENTED_EDGE('',*,*,#2998,.T.);
#4286=ORIENTED_EDGE('',*,*,#3000,.F.);
#4287=ORIENTED_EDGE('',*,*,#3001,.F.);
#4288=ORIENTED_EDGE('',*,*,#3002,.F.);
#4289=ORIENTED_EDGE('',*,*,#3001,.T.);
#4290=ORIENTED_EDGE('',*,*,#3003,.F.);
#4291=ORIENTED_EDGE('',*,*,#3004,.F.);
#4292=ORIENTED_EDGE('',*,*,#3005,.F.);
#4293=ORIENTED_EDGE('',*,*,#3004,.T.);
#4294=ORIENTED_EDGE('',*,*,#3006,.F.);
#4295=ORIENTED_EDGE('',*,*,#3007,.F.);
#4296=ORIENTED_EDGE('',*,*,#3008,.F.);
#4297=ORIENTED_EDGE('',*,*,#3007,.T.);
#4298=ORIENTED_EDGE('',*,*,#3009,.F.);
#4299=ORIENTED_EDGE('',*,*,#2984,.F.);
#4300=ORIENTED_EDGE('',*,*,#3010,.F.);
#4301=ORIENTED_EDGE('',*,*,#3011,.T.);
#4302=ORIENTED_EDGE('',*,*,#3012,.F.);
#4303=ORIENTED_EDGE('',*,*,#3013,.F.);
#4304=ORIENTED_EDGE('',*,*,#3014,.F.);
#4305=ORIENTED_EDGE('',*,*,#3013,.T.);
#4306=ORIENTED_EDGE('',*,*,#3015,.F.);
#4307=ORIENTED_EDGE('',*,*,#3016,.F.);
#4308=ORIENTED_EDGE('',*,*,#3017,.F.);
#4309=ORIENTED_EDGE('',*,*,#3016,.T.);
#4310=ORIENTED_EDGE('',*,*,#3018,.F.);
#4311=ORIENTED_EDGE('',*,*,#3019,.F.);
#4312=ORIENTED_EDGE('',*,*,#3020,.F.);
#4313=ORIENTED_EDGE('',*,*,#3019,.T.);
#4314=ORIENTED_EDGE('',*,*,#3021,.F.);
#4315=ORIENTED_EDGE('',*,*,#3022,.F.);
#4316=ORIENTED_EDGE('',*,*,#3023,.F.);
#4317=ORIENTED_EDGE('',*,*,#3022,.T.);
#4318=ORIENTED_EDGE('',*,*,#3024,.F.);
#4319=ORIENTED_EDGE('',*,*,#3025,.F.);
#4320=ORIENTED_EDGE('',*,*,#3026,.F.);
#4321=ORIENTED_EDGE('',*,*,#3025,.T.);
#4322=ORIENTED_EDGE('',*,*,#3027,.F.);
#4323=ORIENTED_EDGE('',*,*,#3028,.F.);
#4324=ORIENTED_EDGE('',*,*,#3029,.F.);
#4325=ORIENTED_EDGE('',*,*,#3028,.T.);
#4326=ORIENTED_EDGE('',*,*,#3030,.F.);
#4327=ORIENTED_EDGE('',*,*,#3031,.F.);
#4328=ORIENTED_EDGE('',*,*,#3032,.F.);
#4329=ORIENTED_EDGE('',*,*,#3031,.T.);
#4330=ORIENTED_EDGE('',*,*,#3033,.F.);
#4331=ORIENTED_EDGE('',*,*,#3034,.F.);
#4332=ORIENTED_EDGE('',*,*,#3035,.F.);
#4333=ORIENTED_EDGE('',*,*,#3034,.T.);
#4334=ORIENTED_EDGE('',*,*,#3036,.F.);
#4335=ORIENTED_EDGE('',*,*,#3037,.F.);
#4336=ORIENTED_EDGE('',*,*,#3038,.F.);
#4337=ORIENTED_EDGE('',*,*,#3037,.T.);
#4338=ORIENTED_EDGE('',*,*,#3039,.F.);
#4339=ORIENTED_EDGE('',*,*,#3040,.F.);
#4340=ORIENTED_EDGE('',*,*,#3041,.F.);
#4341=ORIENTED_EDGE('',*,*,#3040,.T.);
#4342=ORIENTED_EDGE('',*,*,#3042,.F.);
#4343=ORIENTED_EDGE('',*,*,#3043,.F.);
#4344=ORIENTED_EDGE('',*,*,#3044,.F.);
#4345=ORIENTED_EDGE('',*,*,#3043,.T.);
#4346=ORIENTED_EDGE('',*,*,#3045,.F.);
#4347=ORIENTED_EDGE('',*,*,#3046,.F.);
#4348=ORIENTED_EDGE('',*,*,#3047,.F.);
#4349=ORIENTED_EDGE('',*,*,#3046,.T.);
#4350=ORIENTED_EDGE('',*,*,#3048,.F.);
#4351=ORIENTED_EDGE('',*,*,#3049,.F.);
#4352=ORIENTED_EDGE('',*,*,#3050,.F.);
#4353=ORIENTED_EDGE('',*,*,#3049,.T.);
#4354=ORIENTED_EDGE('',*,*,#3051,.F.);
#4355=ORIENTED_EDGE('',*,*,#3052,.F.);
#4356=ORIENTED_EDGE('',*,*,#3053,.F.);
#4357=ORIENTED_EDGE('',*,*,#3052,.T.);
#4358=ORIENTED_EDGE('',*,*,#3054,.F.);
#4359=ORIENTED_EDGE('',*,*,#3055,.F.);
#4360=ORIENTED_EDGE('',*,*,#3056,.F.);
#4361=ORIENTED_EDGE('',*,*,#3055,.T.);
#4362=ORIENTED_EDGE('',*,*,#3057,.F.);
#4363=ORIENTED_EDGE('',*,*,#3058,.F.);
#4364=ORIENTED_EDGE('',*,*,#3059,.F.);
#4365=ORIENTED_EDGE('',*,*,#3058,.T.);
#4366=ORIENTED_EDGE('',*,*,#3060,.F.);
#4367=ORIENTED_EDGE('',*,*,#3061,.F.);
#4368=ORIENTED_EDGE('',*,*,#3062,.F.);
#4369=ORIENTED_EDGE('',*,*,#3061,.T.);
#4370=ORIENTED_EDGE('',*,*,#3063,.F.);
#4371=ORIENTED_EDGE('',*,*,#3011,.F.);
#4372=ORIENTED_EDGE('',*,*,#3063,.T.);
#4373=ORIENTED_EDGE('',*,*,#3060,.T.);
#4374=ORIENTED_EDGE('',*,*,#3057,.T.);
#4375=ORIENTED_EDGE('',*,*,#3054,.T.);
#4376=ORIENTED_EDGE('',*,*,#3051,.T.);
#4377=ORIENTED_EDGE('',*,*,#3048,.T.);
#4378=ORIENTED_EDGE('',*,*,#3045,.T.);
#4379=ORIENTED_EDGE('',*,*,#3042,.T.);
#4380=ORIENTED_EDGE('',*,*,#3039,.T.);
#4381=ORIENTED_EDGE('',*,*,#3036,.T.);
#4382=ORIENTED_EDGE('',*,*,#3033,.T.);
#4383=ORIENTED_EDGE('',*,*,#3030,.T.);
#4384=ORIENTED_EDGE('',*,*,#3027,.T.);
#4385=ORIENTED_EDGE('',*,*,#3024,.T.);
#4386=ORIENTED_EDGE('',*,*,#3021,.T.);
#4387=ORIENTED_EDGE('',*,*,#3018,.T.);
#4388=ORIENTED_EDGE('',*,*,#3015,.T.);
#4389=ORIENTED_EDGE('',*,*,#3012,.T.);
#4390=ORIENTED_EDGE('',*,*,#3009,.T.);
#4391=ORIENTED_EDGE('',*,*,#3006,.T.);
#4392=ORIENTED_EDGE('',*,*,#3003,.T.);
#4393=ORIENTED_EDGE('',*,*,#3000,.T.);
#4394=ORIENTED_EDGE('',*,*,#2997,.T.);
#4395=ORIENTED_EDGE('',*,*,#2994,.T.);
#4396=ORIENTED_EDGE('',*,*,#2991,.T.);
#4397=ORIENTED_EDGE('',*,*,#2988,.T.);
#4398=ORIENTED_EDGE('',*,*,#2985,.T.);
#4399=ORIENTED_EDGE('',*,*,#3062,.T.);
#4400=ORIENTED_EDGE('',*,*,#3010,.T.);
#4401=ORIENTED_EDGE('',*,*,#3014,.T.);
#4402=ORIENTED_EDGE('',*,*,#3017,.T.);
#4403=ORIENTED_EDGE('',*,*,#3020,.T.);
#4404=ORIENTED_EDGE('',*,*,#3023,.T.);
#4405=ORIENTED_EDGE('',*,*,#3026,.T.);
#4406=ORIENTED_EDGE('',*,*,#3029,.T.);
#4407=ORIENTED_EDGE('',*,*,#3032,.T.);
#4408=ORIENTED_EDGE('',*,*,#3035,.T.);
#4409=ORIENTED_EDGE('',*,*,#3038,.T.);
#4410=ORIENTED_EDGE('',*,*,#3041,.T.);
#4411=ORIENTED_EDGE('',*,*,#3044,.T.);
#4412=ORIENTED_EDGE('',*,*,#3047,.T.);
#4413=ORIENTED_EDGE('',*,*,#3050,.T.);
#4414=ORIENTED_EDGE('',*,*,#3053,.T.);
#4415=ORIENTED_EDGE('',*,*,#3056,.T.);
#4416=ORIENTED_EDGE('',*,*,#3059,.T.);
#4417=ORIENTED_EDGE('',*,*,#3008,.T.);
#4418=ORIENTED_EDGE('',*,*,#2983,.T.);
#4419=ORIENTED_EDGE('',*,*,#2987,.T.);
#4420=ORIENTED_EDGE('',*,*,#2990,.T.);
#4421=ORIENTED_EDGE('',*,*,#2993,.T.);
#4422=ORIENTED_EDGE('',*,*,#2996,.T.);
#4423=ORIENTED_EDGE('',*,*,#2999,.T.);
#4424=ORIENTED_EDGE('',*,*,#3002,.T.);
#4425=ORIENTED_EDGE('',*,*,#3005,.T.);
#4426=ORIENTED_EDGE('',*,*,#3064,.F.);
#4427=ORIENTED_EDGE('',*,*,#3065,.F.);
#4428=ORIENTED_EDGE('',*,*,#3066,.F.);
#4429=ORIENTED_EDGE('',*,*,#3067,.F.);
#4430=ORIENTED_EDGE('',*,*,#3068,.F.);
#4431=ORIENTED_EDGE('',*,*,#3069,.F.);
#4432=ORIENTED_EDGE('',*,*,#3070,.F.);
#4433=ORIENTED_EDGE('',*,*,#3070,.T.);
#4434=ORIENTED_EDGE('',*,*,#3071,.T.);
#4435=ORIENTED_EDGE('',*,*,#3072,.T.);
#4436=ORIENTED_EDGE('',*,*,#3073,.T.);
#4437=ORIENTED_EDGE('',*,*,#3069,.T.);
#4438=ORIENTED_EDGE('',*,*,#3074,.T.);
#4439=ORIENTED_EDGE('',*,*,#3075,.F.);
#4440=ORIENTED_EDGE('',*,*,#3071,.F.);
#4441=ORIENTED_EDGE('',*,*,#3068,.T.);
#4442=ORIENTED_EDGE('',*,*,#3076,.T.);
#4443=ORIENTED_EDGE('',*,*,#3077,.F.);
#4444=ORIENTED_EDGE('',*,*,#3074,.F.);
#4445=ORIENTED_EDGE('',*,*,#3064,.T.);
#4446=ORIENTED_EDGE('',*,*,#3073,.F.);
#4447=ORIENTED_EDGE('',*,*,#3078,.F.);
#4448=ORIENTED_EDGE('',*,*,#3079,.F.);
#4449=ORIENTED_EDGE('',*,*,#3072,.F.);
#4450=ORIENTED_EDGE('',*,*,#3075,.T.);
#4451=ORIENTED_EDGE('',*,*,#3077,.T.);
#4452=ORIENTED_EDGE('',*,*,#3080,.T.);
#4453=ORIENTED_EDGE('',*,*,#3081,.T.);
#4454=ORIENTED_EDGE('',*,*,#3082,.T.);
#4455=ORIENTED_EDGE('',*,*,#3078,.T.);
#4456=ORIENTED_EDGE('',*,*,#3067,.T.);
#4457=ORIENTED_EDGE('',*,*,#3083,.T.);
#4458=ORIENTED_EDGE('',*,*,#3080,.F.);
#4459=ORIENTED_EDGE('',*,*,#3076,.F.);
#4460=ORIENTED_EDGE('',*,*,#3065,.T.);
#4461=ORIENTED_EDGE('',*,*,#3079,.T.);
#4462=ORIENTED_EDGE('',*,*,#3082,.F.);
#4463=ORIENTED_EDGE('',*,*,#3084,.F.);
#4464=ORIENTED_EDGE('',*,*,#3066,.T.);
#4465=ORIENTED_EDGE('',*,*,#3084,.T.);
#4466=ORIENTED_EDGE('',*,*,#3081,.F.);
#4467=ORIENTED_EDGE('',*,*,#3083,.F.);
#4468=ORIENTED_EDGE('',*,*,#3085,.F.);
#4469=ORIENTED_EDGE('',*,*,#3086,.F.);
#4470=ORIENTED_EDGE('',*,*,#3087,.F.);
#4471=ORIENTED_EDGE('',*,*,#3088,.F.);
#4472=ORIENTED_EDGE('',*,*,#3089,.F.);
#4473=ORIENTED_EDGE('',*,*,#3090,.F.);
#4474=ORIENTED_EDGE('',*,*,#3091,.F.);
#4475=ORIENTED_EDGE('',*,*,#3091,.T.);
#4476=ORIENTED_EDGE('',*,*,#3092,.F.);
#4477=ORIENTED_EDGE('',*,*,#3093,.F.);
#4478=ORIENTED_EDGE('',*,*,#3094,.T.);
#4479=ORIENTED_EDGE('',*,*,#3090,.T.);
#4480=ORIENTED_EDGE('',*,*,#3095,.F.);
#4481=ORIENTED_EDGE('',*,*,#3096,.F.);
#4482=ORIENTED_EDGE('',*,*,#3092,.T.);
#4483=ORIENTED_EDGE('',*,*,#3089,.T.);
#4484=ORIENTED_EDGE('',*,*,#3097,.F.);
#4485=ORIENTED_EDGE('',*,*,#3098,.F.);
#4486=ORIENTED_EDGE('',*,*,#3095,.T.);
#4487=ORIENTED_EDGE('',*,*,#3088,.T.);
#4488=ORIENTED_EDGE('',*,*,#3099,.T.);
#4489=ORIENTED_EDGE('',*,*,#3100,.T.);
#4490=ORIENTED_EDGE('',*,*,#3097,.T.);
#4491=ORIENTED_EDGE('',*,*,#3085,.T.);
#4492=ORIENTED_EDGE('',*,*,#3094,.F.);
#4493=ORIENTED_EDGE('',*,*,#3101,.F.);
#4494=ORIENTED_EDGE('',*,*,#3102,.T.);
#4495=ORIENTED_EDGE('',*,*,#3086,.T.);
#4496=ORIENTED_EDGE('',*,*,#3102,.F.);
#4497=ORIENTED_EDGE('',*,*,#3103,.F.);
#4498=ORIENTED_EDGE('',*,*,#3104,.T.);
#4499=ORIENTED_EDGE('',*,*,#3087,.T.);
#4500=ORIENTED_EDGE('',*,*,#3104,.F.);
#4501=ORIENTED_EDGE('',*,*,#3105,.F.);
#4502=ORIENTED_EDGE('',*,*,#3099,.F.);
#4503=ORIENTED_EDGE('',*,*,#3100,.F.);
#4504=ORIENTED_EDGE('',*,*,#3105,.T.);
#4505=ORIENTED_EDGE('',*,*,#3103,.T.);
#4506=ORIENTED_EDGE('',*,*,#3101,.T.);
#4507=ORIENTED_EDGE('',*,*,#3093,.T.);
#4508=ORIENTED_EDGE('',*,*,#3096,.T.);
#4509=ORIENTED_EDGE('',*,*,#3098,.T.);
#4510=ORIENTED_EDGE('',*,*,#3106,.F.);
#4511=ORIENTED_EDGE('',*,*,#3107,.F.);
#4512=ORIENTED_EDGE('',*,*,#3108,.F.);
#4513=ORIENTED_EDGE('',*,*,#3109,.F.);
#4514=ORIENTED_EDGE('',*,*,#3110,.F.);
#4515=ORIENTED_EDGE('',*,*,#3111,.F.);
#4516=ORIENTED_EDGE('',*,*,#3112,.F.);
#4517=ORIENTED_EDGE('',*,*,#3112,.T.);
#4518=ORIENTED_EDGE('',*,*,#3113,.T.);
#4519=ORIENTED_EDGE('',*,*,#3114,.T.);
#4520=ORIENTED_EDGE('',*,*,#3115,.T.);
#4521=ORIENTED_EDGE('',*,*,#3111,.T.);
#4522=ORIENTED_EDGE('',*,*,#3116,.T.);
#4523=ORIENTED_EDGE('',*,*,#3117,.F.);
#4524=ORIENTED_EDGE('',*,*,#3113,.F.);
#4525=ORIENTED_EDGE('',*,*,#3110,.T.);
#4526=ORIENTED_EDGE('',*,*,#3118,.T.);
#4527=ORIENTED_EDGE('',*,*,#3119,.F.);
#4528=ORIENTED_EDGE('',*,*,#3116,.F.);
#4529=ORIENTED_EDGE('',*,*,#3106,.T.);
#4530=ORIENTED_EDGE('',*,*,#3115,.F.);
#4531=ORIENTED_EDGE('',*,*,#3120,.F.);
#4532=ORIENTED_EDGE('',*,*,#3121,.F.);
#4533=ORIENTED_EDGE('',*,*,#3114,.F.);
#4534=ORIENTED_EDGE('',*,*,#3117,.T.);
#4535=ORIENTED_EDGE('',*,*,#3119,.T.);
#4536=ORIENTED_EDGE('',*,*,#3122,.T.);
#4537=ORIENTED_EDGE('',*,*,#3123,.T.);
#4538=ORIENTED_EDGE('',*,*,#3124,.T.);
#4539=ORIENTED_EDGE('',*,*,#3120,.T.);
#4540=ORIENTED_EDGE('',*,*,#3109,.T.);
#4541=ORIENTED_EDGE('',*,*,#3125,.T.);
#4542=ORIENTED_EDGE('',*,*,#3122,.F.);
#4543=ORIENTED_EDGE('',*,*,#3118,.F.);
#4544=ORIENTED_EDGE('',*,*,#3107,.T.);
#4545=ORIENTED_EDGE('',*,*,#3121,.T.);
#4546=ORIENTED_EDGE('',*,*,#3124,.F.);
#4547=ORIENTED_EDGE('',*,*,#3126,.F.);
#4548=ORIENTED_EDGE('',*,*,#3108,.T.);
#4549=ORIENTED_EDGE('',*,*,#3126,.T.);
#4550=ORIENTED_EDGE('',*,*,#3123,.F.);
#4551=ORIENTED_EDGE('',*,*,#3125,.F.);
#4552=ORIENTED_EDGE('',*,*,#3127,.F.);
#4553=ORIENTED_EDGE('',*,*,#3128,.F.);
#4554=ORIENTED_EDGE('',*,*,#3129,.F.);
#4555=ORIENTED_EDGE('',*,*,#3130,.F.);
#4556=ORIENTED_EDGE('',*,*,#3131,.F.);
#4557=ORIENTED_EDGE('',*,*,#3132,.F.);
#4558=ORIENTED_EDGE('',*,*,#3133,.F.);
#4559=ORIENTED_EDGE('',*,*,#3129,.T.);
#4560=ORIENTED_EDGE('',*,*,#3134,.F.);
#4561=ORIENTED_EDGE('',*,*,#3135,.F.);
#4562=ORIENTED_EDGE('',*,*,#3136,.T.);
#4563=ORIENTED_EDGE('',*,*,#3128,.T.);
#4564=ORIENTED_EDGE('',*,*,#3137,.F.);
#4565=ORIENTED_EDGE('',*,*,#3138,.F.);
#4566=ORIENTED_EDGE('',*,*,#3134,.T.);
#4567=ORIENTED_EDGE('',*,*,#3127,.T.);
#4568=ORIENTED_EDGE('',*,*,#3139,.F.);
#4569=ORIENTED_EDGE('',*,*,#3140,.F.);
#4570=ORIENTED_EDGE('',*,*,#3137,.T.);
#4571=ORIENTED_EDGE('',*,*,#3133,.T.);
#4572=ORIENTED_EDGE('',*,*,#3141,.T.);
#4573=ORIENTED_EDGE('',*,*,#3142,.T.);
#4574=ORIENTED_EDGE('',*,*,#3139,.T.);
#4575=ORIENTED_EDGE('',*,*,#3130,.T.);
#4576=ORIENTED_EDGE('',*,*,#3136,.F.);
#4577=ORIENTED_EDGE('',*,*,#3143,.F.);
#4578=ORIENTED_EDGE('',*,*,#3144,.T.);
#4579=ORIENTED_EDGE('',*,*,#3131,.T.);
#4580=ORIENTED_EDGE('',*,*,#3144,.F.);
#4581=ORIENTED_EDGE('',*,*,#3145,.F.);
#4582=ORIENTED_EDGE('',*,*,#3146,.T.);
#4583=ORIENTED_EDGE('',*,*,#3132,.T.);
#4584=ORIENTED_EDGE('',*,*,#3146,.F.);
#4585=ORIENTED_EDGE('',*,*,#3147,.F.);
#4586=ORIENTED_EDGE('',*,*,#3141,.F.);
#4587=ORIENTED_EDGE('',*,*,#3142,.F.);
#4588=ORIENTED_EDGE('',*,*,#3147,.T.);
#4589=ORIENTED_EDGE('',*,*,#3145,.T.);
#4590=ORIENTED_EDGE('',*,*,#3143,.T.);
#4591=ORIENTED_EDGE('',*,*,#3135,.T.);
#4592=ORIENTED_EDGE('',*,*,#3138,.T.);
#4593=ORIENTED_EDGE('',*,*,#3140,.T.);
#4594=PLANE('',#5055);
#4595=PLANE('',#5056);
#4596=PLANE('',#5057);
#4597=PLANE('',#5058);
#4598=PLANE('',#5059);
#4599=PLANE('',#5060);
#4600=PLANE('',#5061);
#4601=PLANE('',#5062);
#4602=PLANE('',#5063);
#4603=PLANE('',#5064);
#4604=PLANE('',#5065);
#4605=PLANE('',#5066);
#4606=PLANE('',#5067);
#4607=PLANE('',#5068);
#4608=PLANE('',#5069);
#4609=PLANE('',#5070);
#4610=PLANE('',#5071);
#4611=PLANE('',#5072);
#4612=PLANE('',#5073);
#4613=PLANE('',#5074);
#4614=PLANE('',#5075);
#4615=PLANE('',#5076);
#4616=PLANE('',#5077);
#4617=PLANE('',#5078);
#4618=PLANE('',#5079);
#4619=PLANE('',#5080);
#4620=PLANE('',#5081);
#4621=PLANE('',#5082);
#4622=PLANE('',#5083);
#4623=PLANE('',#5084);
#4624=PLANE('',#5085);
#4625=PLANE('',#5086);
#4626=PLANE('',#5087);
#4627=PLANE('',#5088);
#4628=PLANE('',#5089);
#4629=PLANE('',#5090);
#4630=PLANE('',#5091);
#4631=PLANE('',#5092);
#4632=PLANE('',#5093);
#4633=PLANE('',#5094);
#4634=PLANE('',#5095);
#4635=PLANE('',#5096);
#4636=PLANE('',#5097);
#4637=PLANE('',#5098);
#4638=PLANE('',#5099);
#4639=PLANE('',#5100);
#4640=PLANE('',#5101);
#4641=PLANE('',#5102);
#4642=PLANE('',#5103);
#4643=PLANE('',#5104);
#4644=PLANE('',#5105);
#4645=PLANE('',#5106);
#4646=PLANE('',#5107);
#4647=PLANE('',#5108);
#4648=PLANE('',#5109);
#4649=PLANE('',#5110);
#4650=PLANE('',#5111);
#4651=PLANE('',#5112);
#4652=PLANE('',#5113);
#4653=PLANE('',#5114);
#4654=PLANE('',#5115);
#4655=PLANE('',#5116);
#4656=PLANE('',#5117);
#4657=PLANE('',#5118);
#4658=PLANE('',#5119);
#4659=PLANE('',#5120);
#4660=PLANE('',#5121);
#4661=PLANE('',#5122);
#4662=PLANE('',#5123);
#4663=PLANE('',#5124);
#4664=PLANE('',#5125);
#4665=PLANE('',#5126);
#4666=PLANE('',#5127);
#4667=PLANE('',#5128);
#4668=PLANE('',#5129);
#4669=PLANE('',#5130);
#4670=PLANE('',#5131);
#4671=PLANE('',#5132);
#4672=PLANE('',#5133);
#4673=PLANE('',#5134);
#4674=PLANE('',#5135);
#4675=PLANE('',#5136);
#4676=PLANE('',#5137);
#4677=PLANE('',#5138);
#4678=PLANE('',#5139);
#4679=PLANE('',#5140);
#4680=PLANE('',#5141);
#4681=PLANE('',#5142);
#4682=PLANE('',#5143);
#4683=PLANE('',#5144);
#4684=PLANE('',#5145);
#4685=PLANE('',#5146);
#4686=PLANE('',#5147);
#4687=PLANE('',#5148);
#4688=PLANE('',#5149);
#4689=PLANE('',#5150);
#4690=PLANE('',#5151);
#4691=PLANE('',#5152);
#4692=PLANE('',#5153);
#4693=PLANE('',#5154);
#4694=PLANE('',#5155);
#4695=PLANE('',#5156);
#4696=PLANE('',#5157);
#4697=PLANE('',#5159);
#4698=PLANE('',#5160);
#4699=PLANE('',#5161);
#4700=PLANE('',#5162);
#4701=PLANE('',#5163);
#4702=PLANE('',#5164);
#4703=PLANE('',#5165);
#4704=PLANE('',#5166);
#4705=PLANE('',#5167);
#4706=PLANE('',#5168);
#4707=PLANE('',#5169);
#4708=PLANE('',#5170);
#4709=PLANE('',#5171);
#4710=PLANE('',#5172);
#4711=PLANE('',#5173);
#4712=PLANE('',#5174);
#4713=PLANE('',#5175);
#4714=PLANE('',#5176);
#4715=PLANE('',#5178);
#4716=PLANE('',#5179);
#4717=PLANE('',#5180);
#4718=PLANE('',#5181);
#4719=PLANE('',#5182);
#4720=PLANE('',#5183);
#4721=PLANE('',#5184);
#4722=PLANE('',#5185);
#4723=PLANE('',#5186);
#4724=PLANE('',#5187);
#4725=PLANE('',#5188);
#4726=PLANE('',#5189);
#4727=PLANE('',#5190);
#4728=PLANE('',#5191);
#4729=PLANE('',#5192);
#4730=PLANE('',#5193);
#4731=PLANE('',#5194);
#4732=PLANE('',#5195);
#4733=ADVANCED_FACE('',(#471),#4594,.F.);
#4734=ADVANCED_FACE('',(#472),#4595,.T.);
#4735=ADVANCED_FACE('',(#473),#4596,.T.);
#4736=ADVANCED_FACE('',(#474),#4597,.T.);
#4737=ADVANCED_FACE('',(#475),#4598,.T.);
#4738=ADVANCED_FACE('',(#476),#4599,.F.);
#4739=ADVANCED_FACE('',(#477),#4600,.F.);
#4740=ADVANCED_FACE('',(#478),#4601,.T.);
#4741=ADVANCED_FACE('',(#479),#4602,.T.);
#4742=ADVANCED_FACE('',(#480),#4603,.T.);
#4743=ADVANCED_FACE('',(#481),#4604,.T.);
#4744=ADVANCED_FACE('',(#482),#4605,.T.);
#4745=ADVANCED_FACE('',(#483),#4606,.T.);
#4746=ADVANCED_FACE('',(#484),#4607,.T.);
#4747=ADVANCED_FACE('',(#485),#4608,.T.);
#4748=ADVANCED_FACE('',(#486),#4609,.T.);
#4749=ADVANCED_FACE('',(#487),#4610,.T.);
#4750=ADVANCED_FACE('',(#488),#4611,.F.);
#4751=ADVANCED_FACE('',(#489),#4612,.T.);
#4752=ADVANCED_FACE('',(#490),#308,.T.);
#4753=ADVANCED_FACE('',(#491),#309,.T.);
#4754=ADVANCED_FACE('',(#492),#310,.T.);
#4755=ADVANCED_FACE('',(#493),#311,.T.);
#4756=ADVANCED_FACE('',(#494),#312,.T.);
#4757=ADVANCED_FACE('',(#495),#313,.T.);
#4758=ADVANCED_FACE('',(#496),#314,.T.);
#4759=ADVANCED_FACE('',(#497),#315,.T.);
#4760=ADVANCED_FACE('',(#498),#316,.T.);
#4761=ADVANCED_FACE('',(#499),#317,.T.);
#4762=ADVANCED_FACE('',(#500),#318,.T.);
#4763=ADVANCED_FACE('',(#501),#319,.T.);
#4764=ADVANCED_FACE('',(#502),#320,.T.);
#4765=ADVANCED_FACE('',(#503),#321,.T.);
#4766=ADVANCED_FACE('',(#504),#4613,.T.);
#4767=ADVANCED_FACE('',(#505),#322,.T.);
#4768=ADVANCED_FACE('',(#506),#323,.T.);
#4769=ADVANCED_FACE('',(#507),#324,.T.);
#4770=ADVANCED_FACE('',(#508),#325,.T.);
#4771=ADVANCED_FACE('',(#509),#326,.T.);
#4772=ADVANCED_FACE('',(#510),#327,.T.);
#4773=ADVANCED_FACE('',(#511),#328,.T.);
#4774=ADVANCED_FACE('',(#512),#329,.T.);
#4775=ADVANCED_FACE('',(#513),#330,.T.);
#4776=ADVANCED_FACE('',(#514),#331,.T.);
#4777=ADVANCED_FACE('',(#515),#332,.T.);
#4778=ADVANCED_FACE('',(#516),#333,.T.);
#4779=ADVANCED_FACE('',(#517),#334,.T.);
#4780=ADVANCED_FACE('',(#518),#335,.T.);
#4781=ADVANCED_FACE('',(#519),#4614,.T.);
#4782=ADVANCED_FACE('',(#520),#4615,.F.);
#4783=ADVANCED_FACE('',(#521),#4616,.T.);
#4784=ADVANCED_FACE('',(#522),#336,.T.);
#4785=ADVANCED_FACE('',(#523),#337,.T.);
#4786=ADVANCED_FACE('',(#524),#338,.T.);
#4787=ADVANCED_FACE('',(#525),#339,.T.);
#4788=ADVANCED_FACE('',(#526),#340,.T.);
#4789=ADVANCED_FACE('',(#527),#341,.T.);
#4790=ADVANCED_FACE('',(#528),#4617,.T.);
#4791=ADVANCED_FACE('',(#529),#4618,.T.);
#4792=ADVANCED_FACE('',(#530),#4619,.T.);
#4793=ADVANCED_FACE('',(#531),#4620,.T.);
#4794=ADVANCED_FACE('',(#532),#342,.T.);
#4795=ADVANCED_FACE('',(#533),#343,.T.);
#4796=ADVANCED_FACE('',(#534),#344,.T.);
#4797=ADVANCED_FACE('',(#535),#345,.T.);
#4798=ADVANCED_FACE('',(#536),#346,.T.);
#4799=ADVANCED_FACE('',(#537),#347,.T.);
#4800=ADVANCED_FACE('',(#538),#348,.T.);
#4801=ADVANCED_FACE('',(#539),#4621,.T.);
#4802=ADVANCED_FACE('',(#540),#4622,.T.);
#4803=ADVANCED_FACE('',(#541),#4623,.T.);
#4804=ADVANCED_FACE('',(#542),#349,.T.);
#4805=ADVANCED_FACE('',(#543),#350,.T.);
#4806=ADVANCED_FACE('',(#544),#351,.T.);
#4807=ADVANCED_FACE('',(#545),#4624,.T.);
#4808=ADVANCED_FACE('',(#546),#4625,.T.);
#4809=ADVANCED_FACE('',(#547),#4626,.T.);
#4810=ADVANCED_FACE('',(#548,#32),#4627,.T.);
#4811=ADVANCED_FACE('',(#549,#33),#4628,.F.);
#4812=ADVANCED_FACE('',(#550),#4629,.T.);
#4813=ADVANCED_FACE('',(#551),#352,.T.);
#4814=ADVANCED_FACE('',(#552),#353,.T.);
#4815=ADVANCED_FACE('',(#553),#354,.T.);
#4816=ADVANCED_FACE('',(#554),#355,.T.);
#4817=ADVANCED_FACE('',(#555),#356,.T.);
#4818=ADVANCED_FACE('',(#556),#357,.T.);
#4819=ADVANCED_FACE('',(#557),#358,.T.);
#4820=ADVANCED_FACE('',(#558),#359,.T.);
#4821=ADVANCED_FACE('',(#559),#4630,.T.);
#4822=ADVANCED_FACE('',(#560),#360,.T.);
#4823=ADVANCED_FACE('',(#561),#361,.T.);
#4824=ADVANCED_FACE('',(#562),#362,.T.);
#4825=ADVANCED_FACE('',(#563),#363,.T.);
#4826=ADVANCED_FACE('',(#564),#364,.T.);
#4827=ADVANCED_FACE('',(#565),#365,.T.);
#4828=ADVANCED_FACE('',(#566),#366,.T.);
#4829=ADVANCED_FACE('',(#567),#367,.T.);
#4830=ADVANCED_FACE('',(#568),#4631,.T.);
#4831=ADVANCED_FACE('',(#569),#4632,.F.);
#4832=ADVANCED_FACE('',(#570),#4633,.F.);
#4833=ADVANCED_FACE('',(#571),#4634,.T.);
#4834=ADVANCED_FACE('',(#572),#4635,.T.);
#4835=ADVANCED_FACE('',(#573),#4636,.T.);
#4836=ADVANCED_FACE('',(#574),#4637,.T.);
#4837=ADVANCED_FACE('',(#575),#4638,.T.);
#4838=ADVANCED_FACE('',(#576),#4639,.T.);
#4839=ADVANCED_FACE('',(#577),#4640,.T.);
#4840=ADVANCED_FACE('',(#578),#4641,.T.);
#4841=ADVANCED_FACE('',(#579),#4642,.T.);
#4842=ADVANCED_FACE('',(#580),#4643,.T.);
#4843=ADVANCED_FACE('',(#581),#4644,.T.);
#4844=ADVANCED_FACE('',(#582),#4645,.T.);
#4845=ADVANCED_FACE('',(#583),#4646,.F.);
#4846=ADVANCED_FACE('',(#584),#4647,.F.);
#4847=ADVANCED_FACE('',(#585),#4648,.T.);
#4848=ADVANCED_FACE('',(#586),#4649,.T.);
#4849=ADVANCED_FACE('',(#587),#4650,.T.);
#4850=ADVANCED_FACE('',(#588),#4651,.T.);
#4851=ADVANCED_FACE('',(#589),#4652,.F.);
#4852=ADVANCED_FACE('',(#590,#34,#35),#4653,.T.);
#4853=ADVANCED_FACE('',(#591),#368,.T.);
#4854=ADVANCED_FACE('',(#592),#369,.T.);
#4855=ADVANCED_FACE('',(#593),#370,.T.);
#4856=ADVANCED_FACE('',(#594),#371,.T.);
#4857=ADVANCED_FACE('',(#595),#4654,.T.);
#4858=ADVANCED_FACE('',(#596),#372,.T.);
#4859=ADVANCED_FACE('',(#597),#373,.T.);
#4860=ADVANCED_FACE('',(#598),#374,.T.);
#4861=ADVANCED_FACE('',(#599),#375,.T.);
#4862=ADVANCED_FACE('',(#600),#4655,.T.);
#4863=ADVANCED_FACE('',(#601),#376,.T.);
#4864=ADVANCED_FACE('',(#602),#377,.T.);
#4865=ADVANCED_FACE('',(#603),#378,.T.);
#4866=ADVANCED_FACE('',(#604),#379,.T.);
#4867=ADVANCED_FACE('',(#605),#380,.T.);
#4868=ADVANCED_FACE('',(#606),#381,.T.);
#4869=ADVANCED_FACE('',(#607),#4656,.T.);
#4870=ADVANCED_FACE('',(#608),#4657,.T.);
#4871=ADVANCED_FACE('',(#609),#4658,.T.);
#4872=ADVANCED_FACE('',(#610),#4659,.T.);
#4873=ADVANCED_FACE('',(#611),#382,.T.);
#4874=ADVANCED_FACE('',(#612),#383,.T.);
#4875=ADVANCED_FACE('',(#613),#4660,.T.);
#4876=ADVANCED_FACE('',(#614),#4661,.T.);
#4877=ADVANCED_FACE('',(#615),#384,.T.);
#4878=ADVANCED_FACE('',(#616),#385,.T.);
#4879=ADVANCED_FACE('',(#617),#4662,.T.);
#4880=ADVANCED_FACE('',(#618),#386,.T.);
#4881=ADVANCED_FACE('',(#619),#387,.T.);
#4882=ADVANCED_FACE('',(#620),#388,.T.);
#4883=ADVANCED_FACE('',(#621),#389,.T.);
#4884=ADVANCED_FACE('',(#622),#390,.T.);
#4885=ADVANCED_FACE('',(#623),#391,.T.);
#4886=ADVANCED_FACE('',(#624,#36,#37),#4663,.F.);
#4887=ADVANCED_FACE('',(#625),#4664,.T.);
#4888=ADVANCED_FACE('',(#626),#392,.T.);
#4889=ADVANCED_FACE('',(#627),#393,.T.);
#4890=ADVANCED_FACE('',(#628),#394,.T.);
#4891=ADVANCED_FACE('',(#629),#395,.T.);
#4892=ADVANCED_FACE('',(#630),#396,.T.);
#4893=ADVANCED_FACE('',(#631),#397,.T.);
#4894=ADVANCED_FACE('',(#632),#4665,.T.);
#4895=ADVANCED_FACE('',(#633),#398,.T.);
#4896=ADVANCED_FACE('',(#634),#399,.T.);
#4897=ADVANCED_FACE('',(#635),#400,.T.);
#4898=ADVANCED_FACE('',(#636),#401,.T.);
#4899=ADVANCED_FACE('',(#637),#402,.T.);
#4900=ADVANCED_FACE('',(#638),#403,.T.);
#4901=ADVANCED_FACE('',(#639),#4666,.T.);
#4902=ADVANCED_FACE('',(#640),#4667,.T.);
#4903=ADVANCED_FACE('',(#641),#404,.T.);
#4904=ADVANCED_FACE('',(#642),#405,.T.);
#4905=ADVANCED_FACE('',(#643),#406,.T.);
#4906=ADVANCED_FACE('',(#644),#407,.T.);
#4907=ADVANCED_FACE('',(#645),#408,.T.);
#4908=ADVANCED_FACE('',(#646),#409,.T.);
#4909=ADVANCED_FACE('',(#647),#410,.T.);
#4910=ADVANCED_FACE('',(#648),#411,.T.);
#4911=ADVANCED_FACE('',(#649),#412,.T.);
#4912=ADVANCED_FACE('',(#650),#413,.T.);
#4913=ADVANCED_FACE('',(#651),#414,.T.);
#4914=ADVANCED_FACE('',(#652),#415,.T.);
#4915=ADVANCED_FACE('',(#653),#416,.T.);
#4916=ADVANCED_FACE('',(#654),#417,.T.);
#4917=ADVANCED_FACE('',(#655),#418,.T.);
#4918=ADVANCED_FACE('',(#656),#4668,.T.);
#4919=ADVANCED_FACE('',(#657),#419,.T.);
#4920=ADVANCED_FACE('',(#658),#4669,.T.);
#4921=ADVANCED_FACE('',(#659),#420,.T.);
#4922=ADVANCED_FACE('',(#660),#421,.T.);
#4923=ADVANCED_FACE('',(#661),#422,.T.);
#4924=ADVANCED_FACE('',(#662),#423,.T.);
#4925=ADVANCED_FACE('',(#663,#38,#39),#4670,.T.);
#4926=ADVANCED_FACE('',(#664,#40,#41),#4671,.F.);
#4927=ADVANCED_FACE('',(#665),#4672,.T.);
#4928=ADVANCED_FACE('',(#666),#4673,.T.);
#4929=ADVANCED_FACE('',(#667),#4674,.T.);
#4930=ADVANCED_FACE('',(#668),#4675,.T.);
#4931=ADVANCED_FACE('',(#669),#4676,.T.);
#4932=ADVANCED_FACE('',(#670),#4677,.T.);
#4933=ADVANCED_FACE('',(#671),#4678,.T.);
#4934=ADVANCED_FACE('',(#672),#4679,.T.);
#4935=ADVANCED_FACE('',(#673),#4680,.T.);
#4936=ADVANCED_FACE('',(#674),#4681,.T.);
#4937=ADVANCED_FACE('',(#675),#4682,.T.);
#4938=ADVANCED_FACE('',(#676),#4683,.F.);
#4939=ADVANCED_FACE('',(#677),#4684,.T.);
#4940=ADVANCED_FACE('',(#678),#424,.T.);
#4941=ADVANCED_FACE('',(#679),#425,.T.);
#4942=ADVANCED_FACE('',(#680),#426,.T.);
#4943=ADVANCED_FACE('',(#681),#427,.T.);
#4944=ADVANCED_FACE('',(#682),#428,.T.);
#4945=ADVANCED_FACE('',(#683),#429,.T.);
#4946=ADVANCED_FACE('',(#684),#4685,.T.);
#4947=ADVANCED_FACE('',(#685),#4686,.T.);
#4948=ADVANCED_FACE('',(#686),#4687,.T.);
#4949=ADVANCED_FACE('',(#687),#4688,.T.);
#4950=ADVANCED_FACE('',(#688),#430,.T.);
#4951=ADVANCED_FACE('',(#689),#431,.T.);
#4952=ADVANCED_FACE('',(#690),#432,.T.);
#4953=ADVANCED_FACE('',(#691),#433,.T.);
#4954=ADVANCED_FACE('',(#692),#434,.T.);
#4955=ADVANCED_FACE('',(#693),#435,.T.);
#4956=ADVANCED_FACE('',(#694),#436,.T.);
#4957=ADVANCED_FACE('',(#695),#4689,.T.);
#4958=ADVANCED_FACE('',(#696),#4690,.T.);
#4959=ADVANCED_FACE('',(#697),#4691,.T.);
#4960=ADVANCED_FACE('',(#698),#437,.T.);
#4961=ADVANCED_FACE('',(#699),#438,.T.);
#4962=ADVANCED_FACE('',(#700),#439,.T.);
#4963=ADVANCED_FACE('',(#701),#4692,.T.);
#4964=ADVANCED_FACE('',(#702),#4693,.T.);
#4965=ADVANCED_FACE('',(#703),#4694,.T.);
#4966=ADVANCED_FACE('',(#704,#42),#4695,.T.);
#4967=ADVANCED_FACE('',(#705,#43),#4696,.F.);
#4968=ADVANCED_FACE('',(#706),#4697,.F.);
#4969=ADVANCED_FACE('',(#707),#4698,.F.);
#4970=ADVANCED_FACE('',(#708),#4699,.T.);
#4971=ADVANCED_FACE('',(#709),#4700,.T.);
#4972=ADVANCED_FACE('',(#710),#4701,.T.);
#4973=ADVANCED_FACE('',(#711),#4702,.T.);
#4974=ADVANCED_FACE('',(#712),#4703,.T.);
#4975=ADVANCED_FACE('',(#713),#4704,.T.);
#4976=ADVANCED_FACE('',(#714),#4705,.T.);
#4977=ADVANCED_FACE('',(#715),#4706,.F.);
#4978=ADVANCED_FACE('',(#716),#4707,.T.);
#4979=ADVANCED_FACE('',(#717),#4708,.T.);
#4980=ADVANCED_FACE('',(#718),#4709,.T.);
#4981=ADVANCED_FACE('',(#719),#4710,.F.);
#4982=ADVANCED_FACE('',(#720),#4711,.T.);
#4983=ADVANCED_FACE('',(#721),#4712,.T.);
#4984=ADVANCED_FACE('',(#722),#4713,.T.);
#4985=ADVANCED_FACE('',(#723),#4714,.T.);
#4986=ADVANCED_FACE('',(#724),#4715,.F.);
#4987=ADVANCED_FACE('',(#725),#4716,.F.);
#4988=ADVANCED_FACE('',(#726),#4717,.T.);
#4989=ADVANCED_FACE('',(#727),#4718,.T.);
#4990=ADVANCED_FACE('',(#728),#4719,.T.);
#4991=ADVANCED_FACE('',(#729),#4720,.T.);
#4992=ADVANCED_FACE('',(#730),#4721,.T.);
#4993=ADVANCED_FACE('',(#731),#4722,.T.);
#4994=ADVANCED_FACE('',(#732),#4723,.T.);
#4995=ADVANCED_FACE('',(#733),#4724,.F.);
#4996=ADVANCED_FACE('',(#734),#4725,.T.);
#4997=ADVANCED_FACE('',(#735),#4726,.T.);
#4998=ADVANCED_FACE('',(#736),#4727,.T.);
#4999=ADVANCED_FACE('',(#737),#4728,.F.);
#5000=ADVANCED_FACE('',(#738),#4729,.T.);
#5001=ADVANCED_FACE('',(#739),#4730,.T.);
#5002=ADVANCED_FACE('',(#740),#4731,.T.);
#5003=ADVANCED_FACE('',(#741),#4732,.T.);
#5004=CLOSED_SHELL('',(#4733,#4734,#4735,#4736,#4737,#4738));
#5005=CLOSED_SHELL('',(#4739,#4740,#4741,#4742,#4743,#4744,#4745,#4746,
#4747,#4748,#4749,#4750));
#5006=CLOSED_SHELL('',(#4751,#4752,#4753,#4754,#4755,#4756,#4757,#4758,
#4759,#4760,#4761,#4762,#4763,#4764,#4765,#4766,#4767,#4768,#4769,#4770,
#4771,#4772,#4773,#4774,#4775,#4776,#4777,#4778,#4779,#4780,#4781,#4782));
#5007=CLOSED_SHELL('',(#4783,#4784,#4785,#4786,#4787,#4788,#4789,#4790,
#4791,#4792,#4793,#4794,#4795,#4796,#4797,#4798,#4799,#4800,#4801,#4802,
#4803,#4804,#4805,#4806,#4807,#4808,#4809,#4810,#4811));
#5008=CLOSED_SHELL('',(#4812,#4813,#4814,#4815,#4816,#4817,#4818,#4819,
#4820,#4821,#4822,#4823,#4824,#4825,#4826,#4827,#4828,#4829,#4830,#4831));
#5009=CLOSED_SHELL('',(#4832,#4833,#4834,#4835,#4836,#4837,#4838,#4839,
#4840,#4841,#4842,#4843,#4844,#4845));
#5010=CLOSED_SHELL('',(#4846,#4847,#4848,#4849,#4850,#4851));
#5011=CLOSED_SHELL('',(#4852,#4853,#4854,#4855,#4856,#4857,#4858,#4859,
#4860,#4861,#4862,#4863,#4864,#4865,#4866,#4867,#4868,#4869,#4870,#4871,
#4872,#4873,#4874,#4875,#4876,#4877,#4878,#4879,#4880,#4881,#4882,#4883,
#4884,#4885,#4886));
#5012=CLOSED_SHELL('',(#4887,#4888,#4889,#4890,#4891,#4892,#4893,#4894,
#4895,#4896,#4897,#4898,#4899,#4900,#4901,#4902,#4903,#4904,#4905,#4906,
#4907,#4908,#4909,#4910,#4911,#4912,#4913,#4914,#4915,#4916,#4917,#4918,
#4919,#4920,#4921,#4922,#4923,#4924,#4925,#4926));
#5013=CLOSED_SHELL('',(#4927,#4928,#4929,#4930,#4931,#4932,#4933,#4934,
#4935,#4936,#4937,#4938));
#5014=CLOSED_SHELL('',(#4939,#4940,#4941,#4942,#4943,#4944,#4945,#4946,
#4947,#4948,#4949,#4950,#4951,#4952,#4953,#4954,#4955,#4956,#4957,#4958,
#4959,#4960,#4961,#4962,#4963,#4964,#4965,#4966,#4967));
#5015=CLOSED_SHELL('',(#4968,#4969,#4970,#4971,#4972,#4973,#4974,#4975,
#4976));
#5016=CLOSED_SHELL('',(#4977,#4978,#4979,#4980,#4981,#4982,#4983,#4984,
#4985));
#5017=CLOSED_SHELL('',(#4986,#4987,#4988,#4989,#4990,#4991,#4992,#4993,
#4994));
#5018=CLOSED_SHELL('',(#4995,#4996,#4997,#4998,#4999,#5000,#5001,#5002,
#5003));
#5019=DERIVED_UNIT_ELEMENT(#5025,1.);
#5020=DERIVED_UNIT_ELEMENT(#9738,-3.);
#5021=DERIVED_UNIT_ELEMENT(#5025,1.);
#5022=DERIVED_UNIT_ELEMENT(#9738,-3.);
#5023=DERIVED_UNIT_ELEMENT(#5025,1.);
#5024=DERIVED_UNIT_ELEMENT(#9738,-3.);
#5025=(
MASS_UNIT()
NAMED_UNIT(*)
SI_UNIT(.KILO.,.GRAM.)
);
#5026=DERIVED_UNIT((#5019,#5020));
#5027=DERIVED_UNIT((#5021,#5022));
#5028=DERIVED_UNIT((#5023,#5024));
#5029=MEASURE_REPRESENTATION_ITEM('density measure',
POSITIVE_RATIO_MEASURE(7850.),#5026);
#5030=MEASURE_REPRESENTATION_ITEM('density measure',
POSITIVE_RATIO_MEASURE(1000.),#5027);
#5031=MEASURE_REPRESENTATION_ITEM('density measure',
POSITIVE_RATIO_MEASURE(1000.),#5028);
#5032=PROPERTY_DEFINITION_REPRESENTATION(#5047,#5038);
#5033=PROPERTY_DEFINITION_REPRESENTATION(#5048,#5039);
#5034=PROPERTY_DEFINITION_REPRESENTATION(#5049,#5040);
#5035=PROPERTY_DEFINITION_REPRESENTATION(#5050,#5041);
#5036=PROPERTY_DEFINITION_REPRESENTATION(#5051,#5042);
#5037=PROPERTY_DEFINITION_REPRESENTATION(#5052,#5043);
#5038=REPRESENTATION('material name',(#5044),#9733);
#5039=REPRESENTATION('density',(#5029),#9733);
#5040=REPRESENTATION('material name',(#5045),#9734);
#5041=REPRESENTATION('density',(#5030),#9734);
#5042=REPRESENTATION('material name',(#5046),#9735);
#5043=REPRESENTATION('density',(#5031),#9735);
#5044=DESCRIPTIVE_REPRESENTATION_ITEM('Stal','Stal');
#5045=DESCRIPTIVE_REPRESENTATION_ITEM('Og\X\F3lny','Og\X\F3lny');
#5046=DESCRIPTIVE_REPRESENTATION_ITEM('Og\X\F3lny','Og\X\F3lny');
#5047=PROPERTY_DEFINITION('material property','material name',#9758);
#5048=PROPERTY_DEFINITION('material property','density of part',#9758);
#5049=PROPERTY_DEFINITION('material property','material name',#9759);
#5050=PROPERTY_DEFINITION('material property','density of part',#9759);
#5051=PROPERTY_DEFINITION('material property','material name',#9760);
#5052=PROPERTY_DEFINITION('material property','density of part',#9760);
#5053=AXIS2_PLACEMENT_3D('',#5953,#5200,#5201);
#5054=AXIS2_PLACEMENT_3D('',#5954,#5202,#5203);
#5055=AXIS2_PLACEMENT_3D('',#5955,#5204,#5205);
#5056=AXIS2_PLACEMENT_3D('',#5964,#5210,#5211);
#5057=AXIS2_PLACEMENT_3D('',#5970,#5215,#5216);
#5058=AXIS2_PLACEMENT_3D('',#5974,#5219,#5220);
#5059=AXIS2_PLACEMENT_3D('',#5978,#5223,#5224);
#5060=AXIS2_PLACEMENT_3D('',#5980,#5226,#5227);
#5061=AXIS2_PLACEMENT_3D('',#5981,#5228,#5229);
#5062=AXIS2_PLACEMENT_3D('',#6002,#5240,#5241);
#5063=AXIS2_PLACEMENT_3D('',#6008,#5245,#5246);
#5064=AXIS2_PLACEMENT_3D('',#6012,#5249,#5250);
#5065=AXIS2_PLACEMENT_3D('',#6016,#5253,#5254);
#5066=AXIS2_PLACEMENT_3D('',#6020,#5257,#5258);
#5067=AXIS2_PLACEMENT_3D('',#6024,#5261,#5262);
#5068=AXIS2_PLACEMENT_3D('',#6028,#5265,#5266);
#5069=AXIS2_PLACEMENT_3D('',#6032,#5269,#5270);
#5070=AXIS2_PLACEMENT_3D('',#6036,#5273,#5274);
#5071=AXIS2_PLACEMENT_3D('',#6040,#5277,#5278);
#5072=AXIS2_PLACEMENT_3D('',#6042,#5280,#5281);
#5073=AXIS2_PLACEMENT_3D('',#6043,#5282,#5283);
#5074=AXIS2_PLACEMENT_3D('',#6374,#5302,#5303);
#5075=AXIS2_PLACEMENT_3D('',#6699,#5320,#5321);
#5076=AXIS2_PLACEMENT_3D('',#6700,#5322,#5323);
#5077=AXIS2_PLACEMENT_3D('',#6701,#5324,#5325);
#5078=AXIS2_PLACEMENT_3D('',#6848,#5336,#5337);
#5079=AXIS2_PLACEMENT_3D('',#6854,#5341,#5342);
#5080=AXIS2_PLACEMENT_3D('',#6857,#5345,#5346);
#5081=AXIS2_PLACEMENT_3D('',#6866,#5351,#5352);
#5082=AXIS2_PLACEMENT_3D('',#7033,#5363,#5364);
#5083=AXIS2_PLACEMENT_3D('',#7039,#5368,#5369);
#5084=AXIS2_PLACEMENT_3D('',#7045,#5373,#5374);
#5085=AXIS2_PLACEMENT_3D('',#7120,#5381,#5382);
#5086=AXIS2_PLACEMENT_3D('',#7126,#5386,#5387);
#5087=AXIS2_PLACEMENT_3D('',#7132,#5391,#5392);
#5088=AXIS2_PLACEMENT_3D('',#7135,#5395,#5396);
#5089=AXIS2_PLACEMENT_3D('',#7136,#5397,#5398);
#5090=AXIS2_PLACEMENT_3D('',#7137,#5399,#5400);
#5091=AXIS2_PLACEMENT_3D('',#7330,#5413,#5414);
#5092=AXIS2_PLACEMENT_3D('',#7517,#5425,#5426);
#5093=AXIS2_PLACEMENT_3D('',#7518,#5427,#5428);
#5094=AXIS2_PLACEMENT_3D('',#7519,#5429,#5430);
#5095=AXIS2_PLACEMENT_3D('',#7544,#5443,#5444);
#5096=AXIS2_PLACEMENT_3D('',#7550,#5448,#5449);
#5097=AXIS2_PLACEMENT_3D('',#7554,#5452,#5453);
#5098=AXIS2_PLACEMENT_3D('',#7558,#5456,#5457);
#5099=AXIS2_PLACEMENT_3D('',#7562,#5460,#5461);
#5100=AXIS2_PLACEMENT_3D('',#7566,#5464,#5465);
#5101=AXIS2_PLACEMENT_3D('',#7570,#5468,#5469);
#5102=AXIS2_PLACEMENT_3D('',#7574,#5472,#5473);
#5103=AXIS2_PLACEMENT_3D('',#7578,#5476,#5477);
#5104=AXIS2_PLACEMENT_3D('',#7582,#5480,#5481);
#5105=AXIS2_PLACEMENT_3D('',#7586,#5484,#5485);
#5106=AXIS2_PLACEMENT_3D('',#7590,#5488,#5489);
#5107=AXIS2_PLACEMENT_3D('',#7592,#5491,#5492);
#5108=AXIS2_PLACEMENT_3D('',#7593,#5493,#5494);
#5109=AXIS2_PLACEMENT_3D('',#7602,#5499,#5500);
#5110=AXIS2_PLACEMENT_3D('',#7608,#5504,#5505);
#5111=AXIS2_PLACEMENT_3D('',#7612,#5508,#5509);
#5112=AXIS2_PLACEMENT_3D('',#7616,#5512,#5513);
#5113=AXIS2_PLACEMENT_3D('',#7618,#5515,#5516);
#5114=AXIS2_PLACEMENT_3D('',#7619,#5517,#5518);
#5115=AXIS2_PLACEMENT_3D('',#7898,#5533,#5534);
#5116=AXIS2_PLACEMENT_3D('',#7972,#5542,#5543);
#5117=AXIS2_PLACEMENT_3D('',#8080,#5553,#5554);
#5118=AXIS2_PLACEMENT_3D('',#8084,#5557,#5558);
#5119=AXIS2_PLACEMENT_3D('',#8088,#5561,#5562);
#5120=AXIS2_PLACEMENT_3D('',#8092,#5565,#5566);
#5121=AXIS2_PLACEMENT_3D('',#8128,#5570,#5571);
#5122=AXIS2_PLACEMENT_3D('',#8132,#5574,#5575);
#5123=AXIS2_PLACEMENT_3D('',#8168,#5579,#5580);
#5124=AXIS2_PLACEMENT_3D('',#8272,#5588,#5589);
#5125=AXIS2_PLACEMENT_3D('',#8273,#5590,#5591);
#5126=AXIS2_PLACEMENT_3D('',#8420,#5602,#5603);
#5127=AXIS2_PLACEMENT_3D('',#8564,#5613,#5614);
#5128=AXIS2_PLACEMENT_3D('',#8567,#5617,#5618);
#5129=AXIS2_PLACEMENT_3D('',#8921,#5638,#5639);
#5130=AXIS2_PLACEMENT_3D('',#8950,#5644,#5645);
#5131=AXIS2_PLACEMENT_3D('',#9045,#5652,#5653);
#5132=AXIS2_PLACEMENT_3D('',#9046,#5654,#5655);
#5133=AXIS2_PLACEMENT_3D('',#9047,#5656,#5657);
#5134=AXIS2_PLACEMENT_3D('',#9056,#5662,#5663);
#5135=AXIS2_PLACEMENT_3D('',#9062,#5667,#5668);
#5136=AXIS2_PLACEMENT_3D('',#9068,#5672,#5673);
#5137=AXIS2_PLACEMENT_3D('',#9074,#5677,#5678);
#5138=AXIS2_PLACEMENT_3D('',#9080,#5682,#5683);
#5139=AXIS2_PLACEMENT_3D('',#9086,#5687,#5688);
#5140=AXIS2_PLACEMENT_3D('',#9092,#5692,#5693);
#5141=AXIS2_PLACEMENT_3D('',#9098,#5697,#5698);
#5142=AXIS2_PLACEMENT_3D('',#9104,#5702,#5703);
#5143=AXIS2_PLACEMENT_3D('',#9107,#5706,#5707);
#5144=AXIS2_PLACEMENT_3D('',#9108,#5708,#5709);
#5145=AXIS2_PLACEMENT_3D('',#9109,#5710,#5711);
#5146=AXIS2_PLACEMENT_3D('',#9256,#5722,#5723);
#5147=AXIS2_PLACEMENT_3D('',#9262,#5727,#5728);
#5148=AXIS2_PLACEMENT_3D('',#9265,#5731,#5732);
#5149=AXIS2_PLACEMENT_3D('',#9274,#5737,#5738);
#5150=AXIS2_PLACEMENT_3D('',#9441,#5749,#5750);
#5151=AXIS2_PLACEMENT_3D('',#9447,#5754,#5755);
#5152=AXIS2_PLACEMENT_3D('',#9453,#5759,#5760);
#5153=AXIS2_PLACEMENT_3D('',#9528,#5767,#5768);
#5154=AXIS2_PLACEMENT_3D('',#9534,#5772,#5773);
#5155=AXIS2_PLACEMENT_3D('',#9540,#5777,#5778);
#5156=AXIS2_PLACEMENT_3D('',#9543,#5781,#5782);
#5157=AXIS2_PLACEMENT_3D('',#9544,#5783,#5784);
#5158=AXIS2_PLACEMENT_3D('',#9545,#5785,#5786);
#5159=AXIS2_PLACEMENT_3D('',#9546,#5787,#5788);
#5160=AXIS2_PLACEMENT_3D('',#9561,#5796,#5797);
#5161=AXIS2_PLACEMENT_3D('',#9567,#5801,#5802);
#5162=AXIS2_PLACEMENT_3D('',#9571,#5805,#5806);
#5163=AXIS2_PLACEMENT_3D('',#9575,#5809,#5810);
#5164=AXIS2_PLACEMENT_3D('',#9579,#5813,#5814);
#5165=AXIS2_PLACEMENT_3D('',#9585,#5818,#5819);
#5166=AXIS2_PLACEMENT_3D('',#9587,#5821,#5822);
#5167=AXIS2_PLACEMENT_3D('',#9589,#5824,#5825);
#5168=AXIS2_PLACEMENT_3D('',#9590,#5826,#5827);
#5169=AXIS2_PLACEMENT_3D('',#9605,#5835,#5836);
#5170=AXIS2_PLACEMENT_3D('',#9611,#5840,#5841);
#5171=AXIS2_PLACEMENT_3D('',#9615,#5844,#5845);
#5172=AXIS2_PLACEMENT_3D('',#9619,#5848,#5849);
#5173=AXIS2_PLACEMENT_3D('',#9623,#5852,#5853);
#5174=AXIS2_PLACEMENT_3D('',#9627,#5856,#5857);
#5175=AXIS2_PLACEMENT_3D('',#9631,#5860,#5861);
#5176=AXIS2_PLACEMENT_3D('',#9633,#5863,#5864);
#5177=AXIS2_PLACEMENT_3D('',#9634,#5865,#5866);
#5178=AXIS2_PLACEMENT_3D('',#9635,#5867,#5868);
#5179=AXIS2_PLACEMENT_3D('',#9650,#5876,#5877);
#5180=AXIS2_PLACEMENT_3D('',#9656,#5881,#5882);
#5181=AXIS2_PLACEMENT_3D('',#9660,#5885,#5886);
#5182=AXIS2_PLACEMENT_3D('',#9664,#5889,#5890);
#5183=AXIS2_PLACEMENT_3D('',#9668,#5893,#5894);
#5184=AXIS2_PLACEMENT_3D('',#9674,#5898,#5899);
#5185=AXIS2_PLACEMENT_3D('',#9676,#5901,#5902);
#5186=AXIS2_PLACEMENT_3D('',#9678,#5904,#5905);
#5187=AXIS2_PLACEMENT_3D('',#9679,#5906,#5907);
#5188=AXIS2_PLACEMENT_3D('',#9694,#5915,#5916);
#5189=AXIS2_PLACEMENT_3D('',#9700,#5920,#5921);
#5190=AXIS2_PLACEMENT_3D('',#9704,#5924,#5925);
#5191=AXIS2_PLACEMENT_3D('',#9708,#5928,#5929);
#5192=AXIS2_PLACEMENT_3D('',#9712,#5932,#5933);
#5193=AXIS2_PLACEMENT_3D('',#9716,#5936,#5937);
#5194=AXIS2_PLACEMENT_3D('',#9720,#5940,#5941);
#5195=AXIS2_PLACEMENT_3D('',#9722,#5943,#5944);
#5196=AXIS2_PLACEMENT_3D('',#9723,#5945,#5946);
#5197=AXIS2_PLACEMENT_3D('',#9724,#5947,#5948);
#5198=AXIS2_PLACEMENT_3D('',#9725,#5949,#5950);
#5199=AXIS2_PLACEMENT_3D('',#9726,#5951,#5952);
#5200=DIRECTION('axis',(0.,0.,1.));
#5201=DIRECTION('refdir',(1.,0.,0.));
#5202=DIRECTION('axis',(0.,0.,1.));
#5203=DIRECTION('refdir',(1.,0.,0.));
#5204=DIRECTION('center_axis',(0.,1.,0.));
#5205=DIRECTION('ref_axis',(0.,0.,1.));
#5206=DIRECTION('',(-1.,0.,0.));
#5207=DIRECTION('',(0.,0.,-1.));
#5208=DIRECTION('',(1.,0.,0.));
#5209=DIRECTION('',(0.,0.,1.));
#5210=DIRECTION('center_axis',(1.,0.,0.));
#5211=DIRECTION('ref_axis',(0.,0.,1.));
#5212=DIRECTION('',(0.,-1.,0.));
#5213=DIRECTION('',(0.,0.,-1.));
#5214=DIRECTION('',(0.,-1.,0.));
#5215=DIRECTION('center_axis',(0.,0.,-1.));
#5216=DIRECTION('ref_axis',(1.,0.,0.));
#5217=DIRECTION('',(0.,-1.,0.));
#5218=DIRECTION('',(-1.,0.,0.));
#5219=DIRECTION('center_axis',(-1.,0.,0.));
#5220=DIRECTION('ref_axis',(0.,0.,-1.));
#5221=DIRECTION('',(0.,-1.,0.));
#5222=DIRECTION('',(0.,0.,1.));
#5223=DIRECTION('center_axis',(0.,0.,1.));
#5224=DIRECTION('ref_axis',(-1.,0.,0.));
#5225=DIRECTION('',(1.,0.,0.));
#5226=DIRECTION('center_axis',(0.,-1.,0.));
#5227=DIRECTION('ref_axis',(-1.,0.,0.));
#5228=DIRECTION('center_axis',(0.,1.,0.));
#5229=DIRECTION('ref_axis',(0.,0.,1.));
#5230=DIRECTION('',(-1.,0.,0.));
#5231=DIRECTION('',(0.,0.,-1.));
#5232=DIRECTION('',(1.,0.,0.));
#5233=DIRECTION('',(-0.630326552735984,0.,-0.776330108211688));
#5234=DIRECTION('',(0.,0.,-1.));
#5235=DIRECTION('',(1.,0.,0.));
#5236=DIRECTION('',(0.,0.,1.));
#5237=DIRECTION('',(-1.,0.,0.));
#5238=DIRECTION('',(0.629268692768795,0.,0.777187823052479));
#5239=DIRECTION('',(0.,0.,1.));
#5240=DIRECTION('center_axis',(1.,0.,0.));
#5241=DIRECTION('ref_axis',(0.,0.,1.));
#5242=DIRECTION('',(0.,-1.,0.));
#5243=DIRECTION('',(0.,0.,-1.));
#5244=DIRECTION('',(0.,-1.,0.));
#5245=DIRECTION('center_axis',(0.776330108211688,0.,-0.630326552735984));
#5246=DIRECTION('ref_axis',(0.630326552735984,0.,0.776330108211688));
#5247=DIRECTION('',(0.,-1.,0.));
#5248=DIRECTION('',(-0.630326552735984,0.,-0.776330108211688));
#5249=DIRECTION('center_axis',(0.,0.,1.));
#5250=DIRECTION('ref_axis',(-1.,0.,0.));
#5251=DIRECTION('',(0.,-1.,0.));
#5252=DIRECTION('',(1.,0.,0.));
#5253=DIRECTION('center_axis',(1.,0.,0.));
#5254=DIRECTION('ref_axis',(0.,0.,1.));
#5255=DIRECTION('',(0.,-1.,0.));
#5256=DIRECTION('',(0.,0.,-1.));
#5257=DIRECTION('center_axis',(0.,0.,-1.));
#5258=DIRECTION('ref_axis',(1.,0.,0.));
#5259=DIRECTION('',(0.,-1.,0.));
#5260=DIRECTION('',(-1.,0.,0.));
#5261=DIRECTION('center_axis',(-1.,0.,0.));
#5262=DIRECTION('ref_axis',(0.,0.,-1.));
#5263=DIRECTION('',(0.,-1.,0.));
#5264=DIRECTION('',(0.,0.,1.));
#5265=DIRECTION('center_axis',(-0.777187823052479,0.,0.629268692768795));
#5266=DIRECTION('ref_axis',(-0.629268692768795,0.,-0.777187823052479));
#5267=DIRECTION('',(0.,-1.,0.));
#5268=DIRECTION('',(0.629268692768795,0.,0.777187823052479));
#5269=DIRECTION('center_axis',(0.,0.,-1.));
#5270=DIRECTION('ref_axis',(1.,0.,0.));
#5271=DIRECTION('',(0.,-1.,0.));
#5272=DIRECTION('',(-1.,0.,0.));
#5273=DIRECTION('center_axis',(-1.,0.,0.));
#5274=DIRECTION('ref_axis',(0.,0.,-1.));
#5275=DIRECTION('',(0.,-1.,0.));
#5276=DIRECTION('',(0.,0.,1.));
#5277=DIRECTION('center_axis',(0.,0.,1.));
#5278=DIRECTION('ref_axis',(-1.,0.,0.));
#5279=DIRECTION('',(1.,0.,0.));
#5280=DIRECTION('center_axis',(0.,-1.,0.));
#5281=DIRECTION('ref_axis',(-1.,0.,0.));
#5282=DIRECTION('center_axis',(-0.0967664172509264,0.,0.995307118678662));
#5283=DIRECTION('ref_axis',(-0.995307118678662,0.,-0.0967664172509264));
#5284=DIRECTION('',(0.995307118678662,0.,0.0967664172509264));
#5285=DIRECTION('',(0.,-1.,0.));
#5286=DIRECTION('',(-0.995307118678662,0.,-0.0967664172509264));
#5287=DIRECTION('',(0.,-1.,0.));
#5288=DIRECTION('',(0.,-1.,0.));
#5289=DIRECTION('',(0.,-1.,0.));
#5290=DIRECTION('',(0.,-1.,0.));
#5291=DIRECTION('',(0.,-1.,0.));
#5292=DIRECTION('',(0.,-1.,0.));
#5293=DIRECTION('',(0.,-1.,0.));
#5294=DIRECTION('',(0.,-1.,0.));
#5295=DIRECTION('',(0.,-1.,0.));
#5296=DIRECTION('',(0.,-1.,0.));
#5297=DIRECTION('',(0.,-1.,0.));
#5298=DIRECTION('',(0.,-1.,0.));
#5299=DIRECTION('',(0.,-1.,0.));
#5300=DIRECTION('',(0.,-1.,0.));
#5301=DIRECTION('',(0.,-1.,0.));
#5302=DIRECTION('center_axis',(0.0438765806931833,0.,-0.999036959109459));
#5303=DIRECTION('ref_axis',(0.999036959109459,0.,0.0438765806931833));
#5304=DIRECTION('',(-0.999036959109459,0.,-0.0438765806931833));
#5305=DIRECTION('',(0.999036959109459,0.,0.0438765806931833));
#5306=DIRECTION('',(0.,-1.,0.));
#5307=DIRECTION('',(0.,-1.,0.));
#5308=DIRECTION('',(0.,-1.,0.));
#5309=DIRECTION('',(0.,-1.,0.));
#5310=DIRECTION('',(0.,-1.,0.));
#5311=DIRECTION('',(0.,-1.,0.));
#5312=DIRECTION('',(0.,-1.,0.));
#5313=DIRECTION('',(0.,-1.,0.));
#5314=DIRECTION('',(0.,-1.,0.));
#5315=DIRECTION('',(0.,-1.,0.));
#5316=DIRECTION('',(0.,-1.,0.));
#5317=DIRECTION('',(0.,-1.,0.));
#5318=DIRECTION('',(0.,-1.,0.));
#5319=DIRECTION('',(0.,-1.,0.));
#5320=DIRECTION('center_axis',(0.,-1.,0.));
#5321=DIRECTION('ref_axis',(-1.,0.,0.));
#5322=DIRECTION('center_axis',(0.,-1.,0.));
#5323=DIRECTION('ref_axis',(-1.,0.,0.));
#5324=DIRECTION('center_axis',(0.,0.,1.));
#5325=DIRECTION('ref_axis',(-1.,0.,0.));
#5326=DIRECTION('',(1.,0.,0.));
#5327=DIRECTION('',(0.,-1.,0.));
#5328=DIRECTION('',(-1.,0.,0.));
#5329=DIRECTION('',(0.,-1.,0.));
#5330=DIRECTION('',(0.,-1.,0.));
#5331=DIRECTION('',(0.,-1.,0.));
#5332=DIRECTION('',(0.,-1.,0.));
#5333=DIRECTION('',(0.,-1.,0.));
#5334=DIRECTION('',(0.,-1.,0.));
#5335=DIRECTION('',(0.,-1.,0.));
#5336=DIRECTION('center_axis',(0.,0.,-1.));
#5337=DIRECTION('ref_axis',(1.,0.,0.));
#5338=DIRECTION('',(-1.,0.,0.));
#5339=DIRECTION('',(1.,0.,0.));
#5340=DIRECTION('',(0.,-1.,0.));
#5341=DIRECTION('center_axis',(1.,0.,0.));
#5342=DIRECTION('ref_axis',(0.,0.,1.));
#5343=DIRECTION('',(0.,0.,-1.));
#5344=DIRECTION('',(0.,0.,1.));
#5345=DIRECTION('center_axis',(-1.,0.,0.));
#5346=DIRECTION('ref_axis',(0.,0.,-1.));
#5347=DIRECTION('',(0.,0.,1.));
#5348=DIRECTION('',(0.,-1.,0.));
#5349=DIRECTION('',(0.,0.,-1.));
#5350=DIRECTION('',(0.,-1.,0.));
#5351=DIRECTION('center_axis',(0.,0.,1.));
#5352=DIRECTION('ref_axis',(-1.,0.,0.));
#5353=DIRECTION('',(1.,0.,0.));
#5354=DIRECTION('',(-1.,0.,0.));
#5355=DIRECTION('',(0.,-1.,0.));
#5356=DIRECTION('',(0.,-1.,0.));
#5357=DIRECTION('',(0.,-1.,0.));
#5358=DIRECTION('',(0.,-1.,0.));
#5359=DIRECTION('',(0.,-1.,0.));
#5360=DIRECTION('',(0.,-1.,0.));
#5361=DIRECTION('',(0.,-1.,0.));
#5362=DIRECTION('',(0.,-1.,0.));
#5363=DIRECTION('center_axis',(0.847665396177725,0.,0.530531220686267));
#5364=DIRECTION('ref_axis',(-0.530531220686267,0.,0.847665396177725));
#5365=DIRECTION('',(0.530531220686267,0.,-0.847665396177725));
#5366=DIRECTION('',(-0.530531220686267,0.,0.847665396177725));
#5367=DIRECTION('',(0.,-1.,0.));
#5368=DIRECTION('center_axis',(0.,0.,-1.));
#5369=DIRECTION('ref_axis',(1.,0.,0.));
#5370=DIRECTION('',(-1.,0.,0.));
#5371=DIRECTION('',(1.,0.,0.));
#5372=DIRECTION('',(0.,-1.,0.));
#5373=DIRECTION('center_axis',(-0.830444277363107,0.,-0.557101698251645));
#5374=DIRECTION('ref_axis',(0.557101698251645,0.,-0.830444277363107));
#5375=DIRECTION('',(-0.557101698251645,0.,0.830444277363107));
#5376=DIRECTION('',(0.557101698251645,0.,-0.830444277363107));
#5377=DIRECTION('',(0.,-1.,0.));
#5378=DIRECTION('',(0.,-1.,0.));
#5379=DIRECTION('',(0.,-1.,0.));
#5380=DIRECTION('',(0.,-1.,0.));
#5381=DIRECTION('center_axis',(0.,0.,-1.));
#5382=DIRECTION('ref_axis',(1.,0.,0.));
#5383=DIRECTION('',(-1.,0.,0.));
#5384=DIRECTION('',(1.,0.,0.));
#5385=DIRECTION('',(0.,-1.,0.));
#5386=DIRECTION('center_axis',(1.,0.,0.));
#5387=DIRECTION('ref_axis',(0.,0.,1.));
#5388=DIRECTION('',(0.,0.,-1.));
#5389=DIRECTION('',(0.,0.,1.));
#5390=DIRECTION('',(0.,-1.,0.));
#5391=DIRECTION('center_axis',(0.,0.,-1.));
#5392=DIRECTION('ref_axis',(1.,0.,0.));
#5393=DIRECTION('',(-1.,0.,0.));
#5394=DIRECTION('',(1.,0.,0.));
#5395=DIRECTION('center_axis',(0.,-1.,0.));
#5396=DIRECTION('ref_axis',(-1.,0.,0.));
#5397=DIRECTION('center_axis',(0.,-1.,0.));
#5398=DIRECTION('ref_axis',(-1.,0.,0.));
#5399=DIRECTION('center_axis',(0.302243543424764,0.,0.953230738309483));
#5400=DIRECTION('ref_axis',(-0.953230738309484,0.,0.302243543424764));
#5401=DIRECTION('',(0.953230738309484,0.,-0.302243543424764));
#5402=DIRECTION('',(0.,-1.,0.));
#5403=DIRECTION('',(-0.953230738309484,0.,0.302243543424764));
#5404=DIRECTION('',(0.,-1.,0.));
#5405=DIRECTION('',(0.,-1.,0.));
#5406=DIRECTION('',(0.,-1.,0.));
#5407=DIRECTION('',(0.,-1.,0.));
#5408=DIRECTION('',(0.,-1.,0.));
#5409=DIRECTION('',(0.,-1.,0.));
#5410=DIRECTION('',(0.,-1.,0.));
#5411=DIRECTION('',(0.,-1.,0.));
#5412=DIRECTION('',(0.,-1.,0.));
#5413=DIRECTION('center_axis',(0.232368517033655,0.,-0.972627817971284));
#5414=DIRECTION('ref_axis',(0.972627817971284,0.,0.232368517033655));
#5415=DIRECTION('',(-0.972627817971284,0.,-0.232368517033655));
#5416=DIRECTION('',(0.972627817971284,0.,0.232368517033655));
#5417=DIRECTION('',(0.,-1.,0.));
#5418=DIRECTION('',(0.,-1.,0.));
#5419=DIRECTION('',(0.,-1.,0.));
#5420=DIRECTION('',(0.,-1.,0.));
#5421=DIRECTION('',(0.,-1.,0.));
#5422=DIRECTION('',(0.,-1.,0.));
#5423=DIRECTION('',(0.,-1.,0.));
#5424=DIRECTION('',(0.,-1.,0.));
#5425=DIRECTION('center_axis',(0.,-1.,0.));
#5426=DIRECTION('ref_axis',(-1.,0.,0.));
#5427=DIRECTION('center_axis',(0.,-1.,0.));
#5428=DIRECTION('ref_axis',(-1.,0.,0.));
#5429=DIRECTION('center_axis',(0.,1.,0.));
#5430=DIRECTION('ref_axis',(0.,0.,1.));
#5431=DIRECTION('',(-1.,0.,0.));
#5432=DIRECTION('',(0.,0.,-1.));
#5433=DIRECTION('',(-0.69978014614708,0.,-0.714358276398035));
#5434=DIRECTION('',(-0.505429200558054,0.,0.862868079849548));
#5435=DIRECTION('',(-1.,0.,0.));
#5436=DIRECTION('',(0.545153012822232,0.,-0.838336562849816));
#5437=DIRECTION('',(-0.6950437587967,0.,-0.718967435533596));
#5438=DIRECTION('',(1.,0.,0.));
#5439=DIRECTION('',(0.676492488247544,0.,0.736449532109734));
#5440=DIRECTION('',(0.,0.,-1.));
#5441=DIRECTION('',(1.,0.,0.));
#5442=DIRECTION('',(0.,0.,1.));
#5443=DIRECTION('center_axis',(0.838336562849816,0.,0.545153012822232));
#5444=DIRECTION('ref_axis',(-0.545153012822232,0.,0.838336562849816));
#5445=DIRECTION('',(0.,-1.,0.));
#5446=DIRECTION('',(0.545153012822232,0.,-0.838336562849816));
#5447=DIRECTION('',(0.,-1.,0.));
#5448=DIRECTION('center_axis',(0.,0.,-1.));
#5449=DIRECTION('ref_axis',(1.,0.,0.));
#5450=DIRECTION('',(0.,-1.,0.));
#5451=DIRECTION('',(-1.,0.,0.));
#5452=DIRECTION('center_axis',(-0.862868079849548,0.,-0.505429200558054));
#5453=DIRECTION('ref_axis',(0.505429200558054,0.,-0.862868079849548));
#5454=DIRECTION('',(0.,-1.,0.));
#5455=DIRECTION('',(-0.505429200558054,0.,0.862868079849548));
#5456=DIRECTION('center_axis',(0.714358276398035,0.,-0.69978014614708));
#5457=DIRECTION('ref_axis',(0.69978014614708,0.,0.714358276398035));
#5458=DIRECTION('',(0.,-1.,0.));
#5459=DIRECTION('',(-0.69978014614708,0.,-0.714358276398035));
#5460=DIRECTION('center_axis',(1.,0.,0.));
#5461=DIRECTION('ref_axis',(0.,0.,1.));
#5462=DIRECTION('',(0.,-1.,0.));
#5463=DIRECTION('',(0.,0.,-1.));
#5464=DIRECTION('center_axis',(0.,0.,-1.));
#5465=DIRECTION('ref_axis',(1.,0.,0.));
#5466=DIRECTION('',(0.,-1.,0.));
#5467=DIRECTION('',(-1.,0.,0.));
#5468=DIRECTION('center_axis',(-1.,0.,0.));
#5469=DIRECTION('ref_axis',(0.,0.,-1.));
#5470=DIRECTION('',(0.,-1.,0.));
#5471=DIRECTION('',(0.,0.,1.));
#5472=DIRECTION('center_axis',(0.,0.,1.));
#5473=DIRECTION('ref_axis',(-1.,0.,0.));
#5474=DIRECTION('',(0.,-1.,0.));
#5475=DIRECTION('',(1.,0.,0.));
#5476=DIRECTION('center_axis',(1.,0.,0.));
#5477=DIRECTION('ref_axis',(0.,0.,1.));
#5478=DIRECTION('',(0.,-1.,0.));
#5479=DIRECTION('',(0.,0.,-1.));
#5480=DIRECTION('center_axis',(-0.736449532109734,0.,0.676492488247544));
#5481=DIRECTION('ref_axis',(-0.676492488247544,0.,-0.736449532109734));
#5482=DIRECTION('',(0.,-1.,0.));
#5483=DIRECTION('',(0.676492488247544,0.,0.736449532109734));
#5484=DIRECTION('center_axis',(0.,0.,1.));
#5485=DIRECTION('ref_axis',(-1.,0.,0.));
#5486=DIRECTION('',(0.,-1.,0.));
#5487=DIRECTION('',(1.,0.,0.));
#5488=DIRECTION('center_axis',(0.718967435533596,0.,-0.6950437587967));
#5489=DIRECTION('ref_axis',(0.6950437587967,0.,0.718967435533596));
#5490=DIRECTION('',(-0.6950437587967,0.,-0.718967435533596));
#5491=DIRECTION('center_axis',(0.,-1.,0.));
#5492=DIRECTION('ref_axis',(-1.,0.,0.));
#5493=DIRECTION('center_axis',(0.,1.,0.));
#5494=DIRECTION('ref_axis',(0.,0.,1.));
#5495=DIRECTION('',(-1.,0.,0.));
#5496=DIRECTION('',(0.,0.,-1.));
#5497=DIRECTION('',(1.,0.,0.));
#5498=DIRECTION('',(0.,0.,1.));
#5499=DIRECTION('center_axis',(1.,0.,0.));
#5500=DIRECTION('ref_axis',(0.,0.,1.));
#5501=DIRECTION('',(0.,-1.,0.));
#5502=DIRECTION('',(0.,0.,-1.));
#5503=DIRECTION('',(0.,-1.,0.));
#5504=DIRECTION('center_axis',(0.,0.,-1.));
#5505=DIRECTION('ref_axis',(1.,0.,0.));
#5506=DIRECTION('',(0.,-1.,0.));
#5507=DIRECTION('',(-1.,0.,0.));
#5508=DIRECTION('center_axis',(-1.,0.,0.));
#5509=DIRECTION('ref_axis',(0.,0.,-1.));
#5510=DIRECTION('',(0.,-1.,0.));
#5511=DIRECTION('',(0.,0.,1.));
#5512=DIRECTION('center_axis',(0.,0.,1.));
#5513=DIRECTION('ref_axis',(-1.,0.,0.));
#5514=DIRECTION('',(1.,0.,0.));
#5515=DIRECTION('center_axis',(0.,-1.,0.));
#5516=DIRECTION('ref_axis',(-1.,0.,0.));
#5517=DIRECTION('center_axis',(0.,-1.,0.));
#5518=DIRECTION('ref_axis',(-1.,0.,0.));
#5519=DIRECTION('',(0.,0.,1.));
#5520=DIRECTION('',(-1.,0.,0.));
#5521=DIRECTION('',(1.,0.,0.));
#5522=DIRECTION('',(-1.,0.,0.));
#5523=DIRECTION('',(1.,0.,0.));
#5524=DIRECTION('',(0.,0.,-1.));
#5525=DIRECTION('',(-1.,0.,0.));
#5526=DIRECTION('',(1.,0.,0.));
#5527=DIRECTION('',(0.,0.,-1.));
#5528=DIRECTION('',(0.,-1.,0.));
#5529=DIRECTION('',(0.,-1.,0.));
#5530=DIRECTION('',(0.,-1.,0.));
#5531=DIRECTION('',(0.,-1.,0.));
#5532=DIRECTION('',(0.,-1.,0.));
#5533=DIRECTION('center_axis',(0.,0.,-1.));
#5534=DIRECTION('ref_axis',(1.,0.,0.));
#5535=DIRECTION('',(0.,-1.,0.));
#5536=DIRECTION('',(-1.,0.,0.));
#5537=DIRECTION('',(0.,-1.,0.));
#5538=DIRECTION('',(0.,-1.,0.));
#5539=DIRECTION('',(0.,-1.,0.));
#5540=DIRECTION('',(0.,-1.,0.));
#5541=DIRECTION('',(0.,-1.,0.));
#5542=DIRECTION('center_axis',(0.,0.,-1.));
#5543=DIRECTION('ref_axis',(1.,0.,0.));
#5544=DIRECTION('',(0.,-1.,0.));
#5545=DIRECTION('',(-1.,0.,0.));
#5546=DIRECTION('',(0.,-1.,0.));
#5547=DIRECTION('',(0.,-1.,0.));
#5548=DIRECTION('',(0.,-1.,0.));
#5549=DIRECTION('',(0.,-1.,0.));
#5550=DIRECTION('',(0.,-1.,0.));
#5551=DIRECTION('',(0.,-1.,0.));
#5552=DIRECTION('',(0.,-1.,0.));
#5553=DIRECTION('center_axis',(0.,0.,-1.));
#5554=DIRECTION('ref_axis',(1.,0.,0.));
#5555=DIRECTION('',(0.,-1.,0.));
#5556=DIRECTION('',(-1.,0.,0.));
#5557=DIRECTION('center_axis',(-1.,0.,0.));
#5558=DIRECTION('ref_axis',(0.,0.,-1.));
#5559=DIRECTION('',(0.,-1.,0.));
#5560=DIRECTION('',(0.,0.,1.));
#5561=DIRECTION('center_axis',(1.,0.,0.));
#5562=DIRECTION('ref_axis',(0.,0.,1.));
#5563=DIRECTION('',(0.,-1.,0.));
#5564=DIRECTION('',(0.,0.,-1.));
#5565=DIRECTION('center_axis',(0.,0.,1.));
#5566=DIRECTION('ref_axis',(-1.,0.,0.));
#5567=DIRECTION('',(0.,-1.,0.));
#5568=DIRECTION('',(1.,0.,0.));
#5569=DIRECTION('',(0.,-1.,0.));
#5570=DIRECTION('center_axis',(1.,0.,0.));
#5571=DIRECTION('ref_axis',(0.,0.,1.));
#5572=DIRECTION('',(0.,-1.,0.));
#5573=DIRECTION('',(0.,0.,-1.));
#5574=DIRECTION('center_axis',(0.,0.,1.));
#5575=DIRECTION('ref_axis',(-1.,0.,0.));
#5576=DIRECTION('',(0.,-1.,0.));
#5577=DIRECTION('',(1.,0.,0.));
#5578=DIRECTION('',(0.,-1.,0.));
#5579=DIRECTION('center_axis',(0.,0.,1.));
#5580=DIRECTION('ref_axis',(-1.,0.,0.));
#5581=DIRECTION('',(0.,-1.,0.));
#5582=DIRECTION('',(1.,0.,0.));
#5583=DIRECTION('',(0.,-1.,0.));
#5584=DIRECTION('',(0.,-1.,0.));
#5585=DIRECTION('',(0.,-1.,0.));
#5586=DIRECTION('',(0.,-1.,0.));
#5587=DIRECTION('',(0.,-1.,0.));
#5588=DIRECTION('center_axis',(0.,-1.,0.));
#5589=DIRECTION('ref_axis',(-1.,0.,0.));
#5590=DIRECTION('center_axis',(-0.606671231914717,0.,0.794952839083602));
#5591=DIRECTION('ref_axis',(-0.794952839083602,0.,-0.606671231914717));
#5592=DIRECTION('',(0.794952839083602,0.,0.606671231914717));
#5593=DIRECTION('',(0.,-1.,0.));
#5594=DIRECTION('',(-0.794952839083602,0.,-0.606671231914717));
#5595=DIRECTION('',(0.,-1.,0.));
#5596=DIRECTION('',(0.,-1.,0.));
#5597=DIRECTION('',(0.,-1.,0.));
#5598=DIRECTION('',(0.,-1.,0.));
#5599=DIRECTION('',(0.,-1.,0.));
#5600=DIRECTION('',(0.,-1.,0.));
#5601=DIRECTION('',(0.,-1.,0.));
#5602=DIRECTION('center_axis',(0.757249491061696,0.,0.65312572165457));
#5603=DIRECTION('ref_axis',(-0.65312572165457,0.,0.757249491061696));
#5604=DIRECTION('',(0.65312572165457,0.,-0.757249491061696));
#5605=DIRECTION('',(-0.65312572165457,0.,0.757249491061696));
#5606=DIRECTION('',(0.,-1.,0.));
#5607=DIRECTION('',(0.,-1.,0.));
#5608=DIRECTION('',(0.,-1.,0.));
#5609=DIRECTION('',(0.,-1.,0.));
#5610=DIRECTION('',(0.,-1.,0.));
#5611=DIRECTION('',(0.,-1.,0.));
#5612=DIRECTION('',(0.,-1.,0.));
#5613=DIRECTION('center_axis',(-0.776988536432739,0.,-0.629514745063299));
#5614=DIRECTION('ref_axis',(0.629514745063299,0.,-0.776988536432739));
#5615=DIRECTION('',(-0.629514745063299,0.,0.776988536432739));
#5616=DIRECTION('',(0.629514745063299,0.,-0.776988536432739));
#5617=DIRECTION('center_axis',(0.787198992981388,0.,-0.616699072035209));
#5618=DIRECTION('ref_axis',(0.616699072035209,0.,0.787198992981388));
#5619=DIRECTION('',(-0.616699072035209,0.,-0.787198992981388));
#5620=DIRECTION('',(0.,-1.,0.));
#5621=DIRECTION('',(0.616699072035209,0.,0.787198992981388));
#5622=DIRECTION('',(0.,-1.,0.));
#5623=DIRECTION('',(0.,-1.,0.));
#5624=DIRECTION('',(0.,-1.,0.));
#5625=DIRECTION('',(0.,-1.,0.));
#5626=DIRECTION('',(0.,-1.,0.));
#5627=DIRECTION('',(0.,-1.,0.));
#5628=DIRECTION('',(0.,-1.,0.));
#5629=DIRECTION('',(0.,-1.,0.));
#5630=DIRECTION('',(0.,-1.,0.));
#5631=DIRECTION('',(0.,-1.,0.));
#5632=DIRECTION('',(0.,-1.,0.));
#5633=DIRECTION('',(0.,-1.,0.));
#5634=DIRECTION('',(0.,-1.,0.));
#5635=DIRECTION('',(0.,-1.,0.));
#5636=DIRECTION('',(0.,-1.,0.));
#5637=DIRECTION('',(0.,-1.,0.));
#5638=DIRECTION('center_axis',(0.796789723839084,0.,0.604256680545972));
#5639=DIRECTION('ref_axis',(-0.604256680545972,0.,0.796789723839084));
#5640=DIRECTION('',(0.604256680545972,0.,-0.796789723839084));
#5641=DIRECTION('',(-0.604256680545972,0.,0.796789723839084));
#5642=DIRECTION('',(0.,-1.,0.));
#5643=DIRECTION('',(0.,-1.,0.));
#5644=DIRECTION('center_axis',(0.222616108705804,0.,0.974906184278613));
#5645=DIRECTION('ref_axis',(-0.974906184278613,0.,0.222616108705804));
#5646=DIRECTION('',(0.974906184278613,0.,-0.222616108705804));
#5647=DIRECTION('',(-0.974906184278613,0.,0.222616108705804));
#5648=DIRECTION('',(0.,-1.,0.));
#5649=DIRECTION('',(0.,-1.,0.));
#5650=DIRECTION('',(0.,-1.,0.));
#5651=DIRECTION('',(0.,-1.,0.));
#5652=DIRECTION('center_axis',(0.,-1.,0.));
#5653=DIRECTION('ref_axis',(-1.,0.,0.));
#5654=DIRECTION('center_axis',(0.,-1.,0.));
#5655=DIRECTION('ref_axis',(-1.,0.,0.));
#5656=DIRECTION('center_axis',(-1.,0.,0.));
#5657=DIRECTION('ref_axis',(0.,0.,-1.));
#5658=DIRECTION('',(0.,0.,1.));
#5659=DIRECTION('',(0.,-1.,0.));
#5660=DIRECTION('',(0.,0.,-1.));
#5661=DIRECTION('',(0.,-1.,0.));
#5662=DIRECTION('center_axis',(-0.777187823052479,0.,0.629268692768795));
#5663=DIRECTION('ref_axis',(-0.629268692768795,0.,-0.777187823052479));
#5664=DIRECTION('',(0.629268692768795,0.,0.777187823052479));
#5665=DIRECTION('',(-0.629268692768795,0.,-0.777187823052479));
#5666=DIRECTION('',(0.,-1.,0.));
#5667=DIRECTION('center_axis',(0.,0.,-1.));
#5668=DIRECTION('ref_axis',(1.,0.,0.));
#5669=DIRECTION('',(-1.,0.,0.));
#5670=DIRECTION('',(1.,0.,0.));
#5671=DIRECTION('',(0.,-1.,0.));
#5672=DIRECTION('center_axis',(-1.,0.,0.));
#5673=DIRECTION('ref_axis',(0.,0.,-1.));
#5674=DIRECTION('',(0.,0.,1.));
#5675=DIRECTION('',(0.,0.,-1.));
#5676=DIRECTION('',(0.,-1.,0.));
#5677=DIRECTION('center_axis',(0.,0.,1.));
#5678=DIRECTION('ref_axis',(-1.,0.,0.));
#5679=DIRECTION('',(1.,0.,0.));
#5680=DIRECTION('',(-1.,0.,0.));
#5681=DIRECTION('',(0.,-1.,0.));
#5682=DIRECTION('center_axis',(1.,0.,0.));
#5683=DIRECTION('ref_axis',(0.,0.,1.));
#5684=DIRECTION('',(0.,0.,-1.));
#5685=DIRECTION('',(0.,0.,1.));
#5686=DIRECTION('',(0.,-1.,0.));
#5687=DIRECTION('center_axis',(0.776330108211688,0.,-0.630326552735984));
#5688=DIRECTION('ref_axis',(0.630326552735984,0.,0.776330108211688));
#5689=DIRECTION('',(-0.630326552735984,0.,-0.776330108211688));
#5690=DIRECTION('',(0.630326552735984,0.,0.776330108211688));
#5691=DIRECTION('',(0.,-1.,0.));
#5692=DIRECTION('center_axis',(0.,0.,1.));
#5693=DIRECTION('ref_axis',(-1.,0.,0.));
#5694=DIRECTION('',(1.,0.,0.));
#5695=DIRECTION('',(-1.,0.,0.));
#5696=DIRECTION('',(0.,-1.,0.));
#5697=DIRECTION('center_axis',(1.,0.,0.));
#5698=DIRECTION('ref_axis',(0.,0.,1.));
#5699=DIRECTION('',(0.,0.,-1.));
#5700=DIRECTION('',(0.,0.,1.));
#5701=DIRECTION('',(0.,-1.,0.));
#5702=DIRECTION('center_axis',(0.,0.,-1.));
#5703=DIRECTION('ref_axis',(1.,0.,0.));
#5704=DIRECTION('',(-1.,0.,0.));
#5705=DIRECTION('',(1.,0.,0.));
#5706=DIRECTION('center_axis',(0.,-1.,0.));
#5707=DIRECTION('ref_axis',(0.,0.,-1.));
#5708=DIRECTION('center_axis',(0.,-1.,0.));
#5709=DIRECTION('ref_axis',(-1.,0.,0.));
#5710=DIRECTION('center_axis',(0.,0.,1.));
#5711=DIRECTION('ref_axis',(-1.,0.,0.));
#5712=DIRECTION('',(1.,0.,0.));
#5713=DIRECTION('',(0.,-1.,0.));
#5714=DIRECTION('',(-1.,0.,0.));
#5715=DIRECTION('',(0.,-1.,0.));
#5716=DIRECTION('',(0.,-1.,0.));
#5717=DIRECTION('',(0.,-1.,0.));
#5718=DIRECTION('',(0.,-1.,0.));
#5719=DIRECTION('',(0.,-1.,0.));
#5720=DIRECTION('',(0.,-1.,0.));
#5721=DIRECTION('',(0.,-1.,0.));
#5722=DIRECTION('center_axis',(0.,0.,-1.));
#5723=DIRECTION('ref_axis',(1.,0.,0.));
#5724=DIRECTION('',(-1.,0.,0.));
#5725=DIRECTION('',(1.,0.,0.));
#5726=DIRECTION('',(0.,-1.,0.));
#5727=DIRECTION('center_axis',(1.,0.,0.));
#5728=DIRECTION('ref_axis',(0.,0.,1.));
#5729=DIRECTION('',(0.,0.,-1.));
#5730=DIRECTION('',(0.,0.,1.));
#5731=DIRECTION('center_axis',(-1.,0.,0.));
#5732=DIRECTION('ref_axis',(0.,0.,-1.));
#5733=DIRECTION('',(0.,0.,1.));
#5734=DIRECTION('',(0.,-1.,0.));
#5735=DIRECTION('',(0.,0.,-1.));
#5736=DIRECTION('',(0.,-1.,0.));
#5737=DIRECTION('center_axis',(0.,0.,1.));
#5738=DIRECTION('ref_axis',(-1.,0.,0.));
#5739=DIRECTION('',(1.,0.,0.));
#5740=DIRECTION('',(-1.,0.,0.));
#5741=DIRECTION('',(0.,-1.,0.));
#5742=DIRECTION('',(0.,-1.,0.));
#5743=DIRECTION('',(0.,-1.,0.));
#5744=DIRECTION('',(0.,-1.,0.));
#5745=DIRECTION('',(0.,-1.,0.));
#5746=DIRECTION('',(0.,-1.,0.));
#5747=DIRECTION('',(0.,-1.,0.));
#5748=DIRECTION('',(0.,-1.,0.));
#5749=DIRECTION('center_axis',(0.84766508559549,0.,0.53053171692406));
#5750=DIRECTION('ref_axis',(-0.53053171692406,0.,0.84766508559549));
#5751=DIRECTION('',(0.53053171692406,0.,-0.84766508559549));
#5752=DIRECTION('',(-0.53053171692406,0.,0.84766508559549));
#5753=DIRECTION('',(0.,-1.,0.));
#5754=DIRECTION('center_axis',(0.,0.,-1.));
#5755=DIRECTION('ref_axis',(1.,0.,0.));
#5756=DIRECTION('',(-1.,0.,0.));
#5757=DIRECTION('',(1.,0.,0.));
#5758=DIRECTION('',(0.,-1.,0.));
#5759=DIRECTION('center_axis',(-0.830444838640499,0.,-0.557100861581954));
#5760=DIRECTION('ref_axis',(0.557100861581954,0.,-0.830444838640499));
#5761=DIRECTION('',(-0.557100861581954,0.,0.830444838640499));
#5762=DIRECTION('',(0.557100861581954,0.,-0.830444838640499));
#5763=DIRECTION('',(0.,-1.,0.));
#5764=DIRECTION('',(0.,-1.,0.));
#5765=DIRECTION('',(0.,-1.,0.));
#5766=DIRECTION('',(0.,-1.,0.));
#5767=DIRECTION('center_axis',(0.,0.,-1.));
#5768=DIRECTION('ref_axis',(1.,0.,0.));
#5769=DIRECTION('',(-1.,0.,0.));
#5770=DIRECTION('',(1.,0.,0.));
#5771=DIRECTION('',(0.,-1.,0.));
#5772=DIRECTION('center_axis',(1.,0.,0.));
#5773=DIRECTION('ref_axis',(0.,0.,1.));
#5774=DIRECTION('',(0.,0.,-1.));
#5775=DIRECTION('',(0.,0.,1.));
#5776=DIRECTION('',(0.,-1.,0.));
#5777=DIRECTION('center_axis',(0.,0.,-1.));
#5778=DIRECTION('ref_axis',(1.,0.,0.));
#5779=DIRECTION('',(-1.,0.,0.));
#5780=DIRECTION('',(1.,0.,0.));
#5781=DIRECTION('center_axis',(0.,-1.,0.));
#5782=DIRECTION('ref_axis',(-1.,0.,0.));
#5783=DIRECTION('center_axis',(0.,-1.,0.));
#5784=DIRECTION('ref_axis',(-1.,0.,0.));
#5785=DIRECTION('axis',(0.,0.,1.));
#5786=DIRECTION('refdir',(1.,0.,0.));
#5787=DIRECTION('center_axis',(-0.992331937885489,-0.123601476740493,1.92817039773717E-16));
#5788=DIRECTION('ref_axis',(-0.123601476740493,0.992331937885489,2.48428246965885E-16));
#5789=DIRECTION('',(0.12225454485742,-0.981518122703204,-0.147227718405481));
#5790=DIRECTION('',(-1.83934268093426E-16,-8.32772499525214E-17,-1.));
#5791=DIRECTION('',(-0.0949844805865823,0.762580967276182,-0.639881408384257));
#5792=DIRECTION('',(-0.123601476740493,0.992331937885489,3.56582172547022E-16));
#5793=DIRECTION('',(-0.0798080468586204,0.640737278279827,0.76360095329902));
#5794=DIRECTION('',(-0.123601476740493,0.992331937885489,3.56582172547022E-16));
#5795=DIRECTION('',(1.83934268093426E-16,8.32772499525214E-17,1.));
#5796=DIRECTION('center_axis',(-1.22464679914736E-16,1.,-8.32772499525213E-17));
#5797=DIRECTION('ref_axis',(1.,1.22464679914735E-16,-3.55352426974919E-15));
#5798=DIRECTION('',(-1.,-1.22464679914735E-16,3.55352426974919E-15));
#5799=DIRECTION('',(-3.55352426974919E-15,-8.32772499525218E-17,-1.));
#5800=DIRECTION('',(1.,1.22464679914735E-16,-3.55352426974919E-15));
#5801=DIRECTION('center_axis',(3.55352426974919E-15,8.32772499525218E-17,
1.));
#5802=DIRECTION('ref_axis',(-1.22464679914736E-16,1.,-8.32772499525213E-17));
#5803=DIRECTION('',(-1.,-1.22464679914735E-16,3.55352426974919E-15));
#5804=DIRECTION('',(0.124034734589209,0.992277876713668,-5.23394612416094E-16));
#5805=DIRECTION('center_axis',(2.37797475884221E-15,-0.766044443118978,
0.642787609686539));
#5806=DIRECTION('ref_axis',(1.,1.22464679914735E-16,-3.55352426974919E-15));
#5807=DIRECTION('',(-1.,-1.22464679914735E-16,3.55352426974919E-15));
#5808=DIRECTION('',(0.080090340564944,0.640722724519531,0.7635836088029));
#5809=DIRECTION('center_axis',(-3.53237579724125E-15,0.148340452930245,
-0.988936352868298));
#5810=DIRECTION('ref_axis',(-4.0602162576315E-16,-0.988936352868298,-0.148340452930245));
#5811=DIRECTION('',(-0.122683226202979,-0.981465809623833,-0.147219871443575));
#5812=DIRECTION('',(-1.,-1.22464679914735E-16,3.55352426974919E-15));
#5813=DIRECTION('center_axis',(-0.992277876713668,0.124034734589209,3.51575424564203E-15));
#5814=DIRECTION('ref_axis',(-0.124034734589209,-0.992277876713668,5.23394612416094E-16));
#5815=DIRECTION('',(0.124034734589209,0.992277876713668,-5.23394612416094E-16));
#5816=DIRECTION('',(0.0953195540281509,0.762556432225226,-0.63986082103205));
#5817=DIRECTION('',(-3.55352426974919E-15,-8.32772499525218E-17,-1.));
#5818=DIRECTION('center_axis',(3.55352426974919E-15,8.32772499525218E-17,
1.));
#5819=DIRECTION('ref_axis',(-1.22464679914736E-16,1.,-8.32772499525213E-17));
#5820=DIRECTION('',(-1.,-1.22464679914735E-16,3.55352426974919E-15));
#5821=DIRECTION('center_axis',(-1.22464679914736E-16,1.,-8.32772499525213E-17));
#5822=DIRECTION('ref_axis',(-1.,-1.22464679914735E-16,3.55352426974919E-15));
#5823=DIRECTION('',(-1.,-1.22464679914735E-16,3.55352426974919E-15));
#5824=DIRECTION('center_axis',(2.64343874145637E-15,0.642787609686539,0.766044443118978));
#5825=DIRECTION('ref_axis',(-1.,-1.22464679914735E-16,3.55352426974919E-15));
#5826=DIRECTION('center_axis',(-0.992331937885489,-0.123601476740493,1.92817039773717E-16));
#5827=DIRECTION('ref_axis',(-0.123601476740493,0.992331937885489,2.48428246965885E-16));
#5828=DIRECTION('',(0.0949844805865821,-0.762580967276182,-0.639881408384257));
#5829=DIRECTION('',(-1.83934268093426E-16,-8.32772499525214E-17,-1.));
#5830=DIRECTION('',(-0.122254544857421,0.981518122703204,-0.147227718405481));
#5831=DIRECTION('',(1.83934268093426E-16,8.32772499525214E-17,1.));
#5832=DIRECTION('',(0.123601476740493,-0.992331937885489,-3.56582172547022E-16));
#5833=DIRECTION('',(0.0798080468586208,-0.640737278279827,0.76360095329902));
#5834=DIRECTION('',(0.123601476740493,-0.992331937885489,-3.56582172547022E-16));
#5835=DIRECTION('center_axis',(-3.55352426974919E-15,-8.32772499525218E-17,
-1.));
#5836=DIRECTION('ref_axis',(-1.22464679914736E-16,1.,-8.32772499525213E-17));
#5837=DIRECTION('',(1.,1.22464679914735E-16,-3.55352426974919E-15));
#5838=DIRECTION('',(-0.124034734589209,-0.992277876713668,5.23394612416094E-16));
#5839=DIRECTION('',(1.,1.22464679914735E-16,-3.55352426974919E-15));
#5840=DIRECTION('center_axis',(-2.19034798378816E-15,-0.766044443118978,
-0.642787609686539));
#5841=DIRECTION('ref_axis',(-1.,-1.22464679914735E-16,3.55352426974919E-15));
#5842=DIRECTION('',(1.,1.22464679914735E-16,-3.55352426974919E-15));
#5843=DIRECTION('',(-0.0800903405649386,-0.640722724519531,0.763583608802901));
#5844=DIRECTION('center_axis',(-3.55352426974919E-15,-8.32772499525218E-17,
-1.));
#5845=DIRECTION('ref_axis',(-1.22464679914736E-16,1.,-8.32772499525213E-17));
#5846=DIRECTION('',(1.,1.22464679914735E-16,-3.55352426974919E-15));
#5847=DIRECTION('',(-0.124034734589209,-0.992277876713668,5.23394612416094E-16));
#5848=DIRECTION('center_axis',(-1.22464679914736E-16,1.,-8.32772499525213E-17));
#5849=DIRECTION('ref_axis',(1.,1.22464679914735E-16,-3.55352426974919E-15));
#5850=DIRECTION('',(-1.,-1.22464679914735E-16,3.55352426974919E-15));
#5851=DIRECTION('',(-3.55352426974919E-15,-8.32772499525218E-17,-1.));
#5852=DIRECTION('center_axis',(-2.80087629920321E-15,0.642787609686539,
-0.766044443118978));
#5853=DIRECTION('ref_axis',(1.,1.22464679914735E-16,-3.55352426974919E-15));
#5854=DIRECTION('',(-0.0953195540281555,-0.762556432225226,-0.639860821032049));
#5855=DIRECTION('',(1.,1.22464679914735E-16,-3.55352426974919E-15));
#5856=DIRECTION('center_axis',(-1.22464679914736E-16,1.,-8.32772499525213E-17));
#5857=DIRECTION('ref_axis',(1.,1.22464679914735E-16,-3.55352426974919E-15));
#5858=DIRECTION('',(-3.55352426974919E-15,-8.32772499525218E-17,-1.));
#5859=DIRECTION('',(1.,1.22464679914735E-16,-3.55352426974919E-15));
#5860=DIRECTION('center_axis',(3.49604286506823E-15,0.148340452930245,0.988936352868298));
#5861=DIRECTION('ref_axis',(6.48241173583274E-16,-0.988936352868298,0.148340452930245));
#5862=DIRECTION('',(0.122683226202978,0.981465809623833,-0.147219871443576));
#5863=DIRECTION('center_axis',(-0.992277876713668,0.124034734589209,3.51575424564203E-15));
#5864=DIRECTION('ref_axis',(0.124034734589209,0.992277876713668,-5.23394612416094E-16));
#5865=DIRECTION('axis',(0.,0.,1.));
#5866=DIRECTION('refdir',(1.,0.,0.));
#5867=DIRECTION('center_axis',(-0.992331937885489,0.123601476740493,-2.4482439233586E-16));
#5868=DIRECTION('ref_axis',(-0.123601476740493,-0.992331937885489,-2.74450410709932E-17));
#5869=DIRECTION('',(0.12225454485742,0.981518122703204,0.147227718405481));
#5870=DIRECTION('',(-2.46716227694479E-16,0.,1.));
#5871=DIRECTION('',(-0.094984480586582,-0.762580967276182,0.639881408384257));
#5872=DIRECTION('',(-0.123601476740493,-0.992331937885489,0.));
#5873=DIRECTION('',(-0.0798080468586201,-0.640737278279827,-0.76360095329902));
#5874=DIRECTION('',(-0.123601476740493,-0.992331937885489,0.));
#5875=DIRECTION('',(2.46716227694479E-16,0.,-1.));
#5876=DIRECTION('center_axis',(0.,-1.,0.));
#5877=DIRECTION('ref_axis',(-1.,0.,0.));
#5878=DIRECTION('',(-1.,0.,0.));
#5879=DIRECTION('',(0.,0.,1.));
#5880=DIRECTION('',(1.,0.,0.));
#5881=DIRECTION('center_axis',(0.,0.,-1.));
#5882=DIRECTION('ref_axis',(0.,-1.,0.));
#5883=DIRECTION('',(-1.,0.,0.));
#5884=DIRECTION('',(0.124034734589209,-0.992277876713668,0.));
#5885=DIRECTION('center_axis',(0.,0.766044443118978,-0.642787609686539));
#5886=DIRECTION('ref_axis',(1.,0.,0.));
#5887=DIRECTION('',(-1.,0.,0.));
#5888=DIRECTION('',(0.0800903405649414,-0.640722724519531,-0.763583608802901));
#5889=DIRECTION('center_axis',(0.,-0.148340452930245,0.988936352868298));
#5890=DIRECTION('ref_axis',(0.,0.988936352868298,0.148340452930245));
#5891=DIRECTION('',(-0.122683226202979,0.981465809623833,0.147219871443575));
#5892=DIRECTION('',(-1.,0.,0.));
#5893=DIRECTION('center_axis',(-0.992277876713668,-0.124034734589209,0.));
#5894=DIRECTION('ref_axis',(-0.124034734589209,0.992277876713668,0.));
#5895=DIRECTION('',(0.124034734589209,-0.992277876713668,0.));
#5896=DIRECTION('',(0.0953195540281533,-0.762556432225226,0.63986082103205));
#5897=DIRECTION('',(0.,0.,1.));
#5898=DIRECTION('center_axis',(0.,0.,-1.));
#5899=DIRECTION('ref_axis',(0.,-1.,0.));
#5900=DIRECTION('',(-1.,0.,0.));
#5901=DIRECTION('center_axis',(0.,-1.,0.));
#5902=DIRECTION('ref_axis',(-1.,0.,0.));
#5903=DIRECTION('',(-1.,0.,0.));
#5904=DIRECTION('center_axis',(0.,-0.642787609686539,-0.766044443118978));
#5905=DIRECTION('ref_axis',(-1.,0.,0.));
#5906=DIRECTION('center_axis',(-0.992331937885489,0.123601476740493,-2.4482439233586E-16));
#5907=DIRECTION('ref_axis',(-0.123601476740493,-0.992331937885489,-2.74450410709932E-17));
#5908=DIRECTION('',(0.123601476740493,0.992331937885489,0.));
#5909=DIRECTION('',(0.0798080468586205,0.640737278279827,-0.76360095329902));
#5910=DIRECTION('',(0.123601476740493,0.992331937885489,0.));
#5911=DIRECTION('',(0.0949844805865817,0.762580967276182,0.639881408384257));
#5912=DIRECTION('',(-2.46716227694479E-16,0.,1.));
#5913=DIRECTION('',(-0.12225454485742,-0.981518122703204,0.147227718405481));
#5914=DIRECTION('',(2.46716227694479E-16,0.,-1.));
#5915=DIRECTION('center_axis',(0.,0.,1.));
#5916=DIRECTION('ref_axis',(0.,-1.,0.));
#5917=DIRECTION('',(1.,0.,0.));
#5918=DIRECTION('',(-0.124034734589209,0.992277876713668,0.));
#5919=DIRECTION('',(1.,0.,0.));
#5920=DIRECTION('center_axis',(0.,0.766044443118978,0.642787609686539));
#5921=DIRECTION('ref_axis',(-1.,0.,0.));
#5922=DIRECTION('',(1.,0.,0.));
#5923=DIRECTION('',(-0.0800903405649414,0.640722724519531,-0.763583608802901));
#5924=DIRECTION('center_axis',(0.,0.,1.));
#5925=DIRECTION('ref_axis',(0.,-1.,0.));
#5926=DIRECTION('',(1.,0.,0.));
#5927=DIRECTION('',(-0.124034734589209,0.992277876713668,0.));
#5928=DIRECTION('center_axis',(0.,-1.,0.));
#5929=DIRECTION('ref_axis',(-1.,0.,0.));
#5930=DIRECTION('',(-1.,0.,0.));
#5931=DIRECTION('',(0.,0.,1.));
#5932=DIRECTION('center_axis',(0.,-0.642787609686539,0.766044443118978));
#5933=DIRECTION('ref_axis',(1.,0.,0.));
#5934=DIRECTION('',(-0.0953195540281533,0.762556432225226,0.63986082103205));
#5935=DIRECTION('',(1.,0.,0.));
#5936=DIRECTION('center_axis',(0.,-1.,0.));
#5937=DIRECTION('ref_axis',(1.,0.,0.));
#5938=DIRECTION('',(0.,0.,1.));
#5939=DIRECTION('',(1.,0.,0.));
#5940=DIRECTION('center_axis',(0.,-0.148340452930245,-0.988936352868298));
#5941=DIRECTION('ref_axis',(0.,0.988936352868298,-0.148340452930245));
#5942=DIRECTION('',(0.122683226202979,-0.981465809623833,0.147219871443575));
#5943=DIRECTION('center_axis',(-0.992277876713668,-0.124034734589209,0.));
#5944=DIRECTION('ref_axis',(0.124034734589209,-0.992277876713668,0.));
#5945=DIRECTION('',(0.,0.,1.));
#5946=DIRECTION('',(1.,0.,0.));
#5947=DIRECTION('',(1.95823521345321E-15,-9.62367113395675E-123,0.999999999999997));
#5948=DIRECTION('',(0.999999999999998,-3.02546243347604E-123,2.22044604925032E-16));
#5949=DIRECTION('',(2.22044604925032E-16,0.,-1.));
#5950=DIRECTION('',(1.,0.,2.22044604925032E-16));
#5951=DIRECTION('center_axis',(0.,0.,1.));
#5952=DIRECTION('ref_axis',(1.,0.,0.));
#5953=CARTESIAN_POINT('',(0.,0.,0.));
#5954=CARTESIAN_POINT('',(0.,0.,0.));
#5955=CARTESIAN_POINT('Origin',(134.461133480072,-4.,7.0722868691983));
#5956=CARTESIAN_POINT('',(31.1186933517456,-4.,-7.79469940552094));
#5957=CARTESIAN_POINT('',(25.0613951683044,-4.,-7.79469940552094));
#5958=CARTESIAN_POINT('',(79.7612643241882,-4.,-7.79469940552094));
#5959=CARTESIAN_POINT('',(31.1186933517456,-4.,22.2053029786649));
#5960=CARTESIAN_POINT('',(31.1186933517456,-4.,-0.361206268161318));
#5961=CARTESIAN_POINT('',(25.0613951683044,-4.,22.2053029786649));
#5962=CARTESIAN_POINT('',(82.7899134159088,-4.,22.2053029786649));
#5963=CARTESIAN_POINT('',(25.0613951683044,-4.,14.6387949239316));
#5964=CARTESIAN_POINT('Origin',(31.1186933517456,0.,-7.79469940552094));
#5965=CARTESIAN_POINT('',(31.1186933517456,0.,-7.79469940552094));
#5966=CARTESIAN_POINT('',(31.1186933517456,0.,-7.79469940552094));
#5967=CARTESIAN_POINT('',(31.1186933517456,0.,22.2053029786649));
#5968=CARTESIAN_POINT('',(31.1186933517456,0.,22.2053029786649));
#5969=CARTESIAN_POINT('',(31.1186933517456,0.,22.2053029786649));
#5970=CARTESIAN_POINT('Origin',(25.0613951683044,0.,-7.79469940552094));
#5971=CARTESIAN_POINT('',(25.0613951683044,0.,-7.79469940552094));
#5972=CARTESIAN_POINT('',(25.0613951683044,0.,-7.79469940552094));
#5973=CARTESIAN_POINT('',(31.1186933517456,0.,-7.79469940552094));
#5974=CARTESIAN_POINT('Origin',(25.0613951683044,0.,22.2053029786649));
#5975=CARTESIAN_POINT('',(25.0613951683044,0.,22.2053029786649));
#5976=CARTESIAN_POINT('',(25.0613951683044,0.,22.2053029786649));
#5977=CARTESIAN_POINT('',(25.0613951683044,0.,-7.79469940552094));
#5978=CARTESIAN_POINT('Origin',(31.1186933517456,0.,22.2053029786649));
#5979=CARTESIAN_POINT('',(25.0613951683044,0.,22.2053029786649));
#5980=CARTESIAN_POINT('Origin',(134.461133480072,0.,7.0722868691983));
#5981=CARTESIAN_POINT('Origin',(125.461133480072,-4.,7.0722868691983));
#5982=CARTESIAN_POINT('',(75.2633104324341,-4.,-7.79469940552094));
#5983=CARTESIAN_POINT('',(50.8908662796021,-4.,-7.79469940552094));
#5984=CARTESIAN_POINT('',(88.175999879837,-4.,-7.79469940552094));
#5985=CARTESIAN_POINT('',(75.2633104324341,-4.,-2.74012777695038));
#5986=CARTESIAN_POINT('',(75.2633104324341,-4.,-0.361206268161318));
#5987=CARTESIAN_POINT('',(58.1964597702026,-4.,-2.74012777695038));
#5988=CARTESIAN_POINT('',(100.362221956253,-4.,-2.74012777695038));
#5989=CARTESIAN_POINT('',(74.6289262771606,-4.,17.4986174356046));
#5990=CARTESIAN_POINT('',(73.9597868532526,-4.,16.6744841683062));
#5991=CARTESIAN_POINT('',(74.6289262771606,-4.,22.2053029786649));
#5992=CARTESIAN_POINT('',(74.6289262771606,-4.,12.2854521524014));
#5993=CARTESIAN_POINT('',(52.6712188720703,-4.,22.2053029786649));
#5994=CARTESIAN_POINT('',(100.045029878616,-4.,22.2053029786649));
#5995=CARTESIAN_POINT('',(52.6712188720703,-4.,17.13026788345));
#5996=CARTESIAN_POINT('',(52.6712188720703,-4.,14.6387949239316));
#5997=CARTESIAN_POINT('',(66.6480264663696,-4.,17.13026788345));
#5998=CARTESIAN_POINT('',(89.0661761760712,-4.,17.13026788345));
#5999=CARTESIAN_POINT('',(50.8908662796021,-4.,-2.33085129150727));
#6000=CARTESIAN_POINT('',(75.8329287727293,-4.,28.4742204913897));
#6001=CARTESIAN_POINT('',(50.8908662796021,-4.,2.37071778884552));
#6002=CARTESIAN_POINT('Origin',(74.6289262771606,0.,17.4986174356046));
#6003=CARTESIAN_POINT('',(74.6289262771606,0.,17.4986174356046));
#6004=CARTESIAN_POINT('',(74.6289262771606,0.,17.4986174356046));
#6005=CARTESIAN_POINT('',(74.6289262771606,0.,22.2053029786649));
#6006=CARTESIAN_POINT('',(74.6289262771606,0.,22.2053029786649));
#6007=CARTESIAN_POINT('',(74.6289262771606,0.,22.2053029786649));
#6008=CARTESIAN_POINT('Origin',(58.1964597702026,0.,-2.74012777695038));
#6009=CARTESIAN_POINT('',(58.1964597702026,0.,-2.74012777695038));
#6010=CARTESIAN_POINT('',(58.1964597702026,0.,-2.74012777695038));
#6011=CARTESIAN_POINT('',(74.6289262771606,0.,17.4986174356046));
#6012=CARTESIAN_POINT('Origin',(75.2633104324341,0.,-2.74012777695038));
#6013=CARTESIAN_POINT('',(75.2633104324341,0.,-2.74012777695038));
#6014=CARTESIAN_POINT('',(75.2633104324341,0.,-2.74012777695038));
#6015=CARTESIAN_POINT('',(58.1964597702026,0.,-2.74012777695038));
#6016=CARTESIAN_POINT('Origin',(75.2633104324341,0.,-7.79469940552094));
#6017=CARTESIAN_POINT('',(75.2633104324341,0.,-7.79469940552094));
#6018=CARTESIAN_POINT('',(75.2633104324341,0.,-7.79469940552094));
#6019=CARTESIAN_POINT('',(75.2633104324341,0.,-2.74012777695038));
#6020=CARTESIAN_POINT('Origin',(50.8908662796021,0.,-7.79469940552094));
#6021=CARTESIAN_POINT('',(50.8908662796021,0.,-7.79469940552094));
#6022=CARTESIAN_POINT('',(50.8908662796021,0.,-7.79469940552094));
#6023=CARTESIAN_POINT('',(75.2633104324341,0.,-7.79469940552094));
#6024=CARTESIAN_POINT('Origin',(50.8908662796021,0.,-2.33085129150727));
#6025=CARTESIAN_POINT('',(50.8908662796021,0.,-2.33085129150727));
#6026=CARTESIAN_POINT('',(50.8908662796021,0.,-2.33085129150727));
#6027=CARTESIAN_POINT('',(50.8908662796021,0.,-7.79469940552094));
#6028=CARTESIAN_POINT('Origin',(66.6480264663696,0.,17.13026788345));
#6029=CARTESIAN_POINT('',(66.6480264663696,0.,17.13026788345));
#6030=CARTESIAN_POINT('',(66.6480264663696,0.,17.13026788345));
#6031=CARTESIAN_POINT('',(50.8908662796021,0.,-2.33085129150727));
#6032=CARTESIAN_POINT('Origin',(52.6712188720703,0.,17.13026788345));
#6033=CARTESIAN_POINT('',(52.6712188720703,0.,17.13026788345));
#6034=CARTESIAN_POINT('',(52.6712188720703,0.,17.13026788345));
#6035=CARTESIAN_POINT('',(66.6480264663696,0.,17.13026788345));
#6036=CARTESIAN_POINT('Origin',(52.6712188720703,0.,22.2053029786649));
#6037=CARTESIAN_POINT('',(52.6712188720703,0.,22.2053029786649));
#6038=CARTESIAN_POINT('',(52.6712188720703,0.,22.2053029786649));
#6039=CARTESIAN_POINT('',(52.6712188720703,0.,17.13026788345));
#6040=CARTESIAN_POINT('Origin',(74.6289262771606,0.,22.2053029786649));
#6041=CARTESIAN_POINT('',(52.6712188720703,0.,22.2053029786649));
#6042=CARTESIAN_POINT('Origin',(125.461133480072,0.,7.0722868691983));
#6043=CARTESIAN_POINT('Origin',(190.422930717468,0.,2.53954436889313));
#6044=CARTESIAN_POINT('',(184.529356956482,0.,1.96655538192413));
#6045=CARTESIAN_POINT('',(190.422930717468,0.,2.53954436889313));
#6046=CARTESIAN_POINT('',(184.529356956482,0.,1.96655538192413));
#6047=CARTESIAN_POINT('',(184.529356956482,-5.,1.96655538192413));
#6048=CARTESIAN_POINT('',(184.529356956482,0.,1.96655538192413));
#6049=CARTESIAN_POINT('',(190.422930717468,-5.,2.53954436889313));
#6050=CARTESIAN_POINT('',(184.529356956482,-5.,1.96655538192413));
#6051=CARTESIAN_POINT('',(190.422930717468,0.,2.53954436889313));
#6052=CARTESIAN_POINT('Ctrl Pts',(192.571635246277,0.,-1.81925508865692));
#6053=CARTESIAN_POINT('Ctrl Pts',(192.571635246277,-5.,-1.81925508865692));
#6054=CARTESIAN_POINT('Ctrl Pts',(192.071810774876,0.,-1.25044177293376));
#6055=CARTESIAN_POINT('Ctrl Pts',(192.071810774876,-5.,-1.25044177293376));
#6056=CARTESIAN_POINT('Ctrl Pts',(190.969298394783,0.,0.00424613938334595));
#6057=CARTESIAN_POINT('Ctrl Pts',(190.969298394783,-5.,0.00424613938334595));
#6058=CARTESIAN_POINT('Ctrl Pts',(190.61603952409,0.,1.64346571003759));
#6059=CARTESIAN_POINT('Ctrl Pts',(190.61603952409,-5.,1.64346571003759));
#6060=CARTESIAN_POINT('Ctrl Pts',(190.422930717468,0.,2.53954436889313));
#6061=CARTESIAN_POINT('Ctrl Pts',(190.422930717468,-5.,2.53954436889313));
#6062=CARTESIAN_POINT('',(192.571635246277,0.,-1.81925508865692));
#6063=CARTESIAN_POINT('Ctrl Pts',(190.422930717468,0.,2.53954436889313));
#6064=CARTESIAN_POINT('Ctrl Pts',(190.61603952409,0.,1.64346571003759));
#6065=CARTESIAN_POINT('Ctrl Pts',(190.969298394783,0.,0.00424613938334595));
#6066=CARTESIAN_POINT('Ctrl Pts',(192.071810774876,0.,-1.25044177293376));
#6067=CARTESIAN_POINT('Ctrl Pts',(192.571635246277,0.,-1.81925508865692));
#6068=CARTESIAN_POINT('',(192.571635246277,-5.,-1.81925508865692));
#6069=CARTESIAN_POINT('Ctrl Pts',(192.571635246277,-5.,-1.81925508865692));
#6070=CARTESIAN_POINT('Ctrl Pts',(192.071810774876,-5.,-1.25044177293376));
#6071=CARTESIAN_POINT('Ctrl Pts',(190.969298394783,-5.,0.00424613938334595));
#6072=CARTESIAN_POINT('Ctrl Pts',(190.61603952409,-5.,1.64346571003759));
#6073=CARTESIAN_POINT('Ctrl Pts',(190.422930717468,-5.,2.53954436889313));
#6074=CARTESIAN_POINT('',(192.571635246277,0.,-1.81925508865692));
#6075=CARTESIAN_POINT('Ctrl Pts',(196.971373558044,0.,-3.21079704651215));
#6076=CARTESIAN_POINT('Ctrl Pts',(196.971373558044,-5.,-3.21079704651215));
#6077=CARTESIAN_POINT('Ctrl Pts',(196.119335326903,0.,-3.17047213979553));
#6078=CARTESIAN_POINT('Ctrl Pts',(196.119335326903,-5.,-3.17047213979553));
#6079=CARTESIAN_POINT('Ctrl Pts',(194.524587995794,0.,-3.09499660945759));
#6080=CARTESIAN_POINT('Ctrl Pts',(194.524587995794,-5.,-3.09499660945759));
#6081=CARTESIAN_POINT('Ctrl Pts',(193.192171209895,0.,-2.22461230691717));
#6082=CARTESIAN_POINT('Ctrl Pts',(193.192171209895,-5.,-2.22461230691717));
#6083=CARTESIAN_POINT('Ctrl Pts',(192.571635246277,0.,-1.81925508865692));
#6084=CARTESIAN_POINT('Ctrl Pts',(192.571635246277,-5.,-1.81925508865692));
#6085=CARTESIAN_POINT('',(196.971373558044,0.,-3.21079704651215));
#6086=CARTESIAN_POINT('Ctrl Pts',(192.571635246277,0.,-1.81925508865692));
#6087=CARTESIAN_POINT('Ctrl Pts',(193.192171209895,0.,-2.22461230691717));
#6088=CARTESIAN_POINT('Ctrl Pts',(194.524587995794,0.,-3.09499660945759));
#6089=CARTESIAN_POINT('Ctrl Pts',(196.119335326903,0.,-3.17047213979553));
#6090=CARTESIAN_POINT('Ctrl Pts',(196.971373558044,0.,-3.21079704651215));
#6091=CARTESIAN_POINT('',(196.971373558044,-5.,-3.21079704651215));
#6092=CARTESIAN_POINT('Ctrl Pts',(196.971373558044,-5.,-3.21079704651215));
#6093=CARTESIAN_POINT('Ctrl Pts',(196.119335326903,-5.,-3.17047213979553));
#6094=CARTESIAN_POINT('Ctrl Pts',(194.524587995794,-5.,-3.09499660945759));
#6095=CARTESIAN_POINT('Ctrl Pts',(193.192171209895,-5.,-2.22461230691717));
#6096=CARTESIAN_POINT('Ctrl Pts',(192.571635246277,-5.,-1.81925508865692));
#6097=CARTESIAN_POINT('',(196.971373558044,0.,-3.21079704651215));
#6098=CARTESIAN_POINT('Ctrl Pts',(201.371092796326,0.,-1.9829675901828));
#6099=CARTESIAN_POINT('Ctrl Pts',(201.371092796326,-5.,-1.9829675901828));
#6100=CARTESIAN_POINT('Ctrl Pts',(200.773905016591,0.,-2.3398981694028));
#6101=CARTESIAN_POINT('Ctrl Pts',(200.773905016591,-5.,-2.3398981694028));
#6102=CARTESIAN_POINT('Ctrl Pts',(199.426390800545,0.,-3.14528810865202));
#6103=CARTESIAN_POINT('Ctrl Pts',(199.426390800545,-5.,-3.14528810865202));
#6104=CARTESIAN_POINT('Ctrl Pts',(197.849449944151,0.,-3.18736672169891));
#6105=CARTESIAN_POINT('Ctrl Pts',(197.849449944151,-5.,-3.18736672169891));
#6106=CARTESIAN_POINT('Ctrl Pts',(196.971373558044,0.,-3.21079704651215));
#6107=CARTESIAN_POINT('Ctrl Pts',(196.971373558044,-5.,-3.21079704651215));
#6108=CARTESIAN_POINT('',(201.371092796326,0.,-1.9829675901828));
#6109=CARTESIAN_POINT('Ctrl Pts',(196.971373558044,0.,-3.21079704651215));
#6110=CARTESIAN_POINT('Ctrl Pts',(197.849449944151,0.,-3.18736672169891));
#6111=CARTESIAN_POINT('Ctrl Pts',(199.426390800545,0.,-3.14528810865202));
#6112=CARTESIAN_POINT('Ctrl Pts',(200.773905016591,0.,-2.3398981694028));
#6113=CARTESIAN_POINT('Ctrl Pts',(201.371092796326,0.,-1.9829675901828));
#6114=CARTESIAN_POINT('',(201.371092796326,-5.,-1.9829675901828));
#6115=CARTESIAN_POINT('Ctrl Pts',(201.371092796326,-5.,-1.9829675901828));
#6116=CARTESIAN_POINT('Ctrl Pts',(200.773905016591,-5.,-2.3398981694028));
#6117=CARTESIAN_POINT('Ctrl Pts',(199.426390800545,-5.,-3.14528810865202));
#6118=CARTESIAN_POINT('Ctrl Pts',(197.849449944151,-5.,-3.18736672169891));
#6119=CARTESIAN_POINT('Ctrl Pts',(196.971373558044,-5.,-3.21079704651215));
#6120=CARTESIAN_POINT('',(201.371092796326,0.,-1.9829675901828));
#6121=CARTESIAN_POINT('Ctrl Pts',(202.864966392517,0.,0.92289950957916));
#6122=CARTESIAN_POINT('Ctrl Pts',(202.864966392517,-5.,0.92289950957916));
#6123=CARTESIAN_POINT('Ctrl Pts',(202.791950333941,0.,0.378715533078102));
#6124=CARTESIAN_POINT('Ctrl Pts',(202.791950333941,-5.,0.378715533078102));
#6125=CARTESIAN_POINT('Ctrl Pts',(202.638825611745,0.,-0.762513147985895));
#6126=CARTESIAN_POINT('Ctrl Pts',(202.638825611745,-5.,-0.762513147985895));
#6127=CARTESIAN_POINT('Ctrl Pts',(201.806520946181,0.,-1.5637781416766));
#6128=CARTESIAN_POINT('Ctrl Pts',(201.806520946181,-5.,-1.5637781416766));
#6129=CARTESIAN_POINT('Ctrl Pts',(201.371092796326,0.,-1.9829675901828));
#6130=CARTESIAN_POINT('Ctrl Pts',(201.371092796326,-5.,-1.9829675901828));
#6131=CARTESIAN_POINT('',(202.864966392517,0.,0.92289950957916));
#6132=CARTESIAN_POINT('Ctrl Pts',(201.371092796326,0.,-1.9829675901828));
#6133=CARTESIAN_POINT('Ctrl Pts',(201.806520946181,0.,-1.5637781416766));
#6134=CARTESIAN_POINT('Ctrl Pts',(202.638825611745,0.,-0.762513147985895));
#6135=CARTESIAN_POINT('Ctrl Pts',(202.791950333941,0.,0.378715533078102));
#6136=CARTESIAN_POINT('Ctrl Pts',(202.864966392517,0.,0.92289950957916));
#6137=CARTESIAN_POINT('',(202.864966392517,-5.,0.92289950957916));
#6138=CARTESIAN_POINT('Ctrl Pts',(202.864966392517,-5.,0.92289950957916));
#6139=CARTESIAN_POINT('Ctrl Pts',(202.791950333941,-5.,0.378715533078102));
#6140=CARTESIAN_POINT('Ctrl Pts',(202.638825611745,-5.,-0.762513147985895));
#6141=CARTESIAN_POINT('Ctrl Pts',(201.806520946181,-5.,-1.5637781416766));
#6142=CARTESIAN_POINT('Ctrl Pts',(201.371092796326,-5.,-1.9829675901828));
#6143=CARTESIAN_POINT('',(202.864966392517,0.,0.92289950957916));
#6144=CARTESIAN_POINT('Ctrl Pts',(202.230582237244,0.,2.72372033706329));
#6145=CARTESIAN_POINT('Ctrl Pts',(202.230582237244,-5.,2.72372033706329));
#6146=CARTESIAN_POINT('Ctrl Pts',(202.415579160416,0.,2.46030645333884));
#6147=CARTESIAN_POINT('Ctrl Pts',(202.415579160416,-5.,2.46030645333884));
#6148=CARTESIAN_POINT('Ctrl Pts',(202.794991636148,0.,1.92006766421689));
#6149=CARTESIAN_POINT('Ctrl Pts',(202.794991636148,-5.,1.92006766421689));
#6150=CARTESIAN_POINT('Ctrl Pts',(202.841258625984,0.,1.26074462731547));
#6151=CARTESIAN_POINT('Ctrl Pts',(202.841258625984,-5.,1.26074462731547));
#6152=CARTESIAN_POINT('Ctrl Pts',(202.864966392517,0.,0.92289950957916));
#6153=CARTESIAN_POINT('Ctrl Pts',(202.864966392517,-5.,0.92289950957916));
#6154=CARTESIAN_POINT('',(202.230582237244,0.,2.72372033706329));
#6155=CARTESIAN_POINT('Ctrl Pts',(202.864966392517,0.,0.92289950957916));
#6156=CARTESIAN_POINT('Ctrl Pts',(202.841258625984,0.,1.26074462731547));
#6157=CARTESIAN_POINT('Ctrl Pts',(202.794991636148,0.,1.92006766421689));
#6158=CARTESIAN_POINT('Ctrl Pts',(202.415579160416,0.,2.46030645333884));
#6159=CARTESIAN_POINT('Ctrl Pts',(202.230582237244,0.,2.72372033706329));
#6160=CARTESIAN_POINT('',(202.230582237244,-5.,2.72372033706329));
#6161=CARTESIAN_POINT('Ctrl Pts',(202.230582237244,-5.,2.72372033706329));
#6162=CARTESIAN_POINT('Ctrl Pts',(202.415579160416,-5.,2.46030645333884));
#6163=CARTESIAN_POINT('Ctrl Pts',(202.794991636148,-5.,1.92006766421689));
#6164=CARTESIAN_POINT('Ctrl Pts',(202.841258625984,-5.,1.26074462731547));
#6165=CARTESIAN_POINT('Ctrl Pts',(202.864966392517,-5.,0.92289950957916));
#6166=CARTESIAN_POINT('',(202.230582237244,0.,2.72372033706329));
#6167=CARTESIAN_POINT('Ctrl Pts',(200.061411857605,0.,4.03340604415558));
#6168=CARTESIAN_POINT('Ctrl Pts',(200.061411857605,-5.,4.03340604415558));
#6169=CARTESIAN_POINT('Ctrl Pts',(200.520676377567,0.,3.8628599722893));
#6170=CARTESIAN_POINT('Ctrl Pts',(200.520676377567,-5.,3.8628599722893));
#6171=CARTESIAN_POINT('Ctrl Pts',(201.329392637359,0.,3.56254637224553));
#6172=CARTESIAN_POINT('Ctrl Pts',(201.329392637359,-5.,3.56254637224553));
#6173=CARTESIAN_POINT('Ctrl Pts',(201.958668081698,0.,2.97681765757749));
#6174=CARTESIAN_POINT('Ctrl Pts',(201.958668081698,-5.,2.97681765757749));
#6175=CARTESIAN_POINT('Ctrl Pts',(202.230582237244,0.,2.72372033706329));
#6176=CARTESIAN_POINT('Ctrl Pts',(202.230582237244,-5.,2.72372033706329));
#6177=CARTESIAN_POINT('',(200.061411857605,0.,4.03340604415558));
#6178=CARTESIAN_POINT('Ctrl Pts',(202.230582237244,0.,2.72372033706329));
#6179=CARTESIAN_POINT('Ctrl Pts',(201.958668081698,0.,2.97681765757749));
#6180=CARTESIAN_POINT('Ctrl Pts',(201.329392637359,0.,3.56254637224553));
#6181=CARTESIAN_POINT('Ctrl Pts',(200.520676377567,0.,3.8628599722893));
#6182=CARTESIAN_POINT('Ctrl Pts',(200.061411857605,0.,4.03340604415558));
#6183=CARTESIAN_POINT('',(200.061411857605,-5.,4.03340604415558));
#6184=CARTESIAN_POINT('Ctrl Pts',(200.061411857605,-5.,4.03340604415558));
#6185=CARTESIAN_POINT('Ctrl Pts',(200.520676377567,-5.,3.8628599722893));
#6186=CARTESIAN_POINT('Ctrl Pts',(201.329392637359,-5.,3.56254637224553));
#6187=CARTESIAN_POINT('Ctrl Pts',(201.958668081698,-5.,2.97681765757749));
#6188=CARTESIAN_POINT('Ctrl Pts',(202.230582237244,-5.,2.72372033706329));
#6189=CARTESIAN_POINT('',(200.061411857605,0.,4.03340604415558));
#6190=CARTESIAN_POINT('Ctrl Pts',(195.211482048035,0.,5.34309175124786));
#6191=CARTESIAN_POINT('Ctrl Pts',(195.211482048035,-5.,5.34309175124786));
#6192=CARTESIAN_POINT('Ctrl Pts',(196.24966040817,0.,5.08814130499069));
#6193=CARTESIAN_POINT('Ctrl Pts',(196.24966040817,-5.,5.08814130499069));
#6194=CARTESIAN_POINT('Ctrl Pts',(197.876494726103,0.,4.68863178786947));
#6195=CARTESIAN_POINT('Ctrl Pts',(197.876494726103,-5.,4.68863178786947));
#6196=CARTESIAN_POINT('Ctrl Pts',(199.480879186872,0.,4.20749958090658));
#6197=CARTESIAN_POINT('Ctrl Pts',(199.480879186872,-5.,4.20749958090658));
#6198=CARTESIAN_POINT('Ctrl Pts',(200.061411857605,0.,4.03340604415558));
#6199=CARTESIAN_POINT('Ctrl Pts',(200.061411857605,-5.,4.03340604415558));
#6200=CARTESIAN_POINT('',(195.211482048035,0.,5.34309175124786));
#6201=CARTESIAN_POINT('Ctrl Pts',(200.061411857605,0.,4.03340604415558));
#6202=CARTESIAN_POINT('Ctrl Pts',(199.480879186872,0.,4.20749958090658));
#6203=CARTESIAN_POINT('Ctrl Pts',(197.876494726103,0.,4.68863178786947));
#6204=CARTESIAN_POINT('Ctrl Pts',(196.24966040817,0.,5.08814130499069));
#6205=CARTESIAN_POINT('Ctrl Pts',(195.211482048035,0.,5.34309175124786));
#6206=CARTESIAN_POINT('',(195.211482048035,-5.,5.34309175124786));
#6207=CARTESIAN_POINT('Ctrl Pts',(195.211482048035,-5.,5.34309175124786));
#6208=CARTESIAN_POINT('Ctrl Pts',(196.24966040817,-5.,5.08814130499069));
#6209=CARTESIAN_POINT('Ctrl Pts',(197.876494726103,-5.,4.68863178786947));
#6210=CARTESIAN_POINT('Ctrl Pts',(199.480879186872,-5.,4.20749958090658));
#6211=CARTESIAN_POINT('Ctrl Pts',(200.061411857605,-5.,4.03340604415558));
#6212=CARTESIAN_POINT('',(195.211482048035,0.,5.34309175124786));
#6213=CARTESIAN_POINT('Ctrl Pts',(188.37655544281,0.,8.31034925094269));
#6214=CARTESIAN_POINT('Ctrl Pts',(188.37655544281,-5.,8.31034925094269));
#6215=CARTESIAN_POINT('Ctrl Pts',(189.252792886452,0.,7.7242687146484));
#6216=CARTESIAN_POINT('Ctrl Pts',(189.252792886452,-5.,7.7242687146484));
#6217=CARTESIAN_POINT('Ctrl Pts',(191.344108995657,0.,6.32547016325525));
#6218=CARTESIAN_POINT('Ctrl Pts',(191.344108995657,-5.,6.32547016325525));
#6219=CARTESIAN_POINT('Ctrl Pts',(193.790247498677,0.,5.70410945519799));
#6220=CARTESIAN_POINT('Ctrl Pts',(193.790247498677,-5.,5.70410945519799));
#6221=CARTESIAN_POINT('Ctrl Pts',(195.211482048035,0.,5.34309175124786));
#6222=CARTESIAN_POINT('Ctrl Pts',(195.211482048035,-5.,5.34309175124786));
#6223=CARTESIAN_POINT('',(188.37655544281,0.,8.31034925094269));
#6224=CARTESIAN_POINT('Ctrl Pts',(195.211482048035,0.,5.34309175124786));
#6225=CARTESIAN_POINT('Ctrl Pts',(193.790247498677,0.,5.70410945519799));
#6226=CARTESIAN_POINT('Ctrl Pts',(191.344108995657,0.,6.32547016325525));
#6227=CARTESIAN_POINT('Ctrl Pts',(189.252792886452,0.,7.7242687146484));
#6228=CARTESIAN_POINT('Ctrl Pts',(188.37655544281,0.,8.31034925094269));
#6229=CARTESIAN_POINT('',(188.37655544281,-5.,8.31034925094269));
#6230=CARTESIAN_POINT('Ctrl Pts',(188.37655544281,-5.,8.31034925094269));
#6231=CARTESIAN_POINT('Ctrl Pts',(189.252792886452,-5.,7.7242687146484));
#6232=CARTESIAN_POINT('Ctrl Pts',(191.344108995657,-5.,6.32547016325525));
#6233=CARTESIAN_POINT('Ctrl Pts',(193.790247498677,-5.,5.70410945519799));
#6234=CARTESIAN_POINT('Ctrl Pts',(195.211482048035,-5.,5.34309175124786));
#6235=CARTESIAN_POINT('',(188.37655544281,0.,8.31034925094269));
#6236=CARTESIAN_POINT('Ctrl Pts',(185.613932609558,0.,14.3471839677396));
#6237=CARTESIAN_POINT('Ctrl Pts',(185.613932609558,-5.,14.3471839677396));
#6238=CARTESIAN_POINT('Ctrl Pts',(185.73434246017,0.,13.2007590003563));
#6239=CARTESIAN_POINT('Ctrl Pts',(185.73434246017,-5.,13.2007590003563));
#6240=CARTESIAN_POINT('Ctrl Pts',(185.978018248177,0.,10.8807161974018));
#6241=CARTESIAN_POINT('Ctrl Pts',(185.978018248177,-5.,10.8807161974018));
#6242=CARTESIAN_POINT('Ctrl Pts',(187.570820048862,0.,9.17380704047779));
#6243=CARTESIAN_POINT('Ctrl Pts',(187.570820048862,-5.,9.17380704047779));
#6244=CARTESIAN_POINT('Ctrl Pts',(188.37655544281,0.,8.31034925094269));
#6245=CARTESIAN_POINT('Ctrl Pts',(188.37655544281,-5.,8.31034925094269));
#6246=CARTESIAN_POINT('',(185.613932609558,0.,14.3471839677396));
#6247=CARTESIAN_POINT('Ctrl Pts',(188.37655544281,0.,8.31034925094269));
#6248=CARTESIAN_POINT('Ctrl Pts',(187.570820048862,0.,9.17380704047779));
#6249=CARTESIAN_POINT('Ctrl Pts',(185.978018248177,0.,10.8807161974018));
#6250=CARTESIAN_POINT('Ctrl Pts',(185.73434246017,0.,13.2007590003563));
#6251=CARTESIAN_POINT('Ctrl Pts',(185.613932609558,0.,14.3471839677396));
#6252=CARTESIAN_POINT('',(185.613932609558,-5.,14.3471839677396));
#6253=CARTESIAN_POINT('Ctrl Pts',(185.613932609558,-5.,14.3471839677396));
#6254=CARTESIAN_POINT('Ctrl Pts',(185.73434246017,-5.,13.2007590003563));
#6255=CARTESIAN_POINT('Ctrl Pts',(185.978018248177,-5.,10.8807161974018));
#6256=CARTESIAN_POINT('Ctrl Pts',(187.570820048862,-5.,9.17380704047779));
#6257=CARTESIAN_POINT('Ctrl Pts',(188.37655544281,-5.,8.31034925094269));
#6258=CARTESIAN_POINT('',(185.613932609558,0.,14.3471839677396));
#6259=CARTESIAN_POINT('Ctrl Pts',(186.903166770935,0.,18.6241295587125));
#6260=CARTESIAN_POINT('Ctrl Pts',(186.903166770935,-5.,18.6241295587125));
#6261=CARTESIAN_POINT('Ctrl Pts',(186.527155279673,0.,17.9530001134239));
#6262=CARTESIAN_POINT('Ctrl Pts',(186.527155279673,-5.,17.9530001134239));
#6263=CARTESIAN_POINT('Ctrl Pts',(185.781517039131,0.,16.6221371201662));
#6264=CARTESIAN_POINT('Ctrl Pts',(185.781517039131,-5.,16.6221371201662));
#6265=CARTESIAN_POINT('Ctrl Pts',(185.669474286647,0.,15.1011604183311));
#6266=CARTESIAN_POINT('Ctrl Pts',(185.669474286647,-5.,15.1011604183311));
#6267=CARTESIAN_POINT('Ctrl Pts',(185.613932609558,0.,14.3471839677396));
#6268=CARTESIAN_POINT('Ctrl Pts',(185.613932609558,-5.,14.3471839677396));
#6269=CARTESIAN_POINT('',(186.903166770935,0.,18.6241295587125));
#6270=CARTESIAN_POINT('Ctrl Pts',(185.613932609558,0.,14.3471839677396));
#6271=CARTESIAN_POINT('Ctrl Pts',(185.669474286647,0.,15.1011604183311));
#6272=CARTESIAN_POINT('Ctrl Pts',(185.781517039131,0.,16.6221371201662));
#6273=CARTESIAN_POINT('Ctrl Pts',(186.527155279673,0.,17.9530001134239));
#6274=CARTESIAN_POINT('Ctrl Pts',(186.903166770935,0.,18.6241295587125));
#6275=CARTESIAN_POINT('',(186.903166770935,-5.,18.6241295587125));
#6276=CARTESIAN_POINT('Ctrl Pts',(186.903166770935,-5.,18.6241295587125));
#6277=CARTESIAN_POINT('Ctrl Pts',(186.527155279673,-5.,17.9530001134239));
#6278=CARTESIAN_POINT('Ctrl Pts',(185.781517039131,-5.,16.6221371201662));
#6279=CARTESIAN_POINT('Ctrl Pts',(185.669474286647,-5.,15.1011604183311));
#6280=CARTESIAN_POINT('Ctrl Pts',(185.613932609558,-5.,14.3471839677396));
#6281=CARTESIAN_POINT('',(186.903166770935,0.,18.6241295587125));
#6282=CARTESIAN_POINT('Ctrl Pts',(190.648036003113,0.,21.6732433091702));
#6283=CARTESIAN_POINT('Ctrl Pts',(190.648036003113,-5.,21.6732433091702));
#6284=CARTESIAN_POINT('Ctrl Pts',(189.889461663339,0.,21.2947039490095));
#6285=CARTESIAN_POINT('Ctrl Pts',(189.889461663339,-5.,21.2947039490095));
#6286=CARTESIAN_POINT('Ctrl Pts',(188.412027754947,0.,20.5574434630702));
#6287=CARTESIAN_POINT('Ctrl Pts',(188.412027754947,-5.,20.5574434630702));
#6288=CARTESIAN_POINT('Ctrl Pts',(187.397025705283,0.,19.2569143909027));
#6289=CARTESIAN_POINT('Ctrl Pts',(187.397025705283,-5.,19.2569143909027));
#6290=CARTESIAN_POINT('Ctrl Pts',(186.903166770935,0.,18.6241295587125));
#6291=CARTESIAN_POINT('Ctrl Pts',(186.903166770935,-5.,18.6241295587125));
#6292=CARTESIAN_POINT('',(190.648036003113,0.,21.6732433091702));
#6293=CARTESIAN_POINT('Ctrl Pts',(186.903166770935,0.,18.6241295587125));
#6294=CARTESIAN_POINT('Ctrl Pts',(187.397025705283,0.,19.2569143909027));
#6295=CARTESIAN_POINT('Ctrl Pts',(188.412027754947,0.,20.5574434630702));
#6296=CARTESIAN_POINT('Ctrl Pts',(189.889461663339,0.,21.2947039490095));
#6297=CARTESIAN_POINT('Ctrl Pts',(190.648036003113,0.,21.6732433091702));
#6298=CARTESIAN_POINT('',(190.648036003113,-5.,21.6732433091702));
#6299=CARTESIAN_POINT('Ctrl Pts',(190.648036003113,-5.,21.6732433091702));
#6300=CARTESIAN_POINT('Ctrl Pts',(189.889461663339,-5.,21.2947039490095));
#6301=CARTESIAN_POINT('Ctrl Pts',(188.412027754947,-5.,20.5574434630702));
#6302=CARTESIAN_POINT('Ctrl Pts',(187.397025705283,-5.,19.2569143909027));
#6303=CARTESIAN_POINT('Ctrl Pts',(186.903166770935,-5.,18.6241295587125));
#6304=CARTESIAN_POINT('',(190.648036003113,0.,21.6732433091702));
#6305=CARTESIAN_POINT('Ctrl Pts',(196.562094688416,0.,22.7168991815152));
#6306=CARTESIAN_POINT('Ctrl Pts',(196.562094688416,-5.,22.7168991815152));
#6307=CARTESIAN_POINT('Ctrl Pts',(195.482534619976,0.,22.6862058696061));
#6308=CARTESIAN_POINT('Ctrl Pts',(195.482534619976,-5.,22.6862058696061));
#6309=CARTESIAN_POINT('Ctrl Pts',(193.457946124462,0.,22.6286441572039));
#6310=CARTESIAN_POINT('Ctrl Pts',(193.457946124462,-5.,22.6286441572039));
#6311=CARTESIAN_POINT('Ctrl Pts',(191.542240545793,0.,21.977282848336));
#6312=CARTESIAN_POINT('Ctrl Pts',(191.542240545793,-5.,21.977282848336));
#6313=CARTESIAN_POINT('Ctrl Pts',(190.648036003113,0.,21.6732433091702));
#6314=CARTESIAN_POINT('Ctrl Pts',(190.648036003113,-5.,21.6732433091702));
#6315=CARTESIAN_POINT('',(196.562094688416,0.,22.7168991815152));
#6316=CARTESIAN_POINT('Ctrl Pts',(190.648036003113,0.,21.6732433091702));
#6317=CARTESIAN_POINT('Ctrl Pts',(191.542240545793,0.,21.977282848336));
#6318=CARTESIAN_POINT('Ctrl Pts',(193.457946124462,0.,22.6286441572039));
#6319=CARTESIAN_POINT('Ctrl Pts',(195.482534619976,0.,22.6862058696061));
#6320=CARTESIAN_POINT('Ctrl Pts',(196.562094688416,0.,22.7168991815152));
#6321=CARTESIAN_POINT('',(196.562094688416,-5.,22.7168991815152));
#6322=CARTESIAN_POINT('Ctrl Pts',(196.562094688416,-5.,22.7168991815152));
#6323=CARTESIAN_POINT('Ctrl Pts',(195.482534619976,-5.,22.6862058696061));
#6324=CARTESIAN_POINT('Ctrl Pts',(193.457946124462,-5.,22.6286441572039));
#6325=CARTESIAN_POINT('Ctrl Pts',(191.542240545793,-5.,21.977282848336));
#6326=CARTESIAN_POINT('Ctrl Pts',(190.648036003113,-5.,21.6732433091702));
#6327=CARTESIAN_POINT('',(196.562094688416,0.,22.7168991815152));
#6328=CARTESIAN_POINT('Ctrl Pts',(205.0545835495,0.,20.2407720338406));
#6329=CARTESIAN_POINT('Ctrl Pts',(205.0545835495,-5.,20.2407720338406));
#6330=CARTESIAN_POINT('Ctrl Pts',(203.904410083992,0.,20.9607491921214));
#6331=CARTESIAN_POINT('Ctrl Pts',(203.904410083992,-5.,20.9607491921214));
#6332=CARTESIAN_POINT('Ctrl Pts',(201.321452446159,0.,22.5776100881656));
#6333=CARTESIAN_POINT('Ctrl Pts',(201.321452446159,-5.,22.5776100881656));
#6334=CARTESIAN_POINT('Ctrl Pts',(198.260195011618,0.,22.6672019604877));
#6335=CARTESIAN_POINT('Ctrl Pts',(198.260195011618,-5.,22.6672019604877));
#6336=CARTESIAN_POINT('Ctrl Pts',(196.562094688416,0.,22.7168991815152));
#6337=CARTESIAN_POINT('Ctrl Pts',(196.562094688416,-5.,22.7168991815152));
#6338=CARTESIAN_POINT('',(205.0545835495,0.,20.2407720338406));
#6339=CARTESIAN_POINT('Ctrl Pts',(196.562094688416,0.,22.7168991815152));
#6340=CARTESIAN_POINT('Ctrl Pts',(198.260195011618,0.,22.6672019604877));
#6341=CARTESIAN_POINT('Ctrl Pts',(201.321452446159,0.,22.5776100881656));
#6342=CARTESIAN_POINT('Ctrl Pts',(203.904410083992,0.,20.9607491921214));
#6343=CARTESIAN_POINT('Ctrl Pts',(205.0545835495,0.,20.2407720338406));
#6344=CARTESIAN_POINT('',(205.0545835495,-5.,20.2407720338406));
#6345=CARTESIAN_POINT('Ctrl Pts',(205.0545835495,-5.,20.2407720338406));
#6346=CARTESIAN_POINT('Ctrl Pts',(203.904410083992,-5.,20.9607491921214));
#6347=CARTESIAN_POINT('Ctrl Pts',(201.321452446159,-5.,22.5776100881656));
#6348=CARTESIAN_POINT('Ctrl Pts',(198.260195011618,-5.,22.6672019604877));
#6349=CARTESIAN_POINT('Ctrl Pts',(196.562094688416,-5.,22.7168991815152));
#6350=CARTESIAN_POINT('',(205.0545835495,0.,20.2407720338406));
#6351=CARTESIAN_POINT('Ctrl Pts',(208.062777519226,0.,13.6309507142606));
#6352=CARTESIAN_POINT('Ctrl Pts',(208.062777519226,-5.,13.6309507142606));
#6353=CARTESIAN_POINT('Ctrl Pts',(207.914060809323,0.,14.9288213313164));
#6354=CARTESIAN_POINT('Ctrl Pts',(207.914060809323,-5.,14.9288213313164));
#6355=CARTESIAN_POINT('Ctrl Pts',(207.623898944571,0.,17.4611027319569));
#6356=CARTESIAN_POINT('Ctrl Pts',(207.623898944571,-5.,17.4611027319569));
#6357=CARTESIAN_POINT('Ctrl Pts',(205.896593056777,0.,19.3298258791709));
#6358=CARTESIAN_POINT('Ctrl Pts',(205.896593056777,-5.,19.3298258791709));
#6359=CARTESIAN_POINT('Ctrl Pts',(205.0545835495,0.,20.2407720338406));
#6360=CARTESIAN_POINT('Ctrl Pts',(205.0545835495,-5.,20.2407720338406));
#6361=CARTESIAN_POINT('',(208.062777519226,0.,13.6309507142606));
#6362=CARTESIAN_POINT('Ctrl Pts',(205.0545835495,0.,20.2407720338406));
#6363=CARTESIAN_POINT('Ctrl Pts',(205.896593056777,0.,19.3298258791709));
#6364=CARTESIAN_POINT('Ctrl Pts',(207.623898944571,0.,17.4611027319569));
#6365=CARTESIAN_POINT('Ctrl Pts',(207.914060809323,0.,14.9288213313164));
#6366=CARTESIAN_POINT('Ctrl Pts',(208.062777519226,0.,13.6309507142606));
#6367=CARTESIAN_POINT('',(208.062777519226,-5.,13.6309507142606));
#6368=CARTESIAN_POINT('Ctrl Pts',(208.062777519226,-5.,13.6309507142606));
#6369=CARTESIAN_POINT('Ctrl Pts',(207.914060809323,-5.,14.9288213313164));
#6370=CARTESIAN_POINT('Ctrl Pts',(207.623898944571,-5.,17.4611027319569));
#6371=CARTESIAN_POINT('Ctrl Pts',(205.896593056777,-5.,19.3298258791709));
#6372=CARTESIAN_POINT('Ctrl Pts',(205.0545835495,-5.,20.2407720338406));
#6373=CARTESIAN_POINT('',(208.062777519226,0.,13.6309507142606));
#6374=CARTESIAN_POINT('Origin',(202.005476951599,0.,13.3649208795132));
#6375=CARTESIAN_POINT('',(202.005476951599,0.,13.3649208795132));
#6376=CARTESIAN_POINT('',(208.062777519226,0.,13.6309507142606));
#6377=CARTESIAN_POINT('',(202.005476951599,-5.,13.3649208795132));
#6378=CARTESIAN_POINT('',(208.062777519226,-5.,13.6309507142606));
#6379=CARTESIAN_POINT('',(202.005476951599,0.,13.3649208795132));
#6380=CARTESIAN_POINT('Ctrl Pts',(200.32744884491,0.,16.6800644647183));
#6381=CARTESIAN_POINT('Ctrl Pts',(200.32744884491,-5.,16.6800644647183));
#6382=CARTESIAN_POINT('Ctrl Pts',(200.724258692495,0.,16.2589962146584));
#6383=CARTESIAN_POINT('Ctrl Pts',(200.724258692495,-5.,16.2589962146584));
#6384=CARTESIAN_POINT('Ctrl Pts',(201.605081193387,0.,15.3243258900158));
#6385=CARTESIAN_POINT('Ctrl Pts',(201.605081193387,-5.,15.3243258900158));
#6386=CARTESIAN_POINT('Ctrl Pts',(201.863484262805,0.,14.0597863474184));
#6387=CARTESIAN_POINT('Ctrl Pts',(201.863484262805,-5.,14.0597863474184));
#6388=CARTESIAN_POINT('Ctrl Pts',(202.005476951599,0.,13.3649208795132));
#6389=CARTESIAN_POINT('Ctrl Pts',(202.005476951599,-5.,13.3649208795132));
#6390=CARTESIAN_POINT('',(200.32744884491,0.,16.6800644647183));
#6391=CARTESIAN_POINT('Ctrl Pts',(202.005476951599,0.,13.3649208795132));
#6392=CARTESIAN_POINT('Ctrl Pts',(201.863484262805,0.,14.0597863474184));
#6393=CARTESIAN_POINT('Ctrl Pts',(201.605081193387,0.,15.3243258900158));
#6394=CARTESIAN_POINT('Ctrl Pts',(200.724258692495,0.,16.2589962146584));
#6395=CARTESIAN_POINT('Ctrl Pts',(200.32744884491,0.,16.6800644647183));
#6396=CARTESIAN_POINT('',(200.32744884491,-5.,16.6800644647183));
#6397=CARTESIAN_POINT('Ctrl Pts',(200.32744884491,-5.,16.6800644647183));
#6398=CARTESIAN_POINT('Ctrl Pts',(200.724258692495,-5.,16.2589962146584));
#6399=CARTESIAN_POINT('Ctrl Pts',(201.605081193387,-5.,15.3243258900158));
#6400=CARTESIAN_POINT('Ctrl Pts',(201.863484262805,-5.,14.0597863474184));
#6401=CARTESIAN_POINT('Ctrl Pts',(202.005476951599,-5.,13.3649208795132));
#6402=CARTESIAN_POINT('',(200.32744884491,0.,16.6800644647183));
#6403=CARTESIAN_POINT('Ctrl Pts',(196.500697135925,0.,17.703256870419));
#6404=CARTESIAN_POINT('Ctrl Pts',(196.500697135925,-5.,17.703256870419));
#6405=CARTESIAN_POINT('Ctrl Pts',(197.265423676134,0.,17.6853828432848));
#6406=CARTESIAN_POINT('Ctrl Pts',(197.265423676134,-5.,17.6853828432848));
#6407=CARTESIAN_POINT('Ctrl Pts',(198.630463271179,0.,17.6534776412572));
#6408=CARTESIAN_POINT('Ctrl Pts',(198.630463271179,-5.,17.6534776412572));
#6409=CARTESIAN_POINT('Ctrl Pts',(199.809107979294,0.,16.9773915818958));
#6410=CARTESIAN_POINT('Ctrl Pts',(199.809107979294,-5.,16.9773915818958));
#6411=CARTESIAN_POINT('Ctrl Pts',(200.32744884491,0.,16.6800644647183));
#6412=CARTESIAN_POINT('Ctrl Pts',(200.32744884491,-5.,16.6800644647183));
#6413=CARTESIAN_POINT('',(196.500697135925,0.,17.703256870419));
#6414=CARTESIAN_POINT('Ctrl Pts',(200.32744884491,0.,16.6800644647183));
#6415=CARTESIAN_POINT('Ctrl Pts',(199.809107979294,0.,16.9773915818958));
#6416=CARTESIAN_POINT('Ctrl Pts',(198.630463271179,0.,17.6534776412572));
#6417=CARTESIAN_POINT('Ctrl Pts',(197.265423676134,0.,17.6853828432848));
#6418=CARTESIAN_POINT('Ctrl Pts',(196.500697135925,0.,17.703256870419));
#6419=CARTESIAN_POINT('',(196.500697135925,-5.,17.703256870419));
#6420=CARTESIAN_POINT('Ctrl Pts',(196.500697135925,-5.,17.703256870419));
#6421=CARTESIAN_POINT('Ctrl Pts',(197.265423676134,-5.,17.6853828432848));
#6422=CARTESIAN_POINT('Ctrl Pts',(198.630463271179,-5.,17.6534776412572));
#6423=CARTESIAN_POINT('Ctrl Pts',(199.809107979294,-5.,16.9773915818958));
#6424=CARTESIAN_POINT('Ctrl Pts',(200.32744884491,-5.,16.6800644647183));
#6425=CARTESIAN_POINT('',(196.500697135925,0.,17.703256870419));
#6426=CARTESIAN_POINT('Ctrl Pts',(192.366995811462,0.,16.6186716805997));
#6427=CARTESIAN_POINT('Ctrl Pts',(192.366995811462,-5.,16.6186716805997));
#6428=CARTESIAN_POINT('Ctrl Pts',(192.94806930253,0.,16.9342622592885));
#6429=CARTESIAN_POINT('Ctrl Pts',(192.94806930253,-5.,16.9342622592885));
#6430=CARTESIAN_POINT('Ctrl Pts',(194.232383403451,0.,17.6317943900064));
#6431=CARTESIAN_POINT('Ctrl Pts',(194.232383403451,-5.,17.6317943900064));
#6432=CARTESIAN_POINT('Ctrl Pts',(195.698117803685,0.,17.6779718717045));
#6433=CARTESIAN_POINT('Ctrl Pts',(195.698117803685,-5.,17.6779718717045));
#6434=CARTESIAN_POINT('Ctrl Pts',(196.500697135925,0.,17.703256870419));
#6435=CARTESIAN_POINT('Ctrl Pts',(196.500697135925,-5.,17.703256870419));
#6436=CARTESIAN_POINT('',(192.366995811462,0.,16.6186716805997));
#6437=CARTESIAN_POINT('Ctrl Pts',(196.500697135925,0.,17.703256870419));
#6438=CARTESIAN_POINT('Ctrl Pts',(195.698117803685,0.,17.6779718717045));
#6439=CARTESIAN_POINT('Ctrl Pts',(194.232383403451,0.,17.6317943900064));
#6440=CARTESIAN_POINT('Ctrl Pts',(192.94806930253,0.,16.9342622592885));
#6441=CARTESIAN_POINT('Ctrl Pts',(192.366995811462,0.,16.6186716805997));
#6442=CARTESIAN_POINT('',(192.366995811462,-5.,16.6186716805997));
#6443=CARTESIAN_POINT('Ctrl Pts',(192.366995811462,-5.,16.6186716805997));
#6444=CARTESIAN_POINT('Ctrl Pts',(192.94806930253,-5.,16.9342622592885));
#6445=CARTESIAN_POINT('Ctrl Pts',(194.232383403451,-5.,17.6317943900064));
#6446=CARTESIAN_POINT('Ctrl Pts',(195.698117803685,-5.,17.6779718717045));
#6447=CARTESIAN_POINT('Ctrl Pts',(196.500697135925,-5.,17.703256870419));
#6448=CARTESIAN_POINT('',(192.366995811462,0.,16.6186716805997));
#6449=CARTESIAN_POINT('Ctrl Pts',(191.40519618988,0.,14.7564604531827));
#6450=CARTESIAN_POINT('Ctrl Pts',(191.40519618988,-5.,14.7564604531827));
#6451=CARTESIAN_POINT('Ctrl Pts',(191.44610060968,0.,15.1262575217878));
#6452=CARTESIAN_POINT('Ctrl Pts',(191.44610060968,-5.,15.1262575217878));
#6453=CARTESIAN_POINT('Ctrl Pts',(191.528335817669,0.,15.8697062493263));
#6454=CARTESIAN_POINT('Ctrl Pts',(191.528335817669,-5.,15.8697062493263));
#6455=CARTESIAN_POINT('Ctrl Pts',(192.086477872559,0.,16.368155093847));
#6456=CARTESIAN_POINT('Ctrl Pts',(192.086477872559,-5.,16.368155093847));
#6457=CARTESIAN_POINT('Ctrl Pts',(192.366995811462,0.,16.6186716805997));
#6458=CARTESIAN_POINT('Ctrl Pts',(192.366995811462,-5.,16.6186716805997));
#6459=CARTESIAN_POINT('',(191.40519618988,0.,14.7564604531827));
#6460=CARTESIAN_POINT('Ctrl Pts',(192.366995811462,0.,16.6186716805997));
#6461=CARTESIAN_POINT('Ctrl Pts',(192.086477872559,0.,16.368155093847));
#6462=CARTESIAN_POINT('Ctrl Pts',(191.528335817669,0.,15.8697062493263));
#6463=CARTESIAN_POINT('Ctrl Pts',(191.44610060968,0.,15.1262575217878));
#6464=CARTESIAN_POINT('Ctrl Pts',(191.40519618988,0.,14.7564604531827));
#6465=CARTESIAN_POINT('',(191.40519618988,-5.,14.7564604531827));
#6466=CARTESIAN_POINT('Ctrl Pts',(191.40519618988,-5.,14.7564604531827));
#6467=CARTESIAN_POINT('Ctrl Pts',(191.44610060968,-5.,15.1262575217878));
#6468=CARTESIAN_POINT('Ctrl Pts',(191.528335817669,-5.,15.8697062493263));
#6469=CARTESIAN_POINT('Ctrl Pts',(192.086477872559,-5.,16.368155093847));
#6470=CARTESIAN_POINT('Ctrl Pts',(192.366995811462,-5.,16.6186716805997));
#6471=CARTESIAN_POINT('',(191.40519618988,0.,14.7564604531827));
#6472=CARTESIAN_POINT('Ctrl Pts',(192.305617332458,0.,12.93517854324));
#6473=CARTESIAN_POINT('Ctrl Pts',(192.305617332458,-5.,12.93517854324));
#6474=CARTESIAN_POINT('Ctrl Pts',(192.043059161595,0.,13.1949415142021));
#6475=CARTESIAN_POINT('Ctrl Pts',(192.043059161595,-5.,13.1949415142021));
#6476=CARTESIAN_POINT('Ctrl Pts',(191.532706338473,0.,13.6998611102557));
#6477=CARTESIAN_POINT('Ctrl Pts',(191.532706338473,-5.,13.6998611102557));
#6478=CARTESIAN_POINT('Ctrl Pts',(191.446871898045,0.,14.4111191109515));
#6479=CARTESIAN_POINT('Ctrl Pts',(191.446871898045,-5.,14.4111191109515));
#6480=CARTESIAN_POINT('Ctrl Pts',(191.40519618988,0.,14.7564604531827));
#6481=CARTESIAN_POINT('Ctrl Pts',(191.40519618988,-5.,14.7564604531827));
#6482=CARTESIAN_POINT('',(192.305617332458,0.,12.93517854324));
#6483=CARTESIAN_POINT('Ctrl Pts',(191.40519618988,0.,14.7564604531827));
#6484=CARTESIAN_POINT('Ctrl Pts',(191.446871898045,0.,14.4111191109515));
#6485=CARTESIAN_POINT('Ctrl Pts',(191.532706338473,0.,13.6998611102557));
#6486=CARTESIAN_POINT('Ctrl Pts',(192.043059161595,0.,13.1949415142021));
#6487=CARTESIAN_POINT('Ctrl Pts',(192.305617332458,0.,12.93517854324));
#6488=CARTESIAN_POINT('',(192.305617332458,-5.,12.93517854324));
#6489=CARTESIAN_POINT('Ctrl Pts',(192.305617332458,-5.,12.93517854324));
#6490=CARTESIAN_POINT('Ctrl Pts',(192.043059161595,-5.,13.1949415142021));
#6491=CARTESIAN_POINT('Ctrl Pts',(191.532706338473,-5.,13.6998611102557));
#6492=CARTESIAN_POINT('Ctrl Pts',(191.446871898045,-5.,14.4111191109515));
#6493=CARTESIAN_POINT('Ctrl Pts',(191.40519618988,-5.,14.7564604531827));
#6494=CARTESIAN_POINT('',(192.305617332458,0.,12.93517854324));
#6495=CARTESIAN_POINT('Ctrl Pts',(197.871775627136,0.,10.9297218572202));
#6496=CARTESIAN_POINT('Ctrl Pts',(197.871775627136,-5.,10.9297218572202));
#6497=CARTESIAN_POINT('Ctrl Pts',(196.644674612782,0.,11.2023734555709));
#6498=CARTESIAN_POINT('Ctrl Pts',(196.644674612782,-5.,11.2023734555709));
#6499=CARTESIAN_POINT('Ctrl Pts',(194.697733963757,0.,11.6349674096475));
#6500=CARTESIAN_POINT('Ctrl Pts',(194.697733963757,-5.,11.6349674096475));
#6501=CARTESIAN_POINT('Ctrl Pts',(192.951317457247,0.,12.5842146812666));
#6502=CARTESIAN_POINT('Ctrl Pts',(192.951317457247,-5.,12.5842146812666));
#6503=CARTESIAN_POINT('Ctrl Pts',(192.305617332458,0.,12.93517854324));
#6504=CARTESIAN_POINT('Ctrl Pts',(192.305617332458,-5.,12.93517854324));
#6505=CARTESIAN_POINT('',(197.871775627136,0.,10.9297218572202));
#6506=CARTESIAN_POINT('Ctrl Pts',(192.305617332458,0.,12.93517854324));
#6507=CARTESIAN_POINT('Ctrl Pts',(192.951317457247,0.,12.5842146812666));
#6508=CARTESIAN_POINT('Ctrl Pts',(194.697733963757,0.,11.6349674096475));
#6509=CARTESIAN_POINT('Ctrl Pts',(196.644674612782,0.,11.2023734555709));
#6510=CARTESIAN_POINT('Ctrl Pts',(197.871775627136,0.,10.9297218572202));
#6511=CARTESIAN_POINT('',(197.871775627136,-5.,10.9297218572202));
#6512=CARTESIAN_POINT('Ctrl Pts',(197.871775627136,-5.,10.9297218572202));
#6513=CARTESIAN_POINT('Ctrl Pts',(196.644674612782,-5.,11.2023734555709));
#6514=CARTESIAN_POINT('Ctrl Pts',(194.697733963757,-5.,11.6349674096475));
#6515=CARTESIAN_POINT('Ctrl Pts',(192.951317457247,-5.,12.5842146812666));
#6516=CARTESIAN_POINT('Ctrl Pts',(192.305617332458,-5.,12.93517854324));
#6517=CARTESIAN_POINT('',(197.871775627136,0.,10.9297218572202));
#6518=CARTESIAN_POINT('Ctrl Pts',(204.399752616882,0.,8.76055505386017));
#6519=CARTESIAN_POINT('Ctrl Pts',(204.399752616882,-5.,8.76055505386017));
#6520=CARTESIAN_POINT('Ctrl Pts',(203.512398390241,0.,9.15207268263451));
#6521=CARTESIAN_POINT('Ctrl Pts',(203.512398390241,-5.,9.15207268263451));
#6522=CARTESIAN_POINT('Ctrl Pts',(201.406987696289,0.,10.0810200835074));
#6523=CARTESIAN_POINT('Ctrl Pts',(201.406987696289,-5.,10.0810200835074));
#6524=CARTESIAN_POINT('Ctrl Pts',(199.167436969705,0.,10.6186711881063));
#6525=CARTESIAN_POINT('Ctrl Pts',(199.167436969705,-5.,10.6186711881063));
#6526=CARTESIAN_POINT('Ctrl Pts',(197.871775627136,0.,10.9297218572202));
#6527=CARTESIAN_POINT('Ctrl Pts',(197.871775627136,-5.,10.9297218572202));
#6528=CARTESIAN_POINT('',(204.399752616882,0.,8.76055505386017));
#6529=CARTESIAN_POINT('Ctrl Pts',(197.871775627136,0.,10.9297218572202));
#6530=CARTESIAN_POINT('Ctrl Pts',(199.167436969705,0.,10.6186711881063));
#6531=CARTESIAN_POINT('Ctrl Pts',(201.406987696289,0.,10.0810200835074));
#6532=CARTESIAN_POINT('Ctrl Pts',(203.512398390241,0.,9.15207268263451));
#6533=CARTESIAN_POINT('Ctrl Pts',(204.399752616882,0.,8.76055505386017));
#6534=CARTESIAN_POINT('',(204.399752616882,-5.,8.76055505386017));
#6535=CARTESIAN_POINT('Ctrl Pts',(204.399752616882,-5.,8.76055505386017));
#6536=CARTESIAN_POINT('Ctrl Pts',(203.512398390241,-5.,9.15207268263451));
#6537=CARTESIAN_POINT('Ctrl Pts',(201.406987696289,-5.,10.0810200835074));
#6538=CARTESIAN_POINT('Ctrl Pts',(199.167436969705,-5.,10.6186711881063));
#6539=CARTESIAN_POINT('Ctrl Pts',(197.871775627136,-5.,10.9297218572202));
#6540=CARTESIAN_POINT('',(204.399752616882,0.,8.76055505386017));
#6541=CARTESIAN_POINT('Ctrl Pts',(207.714896202087,0.,5.71143891921661));
#6542=CARTESIAN_POINT('Ctrl Pts',(207.714896202087,-5.,5.71143891921661));
#6543=CARTESIAN_POINT('Ctrl Pts',(207.275325774712,0.,6.32692628869982));
#6544=CARTESIAN_POINT('Ctrl Pts',(207.275325774712,-5.,6.32692628869982));
#6545=CARTESIAN_POINT('Ctrl Pts',(206.384071084467,0.,7.57486284374528));
#6546=CARTESIAN_POINT('Ctrl Pts',(206.384071084467,-5.,7.57486284374528));
#6547=CARTESIAN_POINT('Ctrl Pts',(205.067158549409,0.,8.36175918106636));
#6548=CARTESIAN_POINT('Ctrl Pts',(205.067158549409,-5.,8.36175918106636));
#6549=CARTESIAN_POINT('Ctrl Pts',(204.399752616882,0.,8.76055505386017));
#6550=CARTESIAN_POINT('Ctrl Pts',(204.399752616882,-5.,8.76055505386017));
#6551=CARTESIAN_POINT('',(207.714896202087,0.,5.71143891921661));
#6552=CARTESIAN_POINT('Ctrl Pts',(204.399752616882,0.,8.76055505386017));
#6553=CARTESIAN_POINT('Ctrl Pts',(205.067158549409,0.,8.36175918106636));
#6554=CARTESIAN_POINT('Ctrl Pts',(206.384071084467,0.,7.57486284374528));
#6555=CARTESIAN_POINT('Ctrl Pts',(207.275325774712,0.,6.32692628869982));
#6556=CARTESIAN_POINT('Ctrl Pts',(207.714896202087,0.,5.71143891921661));
#6557=CARTESIAN_POINT('',(207.714896202087,-5.,5.71143891921661));
#6558=CARTESIAN_POINT('Ctrl Pts',(207.714896202087,-5.,5.71143891921661));
#6559=CARTESIAN_POINT('Ctrl Pts',(207.275325774712,-5.,6.32692628869982));
#6560=CARTESIAN_POINT('Ctrl Pts',(206.384071084467,-5.,7.57486284374528));
#6561=CARTESIAN_POINT('Ctrl Pts',(205.067158549409,-5.,8.36175918106636));
#6562=CARTESIAN_POINT('Ctrl Pts',(204.399752616882,-5.,8.76055505386017));
#6563=CARTESIAN_POINT('',(207.714896202087,0.,5.71143891921661));
#6564=CARTESIAN_POINT('Ctrl Pts',(208.922266960144,0.,0.943362976223447));
#6565=CARTESIAN_POINT('Ctrl Pts',(208.922266960144,-5.,0.943362976223447));
#6566=CARTESIAN_POINT('Ctrl Pts',(208.885042354854,0.,1.83140709168411));
#6567=CARTESIAN_POINT('Ctrl Pts',(208.885042354854,-5.,1.83140709168411));
#6568=CARTESIAN_POINT('Ctrl Pts',(208.814768775629,0.,3.50787989822258));
#6569=CARTESIAN_POINT('Ctrl Pts',(208.814768775629,-5.,3.50787989822258));
#6570=CARTESIAN_POINT('Ctrl Pts',(208.066703807523,0.,5.00660379443976));
#6571=CARTESIAN_POINT('Ctrl Pts',(208.066703807523,-5.,5.00660379443976));
#6572=CARTESIAN_POINT('Ctrl Pts',(207.714896202087,0.,5.71143891921661));
#6573=CARTESIAN_POINT('Ctrl Pts',(207.714896202087,-5.,5.71143891921661));
#6574=CARTESIAN_POINT('',(208.922266960144,0.,0.943362976223447));
#6575=CARTESIAN_POINT('Ctrl Pts',(207.714896202087,0.,5.71143891921661));
#6576=CARTESIAN_POINT('Ctrl Pts',(208.066703807523,0.,5.00660379443976));
#6577=CARTESIAN_POINT('Ctrl Pts',(208.814768775629,0.,3.50787989822258));
#6578=CARTESIAN_POINT('Ctrl Pts',(208.885042354854,0.,1.83140709168411));
#6579=CARTESIAN_POINT('Ctrl Pts',(208.922266960144,0.,0.943362976223447));
#6580=CARTESIAN_POINT('',(208.922266960144,-5.,0.943362976223447));
#6581=CARTESIAN_POINT('Ctrl Pts',(208.922266960144,-5.,0.943362976223447));
#6582=CARTESIAN_POINT('Ctrl Pts',(208.885042354854,-5.,1.83140709168411));
#6583=CARTESIAN_POINT('Ctrl Pts',(208.814768775629,-5.,3.50787989822258));
#6584=CARTESIAN_POINT('Ctrl Pts',(208.066703807523,-5.,5.00660379443976));
#6585=CARTESIAN_POINT('Ctrl Pts',(207.714896202087,-5.,5.71143891921661));
#6586=CARTESIAN_POINT('',(208.922266960144,0.,0.943362976223447));
#6587=CARTESIAN_POINT('Ctrl Pts',(207.489790916443,0.,-3.88610336670258));
#6588=CARTESIAN_POINT('Ctrl Pts',(207.489790916443,-5.,-3.88610336670258));
#6589=CARTESIAN_POINT('Ctrl Pts',(207.907584093784,0.,-3.12609205350789));
#6590=CARTESIAN_POINT('Ctrl Pts',(207.907584093784,-5.,-3.12609205350789));
#6591=CARTESIAN_POINT('Ctrl Pts',(208.735649880479,0.,-1.61975015974412));
#6592=CARTESIAN_POINT('Ctrl Pts',(208.735649880479,-5.,-1.61975015974412));
#6593=CARTESIAN_POINT('Ctrl Pts',(208.860439049075,0.,0.0941806220965312));
#6594=CARTESIAN_POINT('Ctrl Pts',(208.860439049075,-5.,0.0941806220965312));
#6595=CARTESIAN_POINT('Ctrl Pts',(208.922266960144,0.,0.943362976223447));
#6596=CARTESIAN_POINT('Ctrl Pts',(208.922266960144,-5.,0.943362976223447));
#6597=CARTESIAN_POINT('',(207.489790916443,0.,-3.88610336670258));
#6598=CARTESIAN_POINT('Ctrl Pts',(208.922266960144,0.,0.943362976223447));
#6599=CARTESIAN_POINT('Ctrl Pts',(208.860439049075,0.,0.0941806220965313));
#6600=CARTESIAN_POINT('Ctrl Pts',(208.735649880479,0.,-1.61975015974412));
#6601=CARTESIAN_POINT('Ctrl Pts',(207.907584093784,0.,-3.12609205350789));
#6602=CARTESIAN_POINT('Ctrl Pts',(207.489790916443,0.,-3.88610336670258));
#6603=CARTESIAN_POINT('',(207.489790916443,-5.,-3.88610336670258));
#6604=CARTESIAN_POINT('Ctrl Pts',(207.489790916443,-5.,-3.88610336670258));
#6605=CARTESIAN_POINT('Ctrl Pts',(207.907584093784,-5.,-3.12609205350789));
#6606=CARTESIAN_POINT('Ctrl Pts',(208.735649880479,-5.,-1.61975015974412));
#6607=CARTESIAN_POINT('Ctrl Pts',(208.860439049075,-5.,0.0941806220965313));
#6608=CARTESIAN_POINT('Ctrl Pts',(208.922266960144,-5.,0.943362976223447));
#6609=CARTESIAN_POINT('',(207.489790916443,0.,-3.88610336670258));
#6610=CARTESIAN_POINT('Ctrl Pts',(203.4379529953,0.,-7.24217626938202));
#6611=CARTESIAN_POINT('Ctrl Pts',(203.4379529953,-5.,-7.24217626938202));
#6612=CARTESIAN_POINT('Ctrl Pts',(204.257402118698,0.,-6.83264267048383));
#6613=CARTESIAN_POINT('Ctrl Pts',(204.257402118698,-5.,-6.83264267048383));
#6614=CARTESIAN_POINT('Ctrl Pts',(205.868923070327,0.,-6.02725774032063));
#6615=CARTESIAN_POINT('Ctrl Pts',(205.868923070327,-5.,-6.02725774032063));
#6616=CARTESIAN_POINT('Ctrl Pts',(206.955655613262,0.,-4.59169213092527));
#6617=CARTESIAN_POINT('Ctrl Pts',(206.955655613262,-5.,-4.59169213092527));
#6618=CARTESIAN_POINT('Ctrl Pts',(207.489790916443,0.,-3.88610336670258));
#6619=CARTESIAN_POINT('Ctrl Pts',(207.489790916443,-5.,-3.88610336670258));
#6620=CARTESIAN_POINT('',(203.4379529953,0.,-7.24217626938202));
#6621=CARTESIAN_POINT('Ctrl Pts',(207.489790916443,0.,-3.88610336670258));
#6622=CARTESIAN_POINT('Ctrl Pts',(206.955655613262,0.,-4.59169213092527));
#6623=CARTESIAN_POINT('Ctrl Pts',(205.868923070327,0.,-6.02725774032063));
#6624=CARTESIAN_POINT('Ctrl Pts',(204.257402118698,0.,-6.83264267048383));
#6625=CARTESIAN_POINT('Ctrl Pts',(203.4379529953,0.,-7.24217626938202));
#6626=CARTESIAN_POINT('',(203.4379529953,-5.,-7.24217626938202));
#6627=CARTESIAN_POINT('Ctrl Pts',(203.4379529953,-5.,-7.24217626938202));
#6628=CARTESIAN_POINT('Ctrl Pts',(204.257402118698,-5.,-6.83264267048383));
#6629=CARTESIAN_POINT('Ctrl Pts',(205.868923070327,-5.,-6.02725774032063));
#6630=CARTESIAN_POINT('Ctrl Pts',(206.955655613262,-5.,-4.59169213092527));
#6631=CARTESIAN_POINT('Ctrl Pts',(207.489790916443,-5.,-3.88610336670258));
#6632=CARTESIAN_POINT('',(203.4379529953,0.,-7.24217626938202));
#6633=CARTESIAN_POINT('Ctrl Pts',(196.909976005554,0.,-8.32675907501557));
#6634=CARTESIAN_POINT('Ctrl Pts',(196.909976005554,-5.,-8.32675907501557));
#6635=CARTESIAN_POINT('Ctrl Pts',(198.116212294695,0.,-8.29835082895931));
#6636=CARTESIAN_POINT('Ctrl Pts',(198.116212294695,-5.,-8.29835082895931));
#6637=CARTESIAN_POINT('Ctrl Pts',(200.346082752629,0.,-8.24583482590682));
#6638=CARTESIAN_POINT('Ctrl Pts',(200.346082752629,-5.,-8.24583482590682));
#6639=CARTESIAN_POINT('Ctrl Pts',(202.465173058283,0.,-7.55795242775003));
#6640=CARTESIAN_POINT('Ctrl Pts',(202.465173058283,-5.,-7.55795242775003));
#6641=CARTESIAN_POINT('Ctrl Pts',(203.4379529953,0.,-7.24217626938202));
#6642=CARTESIAN_POINT('Ctrl Pts',(203.4379529953,-5.,-7.24217626938202));
#6643=CARTESIAN_POINT('',(196.909976005554,0.,-8.32675907501557));
#6644=CARTESIAN_POINT('Ctrl Pts',(203.4379529953,0.,-7.24217626938202));
#6645=CARTESIAN_POINT('Ctrl Pts',(202.465173058283,0.,-7.55795242775003));
#6646=CARTESIAN_POINT('Ctrl Pts',(200.346082752629,0.,-8.24583482590682));
#6647=CARTESIAN_POINT('Ctrl Pts',(198.116212294695,0.,-8.29835082895931));
#6648=CARTESIAN_POINT('Ctrl Pts',(196.909976005554,0.,-8.32675907501557));
#6649=CARTESIAN_POINT('',(196.909976005554,-5.,-8.32675907501557));
#6650=CARTESIAN_POINT('Ctrl Pts',(196.909976005554,-5.,-8.32675907501557));
#6651=CARTESIAN_POINT('Ctrl Pts',(198.116212294695,-5.,-8.29835082895931));
#6652=CARTESIAN_POINT('Ctrl Pts',(200.346082752629,-5.,-8.24583482590682));
#6653=CARTESIAN_POINT('Ctrl Pts',(202.465173058283,-5.,-7.55795242775003));
#6654=CARTESIAN_POINT('Ctrl Pts',(203.4379529953,-5.,-7.24217626938202));
#6655=CARTESIAN_POINT('',(196.909976005554,0.,-8.32675907501557));
#6656=CARTESIAN_POINT('Ctrl Pts',(188.171916007996,0.,-5.707387660831));
#6657=CARTESIAN_POINT('Ctrl Pts',(188.171916007996,-5.,-5.707387660831));
#6658=CARTESIAN_POINT('Ctrl Pts',(189.374082502071,0.,-6.46959640367379));
#6659=CARTESIAN_POINT('Ctrl Pts',(189.374082502071,-5.,-6.46959640367379));
#6660=CARTESIAN_POINT('Ctrl Pts',(192.028815324126,0.,-8.15277471287885));
#6661=CARTESIAN_POINT('Ctrl Pts',(192.028815324126,-5.,-8.15277471287885));
#6662=CARTESIAN_POINT('Ctrl Pts',(195.183729781867,0.,-8.26522865884595));
#6663=CARTESIAN_POINT('Ctrl Pts',(195.183729781867,-5.,-8.26522865884595));
#6664=CARTESIAN_POINT('Ctrl Pts',(196.909976005554,0.,-8.32675907501557));
#6665=CARTESIAN_POINT('Ctrl Pts',(196.909976005554,-5.,-8.32675907501557));
#6666=CARTESIAN_POINT('',(188.171916007996,0.,-5.707387660831));
#6667=CARTESIAN_POINT('Ctrl Pts',(196.909976005554,0.,-8.32675907501557));
#6668=CARTESIAN_POINT('Ctrl Pts',(195.183729781867,0.,-8.26522865884595));
#6669=CARTESIAN_POINT('Ctrl Pts',(192.028815324126,0.,-8.15277471287885));
#6670=CARTESIAN_POINT('Ctrl Pts',(189.374082502071,0.,-6.46959640367379));
#6671=CARTESIAN_POINT('Ctrl Pts',(188.171916007996,0.,-5.707387660831));
#6672=CARTESIAN_POINT('',(188.171916007996,-5.,-5.707387660831));
#6673=CARTESIAN_POINT('Ctrl Pts',(188.171916007996,-5.,-5.707387660831));
#6674=CARTESIAN_POINT('Ctrl Pts',(189.374082502071,-5.,-6.46959640367379));
#6675=CARTESIAN_POINT('Ctrl Pts',(192.028815324126,-5.,-8.15277471287885));
#6676=CARTESIAN_POINT('Ctrl Pts',(195.183729781867,-5.,-8.26522865884595));
#6677=CARTESIAN_POINT('Ctrl Pts',(196.909976005554,-5.,-8.32675907501557));
#6678=CARTESIAN_POINT('',(188.171916007996,0.,-5.707387660831));
#6679=CARTESIAN_POINT('Ctrl Pts',(184.529356956482,0.,1.96655538192413));
#6680=CARTESIAN_POINT('Ctrl Pts',(184.529356956482,-5.,1.96655538192413));
#6681=CARTESIAN_POINT('Ctrl Pts',(184.794026275952,0.,0.420586569335577));
#6682=CARTESIAN_POINT('Ctrl Pts',(184.794026275952,-5.,0.420586569335577));
#6683=CARTESIAN_POINT('Ctrl Pts',(185.291981257686,0.,-2.48803492625396));
#6684=CARTESIAN_POINT('Ctrl Pts',(185.291981257686,-5.,-2.48803492625396));
#6685=CARTESIAN_POINT('Ctrl Pts',(187.253138460526,0.,-4.68032654092284));
#6686=CARTESIAN_POINT('Ctrl Pts',(187.253138460526,-5.,-4.68032654092284));
#6687=CARTESIAN_POINT('Ctrl Pts',(188.171916007996,0.,-5.707387660831));
#6688=CARTESIAN_POINT('Ctrl Pts',(188.171916007996,-5.,-5.707387660831));
#6689=CARTESIAN_POINT('Ctrl Pts',(188.171916007996,0.,-5.707387660831));
#6690=CARTESIAN_POINT('Ctrl Pts',(187.253138460526,0.,-4.68032654092284));
#6691=CARTESIAN_POINT('Ctrl Pts',(185.291981257686,0.,-2.48803492625396));
#6692=CARTESIAN_POINT('Ctrl Pts',(184.794026275952,0.,0.420586569335577));
#6693=CARTESIAN_POINT('Ctrl Pts',(184.529356956482,0.,1.96655538192413));
#6694=CARTESIAN_POINT('Ctrl Pts',(184.529356956482,-5.,1.96655538192413));
#6695=CARTESIAN_POINT('Ctrl Pts',(184.794026275952,-5.,0.420586569335577));
#6696=CARTESIAN_POINT('Ctrl Pts',(185.291981257686,-5.,-2.48803492625396));
#6697=CARTESIAN_POINT('Ctrl Pts',(187.253138460526,-5.,-4.68032654092284));
#6698=CARTESIAN_POINT('Ctrl Pts',(188.171916007996,-5.,-5.707387660831));
#6699=CARTESIAN_POINT('Origin',(69.461133480072,-5.,7.0722868691983));
#6700=CARTESIAN_POINT('Origin',(69.461133480072,0.,7.0722868691983));
#6701=CARTESIAN_POINT('Origin',(124.181456565857,0.,9.51771524062774));
#6702=CARTESIAN_POINT('',(119.699873924255,0.,9.51771524062774));
#6703=CARTESIAN_POINT('',(124.181456565857,0.,9.51771524062774));
#6704=CARTESIAN_POINT('',(119.699873924255,0.,9.51771524062774));
#6705=CARTESIAN_POINT('',(119.699873924255,-5.,9.51771524062774));
#6706=CARTESIAN_POINT('',(119.699873924255,0.,9.51771524062774));
#6707=CARTESIAN_POINT('',(124.181456565857,-5.,9.51771524062774));
#6708=CARTESIAN_POINT('',(119.699873924255,-5.,9.51771524062774));
#6709=CARTESIAN_POINT('',(124.181456565857,0.,9.51771524062774));
#6710=CARTESIAN_POINT('Ctrl Pts',(129.624838829041,0.,9.88606717696808));
#6711=CARTESIAN_POINT('Ctrl Pts',(129.624838829041,-5.,9.88606717696808));
#6712=CARTESIAN_POINT('Ctrl Pts',(128.991592867766,0.,9.78070785913152));
#6713=CARTESIAN_POINT('Ctrl Pts',(128.991592867766,-5.,9.78070785913152));
#6714=CARTESIAN_POINT('Ctrl Pts',(127.19219373749,0.,9.48132424442992));
#6715=CARTESIAN_POINT('Ctrl Pts',(127.19219373749,-5.,9.48132424442992));
#6716=CARTESIAN_POINT('Ctrl Pts',(125.365377919928,0.,9.50340509828106));
#6717=CARTESIAN_POINT('Ctrl Pts',(125.365377919928,-5.,9.50340509828106));
#6718=CARTESIAN_POINT('Ctrl Pts',(124.181456565857,0.,9.51771524062774));
#6719=CARTESIAN_POINT('Ctrl Pts',(124.181456565857,-5.,9.51771524062774));
#6720=CARTESIAN_POINT('',(129.624838829041,0.,9.88606717696808));
#6721=CARTESIAN_POINT('Ctrl Pts',(124.181456565857,0.,9.51771524062774));
#6722=CARTESIAN_POINT('Ctrl Pts',(125.365377919928,0.,9.50340509828106));
#6723=CARTESIAN_POINT('Ctrl Pts',(127.19219373749,0.,9.48132424442992));
#6724=CARTESIAN_POINT('Ctrl Pts',(128.991592867766,0.,9.78070785913152));
#6725=CARTESIAN_POINT('Ctrl Pts',(129.624838829041,0.,9.88606717696808));
#6726=CARTESIAN_POINT('',(129.624838829041,-5.,9.88606717696808));
#6727=CARTESIAN_POINT('Ctrl Pts',(129.624838829041,-5.,9.88606717696808));
#6728=CARTESIAN_POINT('Ctrl Pts',(128.991592867766,-5.,9.78070785913152));
#6729=CARTESIAN_POINT('Ctrl Pts',(127.19219373749,-5.,9.48132424442992));
#6730=CARTESIAN_POINT('Ctrl Pts',(125.365377919928,-5.,9.50340509828106));
#6731=CARTESIAN_POINT('Ctrl Pts',(124.181456565857,-5.,9.51771524062774));
#6732=CARTESIAN_POINT('',(129.624838829041,0.,9.88606717696808));
#6733=CARTESIAN_POINT('Ctrl Pts',(131.32333278656,0.,11.1548247586789));
#6734=CARTESIAN_POINT('Ctrl Pts',(131.32333278656,-5.,11.1548247586789));
#6735=CARTESIAN_POINT('Ctrl Pts',(131.096714560413,0.,10.8760602680296));
#6736=CARTESIAN_POINT('Ctrl Pts',(131.096714560413,-5.,10.8760602680296));
#6737=CARTESIAN_POINT('Ctrl Pts',(130.637288707828,0.,10.3109176669058));
#6738=CARTESIAN_POINT('Ctrl Pts',(130.637288707828,-5.,10.3109176669058));
#6739=CARTESIAN_POINT('Ctrl Pts',(129.965339628714,0.,10.0289502318196));
#6740=CARTESIAN_POINT('Ctrl Pts',(129.965339628714,-5.,10.0289502318196));
#6741=CARTESIAN_POINT('Ctrl Pts',(129.624838829041,0.,9.88606717696808));
#6742=CARTESIAN_POINT('Ctrl Pts',(129.624838829041,-5.,9.88606717696808));
#6743=CARTESIAN_POINT('',(131.32333278656,0.,11.1548247586789));
#6744=CARTESIAN_POINT('Ctrl Pts',(129.624838829041,0.,9.88606717696808));
#6745=CARTESIAN_POINT('Ctrl Pts',(129.965339628714,0.,10.0289502318196));
#6746=CARTESIAN_POINT('Ctrl Pts',(130.637288707828,0.,10.3109176669058));
#6747=CARTESIAN_POINT('Ctrl Pts',(131.096714560413,0.,10.8760602680296));
#6748=CARTESIAN_POINT('Ctrl Pts',(131.32333278656,0.,11.1548247586789));
#6749=CARTESIAN_POINT('',(131.32333278656,-5.,11.1548247586789));
#6750=CARTESIAN_POINT('Ctrl Pts',(131.32333278656,-5.,11.1548247586789));
#6751=CARTESIAN_POINT('Ctrl Pts',(131.096714560413,-5.,10.8760602680296));
#6752=CARTESIAN_POINT('Ctrl Pts',(130.637288707828,-5.,10.3109176669058));
#6753=CARTESIAN_POINT('Ctrl Pts',(129.965339628714,-5.,10.0289502318196));
#6754=CARTESIAN_POINT('Ctrl Pts',(129.624838829041,-5.,9.88606717696808));
#6755=CARTESIAN_POINT('',(131.32333278656,0.,11.1548247586789));
#6756=CARTESIAN_POINT('Ctrl Pts',(131.937251091003,0.,13.4058478128018));
#6757=CARTESIAN_POINT('Ctrl Pts',(131.937251091003,-5.,13.4058478128018));
#6758=CARTESIAN_POINT('Ctrl Pts',(131.918055147157,0.,12.984143678545));
#6759=CARTESIAN_POINT('Ctrl Pts',(131.918055147157,-5.,12.984143678545));
#6760=CARTESIAN_POINT('Ctrl Pts',(131.881737979716,0.,12.1863136902378));
#6761=CARTESIAN_POINT('Ctrl Pts',(131.881737979716,-5.,12.1863136902378));
#6762=CARTESIAN_POINT('Ctrl Pts',(131.502241245127,0.,11.4853053792677));
#6763=CARTESIAN_POINT('Ctrl Pts',(131.502241245127,-5.,11.4853053792677));
#6764=CARTESIAN_POINT('Ctrl Pts',(131.32333278656,0.,11.1548247586789));
#6765=CARTESIAN_POINT('Ctrl Pts',(131.32333278656,-5.,11.1548247586789));
#6766=CARTESIAN_POINT('',(131.937251091003,0.,13.4058478128018));
#6767=CARTESIAN_POINT('Ctrl Pts',(131.32333278656,0.,11.1548247586789));
#6768=CARTESIAN_POINT('Ctrl Pts',(131.502241245127,0.,11.4853053792677));
#6769=CARTESIAN_POINT('Ctrl Pts',(131.881737979716,0.,12.1863136902378));
#6770=CARTESIAN_POINT('Ctrl Pts',(131.918055147157,0.,12.984143678545));
#6771=CARTESIAN_POINT('Ctrl Pts',(131.937251091003,0.,13.4058478128018));
#6772=CARTESIAN_POINT('',(131.937251091003,-5.,13.4058478128018));
#6773=CARTESIAN_POINT('Ctrl Pts',(131.937251091003,-5.,13.4058478128018));
#6774=CARTESIAN_POINT('Ctrl Pts',(131.918055147157,-5.,12.984143678545));
#6775=CARTESIAN_POINT('Ctrl Pts',(131.881737979716,-5.,12.1863136902378));
#6776=CARTESIAN_POINT('Ctrl Pts',(131.502241245127,-5.,11.4853053792677));
#6777=CARTESIAN_POINT('Ctrl Pts',(131.32333278656,-5.,11.1548247586789));
#6778=CARTESIAN_POINT('',(131.937251091003,0.,13.4058478128018));
#6779=CARTESIAN_POINT('Ctrl Pts',(131.118712425232,0.,15.841045643002));
#6780=CARTESIAN_POINT('Ctrl Pts',(131.118712425232,-5.,15.841045643002));
#6781=CARTESIAN_POINT('Ctrl Pts',(131.357242921148,0.,15.4964322341556));
#6782=CARTESIAN_POINT('Ctrl Pts',(131.357242921148,-5.,15.4964322341556));
#6783=CARTESIAN_POINT('Ctrl Pts',(131.862988448447,0.,14.7657638577638));
#6784=CARTESIAN_POINT('Ctrl Pts',(131.862988448447,-5.,14.7657638577638));
#6785=CARTESIAN_POINT('Ctrl Pts',(131.911578248918,0.,13.8759753044966));
#6786=CARTESIAN_POINT('Ctrl Pts',(131.911578248918,-5.,13.8759753044966));
#6787=CARTESIAN_POINT('Ctrl Pts',(131.937251091003,0.,13.4058478128018));
#6788=CARTESIAN_POINT('Ctrl Pts',(131.937251091003,-5.,13.4058478128018));
#6789=CARTESIAN_POINT('',(131.118712425232,0.,15.841045643002));
#6790=CARTESIAN_POINT('Ctrl Pts',(131.937251091003,0.,13.4058478128018));
#6791=CARTESIAN_POINT('Ctrl Pts',(131.911578248918,0.,13.8759753044966));
#6792=CARTESIAN_POINT('Ctrl Pts',(131.862988448447,0.,14.7657638577638));
#6793=CARTESIAN_POINT('Ctrl Pts',(131.357242921148,0.,15.4964322341556));
#6794=CARTESIAN_POINT('Ctrl Pts',(131.118712425232,0.,15.841045643002));
#6795=CARTESIAN_POINT('',(131.118712425232,-5.,15.841045643002));
#6796=CARTESIAN_POINT('Ctrl Pts',(131.118712425232,-5.,15.841045643002));
#6797=CARTESIAN_POINT('Ctrl Pts',(131.357242921148,-5.,15.4964322341556));
#6798=CARTESIAN_POINT('Ctrl Pts',(131.862988448447,-5.,14.7657638577638));
#6799=CARTESIAN_POINT('Ctrl Pts',(131.911578248918,-5.,13.8759753044966));
#6800=CARTESIAN_POINT('Ctrl Pts',(131.937251091003,-5.,13.4058478128018));
#6801=CARTESIAN_POINT('',(131.118712425232,0.,15.841045643002));
#6802=CARTESIAN_POINT('Ctrl Pts',(128.847212791443,0.,17.0279481660428));
#6803=CARTESIAN_POINT('Ctrl Pts',(128.847212791443,-5.,17.0279481660428));
#6804=CARTESIAN_POINT('Ctrl Pts',(129.302346773256,0.,16.9260262206567));
#6805=CARTESIAN_POINT('Ctrl Pts',(129.302346773256,-5.,16.9260262206567));
#6806=CARTESIAN_POINT('Ctrl Pts',(130.167462276585,0.,16.7322936965954));
#6807=CARTESIAN_POINT('Ctrl Pts',(130.167462276585,-5.,16.7322936965954));
#6808=CARTESIAN_POINT('Ctrl Pts',(130.812857281909,0.,16.1276083326956));
#6809=CARTESIAN_POINT('Ctrl Pts',(130.812857281909,-5.,16.1276083326956));
#6810=CARTESIAN_POINT('Ctrl Pts',(131.118712425232,0.,15.841045643002));
#6811=CARTESIAN_POINT('Ctrl Pts',(131.118712425232,-5.,15.841045643002));
#6812=CARTESIAN_POINT('',(128.847212791443,0.,17.0279481660428));
#6813=CARTESIAN_POINT('Ctrl Pts',(131.118712425232,0.,15.841045643002));
#6814=CARTESIAN_POINT('Ctrl Pts',(130.812857281909,0.,16.1276083326956));
#6815=CARTESIAN_POINT('Ctrl Pts',(130.167462276585,0.,16.7322936965954));
#6816=CARTESIAN_POINT('Ctrl Pts',(129.302346773256,0.,16.9260262206567));
#6817=CARTESIAN_POINT('Ctrl Pts',(128.847212791443,0.,17.0279481660428));
#6818=CARTESIAN_POINT('',(128.847212791443,-5.,17.0279481660428));
#6819=CARTESIAN_POINT('Ctrl Pts',(128.847212791443,-5.,17.0279481660428));
#6820=CARTESIAN_POINT('Ctrl Pts',(129.302346773256,-5.,16.9260262206567));
#6821=CARTESIAN_POINT('Ctrl Pts',(130.167462276585,-5.,16.7322936965954));
#6822=CARTESIAN_POINT('Ctrl Pts',(130.812857281909,-5.,16.1276083326956));
#6823=CARTESIAN_POINT('Ctrl Pts',(131.118712425232,-5.,15.841045643002));
#6824=CARTESIAN_POINT('',(128.847212791443,0.,17.0279481660428));
#6825=CARTESIAN_POINT('Ctrl Pts',(124.427027702332,0.,17.13026788345));
#6826=CARTESIAN_POINT('Ctrl Pts',(124.427027702332,-5.,17.13026788345));
#6827=CARTESIAN_POINT('Ctrl Pts',(125.409717494328,0.,17.135923359962));
#6828=CARTESIAN_POINT('Ctrl Pts',(125.409717494328,-5.,17.135923359962));
#6829=CARTESIAN_POINT('Ctrl Pts',(126.884405989353,0.,17.1444103374538));
#6830=CARTESIAN_POINT('Ctrl Pts',(126.884405989353,-5.,17.1444103374538));
#6831=CARTESIAN_POINT('Ctrl Pts',(128.356184832406,0.,17.0570830672832));
#6832=CARTESIAN_POINT('Ctrl Pts',(128.356184832406,-5.,17.0570830672832));
#6833=CARTESIAN_POINT('Ctrl Pts',(128.847212791443,0.,17.0279481660428));
#6834=CARTESIAN_POINT('Ctrl Pts',(128.847212791443,-5.,17.0279481660428));
#6835=CARTESIAN_POINT('',(124.427027702332,0.,17.13026788345));
#6836=CARTESIAN_POINT('Ctrl Pts',(128.847212791443,0.,17.0279481660428));
#6837=CARTESIAN_POINT('Ctrl Pts',(128.356184832406,0.,17.0570830672832));
#6838=CARTESIAN_POINT('Ctrl Pts',(126.884405989353,0.,17.1444103374538));
#6839=CARTESIAN_POINT('Ctrl Pts',(125.409717494328,0.,17.135923359962));
#6840=CARTESIAN_POINT('Ctrl Pts',(124.427027702332,0.,17.13026788345));
#6841=CARTESIAN_POINT('',(124.427027702332,-5.,17.13026788345));
#6842=CARTESIAN_POINT('Ctrl Pts',(124.427027702332,-5.,17.13026788345));
#6843=CARTESIAN_POINT('Ctrl Pts',(125.409717494328,-5.,17.135923359962));
#6844=CARTESIAN_POINT('Ctrl Pts',(126.884405989353,-5.,17.1444103374538));
#6845=CARTESIAN_POINT('Ctrl Pts',(128.356184832406,-5.,17.0570830672832));
#6846=CARTESIAN_POINT('Ctrl Pts',(128.847212791443,-5.,17.0279481660428));
#6847=CARTESIAN_POINT('',(124.427027702332,0.,17.13026788345));
#6848=CARTESIAN_POINT('Origin',(119.699873924255,0.,17.13026788345));
#6849=CARTESIAN_POINT('',(119.699873924255,0.,17.13026788345));
#6850=CARTESIAN_POINT('',(124.427027702332,0.,17.13026788345));
#6851=CARTESIAN_POINT('',(119.699873924255,-5.,17.13026788345));
#6852=CARTESIAN_POINT('',(124.427027702332,-5.,17.13026788345));
#6853=CARTESIAN_POINT('',(119.699873924255,0.,17.13026788345));
#6854=CARTESIAN_POINT('Origin',(119.699873924255,0.,9.51771524062774));
#6855=CARTESIAN_POINT('',(119.699873924255,0.,17.13026788345));
#6856=CARTESIAN_POINT('',(119.699873924255,-5.,17.13026788345));
#6857=CARTESIAN_POINT('Origin',(113.642573356628,0.,22.2053029786649));
#6858=CARTESIAN_POINT('',(113.642573356628,0.,-7.79469940552094));
#6859=CARTESIAN_POINT('',(113.642573356628,0.,22.2053029786649));
#6860=CARTESIAN_POINT('',(113.642573356628,0.,-7.79469940552094));
#6861=CARTESIAN_POINT('',(113.642573356628,-5.,-7.79469940552094));
#6862=CARTESIAN_POINT('',(113.642573356628,0.,-7.79469940552094));
#6863=CARTESIAN_POINT('',(113.642573356628,-5.,22.2053029786649));
#6864=CARTESIAN_POINT('',(113.642573356628,-5.,-7.79469940552094));
#6865=CARTESIAN_POINT('',(113.642573356628,0.,22.2053029786649));
#6866=CARTESIAN_POINT('Origin',(126.391558647156,0.,22.2053029786649));
#6867=CARTESIAN_POINT('',(126.391558647156,0.,22.2053029786649));
#6868=CARTESIAN_POINT('',(113.642573356628,0.,22.2053029786649));
#6869=CARTESIAN_POINT('',(126.391558647156,-5.,22.2053029786649));
#6870=CARTESIAN_POINT('',(113.642573356628,-5.,22.2053029786649));
#6871=CARTESIAN_POINT('',(126.391558647156,0.,22.2053029786649));
#6872=CARTESIAN_POINT('Ctrl Pts',(133.369727134705,0.,21.3867476235928));
#6873=CARTESIAN_POINT('Ctrl Pts',(133.369727134705,-5.,21.3867476235928));
#6874=CARTESIAN_POINT('Ctrl Pts',(132.430949378217,0.,21.6236464124918));
#6875=CARTESIAN_POINT('Ctrl Pts',(132.430949378217,-5.,21.6236464124918));
#6876=CARTESIAN_POINT('Ctrl Pts',(130.145093500442,0.,22.2004778140669));
#6877=CARTESIAN_POINT('Ctrl Pts',(130.145093500442,-5.,22.2004778140669));
#6878=CARTESIAN_POINT('Ctrl Pts',(127.783355106892,0.,22.2035138259681));
#6879=CARTESIAN_POINT('Ctrl Pts',(127.783355106892,-5.,22.2035138259681));
#6880=CARTESIAN_POINT('Ctrl Pts',(126.391558647156,0.,22.2053029786649));
#6881=CARTESIAN_POINT('Ctrl Pts',(126.391558647156,-5.,22.2053029786649));
#6882=CARTESIAN_POINT('',(133.369727134705,0.,21.3867476235928));
#6883=CARTESIAN_POINT('Ctrl Pts',(126.391558647156,0.,22.2053029786649));
#6884=CARTESIAN_POINT('Ctrl Pts',(127.783355106892,0.,22.2035138259681));
#6885=CARTESIAN_POINT('Ctrl Pts',(130.145093500442,0.,22.2004778140669));
#6886=CARTESIAN_POINT('Ctrl Pts',(132.430949378217,0.,21.6236464124918));
#6887=CARTESIAN_POINT('Ctrl Pts',(133.369727134705,0.,21.3867476235928));
#6888=CARTESIAN_POINT('',(133.369727134705,-5.,21.3867476235928));
#6889=CARTESIAN_POINT('Ctrl Pts',(133.369727134705,-5.,21.3867476235928));
#6890=CARTESIAN_POINT('Ctrl Pts',(132.430949378217,-5.,21.6236464124918));
#6891=CARTESIAN_POINT('Ctrl Pts',(130.145093500442,-5.,22.2004778140669));
#6892=CARTESIAN_POINT('Ctrl Pts',(127.783355106892,-5.,22.2035138259681));
#6893=CARTESIAN_POINT('Ctrl Pts',(126.391558647156,-5.,22.2053029786649));
#6894=CARTESIAN_POINT('',(133.369727134705,0.,21.3867476235928));
#6895=CARTESIAN_POINT('Ctrl Pts',(136.869044303894,0.,18.5218098413052));
#6896=CARTESIAN_POINT('Ctrl Pts',(136.869044303894,-5.,18.5218098413052));
#6897=CARTESIAN_POINT('Ctrl Pts',(136.400758364608,0.,19.1560733154559));
#6898=CARTESIAN_POINT('Ctrl Pts',(136.400758364608,-5.,19.1560733154559));
#6899=CARTESIAN_POINT('Ctrl Pts',(135.476385392433,0.,20.4080776221315));
#6900=CARTESIAN_POINT('Ctrl Pts',(135.476385392433,-5.,20.4080776221315));
#6901=CARTESIAN_POINT('Ctrl Pts',(134.065741152172,0.,21.0634070736992));
#6902=CARTESIAN_POINT('Ctrl Pts',(134.065741152172,-5.,21.0634070736992));
#6903=CARTESIAN_POINT('Ctrl Pts',(133.369727134705,0.,21.3867476235928));
#6904=CARTESIAN_POINT('Ctrl Pts',(133.369727134705,-5.,21.3867476235928));
#6905=CARTESIAN_POINT('',(136.869044303894,0.,18.5218098413052));
#6906=CARTESIAN_POINT('Ctrl Pts',(133.369727134705,0.,21.3867476235928));
#6907=CARTESIAN_POINT('Ctrl Pts',(134.065741152172,0.,21.0634070736992));
#6908=CARTESIAN_POINT('Ctrl Pts',(135.476385392433,0.,20.4080776221315));
#6909=CARTESIAN_POINT('Ctrl Pts',(136.400758364608,0.,19.1560733154559));
#6910=CARTESIAN_POINT('Ctrl Pts',(136.869044303894,0.,18.5218098413052));
#6911=CARTESIAN_POINT('',(136.869044303894,-5.,18.5218098413052));
#6912=CARTESIAN_POINT('Ctrl Pts',(136.869044303894,-5.,18.5218098413052));
#6913=CARTESIAN_POINT('Ctrl Pts',(136.400758364608,-5.,19.1560733154559));
#6914=CARTESIAN_POINT('Ctrl Pts',(135.476385392433,-5.,20.4080776221315));
#6915=CARTESIAN_POINT('Ctrl Pts',(134.065741152172,-5.,21.0634070736992));
#6916=CARTESIAN_POINT('Ctrl Pts',(133.369727134705,-5.,21.3867476235928));
#6917=CARTESIAN_POINT('',(136.869044303894,0.,18.5218098413052));
#6918=CARTESIAN_POINT('Ctrl Pts',(138.178725242615,0.,13.7946608316006));
#6919=CARTESIAN_POINT('Ctrl Pts',(138.178725242615,-5.,13.7946608316006));
#6920=CARTESIAN_POINT('Ctrl Pts',(138.129165240278,0.,14.6486862828316));
#6921=CARTESIAN_POINT('Ctrl Pts',(138.129165240278,-5.,14.6486862828316));
#6922=CARTESIAN_POINT('Ctrl Pts',(138.032196596066,0.,16.3196646166562));
#6923=CARTESIAN_POINT('Ctrl Pts',(138.032196596066,-5.,16.3196646166562));
#6924=CARTESIAN_POINT('Ctrl Pts',(137.250984371897,0.,17.7986994605621));
#6925=CARTESIAN_POINT('Ctrl Pts',(137.250984371897,-5.,17.7986994605621));
#6926=CARTESIAN_POINT('Ctrl Pts',(136.869044303894,0.,18.5218098413052));
#6927=CARTESIAN_POINT('Ctrl Pts',(136.869044303894,-5.,18.5218098413052));
#6928=CARTESIAN_POINT('',(138.178725242615,0.,13.7946608316006));
#6929=CARTESIAN_POINT('Ctrl Pts',(136.869044303894,0.,18.5218098413052));
#6930=CARTESIAN_POINT('Ctrl Pts',(137.250984371897,0.,17.7986994605621));
#6931=CARTESIAN_POINT('Ctrl Pts',(138.032196596066,0.,16.3196646166562));
#6932=CARTESIAN_POINT('Ctrl Pts',(138.129165240278,0.,14.6486862828316));
#6933=CARTESIAN_POINT('Ctrl Pts',(138.178725242615,0.,13.7946608316006));
#6934=CARTESIAN_POINT('',(138.178725242615,-5.,13.7946608316006));
#6935=CARTESIAN_POINT('Ctrl Pts',(138.178725242615,-5.,13.7946608316006));
#6936=CARTESIAN_POINT('Ctrl Pts',(138.129165240278,-5.,14.6486862828316));
#6937=CARTESIAN_POINT('Ctrl Pts',(138.032196596066,-5.,16.3196646166562));
#6938=CARTESIAN_POINT('Ctrl Pts',(137.250984371897,-5.,17.7986994605621));
#6939=CARTESIAN_POINT('Ctrl Pts',(136.869044303894,-5.,18.5218098413052));
#6940=CARTESIAN_POINT('',(138.178725242615,0.,13.7946608316006));
#6941=CARTESIAN_POINT('Ctrl Pts',(136.19372844696,0.,8.20802953353546));
#6942=CARTESIAN_POINT('Ctrl Pts',(136.19372844696,-5.,8.20802953353546));
#6943=CARTESIAN_POINT('Ctrl Pts',(136.772483763448,0.,9.0119866959833));
#6944=CARTESIAN_POINT('Ctrl Pts',(136.772483763448,-5.,9.0119866959833));
#6945=CARTESIAN_POINT('Ctrl Pts',(137.972423272713,0.,10.6788395705832));
#6946=CARTESIAN_POINT('Ctrl Pts',(137.972423272713,-5.,10.6788395705832));
#6947=CARTESIAN_POINT('Ctrl Pts',(138.108355765518,0.,12.731856084898));
#6948=CARTESIAN_POINT('Ctrl Pts',(138.108355765518,-5.,12.731856084898));
#6949=CARTESIAN_POINT('Ctrl Pts',(138.178725242615,0.,13.7946608316006));
#6950=CARTESIAN_POINT('Ctrl Pts',(138.178725242615,-5.,13.7946608316006));
#6951=CARTESIAN_POINT('',(136.19372844696,0.,8.20802953353546));
#6952=CARTESIAN_POINT('Ctrl Pts',(138.178725242615,0.,13.7946608316006));
#6953=CARTESIAN_POINT('Ctrl Pts',(138.108355765518,0.,12.731856084898));
#6954=CARTESIAN_POINT('Ctrl Pts',(137.972423272713,0.,10.6788395705832));
#6955=CARTESIAN_POINT('Ctrl Pts',(136.772483763448,0.,9.0119866959833));
#6956=CARTESIAN_POINT('Ctrl Pts',(136.19372844696,0.,8.20802953353546));
#6957=CARTESIAN_POINT('',(136.19372844696,-5.,8.20802953353546));
#6958=CARTESIAN_POINT('Ctrl Pts',(136.19372844696,-5.,8.20802953353546));
#6959=CARTESIAN_POINT('Ctrl Pts',(136.772483763448,-5.,9.0119866959833));
#6960=CARTESIAN_POINT('Ctrl Pts',(137.972423272713,-5.,10.6788395705832));
#6961=CARTESIAN_POINT('Ctrl Pts',(138.108355765518,-5.,12.731856084898));
#6962=CARTESIAN_POINT('Ctrl Pts',(138.178725242615,-5.,13.7946608316006));
#6963=CARTESIAN_POINT('',(136.19372844696,0.,8.20802953353546));
#6964=CARTESIAN_POINT('Ctrl Pts',(130.259222984314,0.,5.44541146865509));
#6965=CARTESIAN_POINT('Ctrl Pts',(130.259222984314,-5.,5.44541146865509));
#6966=CARTESIAN_POINT('Ctrl Pts',(131.460987552634,0.,5.6697660808054));
#6967=CARTESIAN_POINT('Ctrl Pts',(131.460987552634,-5.,5.6697660808054));
#6968=CARTESIAN_POINT('Ctrl Pts',(133.68358410711,0.,6.08469742517274));
#6969=CARTESIAN_POINT('Ctrl Pts',(133.68358410711,-5.,6.08469742517274));
#6970=CARTESIAN_POINT('Ctrl Pts',(135.403689264692,0.,7.53973507096458));
#6971=CARTESIAN_POINT('Ctrl Pts',(135.403689264692,-5.,7.53973507096458));
#6972=CARTESIAN_POINT('Ctrl Pts',(136.19372844696,0.,8.20802953353546));
#6973=CARTESIAN_POINT('Ctrl Pts',(136.19372844696,-5.,8.20802953353546));
#6974=CARTESIAN_POINT('',(130.259222984314,0.,5.44541146865509));
#6975=CARTESIAN_POINT('Ctrl Pts',(136.19372844696,0.,8.20802953353546));
#6976=CARTESIAN_POINT('Ctrl Pts',(135.403689264692,0.,7.53973507096458));
#6977=CARTESIAN_POINT('Ctrl Pts',(133.68358410711,0.,6.08469742517274));
#6978=CARTESIAN_POINT('Ctrl Pts',(131.460987552634,0.,5.6697660808054));
#6979=CARTESIAN_POINT('Ctrl Pts',(130.259222984314,0.,5.44541146865509));
#6980=CARTESIAN_POINT('',(130.259222984314,-5.,5.44541146865509));
#6981=CARTESIAN_POINT('Ctrl Pts',(130.259222984314,-5.,5.44541146865509));
#6982=CARTESIAN_POINT('Ctrl Pts',(131.460987552634,-5.,5.6697660808054));
#6983=CARTESIAN_POINT('Ctrl Pts',(133.68358410711,-5.,6.08469742517274));
#6984=CARTESIAN_POINT('Ctrl Pts',(135.403689264692,-5.,7.53973507096458));
#6985=CARTESIAN_POINT('Ctrl Pts',(136.19372844696,-5.,8.20802953353546));
#6986=CARTESIAN_POINT('',(130.259222984314,0.,5.44541146865509));
#6987=CARTESIAN_POINT('Ctrl Pts',(133.492503166199,0.,2.92835738769195));
#6988=CARTESIAN_POINT('Ctrl Pts',(133.492503166199,-5.,2.92835738769195));
#6989=CARTESIAN_POINT('Ctrl Pts',(133.025692177669,0.,3.38457733149378));
#6990=CARTESIAN_POINT('Ctrl Pts',(133.025692177669,-5.,3.38457733149378));
#6991=CARTESIAN_POINT('Ctrl Pts',(132.04308200014,0.,4.34489397138852));
#6992=CARTESIAN_POINT('Ctrl Pts',(132.04308200014,-5.,4.34489397138852));
#6993=CARTESIAN_POINT('Ctrl Pts',(130.873282836184,0.,5.06657905793386));
#6994=CARTESIAN_POINT('Ctrl Pts',(130.873282836184,-5.,5.06657905793386));
#6995=CARTESIAN_POINT('Ctrl Pts',(130.259222984314,0.,5.44541146865509));
#6996=CARTESIAN_POINT('Ctrl Pts',(130.259222984314,-5.,5.44541146865509));
#6997=CARTESIAN_POINT('',(133.492503166199,0.,2.92835738769195));
#6998=CARTESIAN_POINT('Ctrl Pts',(130.259222984314,0.,5.44541146865509));
#6999=CARTESIAN_POINT('Ctrl Pts',(130.873282836184,0.,5.06657905793386));
#7000=CARTESIAN_POINT('Ctrl Pts',(132.04308200014,0.,4.34489397138852));
#7001=CARTESIAN_POINT('Ctrl Pts',(133.025692177669,0.,3.38457733149378));
#7002=CARTESIAN_POINT('Ctrl Pts',(133.492503166199,0.,2.92835738769195));
#7003=CARTESIAN_POINT('',(133.492503166199,-5.,2.92835738769195));
#7004=CARTESIAN_POINT('Ctrl Pts',(133.492503166199,-5.,2.92835738769195));
#7005=CARTESIAN_POINT('Ctrl Pts',(133.025692177669,-5.,3.38457733149378));
#7006=CARTESIAN_POINT('Ctrl Pts',(132.04308200014,-5.,4.34489397138852));
#7007=CARTESIAN_POINT('Ctrl Pts',(130.873282836184,-5.,5.06657905793386));
#7008=CARTESIAN_POINT('Ctrl Pts',(130.259222984314,-5.,5.44541146865509));
#7009=CARTESIAN_POINT('',(133.492503166199,0.,2.92835738769195));
#7010=CARTESIAN_POINT('Ctrl Pts',(136.950907707214,0.,-1.94203827270844));
#7011=CARTESIAN_POINT('Ctrl Pts',(136.950907707214,-5.,-1.94203827270844));
#7012=CARTESIAN_POINT('Ctrl Pts',(136.326581701208,0.,-0.934590048622907));
#7013=CARTESIAN_POINT('Ctrl Pts',(136.326581701208,-5.,-0.934590048622907));
#7014=CARTESIAN_POINT('Ctrl Pts',(135.27511543174,0.,0.762116184452668));
#7015=CARTESIAN_POINT('Ctrl Pts',(135.27511543174,-5.,0.762116184452668));
#7016=CARTESIAN_POINT('Ctrl Pts',(134.007464689631,0.,2.3025730308215));
#7017=CARTESIAN_POINT('Ctrl Pts',(134.007464689631,-5.,2.3025730308215));
#7018=CARTESIAN_POINT('Ctrl Pts',(133.492503166199,0.,2.92835738769195));
#7019=CARTESIAN_POINT('Ctrl Pts',(133.492503166199,-5.,2.92835738769195));
#7020=CARTESIAN_POINT('',(136.950907707214,0.,-1.94203827270844));
#7021=CARTESIAN_POINT('Ctrl Pts',(133.492503166199,0.,2.92835738769195));
#7022=CARTESIAN_POINT('Ctrl Pts',(134.007464689631,0.,2.3025730308215));
#7023=CARTESIAN_POINT('Ctrl Pts',(135.27511543174,0.,0.762116184452668));
#7024=CARTESIAN_POINT('Ctrl Pts',(136.326581701208,0.,-0.934590048622908));
#7025=CARTESIAN_POINT('Ctrl Pts',(136.950907707214,0.,-1.94203827270844));
#7026=CARTESIAN_POINT('',(136.950907707214,-5.,-1.94203827270844));
#7027=CARTESIAN_POINT('Ctrl Pts',(136.950907707214,-5.,-1.94203827270844));
#7028=CARTESIAN_POINT('Ctrl Pts',(136.326581701208,-5.,-0.934590048622908));
#7029=CARTESIAN_POINT('Ctrl Pts',(135.27511543174,-5.,0.762116184452668));
#7030=CARTESIAN_POINT('Ctrl Pts',(134.007464689631,-5.,2.3025730308215));
#7031=CARTESIAN_POINT('Ctrl Pts',(133.492503166199,-5.,2.92835738769195));
#7032=CARTESIAN_POINT('',(136.950907707214,0.,-1.94203827270844));
#7033=CARTESIAN_POINT('Origin',(140.613932609558,0.,-7.79469940552094));
#7034=CARTESIAN_POINT('',(140.613932609558,0.,-7.79469940552094));
#7035=CARTESIAN_POINT('',(136.950907707214,0.,-1.94203827270844));
#7036=CARTESIAN_POINT('',(140.613932609558,-5.,-7.79469940552094));
#7037=CARTESIAN_POINT('',(136.950907707214,-5.,-1.94203827270844));
#7038=CARTESIAN_POINT('',(140.613932609558,0.,-7.79469940552094));
#7039=CARTESIAN_POINT('Origin',(133.369727134705,0.,-7.79469940552094));
#7040=CARTESIAN_POINT('',(133.369727134705,0.,-7.79469940552094));
#7041=CARTESIAN_POINT('',(140.613932609558,0.,-7.79469940552094));
#7042=CARTESIAN_POINT('',(133.369727134705,-5.,-7.79469940552094));
#7043=CARTESIAN_POINT('',(140.613932609558,-5.,-7.79469940552094));
#7044=CARTESIAN_POINT('',(133.369727134705,0.,-7.79469940552094));
#7045=CARTESIAN_POINT('Origin',(128.990454673767,0.,-1.26673195251801));
#7046=CARTESIAN_POINT('',(128.990454673767,0.,-1.26673195251801));
#7047=CARTESIAN_POINT('',(133.369727134705,0.,-7.79469940552094));
#7048=CARTESIAN_POINT('',(128.990454673767,-5.,-1.26673195251801));
#7049=CARTESIAN_POINT('',(133.369727134705,-5.,-7.79469940552094));
#7050=CARTESIAN_POINT('',(128.990454673767,0.,-1.26673195251801));
#7051=CARTESIAN_POINT('Ctrl Pts',(125.798106193542,0.,3.13299443832062));
#7052=CARTESIAN_POINT('Ctrl Pts',(125.798106193542,-5.,3.13299443832062));
#7053=CARTESIAN_POINT('Ctrl Pts',(126.213773861834,0.,2.62100697556742));
#7054=CARTESIAN_POINT('Ctrl Pts',(126.213773861834,-5.,2.62100697556742));
#7055=CARTESIAN_POINT('Ctrl Pts',(127.356968015991,0.,1.21290834517281));
#7056=CARTESIAN_POINT('Ctrl Pts',(127.356968015991,-5.,1.21290834517281));
#7057=CARTESIAN_POINT('Ctrl Pts',(128.355188893076,0.,-0.302395560758732));
#7058=CARTESIAN_POINT('Ctrl Pts',(128.355188893076,-5.,-0.302395560758732));
#7059=CARTESIAN_POINT('Ctrl Pts',(128.990454673767,0.,-1.26673195251801));
#7060=CARTESIAN_POINT('Ctrl Pts',(128.990454673767,-5.,-1.26673195251801));
#7061=CARTESIAN_POINT('',(125.798106193542,0.,3.13299443832062));
#7062=CARTESIAN_POINT('Ctrl Pts',(128.990454673767,0.,-1.26673195251801));
#7063=CARTESIAN_POINT('Ctrl Pts',(128.355188893076,0.,-0.302395560758733));
#7064=CARTESIAN_POINT('Ctrl Pts',(127.356968015991,0.,1.21290834517281));
#7065=CARTESIAN_POINT('Ctrl Pts',(126.213773861834,0.,2.62100697556742));
#7066=CARTESIAN_POINT('Ctrl Pts',(125.798106193542,0.,3.13299443832062));
#7067=CARTESIAN_POINT('',(125.798106193542,-5.,3.13299443832062));
#7068=CARTESIAN_POINT('Ctrl Pts',(125.798106193542,-5.,3.13299443832062));
#7069=CARTESIAN_POINT('Ctrl Pts',(126.213773861834,-5.,2.62100697556742));
#7070=CARTESIAN_POINT('Ctrl Pts',(127.356968015991,-5.,1.21290834517281));
#7071=CARTESIAN_POINT('Ctrl Pts',(128.355188893076,-5.,-0.302395560758733));
#7072=CARTESIAN_POINT('Ctrl Pts',(128.990454673767,-5.,-1.26673195251801));
#7073=CARTESIAN_POINT('',(125.798106193542,0.,3.13299443832062));
#7074=CARTESIAN_POINT('Ctrl Pts',(123.976817131042,0.,4.38129212966583));
#7075=CARTESIAN_POINT('Ctrl Pts',(123.976817131042,-5.,4.38129212966583));
#7076=CARTESIAN_POINT('Ctrl Pts',(124.300299896674,0.,4.23959274938023));
#7077=CARTESIAN_POINT('Ctrl Pts',(124.300299896674,-5.,4.23959274938023));
#7078=CARTESIAN_POINT('Ctrl Pts',(124.985645005807,0.,3.93938208110455));
#7079=CARTESIAN_POINT('Ctrl Pts',(124.985645005807,-5.,3.93938208110455));
#7080=CARTESIAN_POINT('Ctrl Pts',(125.517360378892,0.,3.41164154062525));
#7081=CARTESIAN_POINT('Ctrl Pts',(125.517360378892,-5.,3.41164154062525));
#7082=CARTESIAN_POINT('Ctrl Pts',(125.798106193542,0.,3.13299443832062));
#7083=CARTESIAN_POINT('Ctrl Pts',(125.798106193542,-5.,3.13299443832062));
#7084=CARTESIAN_POINT('',(123.976817131042,0.,4.38129212966583));
#7085=CARTESIAN_POINT('Ctrl Pts',(125.798106193542,0.,3.13299443832062));
#7086=CARTESIAN_POINT('Ctrl Pts',(125.517360378892,0.,3.41164154062525));
#7087=CARTESIAN_POINT('Ctrl Pts',(124.985645005807,0.,3.93938208110455));
#7088=CARTESIAN_POINT('Ctrl Pts',(124.300299896674,0.,4.23959274938023));
#7089=CARTESIAN_POINT('Ctrl Pts',(123.976817131042,0.,4.38129212966583));
#7090=CARTESIAN_POINT('',(123.976817131042,-5.,4.38129212966583));
#7091=CARTESIAN_POINT('Ctrl Pts',(123.976817131042,-5.,4.38129212966583));
#7092=CARTESIAN_POINT('Ctrl Pts',(124.300299896674,-5.,4.23959274938023));
#7093=CARTESIAN_POINT('Ctrl Pts',(124.985645005807,-5.,3.93938208110455));
#7094=CARTESIAN_POINT('Ctrl Pts',(125.517360378892,-5.,3.41164154062525));
#7095=CARTESIAN_POINT('Ctrl Pts',(125.798106193542,-5.,3.13299443832062));
#7096=CARTESIAN_POINT('',(123.976817131042,0.,4.38129212966583));
#7097=CARTESIAN_POINT('Ctrl Pts',(120.927710533142,0.,4.72917583099029));
#7098=CARTESIAN_POINT('Ctrl Pts',(120.927710533142,-5.,4.72917583099029));
#7099=CARTESIAN_POINT('Ctrl Pts',(121.533257806367,0.,4.72802630888919));
#7100=CARTESIAN_POINT('Ctrl Pts',(121.533257806367,-5.,4.72802630888919));
#7101=CARTESIAN_POINT('Ctrl Pts',(122.56424121101,0.,4.72606917315114));
#7102=CARTESIAN_POINT('Ctrl Pts',(122.56424121101,-5.,4.72606917315114));
#7103=CARTESIAN_POINT('Ctrl Pts',(123.564188201072,0.,4.48200528816892));
#7104=CARTESIAN_POINT('Ctrl Pts',(123.564188201072,-5.,4.48200528816892));
#7105=CARTESIAN_POINT('Ctrl Pts',(123.976817131042,0.,4.38129212966583));
#7106=CARTESIAN_POINT('Ctrl Pts',(123.976817131042,-5.,4.38129212966583));
#7107=CARTESIAN_POINT('',(120.927710533142,0.,4.72917583099029));
#7108=CARTESIAN_POINT('Ctrl Pts',(123.976817131042,0.,4.38129212966583));
#7109=CARTESIAN_POINT('Ctrl Pts',(123.564188201072,0.,4.48200528816892));
#7110=CARTESIAN_POINT('Ctrl Pts',(122.56424121101,0.,4.72606917315114));
#7111=CARTESIAN_POINT('Ctrl Pts',(121.533257806367,0.,4.72802630888919));
#7112=CARTESIAN_POINT('Ctrl Pts',(120.927710533142,0.,4.72917583099029));
#7113=CARTESIAN_POINT('',(120.927710533142,-5.,4.72917583099029));
#7114=CARTESIAN_POINT('Ctrl Pts',(120.927710533142,-5.,4.72917583099029));
#7115=CARTESIAN_POINT('Ctrl Pts',(121.533257806367,-5.,4.72802630888919));
#7116=CARTESIAN_POINT('Ctrl Pts',(122.56424121101,-5.,4.72606917315114));
#7117=CARTESIAN_POINT('Ctrl Pts',(123.564188201072,-5.,4.48200528816892));
#7118=CARTESIAN_POINT('Ctrl Pts',(123.976817131042,-5.,4.38129212966583));
#7119=CARTESIAN_POINT('',(120.927710533142,0.,4.72917583099029));
#7120=CARTESIAN_POINT('Origin',(119.699873924255,0.,4.72917583099029));
#7121=CARTESIAN_POINT('',(119.699873924255,0.,4.72917583099029));
#7122=CARTESIAN_POINT('',(120.927710533142,0.,4.72917583099029));
#7123=CARTESIAN_POINT('',(119.699873924255,-5.,4.72917583099029));
#7124=CARTESIAN_POINT('',(120.927710533142,-5.,4.72917583099029));
#7125=CARTESIAN_POINT('',(119.699873924255,0.,4.72917583099029));
#7126=CARTESIAN_POINT('Origin',(119.699873924255,0.,-7.79469940552094));
#7127=CARTESIAN_POINT('',(119.699873924255,0.,-7.79469940552094));
#7128=CARTESIAN_POINT('',(119.699873924255,0.,4.72917583099029));
#7129=CARTESIAN_POINT('',(119.699873924255,-5.,-7.79469940552094));
#7130=CARTESIAN_POINT('',(119.699873924255,-5.,4.72917583099029));
#7131=CARTESIAN_POINT('',(119.699873924255,0.,-7.79469940552094));
#7132=CARTESIAN_POINT('Origin',(113.642573356628,0.,-7.79469940552094));
#7133=CARTESIAN_POINT('',(119.699873924255,0.,-7.79469940552094));
#7134=CARTESIAN_POINT('',(119.699873924255,-5.,-7.79469940552094));
#7135=CARTESIAN_POINT('Origin',(99.461133480072,-5.,7.0722868691983));
#7136=CARTESIAN_POINT('Origin',(99.461133480072,0.,7.0722868691983));
#7137=CARTESIAN_POINT('Origin',(168.600295066833,0.,1.37310531249664));
#7138=CARTESIAN_POINT('',(162.727168083191,0.,3.23531415572784));
#7139=CARTESIAN_POINT('',(168.600295066833,0.,1.37310531249664));
#7140=CARTESIAN_POINT('',(162.727168083191,0.,3.23531415572784));
#7141=CARTESIAN_POINT('',(162.727168083191,-5.,3.23531415572784));
#7142=CARTESIAN_POINT('',(162.727168083191,0.,3.23531415572784));
#7143=CARTESIAN_POINT('',(168.600295066833,-5.,1.37310531249664));
#7144=CARTESIAN_POINT('',(162.727168083191,-5.,3.23531415572784));
#7145=CARTESIAN_POINT('',(168.600295066833,0.,1.37310531249664));
#7146=CARTESIAN_POINT('Ctrl Pts',(164.098246574402,0.,-5.93248817810395));
#7147=CARTESIAN_POINT('Ctrl Pts',(164.098246574402,-5.,-5.93248817810395));
#7148=CARTESIAN_POINT('Ctrl Pts',(165.086384713026,0.,-4.98009068317217));
#7149=CARTESIAN_POINT('Ctrl Pts',(165.086384713026,-5.,-4.98009068317217));
#7150=CARTESIAN_POINT('Ctrl Pts',(167.206673628295,0.,-2.93649194681845));
#7151=CARTESIAN_POINT('Ctrl Pts',(167.206673628295,-5.,-2.93649194681845));
#7152=CARTESIAN_POINT('Ctrl Pts',(168.115185504952,0.,-0.127034381497504));
#7153=CARTESIAN_POINT('Ctrl Pts',(168.115185504952,-5.,-0.127034381497504));
#7154=CARTESIAN_POINT('Ctrl Pts',(168.600295066833,0.,1.37310531249664));
#7155=CARTESIAN_POINT('Ctrl Pts',(168.600295066833,-5.,1.37310531249664));
#7156=CARTESIAN_POINT('',(164.098246574402,0.,-5.93248817810395));
#7157=CARTESIAN_POINT('Ctrl Pts',(168.600295066833,0.,1.37310531249664));
#7158=CARTESIAN_POINT('Ctrl Pts',(168.115185504952,0.,-0.127034381497504));
#7159=CARTESIAN_POINT('Ctrl Pts',(167.206673628295,0.,-2.93649194681845));
#7160=CARTESIAN_POINT('Ctrl Pts',(165.086384713026,0.,-4.98009068317217));
#7161=CARTESIAN_POINT('Ctrl Pts',(164.098246574402,0.,-5.93248817810395));
#7162=CARTESIAN_POINT('',(164.098246574402,-5.,-5.93248817810395));
#7163=CARTESIAN_POINT('Ctrl Pts',(164.098246574402,-5.,-5.93248817810395));
#7164=CARTESIAN_POINT('Ctrl Pts',(165.086384713026,-5.,-4.98009068317217));
#7165=CARTESIAN_POINT('Ctrl Pts',(167.206673628295,-5.,-2.93649194681845));
#7166=CARTESIAN_POINT('Ctrl Pts',(168.115185504952,-5.,-0.127034381497504));
#7167=CARTESIAN_POINT('Ctrl Pts',(168.600295066833,-5.,1.37310531249664));
#7168=CARTESIAN_POINT('',(164.098246574402,0.,-5.93248817810395));
#7169=CARTESIAN_POINT('Ctrl Pts',(156.137812614441,0.,-8.30629560837128));
#7170=CARTESIAN_POINT('Ctrl Pts',(156.137812614441,-5.,-8.30629560837128));
#7171=CARTESIAN_POINT('Ctrl Pts',(157.643965952346,0.,-8.23132596478764));
#7172=CARTESIAN_POINT('Ctrl Pts',(157.643965952346,-5.,-8.23132596478764));
#7173=CARTESIAN_POINT('Ctrl Pts',(160.497613220888,0.,-8.08928404033555));
#7174=CARTESIAN_POINT('Ctrl Pts',(160.497613220888,-5.,-8.08928404033555));
#7175=CARTESIAN_POINT('Ctrl Pts',(162.943362375019,0.,-6.62426910052271));
#7176=CARTESIAN_POINT('Ctrl Pts',(162.943362375019,-5.,-6.62426910052271));
#7177=CARTESIAN_POINT('Ctrl Pts',(164.098246574402,0.,-5.93248817810395));
#7178=CARTESIAN_POINT('Ctrl Pts',(164.098246574402,-5.,-5.93248817810395));
#7179=CARTESIAN_POINT('',(156.137812614441,0.,-8.30629560837128));
#7180=CARTESIAN_POINT('Ctrl Pts',(164.098246574402,0.,-5.93248817810395));
#7181=CARTESIAN_POINT('Ctrl Pts',(162.943362375019,0.,-6.62426910052271));
#7182=CARTESIAN_POINT('Ctrl Pts',(160.497613220888,0.,-8.08928404033555));
#7183=CARTESIAN_POINT('Ctrl Pts',(157.643965952346,0.,-8.23132596478764));
#7184=CARTESIAN_POINT('Ctrl Pts',(156.137812614441,0.,-8.30629560837128));
#7185=CARTESIAN_POINT('',(156.137812614441,-5.,-8.30629560837128));
#7186=CARTESIAN_POINT('Ctrl Pts',(156.137812614441,-5.,-8.30629560837128));
#7187=CARTESIAN_POINT('Ctrl Pts',(157.643965952346,-5.,-8.23132596478764));
#7188=CARTESIAN_POINT('Ctrl Pts',(160.497613220888,-5.,-8.08928404033555));
#7189=CARTESIAN_POINT('Ctrl Pts',(162.943362375019,-5.,-6.62426910052271));
#7190=CARTESIAN_POINT('Ctrl Pts',(164.098246574402,-5.,-5.93248817810395));
#7191=CARTESIAN_POINT('',(156.137812614441,0.,-8.30629560837128));
#7192=CARTESIAN_POINT('Ctrl Pts',(146.31515789032,0.,-4.23398945221283));
#7193=CARTESIAN_POINT('Ctrl Pts',(146.31515789032,-5.,-4.23398945221283));
#7194=CARTESIAN_POINT('Ctrl Pts',(147.703832816052,0.,-5.42163338068269));
#7195=CARTESIAN_POINT('Ctrl Pts',(147.703832816052,-5.,-5.42163338068269));
#7196=CARTESIAN_POINT('Ctrl Pts',(150.532846999104,0.,-7.84110640190456));
#7197=CARTESIAN_POINT('Ctrl Pts',(150.532846999104,-5.,-7.84110640190456));
#7198=CARTESIAN_POINT('Ctrl Pts',(154.24688179214,0.,-8.149356089188));
#7199=CARTESIAN_POINT('Ctrl Pts',(154.24688179214,-5.,-8.149356089188));
#7200=CARTESIAN_POINT('Ctrl Pts',(156.137812614441,0.,-8.30629560837128));
#7201=CARTESIAN_POINT('Ctrl Pts',(156.137812614441,-5.,-8.30629560837128));
#7202=CARTESIAN_POINT('',(146.31515789032,0.,-4.23398945221283));
#7203=CARTESIAN_POINT('Ctrl Pts',(156.137812614441,0.,-8.30629560837128));
#7204=CARTESIAN_POINT('Ctrl Pts',(154.24688179214,0.,-8.149356089188));
#7205=CARTESIAN_POINT('Ctrl Pts',(150.532846999104,0.,-7.84110640190456));
#7206=CARTESIAN_POINT('Ctrl Pts',(147.703832816052,0.,-5.42163338068269));
#7207=CARTESIAN_POINT('Ctrl Pts',(146.31515789032,0.,-4.23398945221283));
#7208=CARTESIAN_POINT('',(146.31515789032,-5.,-4.23398945221283));
#7209=CARTESIAN_POINT('Ctrl Pts',(146.31515789032,-5.,-4.23398945221283));
#7210=CARTESIAN_POINT('Ctrl Pts',(147.703832816052,-5.,-5.42163338068269));
#7211=CARTESIAN_POINT('Ctrl Pts',(150.532846999104,-5.,-7.84110640190456));
#7212=CARTESIAN_POINT('Ctrl Pts',(154.24688179214,-5.,-8.149356089188));
#7213=CARTESIAN_POINT('Ctrl Pts',(156.137812614441,-5.,-8.30629560837128));
#7214=CARTESIAN_POINT('',(146.31515789032,0.,-4.23398945221283));
#7215=CARTESIAN_POINT('Ctrl Pts',(142.467959403992,0.,6.93927075973175));
#7216=CARTESIAN_POINT('Ctrl Pts',(142.467959403992,-5.,6.93927075973175));
#7217=CARTESIAN_POINT('Ctrl Pts',(142.58294839472,0.,4.75438755870957));
#7218=CARTESIAN_POINT('Ctrl Pts',(142.58294839472,-5.,4.75438755870957));
#7219=CARTESIAN_POINT('Ctrl Pts',(142.79907606023,0.,0.647788286403386));
#7220=CARTESIAN_POINT('Ctrl Pts',(142.79907606023,-5.,0.647788286403386));
#7221=CARTESIAN_POINT('Ctrl Pts',(145.19429566336,0.,-2.67776848465672));
#7222=CARTESIAN_POINT('Ctrl Pts',(145.19429566336,-5.,-2.67776848465672));
#7223=CARTESIAN_POINT('Ctrl Pts',(146.31515789032,0.,-4.23398945221283));
#7224=CARTESIAN_POINT('Ctrl Pts',(146.31515789032,-5.,-4.23398945221283));
#7225=CARTESIAN_POINT('',(142.467959403992,0.,6.93927075973175));
#7226=CARTESIAN_POINT('Ctrl Pts',(146.31515789032,0.,-4.23398945221283));
#7227=CARTESIAN_POINT('Ctrl Pts',(145.19429566336,0.,-2.67776848465672));
#7228=CARTESIAN_POINT('Ctrl Pts',(142.79907606023,0.,0.647788286403386));
#7229=CARTESIAN_POINT('Ctrl Pts',(142.58294839472,0.,4.75438755870957));
#7230=CARTESIAN_POINT('Ctrl Pts',(142.467959403992,0.,6.93927075973175));
#7231=CARTESIAN_POINT('',(142.467959403992,-5.,6.93927075973175));
#7232=CARTESIAN_POINT('Ctrl Pts',(142.467959403992,-5.,6.93927075973175));
#7233=CARTESIAN_POINT('Ctrl Pts',(142.58294839472,-5.,4.75438755870957));
#7234=CARTESIAN_POINT('Ctrl Pts',(142.79907606023,-5.,0.647788286403386));
#7235=CARTESIAN_POINT('Ctrl Pts',(145.19429566336,-5.,-2.67776848465672));
#7236=CARTESIAN_POINT('Ctrl Pts',(146.31515789032,-5.,-4.23398945221283));
#7237=CARTESIAN_POINT('',(142.467959403992,0.,6.93927075973175));
#7238=CARTESIAN_POINT('Ctrl Pts',(146.33562374115,0.,18.5627367745938));
#7239=CARTESIAN_POINT('Ctrl Pts',(146.33562374115,-5.,18.5627367745938));
#7240=CARTESIAN_POINT('Ctrl Pts',(145.20933759634,0.,16.9608632307815));
#7241=CARTESIAN_POINT('Ctrl Pts',(145.20933759634,-5.,16.9608632307815));
#7242=CARTESIAN_POINT('Ctrl Pts',(142.768219669125,0.,13.4889549213789));
#7243=CARTESIAN_POINT('Ctrl Pts',(142.768219669125,-5.,13.4889549213789));
#7244=CARTESIAN_POINT('Ctrl Pts',(142.573070433189,0.,9.23209509611469));
#7245=CARTESIAN_POINT('Ctrl Pts',(142.573070433189,-5.,9.23209509611469));
#7246=CARTESIAN_POINT('Ctrl Pts',(142.467959403992,0.,6.93927075973175));
#7247=CARTESIAN_POINT('Ctrl Pts',(142.467959403992,-5.,6.93927075973175));
#7248=CARTESIAN_POINT('',(146.33562374115,0.,18.5627367745938));
#7249=CARTESIAN_POINT('Ctrl Pts',(142.467959403992,0.,6.93927075973175));
#7250=CARTESIAN_POINT('Ctrl Pts',(142.573070433189,0.,9.23209509611469));
#7251=CARTESIAN_POINT('Ctrl Pts',(142.768219669125,0.,13.4889549213789));
#7252=CARTESIAN_POINT('Ctrl Pts',(145.20933759634,0.,16.9608632307815));
#7253=CARTESIAN_POINT('Ctrl Pts',(146.33562374115,0.,18.5627367745938));
#7254=CARTESIAN_POINT('',(146.33562374115,-5.,18.5627367745938));
#7255=CARTESIAN_POINT('Ctrl Pts',(146.33562374115,-5.,18.5627367745938));
#7256=CARTESIAN_POINT('Ctrl Pts',(145.20933759634,-5.,16.9608632307815));
#7257=CARTESIAN_POINT('Ctrl Pts',(142.768219669125,-5.,13.4889549213789));
#7258=CARTESIAN_POINT('Ctrl Pts',(142.573070433189,-5.,9.23209509611469));
#7259=CARTESIAN_POINT('Ctrl Pts',(142.467959403992,-5.,6.93927075973175));
#7260=CARTESIAN_POINT('',(146.33562374115,0.,18.5627367745938));
#7261=CARTESIAN_POINT('Ctrl Pts',(156.50615978241,0.,22.7168991815152));
#7262=CARTESIAN_POINT('Ctrl Pts',(156.50615978241,-5.,22.7168991815152));
#7263=CARTESIAN_POINT('Ctrl Pts',(154.527174692021,0.,22.5653276316229));
#7264=CARTESIAN_POINT('Ctrl Pts',(154.527174692021,-5.,22.5653276316229));
#7265=CARTESIAN_POINT('Ctrl Pts',(150.683421464302,0.,22.2709324707101));
#7266=CARTESIAN_POINT('Ctrl Pts',(150.683421464302,-5.,22.2709324707101));
#7267=CARTESIAN_POINT('Ctrl Pts',(147.755892518863,0.,19.7740706277766));
#7268=CARTESIAN_POINT('Ctrl Pts',(147.755892518863,-5.,19.7740706277766));
#7269=CARTESIAN_POINT('Ctrl Pts',(146.33562374115,0.,18.5627367745938));
#7270=CARTESIAN_POINT('Ctrl Pts',(146.33562374115,-5.,18.5627367745938));
#7271=CARTESIAN_POINT('',(156.50615978241,0.,22.7168991815152));
#7272=CARTESIAN_POINT('Ctrl Pts',(146.33562374115,0.,18.5627367745938));
#7273=CARTESIAN_POINT('Ctrl Pts',(147.755892518863,0.,19.7740706277766));
#7274=CARTESIAN_POINT('Ctrl Pts',(150.683421464302,0.,22.2709324707101));
#7275=CARTESIAN_POINT('Ctrl Pts',(154.527174692021,0.,22.5653276316229));
#7276=CARTESIAN_POINT('Ctrl Pts',(156.50615978241,0.,22.7168991815152));
#7277=CARTESIAN_POINT('',(156.50615978241,-5.,22.7168991815152));
#7278=CARTESIAN_POINT('Ctrl Pts',(156.50615978241,-5.,22.7168991815152));
#7279=CARTESIAN_POINT('Ctrl Pts',(154.527174692021,-5.,22.5653276316229));
#7280=CARTESIAN_POINT('Ctrl Pts',(150.683421464302,-5.,22.2709324707101));
#7281=CARTESIAN_POINT('Ctrl Pts',(147.755892518863,-5.,19.7740706277766));
#7282=CARTESIAN_POINT('Ctrl Pts',(146.33562374115,-5.,18.5627367745938));
#7283=CARTESIAN_POINT('',(156.50615978241,0.,22.7168991815152));
#7284=CARTESIAN_POINT('Ctrl Pts',(165.448859214783,0.,19.463145996243));
#7285=CARTESIAN_POINT('Ctrl Pts',(165.448859214783,-5.,19.463145996243));
#7286=CARTESIAN_POINT('Ctrl Pts',(164.181076248031,0.,20.4116994003897));
#7287=CARTESIAN_POINT('Ctrl Pts',(164.181076248031,-5.,20.4116994003897));
#7288=CARTESIAN_POINT('Ctrl Pts',(161.534487257069,0.,22.3918735016302));
#7289=CARTESIAN_POINT('Ctrl Pts',(161.534487257069,-5.,22.3918735016302));
#7290=CARTESIAN_POINT('Ctrl Pts',(158.228497140019,0.,22.6055691471311));
#7291=CARTESIAN_POINT('Ctrl Pts',(158.228497140019,-5.,22.6055691471311));
#7292=CARTESIAN_POINT('Ctrl Pts',(156.50615978241,0.,22.7168991815152));
#7293=CARTESIAN_POINT('Ctrl Pts',(156.50615978241,-5.,22.7168991815152));
#7294=CARTESIAN_POINT('',(165.448859214783,0.,19.463145996243));
#7295=CARTESIAN_POINT('Ctrl Pts',(156.50615978241,0.,22.7168991815152));
#7296=CARTESIAN_POINT('Ctrl Pts',(158.228497140019,0.,22.6055691471311));
#7297=CARTESIAN_POINT('Ctrl Pts',(161.534487257069,0.,22.3918735016302));
#7298=CARTESIAN_POINT('Ctrl Pts',(164.181076248031,0.,20.4116994003897));
#7299=CARTESIAN_POINT('Ctrl Pts',(165.448859214783,0.,19.463145996243));
#7300=CARTESIAN_POINT('',(165.448859214783,-5.,19.463145996243));
#7301=CARTESIAN_POINT('Ctrl Pts',(165.448859214783,-5.,19.463145996243));
#7302=CARTESIAN_POINT('Ctrl Pts',(164.181076248031,-5.,20.4116994003897));
#7303=CARTESIAN_POINT('Ctrl Pts',(161.534487257069,-5.,22.3918735016302));
#7304=CARTESIAN_POINT('Ctrl Pts',(158.228497140019,-5.,22.6055691471311));
#7305=CARTESIAN_POINT('Ctrl Pts',(156.50615978241,-5.,22.7168991815152));
#7306=CARTESIAN_POINT('',(165.448859214783,0.,19.463145996243));
#7307=CARTESIAN_POINT('Ctrl Pts',(168.518431663513,0.,13.9379074822964));
#7308=CARTESIAN_POINT('Ctrl Pts',(168.518431663513,-5.,13.9379074822964));
#7309=CARTESIAN_POINT('Ctrl Pts',(168.164095009873,0.,15.0395841635789));
#7310=CARTESIAN_POINT('Ctrl Pts',(168.164095009873,-5.,15.0395841635789));
#7311=CARTESIAN_POINT('Ctrl Pts',(167.505075170078,0.,17.0885587264633));
#7312=CARTESIAN_POINT('Ctrl Pts',(167.505075170078,-5.,17.0885587264633));
#7313=CARTESIAN_POINT('Ctrl Pts',(166.098949970766,0.,18.7123993495284));
#7314=CARTESIAN_POINT('Ctrl Pts',(166.098949970766,-5.,18.7123993495284));
#7315=CARTESIAN_POINT('Ctrl Pts',(165.448859214783,0.,19.463145996243));
#7316=CARTESIAN_POINT('Ctrl Pts',(165.448859214783,-5.,19.463145996243));
#7317=CARTESIAN_POINT('',(168.518431663513,0.,13.9379074822964));
#7318=CARTESIAN_POINT('Ctrl Pts',(165.448859214783,0.,19.463145996243));
#7319=CARTESIAN_POINT('Ctrl Pts',(166.098949970766,0.,18.7123993495284));
#7320=CARTESIAN_POINT('Ctrl Pts',(167.505075170078,0.,17.0885587264633));
#7321=CARTESIAN_POINT('Ctrl Pts',(168.164095009873,0.,15.0395841635789));
#7322=CARTESIAN_POINT('Ctrl Pts',(168.518431663513,0.,13.9379074822964));
#7323=CARTESIAN_POINT('',(168.518431663513,-5.,13.9379074822964));
#7324=CARTESIAN_POINT('Ctrl Pts',(168.518431663513,-5.,13.9379074822964));
#7325=CARTESIAN_POINT('Ctrl Pts',(168.164095009873,-5.,15.0395841635789));
#7326=CARTESIAN_POINT('Ctrl Pts',(167.505075170078,-5.,17.0885587264633));
#7327=CARTESIAN_POINT('Ctrl Pts',(166.098949970766,-5.,18.7123993495284));
#7328=CARTESIAN_POINT('Ctrl Pts',(165.448859214783,-5.,19.463145996243));
#7329=CARTESIAN_POINT('',(168.518431663513,0.,13.9379074822964));
#7330=CARTESIAN_POINT('Origin',(162.522528648376,0.,12.5054385911526));
#7331=CARTESIAN_POINT('',(162.522528648376,0.,12.5054385911526));
#7332=CARTESIAN_POINT('',(168.518431663513,0.,13.9379074822964));
#7333=CARTESIAN_POINT('',(162.522528648376,-5.,12.5054385911526));
#7334=CARTESIAN_POINT('',(168.518431663513,-5.,13.9379074822964));
#7335=CARTESIAN_POINT('',(162.522528648376,0.,12.5054385911526));
#7336=CARTESIAN_POINT('Ctrl Pts',(160.291960716248,0.,16.1889317285123));
#7337=CARTESIAN_POINT('Ctrl Pts',(160.291960716248,-5.,16.1889317285123));
#7338=CARTESIAN_POINT('Ctrl Pts',(160.811697989445,0.,15.6879399871617));
#7339=CARTESIAN_POINT('Ctrl Pts',(160.811697989445,-5.,15.6879399871617));
#7340=CARTESIAN_POINT('Ctrl Pts',(161.879565504611,0.,14.6585875940515));
#7341=CARTESIAN_POINT('Ctrl Pts',(161.879565504611,-5.,14.6585875940515));
#7342=CARTESIAN_POINT('Ctrl Pts',(162.304441994473,0.,13.235765151782));
#7343=CARTESIAN_POINT('Ctrl Pts',(162.304441994473,-5.,13.235765151782));
#7344=CARTESIAN_POINT('Ctrl Pts',(162.522528648376,0.,12.5054385911526));
#7345=CARTESIAN_POINT('Ctrl Pts',(162.522528648376,-5.,12.5054385911526));
#7346=CARTESIAN_POINT('',(160.291960716248,0.,16.1889317285123));
#7347=CARTESIAN_POINT('Ctrl Pts',(162.522528648376,0.,12.5054385911526));
#7348=CARTESIAN_POINT('Ctrl Pts',(162.304441994473,0.,13.235765151782));
#7349=CARTESIAN_POINT('Ctrl Pts',(161.879565504611,0.,14.6585875940515));
#7350=CARTESIAN_POINT('Ctrl Pts',(160.811697989445,0.,15.6879399871617));
#7351=CARTESIAN_POINT('Ctrl Pts',(160.291960716248,0.,16.1889317285123));
#7352=CARTESIAN_POINT('',(160.291960716248,-5.,16.1889317285123));
#7353=CARTESIAN_POINT('Ctrl Pts',(160.291960716248,-5.,16.1889317285123));
#7354=CARTESIAN_POINT('Ctrl Pts',(160.811697989445,-5.,15.6879399871617));
#7355=CARTESIAN_POINT('Ctrl Pts',(161.879565504611,-5.,14.6585875940515));
#7356=CARTESIAN_POINT('Ctrl Pts',(162.304441994473,-5.,13.235765151782));
#7357=CARTESIAN_POINT('Ctrl Pts',(162.522528648376,-5.,12.5054385911526));
#7358=CARTESIAN_POINT('',(160.291960716248,0.,16.1889317285123));
#7359=CARTESIAN_POINT('Ctrl Pts',(156.199191093445,0.,17.5395443688931));
#7360=CARTESIAN_POINT('Ctrl Pts',(156.199191093445,-5.,17.5395443688931));
#7361=CARTESIAN_POINT('Ctrl Pts',(156.964092637593,0.,17.4906072811998));
#7362=CARTESIAN_POINT('Ctrl Pts',(156.964092637593,-5.,17.4906072811998));
#7363=CARTESIAN_POINT('Ctrl Pts',(158.447749790349,0.,17.3956854435507));
#7364=CARTESIAN_POINT('Ctrl Pts',(158.447749790349,-5.,17.3956854435507));
#7365=CARTESIAN_POINT('Ctrl Pts',(159.690103984531,0.,16.5827548193098));
#7366=CARTESIAN_POINT('Ctrl Pts',(159.690103984531,-5.,16.5827548193098));
#7367=CARTESIAN_POINT('Ctrl Pts',(160.291960716248,0.,16.1889317285123));
#7368=CARTESIAN_POINT('Ctrl Pts',(160.291960716248,-5.,16.1889317285123));
#7369=CARTESIAN_POINT('',(156.199191093445,0.,17.5395443688931));
#7370=CARTESIAN_POINT('Ctrl Pts',(160.291960716248,0.,16.1889317285123));
#7371=CARTESIAN_POINT('Ctrl Pts',(159.690103984531,0.,16.5827548193098));
#7372=CARTESIAN_POINT('Ctrl Pts',(158.447749790349,0.,17.3956854435507));
#7373=CARTESIAN_POINT('Ctrl Pts',(156.964092637593,0.,17.4906072811998));
#7374=CARTESIAN_POINT('Ctrl Pts',(156.199191093445,0.,17.5395443688931));
#7375=CARTESIAN_POINT('',(156.199191093445,-5.,17.5395443688931));
#7376=CARTESIAN_POINT('Ctrl Pts',(156.199191093445,-5.,17.5395443688931));
#7377=CARTESIAN_POINT('Ctrl Pts',(156.964092637593,-5.,17.4906072811998));
#7378=CARTESIAN_POINT('Ctrl Pts',(158.447749790349,-5.,17.3956854435507));
#7379=CARTESIAN_POINT('Ctrl Pts',(159.690103984531,-5.,16.5827548193098));
#7380=CARTESIAN_POINT('Ctrl Pts',(160.291960716248,-5.,16.1889317285123));
#7381=CARTESIAN_POINT('',(156.199191093445,0.,17.5395443688931));
#7382=CARTESIAN_POINT('Ctrl Pts',(150.776274681091,0.,15.1452758561673));
#7383=CARTESIAN_POINT('Ctrl Pts',(150.776274681091,-5.,15.1452758561673));
#7384=CARTESIAN_POINT('Ctrl Pts',(151.531661512655,0.,15.843565749874));
#7385=CARTESIAN_POINT('Ctrl Pts',(151.531661512655,-5.,15.843565749874));
#7386=CARTESIAN_POINT('Ctrl Pts',(153.063929261342,0.,17.2600149632476));
#7387=CARTESIAN_POINT('Ctrl Pts',(153.063929261342,-5.,17.2600149632476));
#7388=CARTESIAN_POINT('Ctrl Pts',(155.144375903929,0.,17.4455005923983));
#7389=CARTESIAN_POINT('Ctrl Pts',(155.144375903929,-5.,17.4455005923983));
#7390=CARTESIAN_POINT('Ctrl Pts',(156.199191093445,0.,17.5395443688931));
#7391=CARTESIAN_POINT('Ctrl Pts',(156.199191093445,-5.,17.5395443688931));
#7392=CARTESIAN_POINT('',(150.776274681091,0.,15.1452758561673));
#7393=CARTESIAN_POINT('Ctrl Pts',(156.199191093445,0.,17.5395443688931));
#7394=CARTESIAN_POINT('Ctrl Pts',(155.144375903929,0.,17.4455005923983));
#7395=CARTESIAN_POINT('Ctrl Pts',(153.063929261342,0.,17.2600149632476));
#7396=CARTESIAN_POINT('Ctrl Pts',(151.531661512655,0.,15.843565749874));
#7397=CARTESIAN_POINT('Ctrl Pts',(150.776274681091,0.,15.1452758561673));
#7398=CARTESIAN_POINT('',(150.776274681091,-5.,15.1452758561673));
#7399=CARTESIAN_POINT('Ctrl Pts',(150.776274681091,-5.,15.1452758561673));
#7400=CARTESIAN_POINT('Ctrl Pts',(151.531661512655,-5.,15.843565749874));
#7401=CARTESIAN_POINT('Ctrl Pts',(153.063929261342,-5.,17.2600149632476));
#7402=CARTESIAN_POINT('Ctrl Pts',(155.144375903929,-5.,17.4455005923983));
#7403=CARTESIAN_POINT('Ctrl Pts',(156.199191093445,-5.,17.5395443688931));
#7404=CARTESIAN_POINT('',(150.776274681091,0.,15.1452758561673));
#7405=CARTESIAN_POINT('Ctrl Pts',(148.709433555603,0.,7.38947656264923));
#7406=CARTESIAN_POINT('Ctrl Pts',(148.709433555603,-5.,7.38947656264923));
#7407=CARTESIAN_POINT('Ctrl Pts',(148.734917070313,0.,8.97241163183981));
#7408=CARTESIAN_POINT('Ctrl Pts',(148.734917070313,-5.,8.97241163183981));
#7409=CARTESIAN_POINT('Ctrl Pts',(148.779578405679,0.,11.7465970136563));
#7410=CARTESIAN_POINT('Ctrl Pts',(148.779578405679,-5.,11.7465970136563));
#7411=CARTESIAN_POINT('Ctrl Pts',(150.176450287107,0.,14.1242840798209));
#7412=CARTESIAN_POINT('Ctrl Pts',(150.176450287107,-5.,14.1242840798209));
#7413=CARTESIAN_POINT('Ctrl Pts',(150.776274681091,0.,15.1452758561673));
#7414=CARTESIAN_POINT('Ctrl Pts',(150.776274681091,-5.,15.1452758561673));
#7415=CARTESIAN_POINT('',(148.709433555603,0.,7.38947656264923));
#7416=CARTESIAN_POINT('Ctrl Pts',(150.776274681091,0.,15.1452758561673));
#7417=CARTESIAN_POINT('Ctrl Pts',(150.176450287107,0.,14.1242840798209));
#7418=CARTESIAN_POINT('Ctrl Pts',(148.779578405679,0.,11.7465970136563));
#7419=CARTESIAN_POINT('Ctrl Pts',(148.734917070313,0.,8.97241163183981));
#7420=CARTESIAN_POINT('Ctrl Pts',(148.709433555603,0.,7.38947656264923));
#7421=CARTESIAN_POINT('',(148.709433555603,-5.,7.38947656264923));
#7422=CARTESIAN_POINT('Ctrl Pts',(148.709433555603,-5.,7.38947656264923));
#7423=CARTESIAN_POINT('Ctrl Pts',(148.734917070313,-5.,8.97241163183981));
#7424=CARTESIAN_POINT('Ctrl Pts',(148.779578405679,-5.,11.7465970136563));
#7425=CARTESIAN_POINT('Ctrl Pts',(150.176450287107,-5.,14.1242840798209));
#7426=CARTESIAN_POINT('Ctrl Pts',(150.776274681091,-5.,15.1452758561673));
#7427=CARTESIAN_POINT('',(148.709433555603,0.,7.38947656264923));
#7428=CARTESIAN_POINT('Ctrl Pts',(150.755808830261,0.,-0.714208816379092));
#7429=CARTESIAN_POINT('Ctrl Pts',(150.755808830261,-5.,-0.714208816379092));
#7430=CARTESIAN_POINT('Ctrl Pts',(150.16252484062,0.,0.340599308683496));
#7431=CARTESIAN_POINT('Ctrl Pts',(150.16252484062,-5.,0.340599308683496));
#7432=CARTESIAN_POINT('Ctrl Pts',(148.757456246311,0.,2.83869094004849));
#7433=CARTESIAN_POINT('Ctrl Pts',(148.757456246311,-5.,2.83869094004849));
#7434=CARTESIAN_POINT('Ctrl Pts',(148.727018879254,0.,5.72303436915));
#7435=CARTESIAN_POINT('Ctrl Pts',(148.727018879254,-5.,5.72303436915));
#7436=CARTESIAN_POINT('Ctrl Pts',(148.709433555603,0.,7.38947656264923));
#7437=CARTESIAN_POINT('Ctrl Pts',(148.709433555603,-5.,7.38947656264923));
#7438=CARTESIAN_POINT('',(150.755808830261,0.,-0.714208816379092));
#7439=CARTESIAN_POINT('Ctrl Pts',(148.709433555603,0.,7.38947656264923));
#7440=CARTESIAN_POINT('Ctrl Pts',(148.727018879254,0.,5.72303436915));
#7441=CARTESIAN_POINT('Ctrl Pts',(148.757456246311,0.,2.83869094004849));
#7442=CARTESIAN_POINT('Ctrl Pts',(150.16252484062,0.,0.340599308683496));
#7443=CARTESIAN_POINT('Ctrl Pts',(150.755808830261,0.,-0.714208816379092));
#7444=CARTESIAN_POINT('',(150.755808830261,-5.,-0.714208816379092));
#7445=CARTESIAN_POINT('Ctrl Pts',(150.755808830261,-5.,-0.714208816379092));
#7446=CARTESIAN_POINT('Ctrl Pts',(150.16252484062,-5.,0.340599308683496));
#7447=CARTESIAN_POINT('Ctrl Pts',(148.757456246311,-5.,2.83869094004849));
#7448=CARTESIAN_POINT('Ctrl Pts',(148.727018879254,-5.,5.72303436915));
#7449=CARTESIAN_POINT('Ctrl Pts',(148.709433555603,-5.,7.38947656264923));
#7450=CARTESIAN_POINT('',(150.755808830261,0.,-0.714208816379092));
#7451=CARTESIAN_POINT('Ctrl Pts',(156.076415061951,0.,-3.12894079574921));
#7452=CARTESIAN_POINT('Ctrl Pts',(156.076415061951,-5.,-3.12894079574921));
#7453=CARTESIAN_POINT('Ctrl Pts',(155.039570908421,0.,-3.03231049887324));
#7454=CARTESIAN_POINT('Ctrl Pts',(155.039570908421,-5.,-3.03231049887324));
#7455=CARTESIAN_POINT('Ctrl Pts',(152.985919790668,0.,-2.84091730201472));
#7456=CARTESIAN_POINT('Ctrl Pts',(152.985919790668,-5.,-2.84091730201472));
#7457=CARTESIAN_POINT('Ctrl Pts',(151.494328065825,0.,-1.41848548824136));
#7458=CARTESIAN_POINT('Ctrl Pts',(151.494328065825,-5.,-1.41848548824136));
#7459=CARTESIAN_POINT('Ctrl Pts',(150.755808830261,0.,-0.714208816379092));
#7460=CARTESIAN_POINT('Ctrl Pts',(150.755808830261,-5.,-0.714208816379092));
#7461=CARTESIAN_POINT('',(156.076415061951,0.,-3.12894079574921));
#7462=CARTESIAN_POINT('Ctrl Pts',(150.755808830261,0.,-0.714208816379092));
#7463=CARTESIAN_POINT('Ctrl Pts',(151.494328065825,0.,-1.41848548824136));
#7464=CARTESIAN_POINT('Ctrl Pts',(152.985919790668,0.,-2.84091730201472));
#7465=CARTESIAN_POINT('Ctrl Pts',(155.039570908421,0.,-3.03231049887324));
#7466=CARTESIAN_POINT('Ctrl Pts',(156.076415061951,0.,-3.12894079574921));
#7467=CARTESIAN_POINT('',(156.076415061951,-5.,-3.12894079574921));
#7468=CARTESIAN_POINT('Ctrl Pts',(156.076415061951,-5.,-3.12894079574921));
#7469=CARTESIAN_POINT('Ctrl Pts',(155.039570908421,-5.,-3.03231049887324));
#7470=CARTESIAN_POINT('Ctrl Pts',(152.985919790668,-5.,-2.84091730201472));
#7471=CARTESIAN_POINT('Ctrl Pts',(151.494328065825,-5.,-1.41848548824136));
#7472=CARTESIAN_POINT('Ctrl Pts',(150.755808830261,-5.,-0.714208816379092));
#7473=CARTESIAN_POINT('',(156.076415061951,0.,-3.12894079574921));
#7474=CARTESIAN_POINT('Ctrl Pts',(160.230582237244,0.,-1.59415457138397));
#7475=CARTESIAN_POINT('Ctrl Pts',(160.230582237244,-5.,-1.59415457138397));
#7476=CARTESIAN_POINT('Ctrl Pts',(159.618267125525,0.,-2.04178505748724));
#7477=CARTESIAN_POINT('Ctrl Pts',(159.618267125525,-5.,-2.04178505748724));
#7478=CARTESIAN_POINT('Ctrl Pts',(158.379931076164,0.,-2.94706561830526));
#7479=CARTESIAN_POINT('Ctrl Pts',(158.379931076164,-5.,-2.94706561830526));
#7480=CARTESIAN_POINT('Ctrl Pts',(156.849898501627,0.,-3.067870051299));
#7481=CARTESIAN_POINT('Ctrl Pts',(156.849898501627,-5.,-3.067870051299));
#7482=CARTESIAN_POINT('Ctrl Pts',(156.076415061951,0.,-3.12894079574921));
#7483=CARTESIAN_POINT('Ctrl Pts',(156.076415061951,-5.,-3.12894079574921));
#7484=CARTESIAN_POINT('',(160.230582237244,0.,-1.59415457138397));
#7485=CARTESIAN_POINT('Ctrl Pts',(156.076415061951,0.,-3.12894079574921));
#7486=CARTESIAN_POINT('Ctrl Pts',(156.849898501627,0.,-3.067870051299));
#7487=CARTESIAN_POINT('Ctrl Pts',(158.379931076164,0.,-2.94706561830526));
#7488=CARTESIAN_POINT('Ctrl Pts',(159.618267125525,0.,-2.04178505748724));
#7489=CARTESIAN_POINT('Ctrl Pts',(160.230582237244,0.,-1.59415457138397));
#7490=CARTESIAN_POINT('',(160.230582237244,-5.,-1.59415457138397));
#7491=CARTESIAN_POINT('Ctrl Pts',(160.230582237244,-5.,-1.59415457138397));
#7492=CARTESIAN_POINT('Ctrl Pts',(159.618267125525,-5.,-2.04178505748724));
#7493=CARTESIAN_POINT('Ctrl Pts',(158.379931076164,-5.,-2.94706561830526));
#7494=CARTESIAN_POINT('Ctrl Pts',(156.849898501627,-5.,-3.067870051299));
#7495=CARTESIAN_POINT('Ctrl Pts',(156.076415061951,-5.,-3.12894079574921));
#7496=CARTESIAN_POINT('',(160.230582237244,0.,-1.59415457138397));
#7497=CARTESIAN_POINT('Ctrl Pts',(162.727168083191,0.,3.23531415572784));
#7498=CARTESIAN_POINT('Ctrl Pts',(162.727168083191,-5.,3.23531415572784));
#7499=CARTESIAN_POINT('Ctrl Pts',(162.468327231013,0.,2.24326380810873));
#7500=CARTESIAN_POINT('Ctrl Pts',(162.468327231013,-5.,2.24326380810873));
#7501=CARTESIAN_POINT('Ctrl Pts',(161.997657964953,0.,0.43934605293789));
#7502=CARTESIAN_POINT('Ctrl Pts',(161.997657964953,-5.,0.43934605293789));
#7503=CARTESIAN_POINT('Ctrl Pts',(160.779033696655,0.,-0.963012188725645));
#7504=CARTESIAN_POINT('Ctrl Pts',(160.779033696655,-5.,-0.963012188725645));
#7505=CARTESIAN_POINT('Ctrl Pts',(160.230582237244,0.,-1.59415457138397));
#7506=CARTESIAN_POINT('Ctrl Pts',(160.230582237244,-5.,-1.59415457138397));
#7507=CARTESIAN_POINT('Ctrl Pts',(160.230582237244,0.,-1.59415457138397));
#7508=CARTESIAN_POINT('Ctrl Pts',(160.779033696655,0.,-0.963012188725645));
#7509=CARTESIAN_POINT('Ctrl Pts',(161.997657964953,0.,0.43934605293789));
#7510=CARTESIAN_POINT('Ctrl Pts',(162.468327231013,0.,2.24326380810873));
#7511=CARTESIAN_POINT('Ctrl Pts',(162.727168083191,0.,3.23531415572784));
#7512=CARTESIAN_POINT('Ctrl Pts',(162.727168083191,-5.,3.23531415572784));
#7513=CARTESIAN_POINT('Ctrl Pts',(162.468327231013,-5.,2.24326380810873));
#7514=CARTESIAN_POINT('Ctrl Pts',(161.997657964953,-5.,0.43934605293789));
#7515=CARTESIAN_POINT('Ctrl Pts',(160.779033696655,-5.,-0.963012188725645));
#7516=CARTESIAN_POINT('Ctrl Pts',(160.230582237244,-5.,-1.59415457138397));
#7517=CARTESIAN_POINT('Origin',(87.461133480072,-5.,7.0722868691983));
#7518=CARTESIAN_POINT('Origin',(87.461133480072,0.,7.0722868691983));
#7519=CARTESIAN_POINT('Origin',(79.461133480072,-4.,7.0722868691983));
#7520=CARTESIAN_POINT('',(171.93727016449,-4.,-7.79469940552094));
#7521=CARTESIAN_POINT('',(165.879969596863,-4.,-7.79469940552094));
#7522=CARTESIAN_POINT('',(122.670551538467,-4.,-7.79469940552094));
#7523=CARTESIAN_POINT('',(171.93727016449,-4.,1.27078559508941));
#7524=CARTESIAN_POINT('',(171.93727016449,-4.,-0.361206268161318));
#7525=CARTESIAN_POINT('',(176.84859752655,-4.,6.28442790618561));
#7526=CARTESIAN_POINT('',(150.74491338836,-4.,-20.3630597529985));
#7527=CARTESIAN_POINT('',(185.09551525116,-4.,-7.79469940552094));
#7528=CARTESIAN_POINT('',(164.237561153836,-4.,27.8139729499273));
#7529=CARTESIAN_POINT('',(192.933173179626,-4.,-7.79469940552094));
#7530=CARTESIAN_POINT('',(132.278324365616,-4.,-7.79469940552094));
#7531=CARTESIAN_POINT('',(181.023211479187,-4.,10.520445371777));
#7532=CARTESIAN_POINT('',(172.674425203554,-4.,23.3592128841266));
#7533=CARTESIAN_POINT('',(192.319254875183,-4.,22.2053029786649));
#7534=CARTESIAN_POINT('',(155.630065032438,-4.,-15.7467430604379));
#7535=CARTESIAN_POINT('',(184.174647331238,-4.,22.2053029786649));
#7536=CARTESIAN_POINT('',(135.890194177628,-4.,22.2053029786649));
#7537=CARTESIAN_POINT('',(171.93727016449,-4.,8.88333585372589));
#7538=CARTESIAN_POINT('',(156.444338033742,-4.,-7.98272373586996));
#7539=CARTESIAN_POINT('',(171.93727016449,-4.,22.2053029786649));
#7540=CARTESIAN_POINT('',(171.93727016449,-4.,7.97781136146209));
#7541=CARTESIAN_POINT('',(165.879969596863,-4.,22.2053029786649));
#7542=CARTESIAN_POINT('',(125.699201822281,-4.,22.2053029786649));
#7543=CARTESIAN_POINT('',(165.879969596863,-4.,14.6387949239316));
#7544=CARTESIAN_POINT('Origin',(192.933173179626,0.,-7.79469940552094));
#7545=CARTESIAN_POINT('',(192.933173179626,0.,-7.79469940552094));
#7546=CARTESIAN_POINT('',(192.933173179626,0.,-7.79469940552094));
#7547=CARTESIAN_POINT('',(181.023211479187,0.,10.520445371777));
#7548=CARTESIAN_POINT('',(181.023211479187,0.,10.520445371777));
#7549=CARTESIAN_POINT('',(181.023211479187,0.,10.520445371777));
#7550=CARTESIAN_POINT('Origin',(185.09551525116,0.,-7.79469940552094));
#7551=CARTESIAN_POINT('',(185.09551525116,0.,-7.79469940552094));
#7552=CARTESIAN_POINT('',(185.09551525116,0.,-7.79469940552094));
#7553=CARTESIAN_POINT('',(192.933173179626,0.,-7.79469940552094));
#7554=CARTESIAN_POINT('Origin',(176.84859752655,0.,6.2844279061856));
#7555=CARTESIAN_POINT('',(176.84859752655,0.,6.28442790618561));
#7556=CARTESIAN_POINT('',(176.84859752655,0.,6.28442790618561));
#7557=CARTESIAN_POINT('',(185.09551525116,0.,-7.79469940552094));
#7558=CARTESIAN_POINT('Origin',(171.93727016449,0.,1.27078559508941));
#7559=CARTESIAN_POINT('',(171.93727016449,0.,1.27078559508941));
#7560=CARTESIAN_POINT('',(171.93727016449,0.,1.27078559508941));
#7561=CARTESIAN_POINT('',(176.84859752655,0.,6.28442790618561));
#7562=CARTESIAN_POINT('Origin',(171.93727016449,0.,-7.79469940552094));
#7563=CARTESIAN_POINT('',(171.93727016449,0.,-7.79469940552094));
#7564=CARTESIAN_POINT('',(171.93727016449,0.,-7.79469940552094));
#7565=CARTESIAN_POINT('',(171.93727016449,0.,1.27078559508941));
#7566=CARTESIAN_POINT('Origin',(165.879969596863,0.,-7.79469940552094));
#7567=CARTESIAN_POINT('',(165.879969596863,0.,-7.79469940552094));
#7568=CARTESIAN_POINT('',(165.879969596863,0.,-7.79469940552094));
#7569=CARTESIAN_POINT('',(171.93727016449,0.,-7.79469940552094));
#7570=CARTESIAN_POINT('Origin',(165.879969596863,0.,22.2053029786649));
#7571=CARTESIAN_POINT('',(165.879969596863,0.,22.2053029786649));
#7572=CARTESIAN_POINT('',(165.879969596863,0.,22.2053029786649));
#7573=CARTESIAN_POINT('',(165.879969596863,0.,-7.79469940552094));
#7574=CARTESIAN_POINT('Origin',(171.93727016449,0.,22.2053029786649));
#7575=CARTESIAN_POINT('',(171.93727016449,0.,22.2053029786649));
#7576=CARTESIAN_POINT('',(171.93727016449,0.,22.2053029786649));
#7577=CARTESIAN_POINT('',(165.879969596863,0.,22.2053029786649));
#7578=CARTESIAN_POINT('Origin',(171.93727016449,0.,8.88333585372589));
#7579=CARTESIAN_POINT('',(171.93727016449,0.,8.88333585372589));
#7580=CARTESIAN_POINT('',(171.93727016449,0.,8.88333585372589));
#7581=CARTESIAN_POINT('',(171.93727016449,0.,22.2053029786649));
#7582=CARTESIAN_POINT('Origin',(184.174647331238,0.,22.2053029786649));
#7583=CARTESIAN_POINT('',(184.174647331238,0.,22.2053029786649));
#7584=CARTESIAN_POINT('',(184.174647331238,0.,22.2053029786649));
#7585=CARTESIAN_POINT('',(171.93727016449,0.,8.88333585372589));
#7586=CARTESIAN_POINT('Origin',(192.319254875183,0.,22.2053029786649));
#7587=CARTESIAN_POINT('',(192.319254875183,0.,22.2053029786649));
#7588=CARTESIAN_POINT('',(192.319254875183,0.,22.2053029786649));
#7589=CARTESIAN_POINT('',(184.174647331238,0.,22.2053029786649));
#7590=CARTESIAN_POINT('Origin',(181.023211479187,0.,10.520445371777));
#7591=CARTESIAN_POINT('',(192.319254875183,0.,22.2053029786649));
#7592=CARTESIAN_POINT('Origin',(79.461133480072,0.,7.0722868691983));
#7593=CARTESIAN_POINT('Origin',(94.461133480072,-4.,7.0722868691983));
#7594=CARTESIAN_POINT('',(144.761271476746,-4.,-7.79469940552094));
#7595=CARTESIAN_POINT('',(138.703970909119,-4.,-7.79469940552094));
#7596=CARTESIAN_POINT('',(116.582552194595,-4.,-7.79469940552094));
#7597=CARTESIAN_POINT('',(144.761271476746,-4.,22.2053029786649));
#7598=CARTESIAN_POINT('',(144.761271476746,-4.,-0.361206268161318));
#7599=CARTESIAN_POINT('',(138.703970909119,-4.,22.2053029786649));
#7600=CARTESIAN_POINT('',(119.611202478409,-4.,22.2053029786649));
#7601=CARTESIAN_POINT('',(138.703970909119,-4.,14.6387949239316));
#7602=CARTESIAN_POINT('Origin',(144.761271476746,0.,-7.79469940552094));
#7603=CARTESIAN_POINT('',(144.761271476746,0.,-7.79469940552094));
#7604=CARTESIAN_POINT('',(144.761271476746,0.,-7.79469940552094));
#7605=CARTESIAN_POINT('',(144.761271476746,0.,22.2053029786649));
#7606=CARTESIAN_POINT('',(144.761271476746,0.,22.2053029786649));
#7607=CARTESIAN_POINT('',(144.761271476746,0.,22.2053029786649));
#7608=CARTESIAN_POINT('Origin',(138.703970909119,0.,-7.79469940552094));
#7609=CARTESIAN_POINT('',(138.703970909119,0.,-7.79469940552094));
#7610=CARTESIAN_POINT('',(138.703970909119,0.,-7.79469940552094));
#7611=CARTESIAN_POINT('',(144.761271476746,0.,-7.79469940552094));
#7612=CARTESIAN_POINT('Origin',(138.703970909119,0.,22.2053029786649));
#7613=CARTESIAN_POINT('',(138.703970909119,0.,22.2053029786649));
#7614=CARTESIAN_POINT('',(138.703970909119,0.,22.2053029786649));
#7615=CARTESIAN_POINT('',(138.703970909119,0.,-7.79469940552094));
#7616=CARTESIAN_POINT('Origin',(144.761271476746,0.,22.2053029786649));
#7617=CARTESIAN_POINT('',(138.703970909119,0.,22.2053029786649));
#7618=CARTESIAN_POINT('Origin',(94.461133480072,0.,7.0722868691983));
#7619=CARTESIAN_POINT('Origin',(109.461133480072,-4.,7.0722868691983));
#7620=CARTESIAN_POINT('',(93.3765363693237,-4.,-7.79469940552094));
#7621=CARTESIAN_POINT('',(93.3765363693237,-4.,22.2053029786649));
#7622=CARTESIAN_POINT('',(93.3765363693237,-4.,14.6387949239316));
#7623=CARTESIAN_POINT('',(103.588004112244,-4.,-7.79469940552094));
#7624=CARTESIAN_POINT('',(101.418834924698,-4.,-7.79469940552094));
#7625=CARTESIAN_POINT('',(110.893597602844,-4.,-7.59005997070648));
#7626=CARTESIAN_POINT('Ctrl Pts',(110.893597602844,-4.,-7.59005997070648));
#7627=CARTESIAN_POINT('Ctrl Pts',(110.032591739493,-4.,-7.63993050592096));
#7628=CARTESIAN_POINT('Ctrl Pts',(109.171585876141,-4.,-7.68980104113544));
#7629=CARTESIAN_POINT('Ctrl Pts',(108.310027122498,-4.,-7.72307608017304));
#7630=CARTESIAN_POINT('Ctrl Pts',(106.737247778006,-4.,-7.78381981223331));
#7631=CARTESIAN_POINT('Ctrl Pts',(105.162625945125,-4.,-7.78925960887712));
#7632=CARTESIAN_POINT('Ctrl Pts',(103.588004112244,-4.,-7.79469940552094));
#7633=CARTESIAN_POINT('',(114.945435523987,-4.,-6.17805454620697));
#7634=CARTESIAN_POINT('Ctrl Pts',(114.945435523987,-4.,-6.17805454620697));
#7635=CARTESIAN_POINT('Ctrl Pts',(114.348637171535,-4.,-6.52524247399967));
#7636=CARTESIAN_POINT('Ctrl Pts',(113.751838819083,-4.,-6.87243040179235));
#7637=CARTESIAN_POINT('Ctrl Pts',(113.113923072815,-4.,-7.10404369720795));
#7638=CARTESIAN_POINT('Ctrl Pts',(112.407436007036,-4.,-7.36055374329288));
#7639=CARTESIAN_POINT('Ctrl Pts',(111.65051680494,-4.,-7.47530685699968));
#7640=CARTESIAN_POINT('Ctrl Pts',(110.893597602844,-4.,-7.59005997070648));
#7641=CARTESIAN_POINT('',(117.544341087341,-4.,-3.08801386246063));
#7642=CARTESIAN_POINT('Ctrl Pts',(117.544341087341,-4.,-3.08801386246063));
#7643=CARTESIAN_POINT('Ctrl Pts',(117.204813475952,-4.,-3.69476595414254));
#7644=CARTESIAN_POINT('Ctrl Pts',(116.865285864564,-4.,-4.30151804582444));
#7645=CARTESIAN_POINT('Ctrl Pts',(116.423954963684,-4.,-4.82232544311859));
#7646=CARTESIAN_POINT('Ctrl Pts',(115.995177831399,-4.,-5.32831834286656));
#7647=CARTESIAN_POINT('Ctrl Pts',(115.470306677693,-4.,-5.75318644453677));
#7648=CARTESIAN_POINT('Ctrl Pts',(114.945435523987,-4.,-6.17805454620697));
#7649=CARTESIAN_POINT('',(118.506140708923,-4.,0.902436042934873));
#7650=CARTESIAN_POINT('Ctrl Pts',(118.506140708923,-4.,0.902436042934873));
#7651=CARTESIAN_POINT('Ctrl Pts',(118.463699371424,-4.,0.219816946598525));
#7652=CARTESIAN_POINT('Ctrl Pts',(118.421258033925,-4.,-0.462802149737818));
#7653=CARTESIAN_POINT('Ctrl Pts',(118.265700340271,-4.,-1.11836883911468));
#7654=CARTESIAN_POINT('Ctrl Pts',(118.105363243248,-4.,-1.79407736506742));
#7655=CARTESIAN_POINT('Ctrl Pts',(117.824852165295,-4.,-2.44104561376403));
#7656=CARTESIAN_POINT('Ctrl Pts',(117.544341087341,-4.,-3.08801386246063));
#7657=CARTESIAN_POINT('',(117.032752037048,-4.,5.42494561782501));
#7658=CARTESIAN_POINT('Ctrl Pts',(117.032752037048,-4.,5.42494561782501));
#7659=CARTESIAN_POINT('Ctrl Pts',(117.462447013007,-4.,4.74767430568803));
#7660=CARTESIAN_POINT('Ctrl Pts',(117.892141988966,-4.,4.07040299355104));
#7661=CARTESIAN_POINT('Ctrl Pts',(118.137793540955,-4.,3.33251741042754));
#7662=CARTESIAN_POINT('Ctrl Pts',(118.392948112316,-4.,2.5660867563072));
#7663=CARTESIAN_POINT('Ctrl Pts',(118.44954441062,-4.,1.73426139962104));
#7664=CARTESIAN_POINT('Ctrl Pts',(118.506140708923,-4.,0.902436042934873));
#7665=CARTESIAN_POINT('',(112.817196846008,-4.,8.1466391336026));
#7666=CARTESIAN_POINT('Ctrl Pts',(112.817196846008,-4.,8.1466391336026));
#7667=CARTESIAN_POINT('Ctrl Pts',(113.666311392189,-4.,7.84900631827494));
#7668=CARTESIAN_POINT('Ctrl Pts',(114.515425938369,-4.,7.55137350294728));
#7669=CARTESIAN_POINT('Ctrl Pts',(115.242171287537,-4.,7.06717279067657));
#7670=CARTESIAN_POINT('Ctrl Pts',(115.907380680585,-4.,6.62397096999482));
#7671=CARTESIAN_POINT('Ctrl Pts',(116.470066358817,-4.,6.02445829390991));
#7672=CARTESIAN_POINT('Ctrl Pts',(117.032752037048,-4.,5.42494561782501));
#7673=CARTESIAN_POINT('',(115.886769294739,-4.,10.7864752065244));
#7674=CARTESIAN_POINT('Ctrl Pts',(115.886769294739,-4.,10.7864752065244));
#7675=CARTESIAN_POINT('Ctrl Pts',(115.475677573794,-4.,10.2356897467353));
#7676=CARTESIAN_POINT('Ctrl Pts',(115.06458585285,-4.,9.68490428694624));
#7677=CARTESIAN_POINT('Ctrl Pts',(114.556622505188,-4.,9.24656894317291));
#7678=CARTESIAN_POINT('Ctrl Pts',(114.042874343463,-4.,8.80324172651574));
#7679=CARTESIAN_POINT('Ctrl Pts',(113.430035594736,-4.,8.47494043005917));
#7680=CARTESIAN_POINT('Ctrl Pts',(112.817196846008,-4.,8.1466391336026));
#7681=CARTESIAN_POINT('',(117.032752037048,-4.,14.6541431199612));
#7682=CARTESIAN_POINT('Ctrl Pts',(117.032752037048,-4.,14.6541431199612));
#7683=CARTESIAN_POINT('Ctrl Pts',(116.985189291044,-4.,13.9663305378791));
#7684=CARTESIAN_POINT('Ctrl Pts',(116.93762654504,-4.,13.278517955797));
#7685=CARTESIAN_POINT('Ctrl Pts',(116.746258735657,-4.,12.6333370458188));
#7686=CARTESIAN_POINT('Ctrl Pts',(116.555261431241,-4.,11.9894052630228));
#7687=CARTESIAN_POINT('Ctrl Pts',(116.22101536299,-4.,11.3879402347736));
#7688=CARTESIAN_POINT('Ctrl Pts',(115.886769294739,-4.,10.7864752065244));
#7689=CARTESIAN_POINT('',(116.111874580383,-4.,18.1534602891507));
#7690=CARTESIAN_POINT('Ctrl Pts',(116.111874580383,-4.,18.1534602891507));
#7691=CARTESIAN_POINT('Ctrl Pts',(116.380437219257,-4.,17.6128398445611));
#7692=CARTESIAN_POINT('Ctrl Pts',(116.648999858131,-4.,17.0722193999715));
#7693=CARTESIAN_POINT('Ctrl Pts',(116.802535057068,-4.,16.5010049592557));
#7694=CARTESIAN_POINT('Ctrl Pts',(116.96208587857,-4.,15.9074099145941));
#7695=CARTESIAN_POINT('Ctrl Pts',(116.997418957809,-4.,15.2807765172776));
#7696=CARTESIAN_POINT('Ctrl Pts',(117.032752037048,-4.,14.6541431199612));
#7697=CARTESIAN_POINT('',(113.79946231842,-4.,20.6705143701138));
#7698=CARTESIAN_POINT('Ctrl Pts',(113.79946231842,-4.,20.6705143701138));
#7699=CARTESIAN_POINT('Ctrl Pts',(114.246837218483,-4.,20.3248745343796));
#7700=CARTESIAN_POINT('Ctrl Pts',(114.694212118545,-4.,19.9792346986454));
#7701=CARTESIAN_POINT('Ctrl Pts',(115.07333278656,-4.,19.5705821763577));
#7702=CARTESIAN_POINT('Ctrl Pts',(115.469099781075,-4.,19.1439866509974));
#7703=CARTESIAN_POINT('Ctrl Pts',(115.790487180729,-4.,18.648723470074));
#7704=CARTESIAN_POINT('Ctrl Pts',(116.111874580383,-4.,18.1534602891507));
#7705=CARTESIAN_POINT('',(110.6684923172,-4.,21.8983438264432));
#7706=CARTESIAN_POINT('Ctrl Pts',(110.6684923172,-4.,21.8983438264432));
#7707=CARTESIAN_POINT('Ctrl Pts',(111.234637901913,-4.,21.778478621463));
#7708=CARTESIAN_POINT('Ctrl Pts',(111.800783486625,-4.,21.6586134164827));
#7709=CARTESIAN_POINT('Ctrl Pts',(112.331185340881,-4.,21.448139811665));
#7710=CARTESIAN_POINT('Ctrl Pts',(112.842780248808,-4.,21.2451291630152));
#7711=CARTESIAN_POINT('Ctrl Pts',(113.321121283614,-4.,20.9578217665645));
#7712=CARTESIAN_POINT('Ctrl Pts',(113.79946231842,-4.,20.6705143701138));
#7713=CARTESIAN_POINT('',(105.36835193634,-4.,22.2053029786649));
#7714=CARTESIAN_POINT('Ctrl Pts',(105.36835193634,-4.,22.2053029786649));
#7715=CARTESIAN_POINT('Ctrl Pts',(106.405042013461,-4.,22.2038228252729));
#7716=CARTESIAN_POINT('Ctrl Pts',(107.441732090581,-4.,22.2023426718808));
#7717=CARTESIAN_POINT('Ctrl Pts',(108.473744392395,-4.,22.1285631906094));
#7718=CARTESIAN_POINT('Ctrl Pts',(109.206900914495,-4.,22.0761491759739));
#7719=CARTESIAN_POINT('Ctrl Pts',(109.937696615847,-4.,21.9872465012085));
#7720=CARTESIAN_POINT('Ctrl Pts',(110.6684923172,-4.,21.8983438264432));
#7721=CARTESIAN_POINT('',(107.414742708206,-4.,22.2053029786649));
#7722=CARTESIAN_POINT('',(104.324698448181,-4.,5.28169896712921));
#7723=CARTESIAN_POINT('',(99.4338369369507,-4.,5.28169896712921));
#7724=CARTESIAN_POINT('',(104.447485208511,-4.,5.28169896712921));
#7725=CARTESIAN_POINT('',(109.686226844788,-4.,4.85195901504181));
#7726=CARTESIAN_POINT('Ctrl Pts',(109.686226844788,-4.,4.85195901504181));
#7727=CARTESIAN_POINT('Ctrl Pts',(109.036350850556,-4.,4.97531133542182));
#7728=CARTESIAN_POINT('Ctrl Pts',(108.386474856324,-4.,5.09866365580184));
#7729=CARTESIAN_POINT('Ctrl Pts',(107.731928825378,-4.,5.17426278701446));
#7730=CARTESIAN_POINT('Ctrl Pts',(106.605407417884,-4.,5.30437439975465));
#7731=CARTESIAN_POINT('Ctrl Pts',(105.465052933033,-4.,5.29303668344193));
#7732=CARTESIAN_POINT('Ctrl Pts',(104.324698448181,-4.,5.28169896712921));
#7733=CARTESIAN_POINT('',(111.589360237122,-4.,3.48088052383087));
#7734=CARTESIAN_POINT('Ctrl Pts',(111.589360237122,-4.,3.48088052383087));
#7735=CARTESIAN_POINT('Ctrl Pts',(111.338976489172,-4.,3.77580031013205));
#7736=CARTESIAN_POINT('Ctrl Pts',(111.088592741223,-4.,4.07072009643323));
#7737=CARTESIAN_POINT('Ctrl Pts',(110.786156654358,-4.,4.29431941619537));
#7738=CARTESIAN_POINT('Ctrl Pts',(110.459897247057,-4.,4.53553197219229));
#7739=CARTESIAN_POINT('Ctrl Pts',(110.073062045922,-4.,4.69374549361705));
#7740=CARTESIAN_POINT('Ctrl Pts',(109.686226844788,-4.,4.85195901504181));
#7741=CARTESIAN_POINT('',(112.244210243225,-4.,1.18892934432647));
#7742=CARTESIAN_POINT('Ctrl Pts',(112.244210243225,-4.,1.18892934432647));
#7743=CARTESIAN_POINT('Ctrl Pts',(112.222955166821,-4.,1.59668185991908));
#7744=CARTESIAN_POINT('Ctrl Pts',(112.201700090417,-4.,2.00443437551204));
#7745=CARTESIAN_POINT('Ctrl Pts',(111.98791677714,-4.,2.77119448944962));
#7746=CARTESIAN_POINT('Ctrl Pts',(111.803055126017,-4.,3.10036668692214));
#7747=CARTESIAN_POINT('Ctrl Pts',(111.589360237122,-4.,3.48088052383087));
#7748=CARTESIAN_POINT('',(111.38473033905,-4.,-1.36905166992523));
#7749=CARTESIAN_POINT('Ctrl Pts',(111.38473033905,-4.,-1.36905166992523));
#7750=CARTESIAN_POINT('Ctrl Pts',(111.63517839732,-4.,-1.007981350447));
#7751=CARTESIAN_POINT('Ctrl Pts',(111.885626455589,-4.,-0.646911030968765));
#7752=CARTESIAN_POINT('Ctrl Pts',(112.029337882996,-4.,-0.248656009524847));
#7753=CARTESIAN_POINT('Ctrl Pts',(112.190944749949,-4.,0.199191092307448));
#7754=CARTESIAN_POINT('Ctrl Pts',(112.217577496587,-4.,0.694060218316959));
#7755=CARTESIAN_POINT('Ctrl Pts',(112.244210243225,-4.,1.18892934432647));
#7756=CARTESIAN_POINT('',(109.195094108582,-4.,-2.55595419296601));
#7757=CARTESIAN_POINT('Ctrl Pts',(109.195094108582,-4.,-2.55595419296601));
#7758=CARTESIAN_POINT('Ctrl Pts',(109.620583857754,-4.,-2.44886313608015));
#7759=CARTESIAN_POINT('Ctrl Pts',(110.046073606926,-4.,-2.34177207919431));
#7760=CARTESIAN_POINT('Ctrl Pts',(110.417809486389,-4.,-2.13644478210785));
#7761=CARTESIAN_POINT('Ctrl Pts',(110.772795721948,-4.,-1.94036910505569));
#7762=CARTESIAN_POINT('Ctrl Pts',(111.078763030499,-4.,-1.65471038749046));
#7763=CARTESIAN_POINT('Ctrl Pts',(111.38473033905,-4.,-1.36905166992523));
#7764=CARTESIAN_POINT('',(105.040936470032,-4.,-2.74012777695038));
#7765=CARTESIAN_POINT('Ctrl Pts',(105.040936470032,-4.,-2.74012777695038));
#7766=CARTESIAN_POINT('Ctrl Pts',(105.934020258318,-4.,-2.74652651877169));
#7767=CARTESIAN_POINT('Ctrl Pts',(106.827104046603,-4.,-2.752925260593));
#7768=CARTESIAN_POINT('Ctrl Pts',(107.716584205627,-4.,-2.69408438095428));
#7769=CARTESIAN_POINT('Ctrl Pts',(108.210160590093,-4.,-2.66143332253977));
#7770=CARTESIAN_POINT('Ctrl Pts',(108.702627349337,-4.,-2.60869375775289));
#7771=CARTESIAN_POINT('Ctrl Pts',(109.195094108582,-4.,-2.55595419296601));
#7772=CARTESIAN_POINT('',(99.4338369369507,-4.,-2.74012777695038));
#7773=CARTESIAN_POINT('',(107.251034975052,-4.,-2.74012777695038));
#7774=CARTESIAN_POINT('',(99.4338369369507,-4.,2.16607954612396));
#7775=CARTESIAN_POINT('',(102.91268825531,-4.,17.2121241342129));
#7776=CARTESIAN_POINT('',(99.4338369369507,-4.,17.2121241342129));
#7777=CARTESIAN_POINT('',(104.447485208511,-4.,17.2121241342129));
#7778=CARTESIAN_POINT('',(108.090043067932,-4.,17.1098044168057));
#7779=CARTESIAN_POINT('Ctrl Pts',(108.090043067932,-4.,17.1098044168057));
#7780=CARTESIAN_POINT('Ctrl Pts',(107.141247881938,-4.,17.1573908938141));
#7781=CARTESIAN_POINT('Ctrl Pts',(106.476358645784,-4.,17.1907381713051));
#7782=CARTESIAN_POINT('Ctrl Pts',(104.639556234146,-4.,17.2201405344237));
#7783=CARTESIAN_POINT('Ctrl Pts',(103.776122244728,-4.,17.2161323343183));
#7784=CARTESIAN_POINT('Ctrl Pts',(102.91268825531,-4.,17.2121241342129));
#7785=CARTESIAN_POINT('',(110.361533164978,-4.,16.0456850778165));
#7786=CARTESIAN_POINT('Ctrl Pts',(110.361533164978,-4.,16.0456850778165));
#7787=CARTESIAN_POINT('Ctrl Pts',(110.060955460043,-4.,16.3116891189997));
#7788=CARTESIAN_POINT('Ctrl Pts',(109.760377755108,-4.,16.577693160183));
#7789=CARTESIAN_POINT('Ctrl Pts',(109.415078163147,-4.,16.7516877900662));
#7790=CARTESIAN_POINT('Ctrl Pts',(109.013687404793,-4.,16.9539464606938));
#7791=CARTESIAN_POINT('Ctrl Pts',(108.551865236363,-4.,17.0318754387498));
#7792=CARTESIAN_POINT('Ctrl Pts',(108.090043067932,-4.,17.1098044168057));
#7793=CARTESIAN_POINT('',(111.139159202576,-4.,13.7946608316006));
#7794=CARTESIAN_POINT('Ctrl Pts',(111.139159202576,-4.,13.7946608316006));
#7795=CARTESIAN_POINT('Ctrl Pts',(111.113810854131,-4.,14.2282283571223));
#7796=CARTESIAN_POINT('Ctrl Pts',(111.088462505686,-4.,14.661795882644));
#7797=CARTESIAN_POINT('Ctrl Pts',(110.944743156433,-4.,15.0531890641751));
#7798=CARTESIAN_POINT('Ctrl Pts',(110.814825253219,-4.,15.4069965489795));
#7799=CARTESIAN_POINT('Ctrl Pts',(110.588179209098,-4.,15.726340813398));
#7800=CARTESIAN_POINT('Ctrl Pts',(110.361533164978,-4.,16.0456850778165));
#7801=CARTESIAN_POINT('',(110.238747596741,-4.,11.4413180600705));
#7802=CARTESIAN_POINT('Ctrl Pts',(110.238747596741,-4.,11.4413180600705));
#7803=CARTESIAN_POINT('Ctrl Pts',(110.501267529391,-4.,11.7728535517513));
#7804=CARTESIAN_POINT('Ctrl Pts',(110.763787462041,-4.,12.104389043432));
#7805=CARTESIAN_POINT('Ctrl Pts',(110.914053916931,-4.,12.4798586618008));
#7806=CARTESIAN_POINT('Ctrl Pts',(111.075861067355,-4.,12.8841649260513));
#7807=CARTESIAN_POINT('Ctrl Pts',(111.107510134965,-4.,13.339412878826));
#7808=CARTESIAN_POINT('Ctrl Pts',(111.139159202576,-4.,13.7946608316006));
#7809=CARTESIAN_POINT('',(107.803549766541,-4.,10.3771975289883));
#7810=CARTESIAN_POINT('Ctrl Pts',(107.803549766541,-4.,10.3771975289883));
#7811=CARTESIAN_POINT('Ctrl Pts',(108.283270522265,-4.,10.4574883781214));
#7812=CARTESIAN_POINT('Ctrl Pts',(108.76299127799,-4.,10.5377792272545));
#7813=CARTESIAN_POINT('Ctrl Pts',(109.189982414246,-4.,10.7353153478207));
#7814=CARTESIAN_POINT('Ctrl Pts',(109.566973101169,-4.,10.9097200870792));
#7815=CARTESIAN_POINT('Ctrl Pts',(109.902860348955,-4.,11.1755190735749));
#7816=CARTESIAN_POINT('Ctrl Pts',(110.238747596741,-4.,11.4413180600705));
#7817=CARTESIAN_POINT('',(103.403820991516,-4.,10.274879003674));
#7818=CARTESIAN_POINT('Ctrl Pts',(103.403820991516,-4.,10.274879003674));
#7819=CARTESIAN_POINT('Ctrl Pts',(104.360885122689,-4.,10.2705566988503));
#7820=CARTESIAN_POINT('Ctrl Pts',(105.317949253861,-4.,10.2662343940266));
#7821=CARTESIAN_POINT('Ctrl Pts',(106.273875236511,-4.,10.3004577409329));
#7822=CARTESIAN_POINT('Ctrl Pts',(106.78398281066,-4.,10.3187202306931));
#7823=CARTESIAN_POINT('Ctrl Pts',(107.2937662886,-4.,10.3479588798407));
#7824=CARTESIAN_POINT('Ctrl Pts',(107.803549766541,-4.,10.3771975289883));
#7825=CARTESIAN_POINT('',(99.4338369369507,-4.,10.274879003674));
#7826=CARTESIAN_POINT('',(106.432477235794,-4.,10.274879003674));
#7827=CARTESIAN_POINT('',(99.4338369369507,-4.,8.67358293643615));
#7828=CARTESIAN_POINT('Ctrl Pts',(111.139159202576,0.,13.7946608316006));
#7829=CARTESIAN_POINT('Ctrl Pts',(111.139159202576,-5.,13.7946608316006));
#7830=CARTESIAN_POINT('Ctrl Pts',(111.107510134965,0.,13.339412878826));
#7831=CARTESIAN_POINT('Ctrl Pts',(111.107510134965,-5.,13.339412878826));
#7832=CARTESIAN_POINT('Ctrl Pts',(111.046469330476,0.,12.4613869722931));
#7833=CARTESIAN_POINT('Ctrl Pts',(111.046469330476,-5.,12.4613869722931));
#7834=CARTESIAN_POINT('Ctrl Pts',(110.501267529391,0.,11.7728535517513));
#7835=CARTESIAN_POINT('Ctrl Pts',(110.501267529391,-5.,11.7728535517513));
#7836=CARTESIAN_POINT('Ctrl Pts',(110.238747596741,0.,11.4413180600705));
#7837=CARTESIAN_POINT('Ctrl Pts',(110.238747596741,-5.,11.4413180600705));
#7838=CARTESIAN_POINT('',(111.139159202576,0.,13.7946608316006));
#7839=CARTESIAN_POINT('',(111.139159202576,0.,13.7946608316006));
#7840=CARTESIAN_POINT('',(110.238747596741,0.,11.4413180600705));
#7841=CARTESIAN_POINT('Ctrl Pts',(110.238747596741,0.,11.4413180600705));
#7842=CARTESIAN_POINT('Ctrl Pts',(110.501267529391,0.,11.7728535517513));
#7843=CARTESIAN_POINT('Ctrl Pts',(111.046469330476,0.,12.4613869722931));
#7844=CARTESIAN_POINT('Ctrl Pts',(111.107510134965,0.,13.339412878826));
#7845=CARTESIAN_POINT('Ctrl Pts',(111.139159202576,0.,13.7946608316006));
#7846=CARTESIAN_POINT('',(110.238747596741,0.,11.4413180600705));
#7847=CARTESIAN_POINT('Ctrl Pts',(110.361533164978,0.,16.0456850778165));
#7848=CARTESIAN_POINT('Ctrl Pts',(110.361533164978,-5.,16.0456850778165));
#7849=CARTESIAN_POINT('Ctrl Pts',(110.588179209098,0.,15.726340813398));
#7850=CARTESIAN_POINT('Ctrl Pts',(110.588179209098,-5.,15.726340813398));
#7851=CARTESIAN_POINT('Ctrl Pts',(111.065548372711,0.,15.0537276866107));
#7852=CARTESIAN_POINT('Ctrl Pts',(111.065548372711,-5.,15.0537276866107));
#7853=CARTESIAN_POINT('Ctrl Pts',(111.113810854131,0.,14.2282283571223));
#7854=CARTESIAN_POINT('Ctrl Pts',(111.113810854131,-5.,14.2282283571223));
#7855=CARTESIAN_POINT('Ctrl Pts',(111.139159202576,0.,13.7946608316006));
#7856=CARTESIAN_POINT('Ctrl Pts',(111.139159202576,-5.,13.7946608316006));
#7857=CARTESIAN_POINT('',(110.361533164978,0.,16.0456850778165));
#7858=CARTESIAN_POINT('',(110.361533164978,0.,16.0456850778165));
#7859=CARTESIAN_POINT('Ctrl Pts',(111.139159202576,0.,13.7946608316006));
#7860=CARTESIAN_POINT('Ctrl Pts',(111.113810854131,0.,14.2282283571223));
#7861=CARTESIAN_POINT('Ctrl Pts',(111.065548372711,0.,15.0537276866107));
#7862=CARTESIAN_POINT('Ctrl Pts',(110.588179209098,0.,15.726340813398));
#7863=CARTESIAN_POINT('Ctrl Pts',(110.361533164978,0.,16.0456850778165));
#7864=CARTESIAN_POINT('Ctrl Pts',(108.090043067932,0.,17.1098044168057));
#7865=CARTESIAN_POINT('Ctrl Pts',(108.090043067932,-5.,17.1098044168057));
#7866=CARTESIAN_POINT('Ctrl Pts',(108.551865236363,0.,17.0318754387498));
#7867=CARTESIAN_POINT('Ctrl Pts',(108.551865236363,-5.,17.0318754387498));
#7868=CARTESIAN_POINT('Ctrl Pts',(109.410973597858,0.,16.8869074375856));
#7869=CARTESIAN_POINT('Ctrl Pts',(109.410973597858,-5.,16.8869074375856));
#7870=CARTESIAN_POINT('Ctrl Pts',(110.060955460043,0.,16.3116891189997));
#7871=CARTESIAN_POINT('Ctrl Pts',(110.060955460043,-5.,16.3116891189997));
#7872=CARTESIAN_POINT('Ctrl Pts',(110.361533164978,0.,16.0456850778165));
#7873=CARTESIAN_POINT('Ctrl Pts',(110.361533164978,-5.,16.0456850778165));
#7874=CARTESIAN_POINT('',(108.090043067932,0.,17.1098044168057));
#7875=CARTESIAN_POINT('',(108.090043067932,0.,17.1098044168057));
#7876=CARTESIAN_POINT('Ctrl Pts',(110.361533164978,0.,16.0456850778165));
#7877=CARTESIAN_POINT('Ctrl Pts',(110.060955460043,0.,16.3116891189997));
#7878=CARTESIAN_POINT('Ctrl Pts',(109.410973597858,0.,16.8869074375856));
#7879=CARTESIAN_POINT('Ctrl Pts',(108.551865236363,0.,17.0318754387498));
#7880=CARTESIAN_POINT('Ctrl Pts',(108.090043067932,0.,17.1098044168057));
#7881=CARTESIAN_POINT('Ctrl Pts',(102.91268825531,0.,17.2121241342129));
#7882=CARTESIAN_POINT('Ctrl Pts',(102.91268825531,-5.,17.2121241342129));
#7883=CARTESIAN_POINT('Ctrl Pts',(104.057313413347,0.,17.2174376691621));
#7884=CARTESIAN_POINT('Ctrl Pts',(104.057313413347,-5.,17.2174376691621));
#7885=CARTESIAN_POINT('Ctrl Pts',(105.784181392183,0.,17.2254540693729));
#7886=CARTESIAN_POINT('Ctrl Pts',(105.784181392183,-5.,17.2254540693729));
#7887=CARTESIAN_POINT('Ctrl Pts',(107.508619514471,0.,17.1389655033789));
#7888=CARTESIAN_POINT('Ctrl Pts',(107.508619514471,-5.,17.1389655033789));
#7889=CARTESIAN_POINT('Ctrl Pts',(108.090043067932,0.,17.1098044168057));
#7890=CARTESIAN_POINT('Ctrl Pts',(108.090043067932,-5.,17.1098044168057));
#7891=CARTESIAN_POINT('',(102.91268825531,0.,17.2121241342129));
#7892=CARTESIAN_POINT('',(102.91268825531,0.,17.2121241342129));
#7893=CARTESIAN_POINT('Ctrl Pts',(108.090043067932,0.,17.1098044168057));
#7894=CARTESIAN_POINT('Ctrl Pts',(107.508619514471,0.,17.1389655033789));
#7895=CARTESIAN_POINT('Ctrl Pts',(105.784181392183,0.,17.2254540693729));
#7896=CARTESIAN_POINT('Ctrl Pts',(104.057313413347,0.,17.2174376691621));
#7897=CARTESIAN_POINT('Ctrl Pts',(102.91268825531,0.,17.2121241342129));
#7898=CARTESIAN_POINT('Origin',(99.4338369369507,0.,17.2121241342129));
#7899=CARTESIAN_POINT('',(99.4338369369507,0.,17.2121241342129));
#7900=CARTESIAN_POINT('',(99.4338369369507,0.,17.2121241342129));
#7901=CARTESIAN_POINT('',(102.91268825531,0.,17.2121241342129));
#7902=CARTESIAN_POINT('Ctrl Pts',(112.244210243225,0.,1.18892934432647));
#7903=CARTESIAN_POINT('Ctrl Pts',(112.244210243225,-5.,1.18892934432647));
#7904=CARTESIAN_POINT('Ctrl Pts',(112.217577496587,0.,0.694060218316959));
#7905=CARTESIAN_POINT('Ctrl Pts',(112.217577496587,-5.,0.694060218316959));
#7906=CARTESIAN_POINT('Ctrl Pts',(112.167261164547,0.,-0.240878997650738));
#7907=CARTESIAN_POINT('Ctrl Pts',(112.167261164547,-5.,-0.240878997650738));
#7908=CARTESIAN_POINT('Ctrl Pts',(111.63517839732,0.,-1.007981350447));
#7909=CARTESIAN_POINT('Ctrl Pts',(111.63517839732,-5.,-1.007981350447));
#7910=CARTESIAN_POINT('Ctrl Pts',(111.38473033905,0.,-1.36905166992523));
#7911=CARTESIAN_POINT('Ctrl Pts',(111.38473033905,-5.,-1.36905166992523));
#7912=CARTESIAN_POINT('',(112.244210243225,0.,1.18892934432647));
#7913=CARTESIAN_POINT('',(112.244210243225,0.,1.18892934432647));
#7914=CARTESIAN_POINT('',(111.38473033905,0.,-1.36905166992523));
#7915=CARTESIAN_POINT('Ctrl Pts',(111.38473033905,0.,-1.36905166992523));
#7916=CARTESIAN_POINT('Ctrl Pts',(111.63517839732,0.,-1.007981350447));
#7917=CARTESIAN_POINT('Ctrl Pts',(112.167261164547,0.,-0.240878997650738));
#7918=CARTESIAN_POINT('Ctrl Pts',(112.217577496587,0.,0.694060218316959));
#7919=CARTESIAN_POINT('Ctrl Pts',(112.244210243225,0.,1.18892934432647));
#7920=CARTESIAN_POINT('',(111.38473033905,0.,-1.36905166992523));
#7921=CARTESIAN_POINT('Ctrl Pts',(111.589360237122,0.,3.48088052383087));
#7922=CARTESIAN_POINT('Ctrl Pts',(111.589360237122,-5.,3.48088052383087));
#7923=CARTESIAN_POINT('Ctrl Pts',(111.780255756646,0.,3.14096417413016));
#7924=CARTESIAN_POINT('Ctrl Pts',(111.780255756646,-5.,3.14096417413016));
#7925=CARTESIAN_POINT('Ctrl Pts',(112.179515068339,0.,2.43002675583666));
#7926=CARTESIAN_POINT('Ctrl Pts',(112.179515068339,-5.,2.43002675583666));
#7927=CARTESIAN_POINT('Ctrl Pts',(112.222025221147,0.,1.614521724651));
#7928=CARTESIAN_POINT('Ctrl Pts',(112.222025221147,-5.,1.614521724651));
#7929=CARTESIAN_POINT('Ctrl Pts',(112.244210243225,0.,1.18892934432647));
#7930=CARTESIAN_POINT('Ctrl Pts',(112.244210243225,-5.,1.18892934432647));
#7931=CARTESIAN_POINT('',(111.589360237122,0.,3.48088052383087));
#7932=CARTESIAN_POINT('',(111.589360237122,0.,3.48088052383087));
#7933=CARTESIAN_POINT('Ctrl Pts',(112.244210243225,0.,1.18892934432647));
#7934=CARTESIAN_POINT('Ctrl Pts',(112.222025221147,0.,1.614521724651));
#7935=CARTESIAN_POINT('Ctrl Pts',(112.179515068339,0.,2.43002675583666));
#7936=CARTESIAN_POINT('Ctrl Pts',(111.780255756646,0.,3.14096417413016));
#7937=CARTESIAN_POINT('Ctrl Pts',(111.589360237122,0.,3.48088052383087));
#7938=CARTESIAN_POINT('Ctrl Pts',(109.686226844788,0.,4.85195901504181));
#7939=CARTESIAN_POINT('Ctrl Pts',(109.686226844788,-5.,4.85195901504181));
#7940=CARTESIAN_POINT('Ctrl Pts',(110.073062045922,0.,4.69374549361705));
#7941=CARTESIAN_POINT('Ctrl Pts',(110.073062045922,-5.,4.69374549361705));
#7942=CARTESIAN_POINT('Ctrl Pts',(110.81848590956,0.,4.38887113349117));
#7943=CARTESIAN_POINT('Ctrl Pts',(110.81848590956,-5.,4.38887113349117));
#7944=CARTESIAN_POINT('Ctrl Pts',(111.338976489172,0.,3.77580031013205));
#7945=CARTESIAN_POINT('Ctrl Pts',(111.338976489172,-5.,3.77580031013205));
#7946=CARTESIAN_POINT('Ctrl Pts',(111.589360237122,0.,3.48088052383087));
#7947=CARTESIAN_POINT('Ctrl Pts',(111.589360237122,-5.,3.48088052383087));
#7948=CARTESIAN_POINT('',(109.686226844788,0.,4.85195901504181));
#7949=CARTESIAN_POINT('',(109.686226844788,0.,4.85195901504181));
#7950=CARTESIAN_POINT('Ctrl Pts',(111.589360237122,0.,3.48088052383087));
#7951=CARTESIAN_POINT('Ctrl Pts',(111.338976489172,0.,3.77580031013205));
#7952=CARTESIAN_POINT('Ctrl Pts',(110.81848590956,0.,4.38887113349117));
#7953=CARTESIAN_POINT('Ctrl Pts',(110.073062045922,0.,4.69374549361705));
#7954=CARTESIAN_POINT('Ctrl Pts',(109.686226844788,0.,4.85195901504181));
#7955=CARTESIAN_POINT('Ctrl Pts',(104.324698448181,0.,5.28169896712921));
#7956=CARTESIAN_POINT('Ctrl Pts',(104.324698448181,-5.,5.28169896712921));
#7957=CARTESIAN_POINT('Ctrl Pts',(105.465052933033,0.,5.29303668344193));
#7958=CARTESIAN_POINT('Ctrl Pts',(105.465052933033,-5.,5.29303668344193));
#7959=CARTESIAN_POINT('Ctrl Pts',(107.267990922258,0.,5.31096198625154));
#7960=CARTESIAN_POINT('Ctrl Pts',(107.267990922258,-5.,5.31096198625154));
#7961=CARTESIAN_POINT('Ctrl Pts',(109.036350850556,0.,4.97531133542182));
#7962=CARTESIAN_POINT('Ctrl Pts',(109.036350850556,-5.,4.97531133542182));
#7963=CARTESIAN_POINT('Ctrl Pts',(109.686226844788,0.,4.85195901504181));
#7964=CARTESIAN_POINT('Ctrl Pts',(109.686226844788,-5.,4.85195901504181));
#7965=CARTESIAN_POINT('',(104.324698448181,0.,5.28169896712921));
#7966=CARTESIAN_POINT('',(104.324698448181,0.,5.28169896712921));
#7967=CARTESIAN_POINT('Ctrl Pts',(109.686226844788,0.,4.85195901504181));
#7968=CARTESIAN_POINT('Ctrl Pts',(109.036350850556,0.,4.97531133542182));
#7969=CARTESIAN_POINT('Ctrl Pts',(107.267990922258,0.,5.31096198625154));
#7970=CARTESIAN_POINT('Ctrl Pts',(105.465052933033,0.,5.29303668344193));
#7971=CARTESIAN_POINT('Ctrl Pts',(104.324698448181,0.,5.28169896712921));
#7972=CARTESIAN_POINT('Origin',(99.4338369369507,0.,5.28169896712921));
#7973=CARTESIAN_POINT('',(99.4338369369507,0.,5.28169896712921));
#7974=CARTESIAN_POINT('',(99.4338369369507,0.,5.28169896712921));
#7975=CARTESIAN_POINT('',(104.324698448181,0.,5.28169896712921));
#7976=CARTESIAN_POINT('Ctrl Pts',(117.032752037048,0.,5.42494561782501));
#7977=CARTESIAN_POINT('Ctrl Pts',(117.032752037048,-5.,5.42494561782501));
#7978=CARTESIAN_POINT('Ctrl Pts',(116.470066358817,0.,6.02445829390991));
#7979=CARTESIAN_POINT('Ctrl Pts',(116.470066358817,-5.,6.02445829390991));
#7980=CARTESIAN_POINT('Ctrl Pts',(115.292643119793,0.,7.27894225221814));
#7981=CARTESIAN_POINT('Ctrl Pts',(115.292643119793,-5.,7.27894225221814));
#7982=CARTESIAN_POINT('Ctrl Pts',(113.666311392189,0.,7.84900631827494));
#7983=CARTESIAN_POINT('Ctrl Pts',(113.666311392189,-5.,7.84900631827494));
#7984=CARTESIAN_POINT('Ctrl Pts',(112.817196846008,0.,8.1466391336026));
#7985=CARTESIAN_POINT('Ctrl Pts',(112.817196846008,-5.,8.1466391336026));
#7986=CARTESIAN_POINT('',(117.032752037048,0.,5.42494561782501));
#7987=CARTESIAN_POINT('',(117.032752037048,0.,5.42494561782501));
#7988=CARTESIAN_POINT('',(112.817196846008,0.,8.1466391336026));
#7989=CARTESIAN_POINT('Ctrl Pts',(112.817196846008,0.,8.1466391336026));
#7990=CARTESIAN_POINT('Ctrl Pts',(113.666311392189,0.,7.84900631827494));
#7991=CARTESIAN_POINT('Ctrl Pts',(115.292643119793,0.,7.27894225221814));
#7992=CARTESIAN_POINT('Ctrl Pts',(116.470066358817,0.,6.02445829390991));
#7993=CARTESIAN_POINT('Ctrl Pts',(117.032752037048,0.,5.42494561782501));
#7994=CARTESIAN_POINT('',(112.817196846008,0.,8.1466391336026));
#7995=CARTESIAN_POINT('Ctrl Pts',(118.506140708923,0.,0.902436042934873));
#7996=CARTESIAN_POINT('Ctrl Pts',(118.506140708923,-5.,0.902436042934873));
#7997=CARTESIAN_POINT('Ctrl Pts',(118.44954441062,0.,1.73426139962104));
#7998=CARTESIAN_POINT('Ctrl Pts',(118.44954441062,-5.,1.73426139962104));
#7999=CARTESIAN_POINT('Ctrl Pts',(118.338459695978,0.,3.36693147079706));
#8000=CARTESIAN_POINT('Ctrl Pts',(118.338459695978,-5.,3.36693147079706));
#8001=CARTESIAN_POINT('Ctrl Pts',(117.462447013007,0.,4.74767430568803));
#8002=CARTESIAN_POINT('Ctrl Pts',(117.462447013007,-5.,4.74767430568803));
#8003=CARTESIAN_POINT('Ctrl Pts',(117.032752037048,0.,5.42494561782501));
#8004=CARTESIAN_POINT('Ctrl Pts',(117.032752037048,-5.,5.42494561782501));
#8005=CARTESIAN_POINT('',(118.506140708923,0.,0.902436042934873));
#8006=CARTESIAN_POINT('',(118.506140708923,0.,0.902436042934873));
#8007=CARTESIAN_POINT('Ctrl Pts',(117.032752037048,0.,5.42494561782501));
#8008=CARTESIAN_POINT('Ctrl Pts',(117.462447013007,0.,4.74767430568803));
#8009=CARTESIAN_POINT('Ctrl Pts',(118.338459695978,0.,3.36693147079706));
#8010=CARTESIAN_POINT('Ctrl Pts',(118.44954441062,0.,1.73426139962104));
#8011=CARTESIAN_POINT('Ctrl Pts',(118.506140708923,0.,0.902436042934873));
#8012=CARTESIAN_POINT('Ctrl Pts',(117.544341087341,0.,-3.08801386246063));
#8013=CARTESIAN_POINT('Ctrl Pts',(117.544341087341,-5.,-3.08801386246063));
#8014=CARTESIAN_POINT('Ctrl Pts',(117.824852165295,0.,-2.44104561376403));
#8015=CARTESIAN_POINT('Ctrl Pts',(117.824852165295,-5.,-2.44104561376403));
#8016=CARTESIAN_POINT('Ctrl Pts',(118.377512715461,0.,-1.16639424928615));
#8017=CARTESIAN_POINT('Ctrl Pts',(118.377512715461,-5.,-1.16639424928615));
#8018=CARTESIAN_POINT('Ctrl Pts',(118.463699371424,0.,0.219816946598526));
#8019=CARTESIAN_POINT('Ctrl Pts',(118.463699371424,-5.,0.219816946598526));
#8020=CARTESIAN_POINT('Ctrl Pts',(118.506140708923,0.,0.902436042934873));
#8021=CARTESIAN_POINT('Ctrl Pts',(118.506140708923,-5.,0.902436042934873));
#8022=CARTESIAN_POINT('',(117.544341087341,0.,-3.08801386246063));
#8023=CARTESIAN_POINT('',(117.544341087341,0.,-3.08801386246063));
#8024=CARTESIAN_POINT('Ctrl Pts',(118.506140708923,0.,0.902436042934873));
#8025=CARTESIAN_POINT('Ctrl Pts',(118.463699371424,0.,0.219816946598526));
#8026=CARTESIAN_POINT('Ctrl Pts',(118.377512715461,0.,-1.16639424928615));
#8027=CARTESIAN_POINT('Ctrl Pts',(117.824852165295,0.,-2.44104561376403));
#8028=CARTESIAN_POINT('Ctrl Pts',(117.544341087341,0.,-3.08801386246063));
#8029=CARTESIAN_POINT('Ctrl Pts',(114.945435523987,0.,-6.17805454620697));
#8030=CARTESIAN_POINT('Ctrl Pts',(114.945435523987,-5.,-6.17805454620697));
#8031=CARTESIAN_POINT('Ctrl Pts',(115.470306677693,0.,-5.75318644453677));
#8032=CARTESIAN_POINT('Ctrl Pts',(115.470306677693,-5.,-5.75318644453677));
#8033=CARTESIAN_POINT('Ctrl Pts',(116.535416201568,0.,-4.89101092148895));
#8034=CARTESIAN_POINT('Ctrl Pts',(116.535416201568,-5.,-4.89101092148895));
#8035=CARTESIAN_POINT('Ctrl Pts',(117.204813475952,0.,-3.69476595414254));
#8036=CARTESIAN_POINT('Ctrl Pts',(117.204813475952,-5.,-3.69476595414254));
#8037=CARTESIAN_POINT('Ctrl Pts',(117.544341087341,0.,-3.08801386246063));
#8038=CARTESIAN_POINT('Ctrl Pts',(117.544341087341,-5.,-3.08801386246063));
#8039=CARTESIAN_POINT('',(114.945435523987,0.,-6.17805454620697));
#8040=CARTESIAN_POINT('',(114.945435523987,0.,-6.17805454620697));
#8041=CARTESIAN_POINT('Ctrl Pts',(117.544341087341,0.,-3.08801386246063));
#8042=CARTESIAN_POINT('Ctrl Pts',(117.204813475952,0.,-3.69476595414254));
#8043=CARTESIAN_POINT('Ctrl Pts',(116.535416201568,0.,-4.89101092148895));
#8044=CARTESIAN_POINT('Ctrl Pts',(115.470306677693,0.,-5.75318644453677));
#8045=CARTESIAN_POINT('Ctrl Pts',(114.945435523987,0.,-6.17805454620697));
#8046=CARTESIAN_POINT('Ctrl Pts',(110.893597602844,0.,-7.59005997070648));
#8047=CARTESIAN_POINT('Ctrl Pts',(110.893597602844,-5.,-7.59005997070648));
#8048=CARTESIAN_POINT('Ctrl Pts',(111.65051680494,0.,-7.47530685699968));
#8049=CARTESIAN_POINT('Ctrl Pts',(111.65051680494,-5.,-7.47530685699968));
#8050=CARTESIAN_POINT('Ctrl Pts',(113.090888968963,0.,-7.2569385156225));
#8051=CARTESIAN_POINT('Ctrl Pts',(113.090888968963,-5.,-7.2569385156225));
#8052=CARTESIAN_POINT('Ctrl Pts',(114.348637171535,0.,-6.52524247399967));
#8053=CARTESIAN_POINT('Ctrl Pts',(114.348637171535,-5.,-6.52524247399967));
#8054=CARTESIAN_POINT('Ctrl Pts',(114.945435523987,0.,-6.17805454620697));
#8055=CARTESIAN_POINT('Ctrl Pts',(114.945435523987,-5.,-6.17805454620697));
#8056=CARTESIAN_POINT('',(110.893597602844,0.,-7.59005997070648));
#8057=CARTESIAN_POINT('',(110.893597602844,0.,-7.59005997070648));
#8058=CARTESIAN_POINT('Ctrl Pts',(114.945435523987,0.,-6.17805454620697));
#8059=CARTESIAN_POINT('Ctrl Pts',(114.348637171535,0.,-6.52524247399967));
#8060=CARTESIAN_POINT('Ctrl Pts',(113.090888968963,0.,-7.2569385156225));
#8061=CARTESIAN_POINT('Ctrl Pts',(111.65051680494,0.,-7.47530685699968));
#8062=CARTESIAN_POINT('Ctrl Pts',(110.893597602844,0.,-7.59005997070648));
#8063=CARTESIAN_POINT('Ctrl Pts',(103.588004112244,0.,-7.79469940552094));
#8064=CARTESIAN_POINT('Ctrl Pts',(103.588004112244,-5.,-7.79469940552094));
#8065=CARTESIAN_POINT('Ctrl Pts',(105.162625945125,0.,-7.78925960887712));
#8066=CARTESIAN_POINT('Ctrl Pts',(105.162625945125,-5.,-7.78925960887712));
#8067=CARTESIAN_POINT('Ctrl Pts',(107.599815835342,0.,-7.78083992542787));
#8068=CARTESIAN_POINT('Ctrl Pts',(107.599815835342,-5.,-7.78083992542787));
#8069=CARTESIAN_POINT('Ctrl Pts',(110.032591739493,0.,-7.63993050592096));
#8070=CARTESIAN_POINT('Ctrl Pts',(110.032591739493,-5.,-7.63993050592096));
#8071=CARTESIAN_POINT('Ctrl Pts',(110.893597602844,0.,-7.59005997070648));
#8072=CARTESIAN_POINT('Ctrl Pts',(110.893597602844,-5.,-7.59005997070648));
#8073=CARTESIAN_POINT('',(103.588004112244,0.,-7.79469940552094));
#8074=CARTESIAN_POINT('',(103.588004112244,0.,-7.79469940552094));
#8075=CARTESIAN_POINT('Ctrl Pts',(110.893597602844,0.,-7.59005997070648));
#8076=CARTESIAN_POINT('Ctrl Pts',(110.032591739493,0.,-7.63993050592096));
#8077=CARTESIAN_POINT('Ctrl Pts',(107.599815835342,0.,-7.78083992542787));
#8078=CARTESIAN_POINT('Ctrl Pts',(105.162625945125,0.,-7.78925960887712));
#8079=CARTESIAN_POINT('Ctrl Pts',(103.588004112244,0.,-7.79469940552094));
#8080=CARTESIAN_POINT('Origin',(93.3765363693237,0.,-7.79469940552094));
#8081=CARTESIAN_POINT('',(93.3765363693237,0.,-7.79469940552094));
#8082=CARTESIAN_POINT('',(93.3765363693237,0.,-7.79469940552094));
#8083=CARTESIAN_POINT('',(103.588004112244,0.,-7.79469940552094));
#8084=CARTESIAN_POINT('Origin',(93.3765363693237,0.,22.2053029786649));
#8085=CARTESIAN_POINT('',(93.3765363693237,0.,22.2053029786649));
#8086=CARTESIAN_POINT('',(93.3765363693237,0.,22.2053029786649));
#8087=CARTESIAN_POINT('',(93.3765363693237,0.,-7.79469940552094));
#8088=CARTESIAN_POINT('Origin',(99.4338369369507,0.,10.274879003674));
#8089=CARTESIAN_POINT('',(99.4338369369507,0.,10.274879003674));
#8090=CARTESIAN_POINT('',(99.4338369369507,0.,10.274879003674));
#8091=CARTESIAN_POINT('',(99.4338369369507,0.,17.2121241342129));
#8092=CARTESIAN_POINT('Origin',(103.403820991516,0.,10.274879003674));
#8093=CARTESIAN_POINT('',(103.403820991516,0.,10.274879003674));
#8094=CARTESIAN_POINT('',(103.403820991516,0.,10.274879003674));
#8095=CARTESIAN_POINT('',(99.4338369369507,0.,10.274879003674));
#8096=CARTESIAN_POINT('Ctrl Pts',(107.803549766541,0.,10.3771975289883));
#8097=CARTESIAN_POINT('Ctrl Pts',(107.803549766541,-5.,10.3771975289883));
#8098=CARTESIAN_POINT('Ctrl Pts',(107.2937662886,0.,10.3479588798407));
#8099=CARTESIAN_POINT('Ctrl Pts',(107.2937662886,-5.,10.3479588798407));
#8100=CARTESIAN_POINT('Ctrl Pts',(105.828664174387,0.,10.2639278970086));
#8101=CARTESIAN_POINT('Ctrl Pts',(105.828664174387,-5.,10.2639278970086));
#8102=CARTESIAN_POINT('Ctrl Pts',(104.360885122689,0.,10.2705566988503));
#8103=CARTESIAN_POINT('Ctrl Pts',(104.360885122689,-5.,10.2705566988503));
#8104=CARTESIAN_POINT('Ctrl Pts',(103.403820991516,0.,10.274879003674));
#8105=CARTESIAN_POINT('Ctrl Pts',(103.403820991516,-5.,10.274879003674));
#8106=CARTESIAN_POINT('',(107.803549766541,0.,10.3771975289883));
#8107=CARTESIAN_POINT('',(107.803549766541,0.,10.3771975289883));
#8108=CARTESIAN_POINT('Ctrl Pts',(103.403820991516,0.,10.274879003674));
#8109=CARTESIAN_POINT('Ctrl Pts',(104.360885122689,0.,10.2705566988503));
#8110=CARTESIAN_POINT('Ctrl Pts',(105.828664174387,0.,10.2639278970086));
#8111=CARTESIAN_POINT('Ctrl Pts',(107.2937662886,0.,10.3479588798407));
#8112=CARTESIAN_POINT('Ctrl Pts',(107.803549766541,0.,10.3771975289883));
#8113=CARTESIAN_POINT('Ctrl Pts',(110.238747596741,0.,11.4413180600705));
#8114=CARTESIAN_POINT('Ctrl Pts',(110.238747596741,-5.,11.4413180600705));
#8115=CARTESIAN_POINT('Ctrl Pts',(109.902860348955,0.,11.1755190735749));
#8116=CARTESIAN_POINT('Ctrl Pts',(109.902860348955,-5.,11.1755190735749));
#8117=CARTESIAN_POINT('Ctrl Pts',(109.186536972211,0.,10.6086680579542));
#8118=CARTESIAN_POINT('Ctrl Pts',(109.186536972211,-5.,10.6086680579542));
#8119=CARTESIAN_POINT('Ctrl Pts',(108.283270522265,0.,10.4574883781214));
#8120=CARTESIAN_POINT('Ctrl Pts',(108.283270522265,-5.,10.4574883781214));
#8121=CARTESIAN_POINT('Ctrl Pts',(107.803549766541,0.,10.3771975289883));
#8122=CARTESIAN_POINT('Ctrl Pts',(107.803549766541,-5.,10.3771975289883));
#8123=CARTESIAN_POINT('Ctrl Pts',(107.803549766541,0.,10.3771975289883));
#8124=CARTESIAN_POINT('Ctrl Pts',(108.283270522265,0.,10.4574883781214));
#8125=CARTESIAN_POINT('Ctrl Pts',(109.186536972211,0.,10.6086680579542));
#8126=CARTESIAN_POINT('Ctrl Pts',(109.902860348955,0.,11.1755190735749));
#8127=CARTESIAN_POINT('Ctrl Pts',(110.238747596741,0.,11.4413180600705));
#8128=CARTESIAN_POINT('Origin',(99.4338369369507,0.,-2.74012777695038));
#8129=CARTESIAN_POINT('',(99.4338369369507,0.,-2.74012777695038));
#8130=CARTESIAN_POINT('',(99.4338369369507,0.,-2.74012777695038));
#8131=CARTESIAN_POINT('',(99.4338369369507,0.,5.28169896712921));
#8132=CARTESIAN_POINT('Origin',(105.040936470032,0.,-2.74012777695038));
#8133=CARTESIAN_POINT('',(105.040936470032,0.,-2.74012777695038));
#8134=CARTESIAN_POINT('',(105.040936470032,0.,-2.74012777695038));
#8135=CARTESIAN_POINT('',(99.4338369369507,0.,-2.74012777695038));
#8136=CARTESIAN_POINT('Ctrl Pts',(109.195094108582,0.,-2.55595419296601));
#8137=CARTESIAN_POINT('Ctrl Pts',(109.195094108582,-5.,-2.55595419296601));
#8138=CARTESIAN_POINT('Ctrl Pts',(108.702627349337,0.,-2.60869375775289));
#8139=CARTESIAN_POINT('Ctrl Pts',(108.702627349337,-5.,-2.60869375775289));
#8140=CARTESIAN_POINT('Ctrl Pts',(107.322680100521,0.,-2.75647595008421));
#8141=CARTESIAN_POINT('Ctrl Pts',(107.322680100521,-5.,-2.75647595008421));
#8142=CARTESIAN_POINT('Ctrl Pts',(105.934020258318,0.,-2.74652651877169));
#8143=CARTESIAN_POINT('Ctrl Pts',(105.934020258318,-5.,-2.74652651877169));
#8144=CARTESIAN_POINT('Ctrl Pts',(105.040936470032,0.,-2.74012777695038));
#8145=CARTESIAN_POINT('Ctrl Pts',(105.040936470032,-5.,-2.74012777695038));
#8146=CARTESIAN_POINT('',(109.195094108582,0.,-2.55595419296601));
#8147=CARTESIAN_POINT('',(109.195094108582,0.,-2.55595419296601));
#8148=CARTESIAN_POINT('Ctrl Pts',(105.040936470032,0.,-2.74012777695038));
#8149=CARTESIAN_POINT('Ctrl Pts',(105.934020258318,0.,-2.74652651877169));
#8150=CARTESIAN_POINT('Ctrl Pts',(107.322680100521,0.,-2.75647595008421));
#8151=CARTESIAN_POINT('Ctrl Pts',(108.702627349337,0.,-2.60869375775289));
#8152=CARTESIAN_POINT('Ctrl Pts',(109.195094108582,0.,-2.55595419296601));
#8153=CARTESIAN_POINT('Ctrl Pts',(111.38473033905,0.,-1.36905166992523));
#8154=CARTESIAN_POINT('Ctrl Pts',(111.38473033905,-5.,-1.36905166992523));
#8155=CARTESIAN_POINT('Ctrl Pts',(111.078763030499,0.,-1.65471038749046));
#8156=CARTESIAN_POINT('Ctrl Pts',(111.078763030499,-5.,-1.65471038749046));
#8157=CARTESIAN_POINT('Ctrl Pts',(110.452391674867,0.,-2.23950632211729));
#8158=CARTESIAN_POINT('Ctrl Pts',(110.452391674867,-5.,-2.23950632211729));
#8159=CARTESIAN_POINT('Ctrl Pts',(109.620583857754,0.,-2.44886313608015));
#8160=CARTESIAN_POINT('Ctrl Pts',(109.620583857754,-5.,-2.44886313608015));
#8161=CARTESIAN_POINT('Ctrl Pts',(109.195094108582,0.,-2.55595419296601));
#8162=CARTESIAN_POINT('Ctrl Pts',(109.195094108582,-5.,-2.55595419296601));
#8163=CARTESIAN_POINT('Ctrl Pts',(109.195094108582,0.,-2.55595419296601));
#8164=CARTESIAN_POINT('Ctrl Pts',(109.620583857754,0.,-2.44886313608015));
#8165=CARTESIAN_POINT('Ctrl Pts',(110.452391674867,0.,-2.23950632211729));
#8166=CARTESIAN_POINT('Ctrl Pts',(111.078763030499,0.,-1.65471038749046));
#8167=CARTESIAN_POINT('Ctrl Pts',(111.38473033905,0.,-1.36905166992523));
#8168=CARTESIAN_POINT('Origin',(105.36835193634,0.,22.2053029786649));
#8169=CARTESIAN_POINT('',(105.36835193634,0.,22.2053029786649));
#8170=CARTESIAN_POINT('',(105.36835193634,0.,22.2053029786649));
#8171=CARTESIAN_POINT('',(93.3765363693237,0.,22.2053029786649));
#8172=CARTESIAN_POINT('Ctrl Pts',(110.6684923172,0.,21.8983438264432));
#8173=CARTESIAN_POINT('Ctrl Pts',(110.6684923172,-5.,21.8983438264432));
#8174=CARTESIAN_POINT('Ctrl Pts',(109.937696615847,0.,21.9872465012085));
#8175=CARTESIAN_POINT('Ctrl Pts',(109.937696615847,-5.,21.9872465012085));
#8176=CARTESIAN_POINT('Ctrl Pts',(108.178211772171,0.,22.2012911494221));
#8177=CARTESIAN_POINT('Ctrl Pts',(108.178211772171,-5.,22.2012911494221));
#8178=CARTESIAN_POINT('Ctrl Pts',(106.405042013461,0.,22.2038228252729));
#8179=CARTESIAN_POINT('Ctrl Pts',(106.405042013461,-5.,22.2038228252729));
#8180=CARTESIAN_POINT('Ctrl Pts',(105.36835193634,0.,22.2053029786649));
#8181=CARTESIAN_POINT('Ctrl Pts',(105.36835193634,-5.,22.2053029786649));
#8182=CARTESIAN_POINT('',(110.6684923172,0.,21.8983438264432));
#8183=CARTESIAN_POINT('',(110.6684923172,0.,21.8983438264432));
#8184=CARTESIAN_POINT('Ctrl Pts',(105.36835193634,0.,22.2053029786649));
#8185=CARTESIAN_POINT('Ctrl Pts',(106.405042013461,0.,22.2038228252729));
#8186=CARTESIAN_POINT('Ctrl Pts',(108.178211772171,0.,22.2012911494221));
#8187=CARTESIAN_POINT('Ctrl Pts',(109.937696615847,0.,21.9872465012085));
#8188=CARTESIAN_POINT('Ctrl Pts',(110.6684923172,0.,21.8983438264432));
#8189=CARTESIAN_POINT('Ctrl Pts',(113.79946231842,0.,20.6705143701138));
#8190=CARTESIAN_POINT('Ctrl Pts',(113.79946231842,-5.,20.6705143701138));
#8191=CARTESIAN_POINT('Ctrl Pts',(113.321121283614,0.,20.9578217665645));
#8192=CARTESIAN_POINT('Ctrl Pts',(113.321121283614,-5.,20.9578217665645));
#8193=CARTESIAN_POINT('Ctrl Pts',(112.346854726686,0.,21.5429983823094));
#8194=CARTESIAN_POINT('Ctrl Pts',(112.346854726686,-5.,21.5429983823094));
#8195=CARTESIAN_POINT('Ctrl Pts',(111.234637901913,0.,21.778478621463));
#8196=CARTESIAN_POINT('Ctrl Pts',(111.234637901913,-5.,21.778478621463));
#8197=CARTESIAN_POINT('Ctrl Pts',(110.6684923172,0.,21.8983438264432));
#8198=CARTESIAN_POINT('Ctrl Pts',(110.6684923172,-5.,21.8983438264432));
#8199=CARTESIAN_POINT('',(113.79946231842,0.,20.6705143701138));
#8200=CARTESIAN_POINT('',(113.79946231842,0.,20.6705143701138));
#8201=CARTESIAN_POINT('Ctrl Pts',(110.6684923172,0.,21.8983438264432));
#8202=CARTESIAN_POINT('Ctrl Pts',(111.234637901913,0.,21.778478621463));
#8203=CARTESIAN_POINT('Ctrl Pts',(112.346854726686,0.,21.5429983823094));
#8204=CARTESIAN_POINT('Ctrl Pts',(113.321121283614,0.,20.9578217665645));
#8205=CARTESIAN_POINT('Ctrl Pts',(113.79946231842,0.,20.6705143701138));
#8206=CARTESIAN_POINT('Ctrl Pts',(116.111874580383,0.,18.1534602891507));
#8207=CARTESIAN_POINT('Ctrl Pts',(116.111874580383,-5.,18.1534602891507));
#8208=CARTESIAN_POINT('Ctrl Pts',(115.790487180729,0.,18.648723470074));
#8209=CARTESIAN_POINT('Ctrl Pts',(115.790487180729,-5.,18.648723470074));
#8210=CARTESIAN_POINT('Ctrl Pts',(115.161230233243,0.,19.6184186036288));
#8211=CARTESIAN_POINT('Ctrl Pts',(115.161230233243,-5.,19.6184186036288));
#8212=CARTESIAN_POINT('Ctrl Pts',(114.246837218483,0.,20.3248745343796));
#8213=CARTESIAN_POINT('Ctrl Pts',(114.246837218483,-5.,20.3248745343796));
#8214=CARTESIAN_POINT('Ctrl Pts',(113.79946231842,0.,20.6705143701138));
#8215=CARTESIAN_POINT('Ctrl Pts',(113.79946231842,-5.,20.6705143701138));
#8216=CARTESIAN_POINT('',(116.111874580383,0.,18.1534602891507));
#8217=CARTESIAN_POINT('',(116.111874580383,0.,18.1534602891507));
#8218=CARTESIAN_POINT('Ctrl Pts',(113.79946231842,0.,20.6705143701138));
#8219=CARTESIAN_POINT('Ctrl Pts',(114.246837218483,0.,20.3248745343796));
#8220=CARTESIAN_POINT('Ctrl Pts',(115.161230233243,0.,19.6184186036288));
#8221=CARTESIAN_POINT('Ctrl Pts',(115.790487180729,0.,18.648723470074));
#8222=CARTESIAN_POINT('Ctrl Pts',(116.111874580383,0.,18.1534602891507));
#8223=CARTESIAN_POINT('Ctrl Pts',(117.032752037048,0.,14.6541431199612));
#8224=CARTESIAN_POINT('Ctrl Pts',(117.032752037048,-5.,14.6541431199612));
#8225=CARTESIAN_POINT('Ctrl Pts',(116.997418957809,0.,15.2807765172776));
#8226=CARTESIAN_POINT('Ctrl Pts',(116.997418957809,-5.,15.2807765172776));
#8227=CARTESIAN_POINT('Ctrl Pts',(116.928084979678,0.,16.510417046815));
#8228=CARTESIAN_POINT('Ctrl Pts',(116.928084979678,-5.,16.510417046815));
#8229=CARTESIAN_POINT('Ctrl Pts',(116.380437219257,0.,17.6128398445611));
#8230=CARTESIAN_POINT('Ctrl Pts',(116.380437219257,-5.,17.6128398445611));
#8231=CARTESIAN_POINT('Ctrl Pts',(116.111874580383,0.,18.1534602891507));
#8232=CARTESIAN_POINT('Ctrl Pts',(116.111874580383,-5.,18.1534602891507));
#8233=CARTESIAN_POINT('',(117.032752037048,0.,14.6541431199612));
#8234=CARTESIAN_POINT('',(117.032752037048,0.,14.6541431199612));
#8235=CARTESIAN_POINT('Ctrl Pts',(116.111874580383,0.,18.1534602891507));
#8236=CARTESIAN_POINT('Ctrl Pts',(116.380437219257,0.,17.6128398445611));
#8237=CARTESIAN_POINT('Ctrl Pts',(116.928084979678,0.,16.510417046815));
#8238=CARTESIAN_POINT('Ctrl Pts',(116.997418957809,0.,15.2807765172776));
#8239=CARTESIAN_POINT('Ctrl Pts',(117.032752037048,0.,14.6541431199612));
#8240=CARTESIAN_POINT('Ctrl Pts',(115.886769294739,0.,10.7864752065244));
#8241=CARTESIAN_POINT('Ctrl Pts',(115.886769294739,-5.,10.7864752065244));
#8242=CARTESIAN_POINT('Ctrl Pts',(116.22101536299,0.,11.3879402347736));
#8243=CARTESIAN_POINT('Ctrl Pts',(116.22101536299,-5.,11.3879402347736));
#8244=CARTESIAN_POINT('Ctrl Pts',(116.89015588471,0.,12.5920370395768));
#8245=CARTESIAN_POINT('Ctrl Pts',(116.89015588471,-5.,12.5920370395768));
#8246=CARTESIAN_POINT('Ctrl Pts',(116.985189291044,0.,13.9663305378791));
#8247=CARTESIAN_POINT('Ctrl Pts',(116.985189291044,-5.,13.9663305378791));
#8248=CARTESIAN_POINT('Ctrl Pts',(117.032752037048,0.,14.6541431199612));
#8249=CARTESIAN_POINT('Ctrl Pts',(117.032752037048,-5.,14.6541431199612));
#8250=CARTESIAN_POINT('',(115.886769294739,0.,10.7864752065244));
#8251=CARTESIAN_POINT('',(115.886769294739,0.,10.7864752065244));
#8252=CARTESIAN_POINT('Ctrl Pts',(117.032752037048,0.,14.6541431199612));
#8253=CARTESIAN_POINT('Ctrl Pts',(116.985189291044,0.,13.9663305378791));
#8254=CARTESIAN_POINT('Ctrl Pts',(116.89015588471,0.,12.5920370395768));
#8255=CARTESIAN_POINT('Ctrl Pts',(116.22101536299,0.,11.3879402347736));
#8256=CARTESIAN_POINT('Ctrl Pts',(115.886769294739,0.,10.7864752065244));
#8257=CARTESIAN_POINT('Ctrl Pts',(112.817196846008,0.,8.1466391336026));
#8258=CARTESIAN_POINT('Ctrl Pts',(112.817196846008,-5.,8.1466391336026));
#8259=CARTESIAN_POINT('Ctrl Pts',(113.430035594736,0.,8.47494043005917));
#8260=CARTESIAN_POINT('Ctrl Pts',(113.430035594736,-5.,8.47494043005917));
#8261=CARTESIAN_POINT('Ctrl Pts',(114.648812516234,0.,9.12784634413569));
#8262=CARTESIAN_POINT('Ctrl Pts',(114.648812516234,-5.,9.12784634413569));
#8263=CARTESIAN_POINT('Ctrl Pts',(115.475677573794,0.,10.2356897467353));
#8264=CARTESIAN_POINT('Ctrl Pts',(115.475677573794,-5.,10.2356897467353));
#8265=CARTESIAN_POINT('Ctrl Pts',(115.886769294739,0.,10.7864752065244));
#8266=CARTESIAN_POINT('Ctrl Pts',(115.886769294739,-5.,10.7864752065244));
#8267=CARTESIAN_POINT('Ctrl Pts',(115.886769294739,0.,10.7864752065244));
#8268=CARTESIAN_POINT('Ctrl Pts',(115.475677573794,0.,10.2356897467353));
#8269=CARTESIAN_POINT('Ctrl Pts',(114.648812516234,0.,9.12784634413569));
#8270=CARTESIAN_POINT('Ctrl Pts',(113.430035594736,0.,8.47494043005917));
#8271=CARTESIAN_POINT('Ctrl Pts',(112.817196846008,0.,8.1466391336026));
#8272=CARTESIAN_POINT('Origin',(109.461133480072,0.,7.0722868691983));
#8273=CARTESIAN_POINT('Origin',(85.532078742981,0.,13.3649208795132));
#8274=CARTESIAN_POINT('',(83.9768171310425,0.,12.1780171643796));
#8275=CARTESIAN_POINT('',(85.532078742981,0.,13.3649208795132));
#8276=CARTESIAN_POINT('',(83.9768171310425,0.,12.1780171643796));
#8277=CARTESIAN_POINT('',(83.9768171310425,-5.,12.1780171643796));
#8278=CARTESIAN_POINT('',(83.9768171310425,0.,12.1780171643796));
#8279=CARTESIAN_POINT('',(85.532078742981,-5.,13.3649208795132));
#8280=CARTESIAN_POINT('',(83.9768171310425,-5.,12.1780171643796));
#8281=CARTESIAN_POINT('',(85.532078742981,0.,13.3649208795132));
#8282=CARTESIAN_POINT('Ctrl Pts',(87.2510385513306,0.,16.0047557603421));
#8283=CARTESIAN_POINT('Ctrl Pts',(87.2510385513306,-5.,16.0047557603421));
#8284=CARTESIAN_POINT('Ctrl Pts',(87.1459472935754,0.,15.5434203040052));
#8285=CARTESIAN_POINT('Ctrl Pts',(87.1459472935754,-5.,15.5434203040052));
#8286=CARTESIAN_POINT('Ctrl Pts',(86.9004000085625,0.,14.4655031565327));
#8287=CARTESIAN_POINT('Ctrl Pts',(86.9004000085625,-5.,14.4655031565327));
#8288=CARTESIAN_POINT('Ctrl Pts',(86.0299733538986,0.,13.765392609642));
#8289=CARTESIAN_POINT('Ctrl Pts',(86.0299733538986,-5.,13.765392609642));
#8290=CARTESIAN_POINT('Ctrl Pts',(85.532078742981,0.,13.3649208795132));
#8291=CARTESIAN_POINT('Ctrl Pts',(85.532078742981,-5.,13.3649208795132));
#8292=CARTESIAN_POINT('',(87.2510385513306,0.,16.0047557603421));
#8293=CARTESIAN_POINT('Ctrl Pts',(85.532078742981,0.,13.3649208795132));
#8294=CARTESIAN_POINT('Ctrl Pts',(86.0299733538986,0.,13.765392609642));
#8295=CARTESIAN_POINT('Ctrl Pts',(86.9004000085625,0.,14.4655031565327));
#8296=CARTESIAN_POINT('Ctrl Pts',(87.1459472935754,0.,15.5434203040052));
#8297=CARTESIAN_POINT('Ctrl Pts',(87.2510385513306,0.,16.0047557603421));
#8298=CARTESIAN_POINT('',(87.2510385513306,-5.,16.0047557603421));
#8299=CARTESIAN_POINT('Ctrl Pts',(87.2510385513306,-5.,16.0047557603421));
#8300=CARTESIAN_POINT('Ctrl Pts',(87.1459472935754,-5.,15.5434203040052));
#8301=CARTESIAN_POINT('Ctrl Pts',(86.9004000085625,-5.,14.4655031565327));
#8302=CARTESIAN_POINT('Ctrl Pts',(86.0299733538986,-5.,13.765392609642));
#8303=CARTESIAN_POINT('Ctrl Pts',(85.532078742981,-5.,13.3649208795132));
#8304=CARTESIAN_POINT('',(87.2510385513306,0.,16.0047557603421));
#8305=CARTESIAN_POINT('Ctrl Pts',(86.4120244979858,0.,17.8874304544034));
#8306=CARTESIAN_POINT('Ctrl Pts',(86.4120244979858,-5.,17.8874304544034));
#8307=CARTESIAN_POINT('Ctrl Pts',(86.656726508212,0.,17.616422437138));
#8308=CARTESIAN_POINT('Ctrl Pts',(86.656726508212,-5.,17.616422437138));
#8309=CARTESIAN_POINT('Ctrl Pts',(87.1413668964567,0.,17.0796821358078));
#8310=CARTESIAN_POINT('Ctrl Pts',(87.1413668964567,-5.,17.0796821358078));
#8311=CARTESIAN_POINT('Ctrl Pts',(87.2147216728761,0.,16.3607089058486));
#8312=CARTESIAN_POINT('Ctrl Pts',(87.2147216728761,-5.,16.3607089058486));
#8313=CARTESIAN_POINT('Ctrl Pts',(87.2510385513306,0.,16.0047557603421));
#8314=CARTESIAN_POINT('Ctrl Pts',(87.2510385513306,-5.,16.0047557603421));
#8315=CARTESIAN_POINT('',(86.4120244979858,0.,17.8874304544034));
#8316=CARTESIAN_POINT('Ctrl Pts',(87.2510385513306,0.,16.0047557603421));
#8317=CARTESIAN_POINT('Ctrl Pts',(87.2147216728761,0.,16.3607089058486));
#8318=CARTESIAN_POINT('Ctrl Pts',(87.1413668964567,0.,17.0796821358078));
#8319=CARTESIAN_POINT('Ctrl Pts',(86.656726508212,0.,17.616422437138));
#8320=CARTESIAN_POINT('Ctrl Pts',(86.4120244979858,0.,17.8874304544034));
#8321=CARTESIAN_POINT('',(86.4120244979858,-5.,17.8874304544034));
#8322=CARTESIAN_POINT('Ctrl Pts',(86.4120244979858,-5.,17.8874304544034));
#8323=CARTESIAN_POINT('Ctrl Pts',(86.656726508212,-5.,17.616422437138));
#8324=CARTESIAN_POINT('Ctrl Pts',(87.1413668964567,-5.,17.0796821358078));
#8325=CARTESIAN_POINT('Ctrl Pts',(87.2147216728761,-5.,16.3607089058486));
#8326=CARTESIAN_POINT('Ctrl Pts',(87.2510385513306,-5.,16.0047557603421));
#8327=CARTESIAN_POINT('',(86.4120244979858,0.,17.8874304544034));
#8328=CARTESIAN_POINT('Ctrl Pts',(84.1814565658569,0.,18.665056492001));
#8329=CARTESIAN_POINT('Ctrl Pts',(84.1814565658569,-5.,18.665056492001));
#8330=CARTESIAN_POINT('Ctrl Pts',(84.6176207565934,0.,18.6414913745072));
#8331=CARTESIAN_POINT('Ctrl Pts',(84.6176207565934,-5.,18.6414913745072));
#8332=CARTESIAN_POINT('Ctrl Pts',(85.4390034015915,0.,18.5971136402781));
#8333=CARTESIAN_POINT('Ctrl Pts',(85.4390034015915,-5.,18.5971136402781));
#8334=CARTESIAN_POINT('Ctrl Pts',(86.1013785993977,0.,18.1140033126959));
#8335=CARTESIAN_POINT('Ctrl Pts',(86.1013785993977,-5.,18.1140033126959));
#8336=CARTESIAN_POINT('Ctrl Pts',(86.4120244979858,0.,17.8874304544034));
#8337=CARTESIAN_POINT('Ctrl Pts',(86.4120244979858,-5.,17.8874304544034));
#8338=CARTESIAN_POINT('',(84.1814565658569,0.,18.665056492001));
#8339=CARTESIAN_POINT('Ctrl Pts',(86.4120244979858,0.,17.8874304544034));
#8340=CARTESIAN_POINT('Ctrl Pts',(86.1013785993977,0.,18.1140033126959));
#8341=CARTESIAN_POINT('Ctrl Pts',(85.4390034015915,0.,18.5971136402781));
#8342=CARTESIAN_POINT('Ctrl Pts',(84.6176207565934,0.,18.6414913745072));
#8343=CARTESIAN_POINT('Ctrl Pts',(84.1814565658569,0.,18.665056492001));
#8344=CARTESIAN_POINT('',(84.1814565658569,-5.,18.665056492001));
#8345=CARTESIAN_POINT('Ctrl Pts',(84.1814565658569,-5.,18.665056492001));
#8346=CARTESIAN_POINT('Ctrl Pts',(84.6176207565934,-5.,18.6414913745072));
#8347=CARTESIAN_POINT('Ctrl Pts',(85.4390034015915,-5.,18.5971136402781));
#8348=CARTESIAN_POINT('Ctrl Pts',(86.1013785993977,-5.,18.1140033126959));
#8349=CARTESIAN_POINT('Ctrl Pts',(86.4120244979858,-5.,17.8874304544034));
#8350=CARTESIAN_POINT('',(84.1814565658569,0.,18.665056492001));
#8351=CARTESIAN_POINT('Ctrl Pts',(82.0327520370483,0.,17.9692867051663));
#8352=CARTESIAN_POINT('Ctrl Pts',(82.0327520370483,-5.,17.9692867051663));
#8353=CARTESIAN_POINT('Ctrl Pts',(82.3316771259783,0.,18.1719166340706));
#8354=CARTESIAN_POINT('Ctrl Pts',(82.3316771259783,-5.,18.1719166340706));
#8355=CARTESIAN_POINT('Ctrl Pts',(82.977934801953,0.,18.6099900905523));
#8356=CARTESIAN_POINT('Ctrl Pts',(82.977934801953,-5.,18.6099900905523));
#8357=CARTESIAN_POINT('Ctrl Pts',(83.7607375397354,0.,18.6458067505469));
#8358=CARTESIAN_POINT('Ctrl Pts',(83.7607375397354,-5.,18.6458067505469));
#8359=CARTESIAN_POINT('Ctrl Pts',(84.1814565658569,0.,18.665056492001));
#8360=CARTESIAN_POINT('Ctrl Pts',(84.1814565658569,-5.,18.665056492001));
#8361=CARTESIAN_POINT('',(82.0327520370483,0.,17.9692867051663));
#8362=CARTESIAN_POINT('Ctrl Pts',(84.1814565658569,0.,18.665056492001));
#8363=CARTESIAN_POINT('Ctrl Pts',(83.7607375397354,0.,18.6458067505469));
#8364=CARTESIAN_POINT('Ctrl Pts',(82.977934801953,0.,18.6099900905523));
#8365=CARTESIAN_POINT('Ctrl Pts',(82.3316771259783,0.,18.1719166340706));
#8366=CARTESIAN_POINT('Ctrl Pts',(82.0327520370483,0.,17.9692867051663));
#8367=CARTESIAN_POINT('',(82.0327520370483,-5.,17.9692867051663));
#8368=CARTESIAN_POINT('Ctrl Pts',(82.0327520370483,-5.,17.9692867051663));
#8369=CARTESIAN_POINT('Ctrl Pts',(82.3316771259783,-5.,18.1719166340706));
#8370=CARTESIAN_POINT('Ctrl Pts',(82.977934801953,-5.,18.6099900905523));
#8371=CARTESIAN_POINT('Ctrl Pts',(83.7607375397354,-5.,18.6458067505469));
#8372=CARTESIAN_POINT('Ctrl Pts',(84.1814565658569,-5.,18.665056492001));
#8373=CARTESIAN_POINT('',(82.0327520370483,0.,17.9692867051663));
#8374=CARTESIAN_POINT('Ctrl Pts',(81.2551259994507,0.,16.3935687791409));
#8375=CARTESIAN_POINT('Ctrl Pts',(81.2551259994507,-5.,16.3935687791409));
#8376=CARTESIAN_POINT('Ctrl Pts',(81.2922396889017,0.,16.6883114236159));
#8377=CARTESIAN_POINT('Ctrl Pts',(81.2922396889017,-5.,16.6883114236159));
#8378=CARTESIAN_POINT('Ctrl Pts',(81.3694394690894,0.,17.3014023801331));
#8379=CARTESIAN_POINT('Ctrl Pts',(81.3694394690894,-5.,17.3014023801331));
#8380=CARTESIAN_POINT('Ctrl Pts',(81.8060443562645,0.,17.7410164843471));
#8381=CARTESIAN_POINT('Ctrl Pts',(81.8060443562645,-5.,17.7410164843471));
#8382=CARTESIAN_POINT('Ctrl Pts',(82.0327520370483,0.,17.9692867051663));
#8383=CARTESIAN_POINT('Ctrl Pts',(82.0327520370483,-5.,17.9692867051663));
#8384=CARTESIAN_POINT('',(81.2551259994507,0.,16.3935687791409));
#8385=CARTESIAN_POINT('Ctrl Pts',(82.0327520370483,0.,17.9692867051663));
#8386=CARTESIAN_POINT('Ctrl Pts',(81.8060443562645,0.,17.7410164843471));
#8387=CARTESIAN_POINT('Ctrl Pts',(81.3694394690894,0.,17.3014023801331));
#8388=CARTESIAN_POINT('Ctrl Pts',(81.2922396889017,0.,16.6883114236159));
#8389=CARTESIAN_POINT('Ctrl Pts',(81.2551259994507,0.,16.3935687791409));
#8390=CARTESIAN_POINT('',(81.2551259994507,-5.,16.3935687791409));
#8391=CARTESIAN_POINT('Ctrl Pts',(81.2551259994507,-5.,16.3935687791409));
#8392=CARTESIAN_POINT('Ctrl Pts',(81.2922396889017,-5.,16.6883114236159));
#8393=CARTESIAN_POINT('Ctrl Pts',(81.3694394690894,-5.,17.3014023801331));
#8394=CARTESIAN_POINT('Ctrl Pts',(81.8060443562645,-5.,17.7410164843471));
#8395=CARTESIAN_POINT('Ctrl Pts',(82.0327520370483,-5.,17.9692867051663));
#8396=CARTESIAN_POINT('',(81.2551259994507,0.,16.3935687791409));
#8397=CARTESIAN_POINT('Ctrl Pts',(82.5648164749146,0.,13.8151242982449));
#8398=CARTESIAN_POINT('Ctrl Pts',(82.5648164749146,-5.,13.8151242982449));
#8399=CARTESIAN_POINT('Ctrl Pts',(82.1864866238835,0.,14.258334350514));
#8400=CARTESIAN_POINT('Ctrl Pts',(82.1864866238835,-5.,14.258334350514));
#8401=CARTESIAN_POINT('Ctrl Pts',(81.5381963000823,0.,15.0178006932155));
#8402=CARTESIAN_POINT('Ctrl Pts',(81.5381963000823,-5.,15.0178006932155));
#8403=CARTESIAN_POINT('Ctrl Pts',(81.3383470458914,0.,15.9891008447975));
#8404=CARTESIAN_POINT('Ctrl Pts',(81.3383470458914,-5.,15.9891008447975));
#8405=CARTESIAN_POINT('Ctrl Pts',(81.2551259994507,0.,16.3935687791409));
#8406=CARTESIAN_POINT('Ctrl Pts',(81.2551259994507,-5.,16.3935687791409));
#8407=CARTESIAN_POINT('',(82.5648164749146,0.,13.8151242982449));
#8408=CARTESIAN_POINT('Ctrl Pts',(81.2551259994507,0.,16.3935687791409));
#8409=CARTESIAN_POINT('Ctrl Pts',(81.3383470458914,0.,15.9891008447975));
#8410=CARTESIAN_POINT('Ctrl Pts',(81.5381963000823,0.,15.0178006932155));
#8411=CARTESIAN_POINT('Ctrl Pts',(82.1864866238835,0.,14.258334350514));
#8412=CARTESIAN_POINT('Ctrl Pts',(82.5648164749146,0.,13.8151242982449));
#8413=CARTESIAN_POINT('',(82.5648164749146,-5.,13.8151242982449));
#8414=CARTESIAN_POINT('Ctrl Pts',(82.5648164749146,-5.,13.8151242982449));
#8415=CARTESIAN_POINT('Ctrl Pts',(82.1864866238835,-5.,14.258334350514));
#8416=CARTESIAN_POINT('Ctrl Pts',(81.5381963000823,-5.,15.0178006932155));
#8417=CARTESIAN_POINT('Ctrl Pts',(81.3383470458914,-5.,15.9891008447975));
#8418=CARTESIAN_POINT('Ctrl Pts',(81.2551259994507,-5.,16.3935687791409));
#8419=CARTESIAN_POINT('',(82.5648164749146,0.,13.8151242982449));
#8420=CARTESIAN_POINT('Origin',(83.9768171310425,0.,12.1780171643796));
#8421=CARTESIAN_POINT('',(82.5648164749146,0.,13.8151242982449));
#8422=CARTESIAN_POINT('',(82.5648164749146,-5.,13.8151242982449));
#8423=CARTESIAN_POINT('Ctrl Pts',(78.7585401535034,0.,3.52180745711944));
#8424=CARTESIAN_POINT('Ctrl Pts',(78.7585401535034,-5.,3.52180745711944));
#8425=CARTESIAN_POINT('Ctrl Pts',(79.1474368537722,0.,3.98505132237691));
#8426=CARTESIAN_POINT('Ctrl Pts',(79.1474368537722,-5.,3.98505132237691));
#8427=CARTESIAN_POINT('Ctrl Pts',(79.9809501422147,0.,4.9779111672012));
#8428=CARTESIAN_POINT('Ctrl Pts',(79.9809501422147,-5.,4.9779111672012));
#8429=CARTESIAN_POINT('Ctrl Pts',(81.1188294671719,0.,5.60306936923383));
#8430=CARTESIAN_POINT('Ctrl Pts',(81.1188294671719,-5.,5.60306936923383));
#8431=CARTESIAN_POINT('Ctrl Pts',(81.7258024215698,0.,5.93654420486114));
#8432=CARTESIAN_POINT('Ctrl Pts',(81.7258024215698,-5.,5.93654420486114));
#8433=CARTESIAN_POINT('',(81.7258024215698,0.,5.93654420486114));
#8434=CARTESIAN_POINT('',(78.7585401535034,0.,3.52180745711944));
#8435=CARTESIAN_POINT('Ctrl Pts',(81.7258024215698,0.,5.93654420486114));
#8436=CARTESIAN_POINT('Ctrl Pts',(81.1188294671719,0.,5.60306936923383));
#8437=CARTESIAN_POINT('Ctrl Pts',(79.9809501422147,0.,4.9779111672012));
#8438=CARTESIAN_POINT('Ctrl Pts',(79.1474368537722,0.,3.98505132237691));
#8439=CARTESIAN_POINT('Ctrl Pts',(78.7585401535034,0.,3.52180745711944));
#8440=CARTESIAN_POINT('',(81.7258024215698,-5.,5.93654420486114));
#8441=CARTESIAN_POINT('',(81.7258024215698,0.,5.93654420486114));
#8442=CARTESIAN_POINT('',(78.7585401535034,-5.,3.52180745711944));
#8443=CARTESIAN_POINT('Ctrl Pts',(78.7585401535034,-5.,3.52180745711944));
#8444=CARTESIAN_POINT('Ctrl Pts',(79.1474368537722,-5.,3.98505132237691));
#8445=CARTESIAN_POINT('Ctrl Pts',(79.9809501422147,-5.,4.9779111672012));
#8446=CARTESIAN_POINT('Ctrl Pts',(81.1188294671719,-5.,5.60306936923383));
#8447=CARTESIAN_POINT('Ctrl Pts',(81.7258024215698,-5.,5.93654420486114));
#8448=CARTESIAN_POINT('',(78.7585401535034,0.,3.52180745711944));
#8449=CARTESIAN_POINT('Ctrl Pts',(77.7762746810913,0.,0.636406208187559));
#8450=CARTESIAN_POINT('Ctrl Pts',(77.7762746810913,-5.,0.636406208187559));
#8451=CARTESIAN_POINT('Ctrl Pts',(77.8235762282925,0.,1.13393757896521));
#8452=CARTESIAN_POINT('Ctrl Pts',(77.8235762282925,-5.,1.13393757896521));
#8453=CARTESIAN_POINT('Ctrl Pts',(77.9222636332537,0.,2.17196028169061));
#8454=CARTESIAN_POINT('Ctrl Pts',(77.9222636332537,-5.,2.17196028169061));
#8455=CARTESIAN_POINT('Ctrl Pts',(78.4721947676672,0.,3.05961283499528));
#8456=CARTESIAN_POINT('Ctrl Pts',(78.4721947676672,-5.,3.05961283499528));
#8457=CARTESIAN_POINT('Ctrl Pts',(78.7585401535034,0.,3.52180745711944));
#8458=CARTESIAN_POINT('Ctrl Pts',(78.7585401535034,-5.,3.52180745711944));
#8459=CARTESIAN_POINT('',(77.7762746810913,0.,0.636406208187559));
#8460=CARTESIAN_POINT('Ctrl Pts',(78.7585401535034,0.,3.52180745711944));
#8461=CARTESIAN_POINT('Ctrl Pts',(78.4721947676672,0.,3.05961283499528));
#8462=CARTESIAN_POINT('Ctrl Pts',(77.9222636332537,0.,2.17196028169061));
#8463=CARTESIAN_POINT('Ctrl Pts',(77.8235762282925,0.,1.13393757896521));
#8464=CARTESIAN_POINT('Ctrl Pts',(77.7762746810913,0.,0.636406208187559));
#8465=CARTESIAN_POINT('',(77.7762746810913,-5.,0.636406208187559));
#8466=CARTESIAN_POINT('Ctrl Pts',(77.7762746810913,-5.,0.636406208187559));
#8467=CARTESIAN_POINT('Ctrl Pts',(77.8235762282925,-5.,1.13393757896521));
#8468=CARTESIAN_POINT('Ctrl Pts',(77.9222636332537,-5.,2.17196028169061));
#8469=CARTESIAN_POINT('Ctrl Pts',(78.4721947676672,-5.,3.05961283499528));
#8470=CARTESIAN_POINT('Ctrl Pts',(78.7585401535034,-5.,3.52180745711944));
#8471=CARTESIAN_POINT('',(77.7762746810913,0.,0.636406208187559));
#8472=CARTESIAN_POINT('Ctrl Pts',(78.9836454391479,0.,-2.4127075422702));
#8473=CARTESIAN_POINT('Ctrl Pts',(78.9836454391479,-5.,-2.4127075422702));
#8474=CARTESIAN_POINT('Ctrl Pts',(78.6315635858477,0.,-1.98101620908474));
#8475=CARTESIAN_POINT('Ctrl Pts',(78.6315635858477,-5.,-1.98101620908474));
#8476=CARTESIAN_POINT('Ctrl Pts',(77.9080208220096,0.,-1.09387267297181));
#8477=CARTESIAN_POINT('Ctrl Pts',(77.9080208220096,-5.,-1.09387267297181));
#8478=CARTESIAN_POINT('Ctrl Pts',(77.820967263053,0.,0.0494392566417634));
#8479=CARTESIAN_POINT('Ctrl Pts',(77.820967263053,-5.,0.0494392566417634));
#8480=CARTESIAN_POINT('Ctrl Pts',(77.7762746810913,0.,0.636406208187559));
#8481=CARTESIAN_POINT('Ctrl Pts',(77.7762746810913,-5.,0.636406208187559));
#8482=CARTESIAN_POINT('',(78.9836454391479,0.,-2.4127075422702));
#8483=CARTESIAN_POINT('Ctrl Pts',(77.7762746810913,0.,0.636406208187559));
#8484=CARTESIAN_POINT('Ctrl Pts',(77.820967263053,0.,0.0494392566417634));
#8485=CARTESIAN_POINT('Ctrl Pts',(77.9080208220096,0.,-1.09387267297181));
#8486=CARTESIAN_POINT('Ctrl Pts',(78.6315635858477,0.,-1.98101620908474));
#8487=CARTESIAN_POINT('Ctrl Pts',(78.9836454391479,0.,-2.4127075422702));
#8488=CARTESIAN_POINT('',(78.9836454391479,-5.,-2.4127075422702));
#8489=CARTESIAN_POINT('Ctrl Pts',(78.9836454391479,-5.,-2.4127075422702));
#8490=CARTESIAN_POINT('Ctrl Pts',(78.6315635858477,-5.,-1.98101620908474));
#8491=CARTESIAN_POINT('Ctrl Pts',(77.9080208220096,-5.,-1.09387267297181));
#8492=CARTESIAN_POINT('Ctrl Pts',(77.820967263053,-5.,0.0494392566417634));
#8493=CARTESIAN_POINT('Ctrl Pts',(77.7762746810913,-5.,0.636406208187559));
#8494=CARTESIAN_POINT('',(78.9836454391479,0.,-2.4127075422702));
#8495=CARTESIAN_POINT('Ctrl Pts',(82.2578573226929,0.,-3.57914659866669));
#8496=CARTESIAN_POINT('Ctrl Pts',(82.2578573226929,-5.,-3.57914659866669));
#8497=CARTESIAN_POINT('Ctrl Pts',(81.6219823399828,0.,-3.54161209942138));
#8498=CARTESIAN_POINT('Ctrl Pts',(81.6219823399828,-5.,-3.54161209942138));
#8499=CARTESIAN_POINT('Ctrl Pts',(80.4137318819947,0.,-3.47029135692225));
#8500=CARTESIAN_POINT('Ctrl Pts',(80.4137318819947,-5.,-3.47029135692225));
#8501=CARTESIAN_POINT('Ctrl Pts',(79.4433413203102,0.,-2.75266386170191));
#8502=CARTESIAN_POINT('Ctrl Pts',(79.4433413203102,-5.,-2.75266386170191));
#8503=CARTESIAN_POINT('Ctrl Pts',(78.9836454391479,0.,-2.4127075422702));
#8504=CARTESIAN_POINT('Ctrl Pts',(78.9836454391479,-5.,-2.4127075422702));
#8505=CARTESIAN_POINT('',(82.2578573226929,0.,-3.57914659866669));
#8506=CARTESIAN_POINT('Ctrl Pts',(78.9836454391479,0.,-2.4127075422702));
#8507=CARTESIAN_POINT('Ctrl Pts',(79.4433413203102,0.,-2.75266386170191));
#8508=CARTESIAN_POINT('Ctrl Pts',(80.4137318819947,0.,-3.47029135692225));
#8509=CARTESIAN_POINT('Ctrl Pts',(81.6219823399828,0.,-3.54161209942138));
#8510=CARTESIAN_POINT('Ctrl Pts',(82.2578573226929,0.,-3.57914659866669));
#8511=CARTESIAN_POINT('',(82.2578573226929,-5.,-3.57914659866669));
#8512=CARTESIAN_POINT('Ctrl Pts',(82.2578573226929,-5.,-3.57914659866669));
#8513=CARTESIAN_POINT('Ctrl Pts',(81.6219823399828,-5.,-3.54161209942138));
#8514=CARTESIAN_POINT('Ctrl Pts',(80.4137318819947,-5.,-3.47029135692225));
#8515=CARTESIAN_POINT('Ctrl Pts',(79.4433413203102,-5.,-2.75266386170191));
#8516=CARTESIAN_POINT('Ctrl Pts',(78.9836454391479,-5.,-2.4127075422702));
#8517=CARTESIAN_POINT('',(82.2578573226929,0.,-3.57914659866669));
#8518=CARTESIAN_POINT('Ctrl Pts',(84.8567628860474,0.,-3.04708692917206));
#8519=CARTESIAN_POINT('Ctrl Pts',(84.8567628860474,-5.,-3.04708692917206));
#8520=CARTESIAN_POINT('Ctrl Pts',(84.4366751495873,0.,-3.20227153144177));
#8521=CARTESIAN_POINT('Ctrl Pts',(84.4366751495873,-5.,-3.20227153144177));
#8522=CARTESIAN_POINT('Ctrl Pts',(83.5975113991882,0.,-3.51226699558505));
#8523=CARTESIAN_POINT('Ctrl Pts',(83.5975113991882,-5.,-3.51226699558505));
#8524=CARTESIAN_POINT('Ctrl Pts',(82.7040496195403,0.,-3.55687132310503));
#8525=CARTESIAN_POINT('Ctrl Pts',(82.7040496195403,-5.,-3.55687132310503));
#8526=CARTESIAN_POINT('Ctrl Pts',(82.2578573226929,0.,-3.57914659866669));
#8527=CARTESIAN_POINT('Ctrl Pts',(82.2578573226929,-5.,-3.57914659866669));
#8528=CARTESIAN_POINT('',(84.8567628860474,0.,-3.04708692917206));
#8529=CARTESIAN_POINT('Ctrl Pts',(82.2578573226929,0.,-3.57914659866669));
#8530=CARTESIAN_POINT('Ctrl Pts',(82.7040496195403,0.,-3.55687132310503));
#8531=CARTESIAN_POINT('Ctrl Pts',(83.5975113991882,0.,-3.51226699558505));
#8532=CARTESIAN_POINT('Ctrl Pts',(84.4366751495873,0.,-3.20227153144177));
#8533=CARTESIAN_POINT('Ctrl Pts',(84.8567628860474,0.,-3.04708692917206));
#8534=CARTESIAN_POINT('',(84.8567628860474,-5.,-3.04708692917206));
#8535=CARTESIAN_POINT('Ctrl Pts',(84.8567628860474,-5.,-3.04708692917206));
#8536=CARTESIAN_POINT('Ctrl Pts',(84.4366751495873,-5.,-3.20227153144177));
#8537=CARTESIAN_POINT('Ctrl Pts',(83.5975113991882,-5.,-3.51226699558505));
#8538=CARTESIAN_POINT('Ctrl Pts',(82.7040496195403,-5.,-3.55687132310503));
#8539=CARTESIAN_POINT('Ctrl Pts',(82.2578573226929,-5.,-3.57914659866669));
#8540=CARTESIAN_POINT('',(84.8567628860474,0.,-3.04708692917206));
#8541=CARTESIAN_POINT('Ctrl Pts',(87.5784635543823,0.,-1.28719541916229));
#8542=CARTESIAN_POINT('Ctrl Pts',(87.5784635543823,-5.,-1.28719541916229));
#8543=CARTESIAN_POINT('Ctrl Pts',(87.1184153142818,0.,-1.65781818331276));
#8544=CARTESIAN_POINT('Ctrl Pts',(87.1184153142818,-5.,-1.65781818331276));
#8545=CARTESIAN_POINT('Ctrl Pts',(86.2719571468565,0.,-2.33973942200788));
#8546=CARTESIAN_POINT('Ctrl Pts',(86.2719571468565,-5.,-2.33973942200788));
#8547=CARTESIAN_POINT('Ctrl Pts',(85.3003181323858,0.,-2.82538754381157));
#8548=CARTESIAN_POINT('Ctrl Pts',(85.3003181323858,-5.,-2.82538754381157));
#8549=CARTESIAN_POINT('Ctrl Pts',(84.8567628860474,0.,-3.04708692917206));
#8550=CARTESIAN_POINT('Ctrl Pts',(84.8567628860474,-5.,-3.04708692917206));
#8551=CARTESIAN_POINT('',(87.5784635543823,0.,-1.28719541916229));
#8552=CARTESIAN_POINT('Ctrl Pts',(84.8567628860474,0.,-3.04708692917206));
#8553=CARTESIAN_POINT('Ctrl Pts',(85.3003181323858,0.,-2.82538754381157));
#8554=CARTESIAN_POINT('Ctrl Pts',(86.2719571468565,0.,-2.33973942200788));
#8555=CARTESIAN_POINT('Ctrl Pts',(87.1184153142818,0.,-1.65781818331276));
#8556=CARTESIAN_POINT('Ctrl Pts',(87.5784635543823,0.,-1.28719541916229));
#8557=CARTESIAN_POINT('',(87.5784635543823,-5.,-1.28719541916229));
#8558=CARTESIAN_POINT('Ctrl Pts',(87.5784635543823,-5.,-1.28719541916229));
#8559=CARTESIAN_POINT('Ctrl Pts',(87.1184153142818,-5.,-1.65781818331276));
#8560=CARTESIAN_POINT('Ctrl Pts',(86.2719571468565,-5.,-2.33973942200788));
#8561=CARTESIAN_POINT('Ctrl Pts',(85.3003181323858,-5.,-2.82538754381157));
#8562=CARTESIAN_POINT('Ctrl Pts',(84.8567628860474,-5.,-3.04708692917206));
#8563=CARTESIAN_POINT('',(87.5784635543823,0.,-1.28719541916229));
#8564=CARTESIAN_POINT('Origin',(81.7258024215698,0.,5.93654420486114));
#8565=CARTESIAN_POINT('',(87.5784635543823,0.,-1.28719541916229));
#8566=CARTESIAN_POINT('',(87.5784635543823,-5.,-1.28719541916229));
#8567=CARTESIAN_POINT('Origin',(96.1528158187866,0.,-8.57232544311859));
#8568=CARTESIAN_POINT('',(99.631667137146,0.,-4.13166973480561));
#8569=CARTESIAN_POINT('',(96.1528158187866,0.,-8.57232544311859));
#8570=CARTESIAN_POINT('',(99.631667137146,0.,-4.13166973480561));
#8571=CARTESIAN_POINT('',(99.631667137146,-5.,-4.13166973480561));
#8572=CARTESIAN_POINT('',(99.631667137146,0.,-4.13166973480561));
#8573=CARTESIAN_POINT('',(96.1528158187866,-5.,-8.57232544311859));
#8574=CARTESIAN_POINT('',(99.631667137146,-5.,-4.13166973480561));
#8575=CARTESIAN_POINT('',(96.1528158187866,0.,-8.57232544311859));
#8576=CARTESIAN_POINT('Ctrl Pts',(91.2414884567261,0.,-5.134398673862));
#8577=CARTESIAN_POINT('Ctrl Pts',(91.2414884567261,-5.,-5.134398673862));
#8578=CARTESIAN_POINT('Ctrl Pts',(92.0204785285626,0.,-5.81814520456275));
#8579=CARTESIAN_POINT('Ctrl Pts',(92.0204785285626,-5.,-5.81814520456275));
#8580=CARTESIAN_POINT('Ctrl Pts',(93.5318051617965,0.,-7.14468886614374));
#8581=CARTESIAN_POINT('Ctrl Pts',(93.5318051617965,-5.,-7.14468886614374));
#8582=CARTESIAN_POINT('Ctrl Pts',(95.2973122224719,0.,-8.10634174992945));
#8583=CARTESIAN_POINT('Ctrl Pts',(95.2973122224719,-5.,-8.10634174992945));
#8584=CARTESIAN_POINT('Ctrl Pts',(96.1528158187866,0.,-8.57232544311859));
#8585=CARTESIAN_POINT('Ctrl Pts',(96.1528158187866,-5.,-8.57232544311859));
#8586=CARTESIAN_POINT('',(91.2414884567261,0.,-5.134398673862));
#8587=CARTESIAN_POINT('Ctrl Pts',(96.1528158187866,0.,-8.57232544311859));
#8588=CARTESIAN_POINT('Ctrl Pts',(95.2973122224719,0.,-8.10634174992945));
#8589=CARTESIAN_POINT('Ctrl Pts',(93.5318051617965,0.,-7.14468886614374));
#8590=CARTESIAN_POINT('Ctrl Pts',(92.0204785285626,0.,-5.81814520456275));
#8591=CARTESIAN_POINT('Ctrl Pts',(91.2414884567261,0.,-5.134398673862));
#8592=CARTESIAN_POINT('',(91.2414884567261,-5.,-5.134398673862));
#8593=CARTESIAN_POINT('Ctrl Pts',(91.2414884567261,-5.,-5.134398673862));
#8594=CARTESIAN_POINT('Ctrl Pts',(92.0204785285626,-5.,-5.81814520456275));
#8595=CARTESIAN_POINT('Ctrl Pts',(93.5318051617965,-5.,-7.14468886614374));
#8596=CARTESIAN_POINT('Ctrl Pts',(95.2973122224719,-5.,-8.10634174992945));
#8597=CARTESIAN_POINT('Ctrl Pts',(96.1528158187866,-5.,-8.57232544311859));
#8598=CARTESIAN_POINT('',(91.2414884567261,0.,-5.134398673862));
#8599=CARTESIAN_POINT('Ctrl Pts',(87.3738241195679,0.,-7.54913303741791));
#8600=CARTESIAN_POINT('Ctrl Pts',(87.3738241195679,-5.,-7.54913303741791));
#8601=CARTESIAN_POINT('Ctrl Pts',(88.0547907577552,0.,-7.24665397942887));
#8602=CARTESIAN_POINT('Ctrl Pts',(88.0547907577552,-5.,-7.24665397942887));
#8603=CARTESIAN_POINT('Ctrl Pts',(89.4570045309788,0.,-6.62380364075003));
#8604=CARTESIAN_POINT('Ctrl Pts',(89.4570045309788,-5.,-6.62380364075003));
#8605=CARTESIAN_POINT('Ctrl Pts',(90.6353770308189,0.,-5.64028463630109));
#8606=CARTESIAN_POINT('Ctrl Pts',(90.6353770308189,-5.,-5.64028463630109));
#8607=CARTESIAN_POINT('Ctrl Pts',(91.2414884567261,0.,-5.134398673862));
#8608=CARTESIAN_POINT('Ctrl Pts',(91.2414884567261,-5.,-5.134398673862));
#8609=CARTESIAN_POINT('',(87.3738241195679,0.,-7.54913303741791));
#8610=CARTESIAN_POINT('Ctrl Pts',(91.2414884567261,0.,-5.134398673862));
#8611=CARTESIAN_POINT('Ctrl Pts',(90.6353770308189,0.,-5.64028463630109));
#8612=CARTESIAN_POINT('Ctrl Pts',(89.4570045309788,0.,-6.62380364075003));
#8613=CARTESIAN_POINT('Ctrl Pts',(88.0547907577552,0.,-7.24665397942887));
#8614=CARTESIAN_POINT('Ctrl Pts',(87.3738241195679,0.,-7.54913303741791));
#8615=CARTESIAN_POINT('',(87.3738241195679,-5.,-7.54913303741791));
#8616=CARTESIAN_POINT('Ctrl Pts',(87.3738241195679,-5.,-7.54913303741791));
#8617=CARTESIAN_POINT('Ctrl Pts',(88.0547907577552,-5.,-7.24665397942887));
#8618=CARTESIAN_POINT('Ctrl Pts',(89.4570045309788,-5.,-6.62380364075003));
#8619=CARTESIAN_POINT('Ctrl Pts',(90.6353770308189,-5.,-5.64028463630109));
#8620=CARTESIAN_POINT('Ctrl Pts',(91.2414884567261,-5.,-5.134398673862));
#8621=CARTESIAN_POINT('',(87.3738241195679,0.,-7.54913303741791));
#8622=CARTESIAN_POINT('Ctrl Pts',(82.5034284591675,0.,-8.32675907501557));
#8623=CARTESIAN_POINT('Ctrl Pts',(82.5034284591675,-5.,-8.32675907501557));
#8624=CARTESIAN_POINT('Ctrl Pts',(83.3868707046277,0.,-8.30364292159192));
#8625=CARTESIAN_POINT('Ctrl Pts',(83.3868707046277,-5.,-8.30364292159192));
#8626=CARTESIAN_POINT('Ctrl Pts',(85.0460933795079,0.,-8.26022769426538));
#8627=CARTESIAN_POINT('Ctrl Pts',(85.0460933795079,-5.,-8.26022769426538));
#8628=CARTESIAN_POINT('Ctrl Pts',(86.6322201561442,0.,-7.77568441933327));
#8629=CARTESIAN_POINT('Ctrl Pts',(86.6322201561442,-5.,-7.77568441933327));
#8630=CARTESIAN_POINT('Ctrl Pts',(87.3738241195679,0.,-7.54913303741791));
#8631=CARTESIAN_POINT('Ctrl Pts',(87.3738241195679,-5.,-7.54913303741791));
#8632=CARTESIAN_POINT('',(82.5034284591675,0.,-8.32675907501557));
#8633=CARTESIAN_POINT('Ctrl Pts',(87.3738241195679,0.,-7.54913303741791));
#8634=CARTESIAN_POINT('Ctrl Pts',(86.6322201561442,0.,-7.77568441933327));
#8635=CARTESIAN_POINT('Ctrl Pts',(85.0460933795079,0.,-8.26022769426538));
#8636=CARTESIAN_POINT('Ctrl Pts',(83.3868707046277,0.,-8.30364292159192));
#8637=CARTESIAN_POINT('Ctrl Pts',(82.5034284591675,0.,-8.32675907501557));
#8638=CARTESIAN_POINT('',(82.5034284591675,-5.,-8.32675907501557));
#8639=CARTESIAN_POINT('Ctrl Pts',(82.5034284591675,-5.,-8.32675907501557));
#8640=CARTESIAN_POINT('Ctrl Pts',(83.3868707046277,-5.,-8.30364292159192));
#8641=CARTESIAN_POINT('Ctrl Pts',(85.0460933795079,-5.,-8.26022769426538));
#8642=CARTESIAN_POINT('Ctrl Pts',(86.6322201561442,-5.,-7.77568441933327));
#8643=CARTESIAN_POINT('Ctrl Pts',(87.3738241195679,-5.,-7.54913303741791));
#8644=CARTESIAN_POINT('',(82.5034284591675,0.,-8.32675907501557));
#8645=CARTESIAN_POINT('Ctrl Pts',(74.0723180770874,0.,-5.17532560715058));
#8646=CARTESIAN_POINT('Ctrl Pts',(74.0723180770874,-5.,-5.17532560715058));
#8647=CARTESIAN_POINT('Ctrl Pts',(75.1944694358166,0.,-6.0929493579771));
#8648=CARTESIAN_POINT('Ctrl Pts',(75.1944694358166,-5.,-6.0929493579771));
#8649=CARTESIAN_POINT('Ctrl Pts',(77.6331444462615,0.,-8.08714211345849));
#8650=CARTESIAN_POINT('Ctrl Pts',(77.6331444462615,-5.,-8.08714211345849));
#8651=CARTESIAN_POINT('Ctrl Pts',(80.7959704335315,0.,-8.24275249490547));
#8652=CARTESIAN_POINT('Ctrl Pts',(80.7959704335315,-5.,-8.24275249490547));
#8653=CARTESIAN_POINT('Ctrl Pts',(82.5034284591675,0.,-8.32675907501557));
#8654=CARTESIAN_POINT('Ctrl Pts',(82.5034284591675,-5.,-8.32675907501557));
#8655=CARTESIAN_POINT('',(74.0723180770874,0.,-5.17532560715058));
#8656=CARTESIAN_POINT('Ctrl Pts',(82.5034284591675,0.,-8.32675907501557));
#8657=CARTESIAN_POINT('Ctrl Pts',(80.7959704335315,0.,-8.24275249490547));
#8658=CARTESIAN_POINT('Ctrl Pts',(77.6331444462615,0.,-8.08714211345849));
#8659=CARTESIAN_POINT('Ctrl Pts',(75.1944694358166,0.,-6.0929493579771));
#8660=CARTESIAN_POINT('Ctrl Pts',(74.0723180770874,0.,-5.17532560715058));
#8661=CARTESIAN_POINT('',(74.0723180770874,-5.,-5.17532560715058));
#8662=CARTESIAN_POINT('Ctrl Pts',(74.0723180770874,-5.,-5.17532560715058));
#8663=CARTESIAN_POINT('Ctrl Pts',(75.1944694358166,-5.,-6.0929493579771));
#8664=CARTESIAN_POINT('Ctrl Pts',(77.6331444462615,-5.,-8.08714211345849));
#8665=CARTESIAN_POINT('Ctrl Pts',(80.7959704335315,-5.,-8.24275249490547));
#8666=CARTESIAN_POINT('Ctrl Pts',(82.5034284591675,-5.,-8.32675907501557));
#8667=CARTESIAN_POINT('',(74.0723180770874,0.,-5.17532560715058));
#8668=CARTESIAN_POINT('Ctrl Pts',(71.8826913833618,0.,0.431769157558897));
#8669=CARTESIAN_POINT('Ctrl Pts',(71.8826913833618,-5.,0.431769157558897));
#8670=CARTESIAN_POINT('Ctrl Pts',(71.9771086472282,0.,-0.598351443207043));
#8671=CARTESIAN_POINT('Ctrl Pts',(71.9771086472282,-5.,-0.598351443207043));
#8672=CARTESIAN_POINT('Ctrl Pts',(72.1676262709531,0.,-2.67695572563583));
#8673=CARTESIAN_POINT('Ctrl Pts',(72.1676262709531,-5.,-2.67695572563583));
#8674=CARTESIAN_POINT('Ctrl Pts',(73.4336925250528,0.,-4.3376452855204));
#8675=CARTESIAN_POINT('Ctrl Pts',(73.4336925250528,-5.,-4.3376452855204));
#8676=CARTESIAN_POINT('Ctrl Pts',(74.0723180770874,0.,-5.17532560715058));
#8677=CARTESIAN_POINT('Ctrl Pts',(74.0723180770874,-5.,-5.17532560715058));
#8678=CARTESIAN_POINT('',(71.8826913833618,0.,0.431769157558897));
#8679=CARTESIAN_POINT('Ctrl Pts',(74.0723180770874,0.,-5.17532560715058));
#8680=CARTESIAN_POINT('Ctrl Pts',(73.4336925250528,0.,-4.3376452855204));
#8681=CARTESIAN_POINT('Ctrl Pts',(72.1676262709531,0.,-2.67695572563583));
#8682=CARTESIAN_POINT('Ctrl Pts',(71.9771086472282,0.,-0.598351443207044));
#8683=CARTESIAN_POINT('Ctrl Pts',(71.8826913833618,0.,0.431769157558897));
#8684=CARTESIAN_POINT('',(71.8826913833618,-5.,0.431769157558897));
#8685=CARTESIAN_POINT('Ctrl Pts',(71.8826913833618,-5.,0.431769157558897));
#8686=CARTESIAN_POINT('Ctrl Pts',(71.9771086472282,-5.,-0.598351443207044));
#8687=CARTESIAN_POINT('Ctrl Pts',(72.1676262709531,-5.,-2.67695572563583));
#8688=CARTESIAN_POINT('Ctrl Pts',(73.4336925250528,-5.,-4.3376452855204));
#8689=CARTESIAN_POINT('Ctrl Pts',(74.0723180770874,-5.,-5.17532560715058));
#8690=CARTESIAN_POINT('',(71.8826913833618,0.,0.431769157558897));
#8691=CARTESIAN_POINT('Ctrl Pts',(73.6016511917114,0.,5.60912158599518));
#8692=CARTESIAN_POINT('Ctrl Pts',(73.6016511917114,-5.,5.60912158599518));
#8693=CARTESIAN_POINT('Ctrl Pts',(73.1002860622552,0.,4.81948990292311));
#8694=CARTESIAN_POINT('Ctrl Pts',(73.1002860622552,-5.,4.81948990292311));
#8695=CARTESIAN_POINT('Ctrl Pts',(72.0956230799102,0.,3.23718256828736));
#8696=CARTESIAN_POINT('Ctrl Pts',(72.0956230799102,-5.,3.23718256828736));
#8697=CARTESIAN_POINT('Ctrl Pts',(71.9537595856525,0.,1.36810550867242));
#8698=CARTESIAN_POINT('Ctrl Pts',(71.9537595856525,-5.,1.36810550867242));
#8699=CARTESIAN_POINT('Ctrl Pts',(71.8826913833618,0.,0.431769157558897));
#8700=CARTESIAN_POINT('Ctrl Pts',(71.8826913833618,-5.,0.431769157558897));
#8701=CARTESIAN_POINT('',(73.6016511917114,0.,5.60912158599518));
#8702=CARTESIAN_POINT('Ctrl Pts',(71.8826913833618,0.,0.431769157558897));
#8703=CARTESIAN_POINT('Ctrl Pts',(71.9537595856525,0.,1.36810550867242));
#8704=CARTESIAN_POINT('Ctrl Pts',(72.0956230799102,0.,3.23718256828736));
#8705=CARTESIAN_POINT('Ctrl Pts',(73.1002860622552,0.,4.81948990292311));
#8706=CARTESIAN_POINT('Ctrl Pts',(73.6016511917114,0.,5.60912158599518));
#8707=CARTESIAN_POINT('',(73.6016511917114,-5.,5.60912158599518));
#8708=CARTESIAN_POINT('Ctrl Pts',(73.6016511917114,-5.,5.60912158599518));
#8709=CARTESIAN_POINT('Ctrl Pts',(73.1002860622552,-5.,4.81948990292311));
#8710=CARTESIAN_POINT('Ctrl Pts',(72.0956230799102,-5.,3.23718256828736));
#8711=CARTESIAN_POINT('Ctrl Pts',(71.9537595856525,-5.,1.36810550867242));
#8712=CARTESIAN_POINT('Ctrl Pts',(71.8826913833618,-5.,0.431769157558897));
#8713=CARTESIAN_POINT('',(73.6016511917114,0.,5.60912158599518));
#8714=CARTESIAN_POINT('Ctrl Pts',(78.7380743026733,0.,9.62003495803497));
#8715=CARTESIAN_POINT('Ctrl Pts',(78.7380743026733,-5.,9.62003495803497));
#8716=CARTESIAN_POINT('Ctrl Pts',(77.6945962379467,0.,9.06041656421241));
#8717=CARTESIAN_POINT('Ctrl Pts',(77.6945962379467,-5.,9.06041656421241));
#8718=CARTESIAN_POINT('Ctrl Pts',(75.7491062744948,0.,8.01704823156801));
#8719=CARTESIAN_POINT('Ctrl Pts',(75.7491062744948,-5.,8.01704823156801));
#8720=CARTESIAN_POINT('Ctrl Pts',(74.2819071249481,0.,6.37188789509377));
#8721=CARTESIAN_POINT('Ctrl Pts',(74.2819071249481,-5.,6.37188789509377));
#8722=CARTESIAN_POINT('Ctrl Pts',(73.6016511917114,0.,5.60912158599518));
#8723=CARTESIAN_POINT('Ctrl Pts',(73.6016511917114,-5.,5.60912158599518));
#8724=CARTESIAN_POINT('',(78.7380743026733,0.,9.62003495803497));
#8725=CARTESIAN_POINT('Ctrl Pts',(73.6016511917114,0.,5.60912158599518));
#8726=CARTESIAN_POINT('Ctrl Pts',(74.2819071249481,0.,6.37188789509377));
#8727=CARTESIAN_POINT('Ctrl Pts',(75.7491062744948,0.,8.01704823156801));
#8728=CARTESIAN_POINT('Ctrl Pts',(77.6945962379467,0.,9.06041656421241));
#8729=CARTESIAN_POINT('Ctrl Pts',(78.7380743026733,0.,9.62003495803497));
#8730=CARTESIAN_POINT('',(78.7380743026733,-5.,9.62003495803497));
#8731=CARTESIAN_POINT('Ctrl Pts',(78.7380743026733,-5.,9.62003495803497));
#8732=CARTESIAN_POINT('Ctrl Pts',(77.6945962379467,-5.,9.06041656421241));
#8733=CARTESIAN_POINT('Ctrl Pts',(75.7491062744948,-5.,8.01704823156801));
#8734=CARTESIAN_POINT('Ctrl Pts',(74.2819071249481,-5.,6.37188789509377));
#8735=CARTESIAN_POINT('Ctrl Pts',(73.6016511917114,-5.,5.60912158599518));
#8736=CARTESIAN_POINT('',(78.7380743026733,0.,9.62003495803497));
#8737=CARTESIAN_POINT('Ctrl Pts',(76.4256620407104,0.,13.0784251939358));
#8738=CARTESIAN_POINT('Ctrl Pts',(76.4256620407104,-5.,13.0784251939358));
#8739=CARTESIAN_POINT('Ctrl Pts',(76.7320104565627,0.,12.506806927511));
#8740=CARTESIAN_POINT('Ctrl Pts',(76.7320104565627,-5.,12.506806927511));
#8741=CARTESIAN_POINT('Ctrl Pts',(77.389908418211,0.,11.2792291994668));
#8742=CARTESIAN_POINT('Ctrl Pts',(77.389908418211,-5.,11.2792291994668));
#8743=CARTESIAN_POINT('Ctrl Pts',(78.2685629107037,0.,10.1978648874381));
#8744=CARTESIAN_POINT('Ctrl Pts',(78.2685629107037,-5.,10.1978648874381));
#8745=CARTESIAN_POINT('Ctrl Pts',(78.7380743026733,0.,9.62003495803497));
#8746=CARTESIAN_POINT('Ctrl Pts',(78.7380743026733,-5.,9.62003495803497));
#8747=CARTESIAN_POINT('',(76.4256620407104,0.,13.0784251939358));
#8748=CARTESIAN_POINT('Ctrl Pts',(78.7380743026733,0.,9.62003495803497));
#8749=CARTESIAN_POINT('Ctrl Pts',(78.2685629107037,0.,10.1978648874381));
#8750=CARTESIAN_POINT('Ctrl Pts',(77.389908418211,0.,11.2792291994668));
#8751=CARTESIAN_POINT('Ctrl Pts',(76.7320104565627,0.,12.506806927511));
#8752=CARTESIAN_POINT('Ctrl Pts',(76.4256620407104,0.,13.0784251939358));
#8753=CARTESIAN_POINT('',(76.4256620407104,-5.,13.0784251939358));
#8754=CARTESIAN_POINT('Ctrl Pts',(76.4256620407104,-5.,13.0784251939358));
#8755=CARTESIAN_POINT('Ctrl Pts',(76.7320104565627,-5.,12.506806927511));
#8756=CARTESIAN_POINT('Ctrl Pts',(77.389908418211,-5.,11.2792291994668));
#8757=CARTESIAN_POINT('Ctrl Pts',(78.2685629107037,-5.,10.1978648874381));
#8758=CARTESIAN_POINT('Ctrl Pts',(78.7380743026733,-5.,9.62003495803497));
#8759=CARTESIAN_POINT('',(76.4256620407104,0.,13.0784251939358));
#8760=CARTESIAN_POINT('Ctrl Pts',(75.6480360031128,0.,16.2093951951566));
#8761=CARTESIAN_POINT('Ctrl Pts',(75.6480360031128,-5.,16.2093951951566));
#8762=CARTESIAN_POINT('Ctrl Pts',(75.6871254655832,0.,15.6966972900192));
#8763=CARTESIAN_POINT('Ctrl Pts',(75.6871254655832,-5.,15.6966972900192));
#8764=CARTESIAN_POINT('Ctrl Pts',(75.7699484223491,0.,14.6103902970988));
#8765=CARTESIAN_POINT('Ctrl Pts',(75.7699484223491,-5.,14.6103902970988));
#8766=CARTESIAN_POINT('Ctrl Pts',(76.199070290171,0.,13.6078188877232));
#8767=CARTESIAN_POINT('Ctrl Pts',(76.199070290171,-5.,13.6078188877232));
#8768=CARTESIAN_POINT('Ctrl Pts',(76.4256620407104,0.,13.0784251939358));
#8769=CARTESIAN_POINT('Ctrl Pts',(76.4256620407104,-5.,13.0784251939358));
#8770=CARTESIAN_POINT('',(75.6480360031128,0.,16.2093951951566));
#8771=CARTESIAN_POINT('Ctrl Pts',(76.4256620407104,0.,13.0784251939358));
#8772=CARTESIAN_POINT('Ctrl Pts',(76.199070290171,0.,13.6078188877232));
#8773=CARTESIAN_POINT('Ctrl Pts',(75.7699484223491,0.,14.6103902970988));
#8774=CARTESIAN_POINT('Ctrl Pts',(75.6871254655832,0.,15.6966972900192));
#8775=CARTESIAN_POINT('Ctrl Pts',(75.6480360031128,0.,16.2093951951566));
#8776=CARTESIAN_POINT('',(75.6480360031128,-5.,16.2093951951566));
#8777=CARTESIAN_POINT('Ctrl Pts',(75.6480360031128,-5.,16.2093951951566));
#8778=CARTESIAN_POINT('Ctrl Pts',(75.6871254655832,-5.,15.6966972900192));
#8779=CARTESIAN_POINT('Ctrl Pts',(75.7699484223491,-5.,14.6103902970988));
#8780=CARTESIAN_POINT('Ctrl Pts',(76.199070290171,-5.,13.6078188877232));
#8781=CARTESIAN_POINT('Ctrl Pts',(76.4256620407104,-5.,13.0784251939358));
#8782=CARTESIAN_POINT('',(75.6480360031128,0.,16.2093951951566));
#8783=CARTESIAN_POINT('Ctrl Pts',(77.8172063827515,0.,20.8137610208096));
#8784=CARTESIAN_POINT('Ctrl Pts',(77.8172063827515,-5.,20.8137610208096));
#8785=CARTESIAN_POINT('Ctrl Pts',(77.1845779285055,0.,20.1584558273325));
#8786=CARTESIAN_POINT('Ctrl Pts',(77.1845779285055,-5.,20.1584558273325));
#8787=CARTESIAN_POINT('Ctrl Pts',(75.9385728248538,0.,18.8677873314059));
#8788=CARTESIAN_POINT('Ctrl Pts',(75.9385728248538,-5.,18.8677873314059));
#8789=CARTESIAN_POINT('Ctrl Pts',(75.7438788831214,0.,17.0863510212842));
#8790=CARTESIAN_POINT('Ctrl Pts',(75.7438788831214,-5.,17.0863510212842));
#8791=CARTESIAN_POINT('Ctrl Pts',(75.6480360031128,0.,16.2093951951566));
#8792=CARTESIAN_POINT('Ctrl Pts',(75.6480360031128,-5.,16.2093951951566));
#8793=CARTESIAN_POINT('',(77.8172063827515,0.,20.8137610208096));
#8794=CARTESIAN_POINT('Ctrl Pts',(75.6480360031128,0.,16.2093951951566));
#8795=CARTESIAN_POINT('Ctrl Pts',(75.7438788831214,0.,17.0863510212842));
#8796=CARTESIAN_POINT('Ctrl Pts',(75.9385728248538,0.,18.8677873314059));
#8797=CARTESIAN_POINT('Ctrl Pts',(77.1845779285055,0.,20.1584558273325));
#8798=CARTESIAN_POINT('Ctrl Pts',(77.8172063827515,0.,20.8137610208096));
#8799=CARTESIAN_POINT('',(77.8172063827515,-5.,20.8137610208096));
#8800=CARTESIAN_POINT('Ctrl Pts',(77.8172063827515,-5.,20.8137610208096));
#8801=CARTESIAN_POINT('Ctrl Pts',(77.1845779285055,-5.,20.1584558273325));
#8802=CARTESIAN_POINT('Ctrl Pts',(75.9385728248538,-5.,18.8677873314059));
#8803=CARTESIAN_POINT('Ctrl Pts',(75.7438788831214,-5.,17.0863510212842));
#8804=CARTESIAN_POINT('Ctrl Pts',(75.6480360031128,-5.,16.2093951951566));
#8805=CARTESIAN_POINT('',(77.8172063827515,0.,20.8137610208096));
#8806=CARTESIAN_POINT('Ctrl Pts',(84.0382146835327,0.,22.7168991815152));
#8807=CARTESIAN_POINT('Ctrl Pts',(84.0382146835327,-5.,22.7168991815152));
#8808=CARTESIAN_POINT('Ctrl Pts',(82.811650861277,0.,22.6702172678848));
#8809=CARTESIAN_POINT('Ctrl Pts',(82.811650861277,-5.,22.6702172678848));
#8810=CARTESIAN_POINT('Ctrl Pts',(80.560247410673,0.,22.5845308816396));
#8811=CARTESIAN_POINT('Ctrl Pts',(80.560247410673,-5.,22.5845308816396));
#8812=CARTESIAN_POINT('Ctrl Pts',(78.6752553979968,0.,21.3676744766585));
#8813=CARTESIAN_POINT('Ctrl Pts',(78.6752553979968,-5.,21.3676744766585));
#8814=CARTESIAN_POINT('Ctrl Pts',(77.8172063827515,0.,20.8137610208096));
#8815=CARTESIAN_POINT('Ctrl Pts',(77.8172063827515,-5.,20.8137610208096));
#8816=CARTESIAN_POINT('',(84.0382146835327,0.,22.7168991815152));
#8817=CARTESIAN_POINT('Ctrl Pts',(77.8172063827515,0.,20.8137610208096));
#8818=CARTESIAN_POINT('Ctrl Pts',(78.6752553979968,0.,21.3676744766585));
#8819=CARTESIAN_POINT('Ctrl Pts',(80.560247410673,0.,22.5845308816396));
#8820=CARTESIAN_POINT('Ctrl Pts',(82.811650861277,0.,22.6702172678848));
#8821=CARTESIAN_POINT('Ctrl Pts',(84.0382146835327,0.,22.7168991815152));
#8822=CARTESIAN_POINT('',(84.0382146835327,-5.,22.7168991815152));
#8823=CARTESIAN_POINT('Ctrl Pts',(84.0382146835327,-5.,22.7168991815152));
#8824=CARTESIAN_POINT('Ctrl Pts',(82.811650861277,-5.,22.6702172678848));
#8825=CARTESIAN_POINT('Ctrl Pts',(80.560247410673,-5.,22.5845308816396));
#8826=CARTESIAN_POINT('Ctrl Pts',(78.6752553979968,-5.,21.3676744766585));
#8827=CARTESIAN_POINT('Ctrl Pts',(77.8172063827515,-5.,20.8137610208096));
#8828=CARTESIAN_POINT('',(84.0382146835327,0.,22.7168991815152));
#8829=CARTESIAN_POINT('Ctrl Pts',(90.1159811019897,0.,20.7319047700467));
#8830=CARTESIAN_POINT('Ctrl Pts',(90.1159811019897,-5.,20.7319047700467));
#8831=CARTESIAN_POINT('Ctrl Pts',(89.2725937991719,0.,21.3099876730834));
#8832=CARTESIAN_POINT('Ctrl Pts',(89.2725937991719,-5.,21.3099876730834));
#8833=CARTESIAN_POINT('Ctrl Pts',(87.4483248575072,0.,22.5603962127826));
#8834=CARTESIAN_POINT('Ctrl Pts',(87.4483248575072,-5.,22.5603962127826));
#8835=CARTESIAN_POINT('Ctrl Pts',(85.2306335430887,0.,22.6621745298258));
#8836=CARTESIAN_POINT('Ctrl Pts',(85.2306335430887,-5.,22.6621745298258));
#8837=CARTESIAN_POINT('Ctrl Pts',(84.0382146835327,0.,22.7168991815152));
#8838=CARTESIAN_POINT('Ctrl Pts',(84.0382146835327,-5.,22.7168991815152));
#8839=CARTESIAN_POINT('',(90.1159811019897,0.,20.7319047700467));
#8840=CARTESIAN_POINT('Ctrl Pts',(84.0382146835327,0.,22.7168991815152));
#8841=CARTESIAN_POINT('Ctrl Pts',(85.2306335430887,0.,22.6621745298258));
#8842=CARTESIAN_POINT('Ctrl Pts',(87.4483248575072,0.,22.5603962127826));
#8843=CARTESIAN_POINT('Ctrl Pts',(89.2725937991719,0.,21.3099876730834));
#8844=CARTESIAN_POINT('Ctrl Pts',(90.1159811019897,0.,20.7319047700467));
#8845=CARTESIAN_POINT('',(90.1159811019897,-5.,20.7319047700467));
#8846=CARTESIAN_POINT('Ctrl Pts',(90.1159811019897,-5.,20.7319047700467));
#8847=CARTESIAN_POINT('Ctrl Pts',(89.2725937991719,-5.,21.3099876730834));
#8848=CARTESIAN_POINT('Ctrl Pts',(87.4483248575072,-5.,22.5603962127826));
#8849=CARTESIAN_POINT('Ctrl Pts',(85.2306335430887,-5.,22.6621745298258));
#8850=CARTESIAN_POINT('Ctrl Pts',(84.0382146835327,-5.,22.7168991815152));
#8851=CARTESIAN_POINT('',(90.1159811019897,0.,20.7319047700467));
#8852=CARTESIAN_POINT('Ctrl Pts',(92.3056077957153,0.,15.8819725762906));
#8853=CARTESIAN_POINT('Ctrl Pts',(92.3056077957153,-5.,15.8819725762906));
#8854=CARTESIAN_POINT('Ctrl Pts',(92.2111793123931,0.,16.8031642808804));
#8855=CARTESIAN_POINT('Ctrl Pts',(92.2111793123931,-5.,16.8031642808804));
#8856=CARTESIAN_POINT('Ctrl Pts',(92.0206329804461,0.,18.6620281972969));
#8857=CARTESIAN_POINT('Ctrl Pts',(92.0206329804461,-5.,18.6620281972969));
#8858=CARTESIAN_POINT('Ctrl Pts',(90.7546065506636,0.,20.037879856663));
#8859=CARTESIAN_POINT('Ctrl Pts',(90.7546065506636,-5.,20.037879856663));
#8860=CARTESIAN_POINT('Ctrl Pts',(90.1159811019897,0.,20.7319047700467));
#8861=CARTESIAN_POINT('Ctrl Pts',(90.1159811019897,-5.,20.7319047700467));
#8862=CARTESIAN_POINT('',(92.3056077957153,0.,15.8819725762906));
#8863=CARTESIAN_POINT('Ctrl Pts',(90.1159811019897,0.,20.7319047700467));
#8864=CARTESIAN_POINT('Ctrl Pts',(90.7546065506636,0.,20.037879856663));
#8865=CARTESIAN_POINT('Ctrl Pts',(92.0206329804461,0.,18.6620281972969));
#8866=CARTESIAN_POINT('Ctrl Pts',(92.2111793123931,0.,16.8031642808804));
#8867=CARTESIAN_POINT('Ctrl Pts',(92.3056077957153,0.,15.8819725762906));
#8868=CARTESIAN_POINT('',(92.3056077957153,-5.,15.8819725762906));
#8869=CARTESIAN_POINT('Ctrl Pts',(92.3056077957153,-5.,15.8819725762906));
#8870=CARTESIAN_POINT('Ctrl Pts',(92.2111793123931,-5.,16.8031642808804));
#8871=CARTESIAN_POINT('Ctrl Pts',(92.0206329804461,-5.,18.6620281972969));
#8872=CARTESIAN_POINT('Ctrl Pts',(90.7546065506636,-5.,20.037879856663));
#8873=CARTESIAN_POINT('Ctrl Pts',(90.1159811019897,-5.,20.7319047700467));
#8874=CARTESIAN_POINT('',(92.3056077957153,0.,15.8819725762906));
#8875=CARTESIAN_POINT('Ctrl Pts',(91.221022605896,0.,12.4235823403897));
#8876=CARTESIAN_POINT('Ctrl Pts',(91.221022605896,-5.,12.4235823403897));
#8877=CARTESIAN_POINT('Ctrl Pts',(91.537326401947,0.,12.9706214725134));
#8878=CARTESIAN_POINT('Ctrl Pts',(91.537326401947,-5.,12.9706214725134));
#8879=CARTESIAN_POINT('Ctrl Pts',(92.1574834448211,0.,14.0431668379176));
#8880=CARTESIAN_POINT('Ctrl Pts',(92.1574834448211,-5.,14.0431668379176));
#8881=CARTESIAN_POINT('Ctrl Pts',(92.2568983111407,0.,15.2772963079509));
#8882=CARTESIAN_POINT('Ctrl Pts',(92.2568983111407,-5.,15.2772963079509));
#8883=CARTESIAN_POINT('Ctrl Pts',(92.3056077957153,0.,15.8819725762906));
#8884=CARTESIAN_POINT('Ctrl Pts',(92.3056077957153,-5.,15.8819725762906));
#8885=CARTESIAN_POINT('',(91.221022605896,0.,12.4235823403897));
#8886=CARTESIAN_POINT('Ctrl Pts',(92.3056077957153,0.,15.8819725762906));
#8887=CARTESIAN_POINT('Ctrl Pts',(92.2568983111407,0.,15.2772963079509));
#8888=CARTESIAN_POINT('Ctrl Pts',(92.1574834448211,0.,14.0431668379176));
#8889=CARTESIAN_POINT('Ctrl Pts',(91.537326401947,0.,12.9706214725134));
#8890=CARTESIAN_POINT('Ctrl Pts',(91.221022605896,0.,12.4235823403897));
#8891=CARTESIAN_POINT('',(91.221022605896,-5.,12.4235823403897));
#8892=CARTESIAN_POINT('Ctrl Pts',(91.221022605896,-5.,12.4235823403897));
#8893=CARTESIAN_POINT('Ctrl Pts',(91.537326401947,-5.,12.9706214725134));
#8894=CARTESIAN_POINT('Ctrl Pts',(92.1574834448211,-5.,14.0431668379176));
#8895=CARTESIAN_POINT('Ctrl Pts',(92.2568983111407,-5.,15.2772963079509));
#8896=CARTESIAN_POINT('Ctrl Pts',(92.3056077957153,-5.,15.8819725762906));
#8897=CARTESIAN_POINT('',(91.221022605896,0.,12.4235823403897));
#8898=CARTESIAN_POINT('Ctrl Pts',(86.8417596817017,0.,8.7196257363858));
#8899=CARTESIAN_POINT('Ctrl Pts',(86.8417596817017,-5.,8.7196257363858));
#8900=CARTESIAN_POINT('Ctrl Pts',(87.7983003007401,0.,9.32420211655555));
#8901=CARTESIAN_POINT('Ctrl Pts',(87.7983003007401,-5.,9.32420211655555));
#8902=CARTESIAN_POINT('Ctrl Pts',(89.4338428457013,0.,10.3579380309177));
#8903=CARTESIAN_POINT('Ctrl Pts',(89.4338428457013,-5.,10.3579380309177));
#8904=CARTESIAN_POINT('Ctrl Pts',(90.6967300228812,0.,11.8175985357808));
#8905=CARTESIAN_POINT('Ctrl Pts',(90.6967300228812,-5.,11.8175985357808));
#8906=CARTESIAN_POINT('Ctrl Pts',(91.221022605896,0.,12.4235823403897));
#8907=CARTESIAN_POINT('Ctrl Pts',(91.221022605896,-5.,12.4235823403897));
#8908=CARTESIAN_POINT('',(86.8417596817017,0.,8.7196257363858));
#8909=CARTESIAN_POINT('Ctrl Pts',(91.221022605896,0.,12.4235823403897));
#8910=CARTESIAN_POINT('Ctrl Pts',(90.6967300228812,0.,11.8175985357808));
#8911=CARTESIAN_POINT('Ctrl Pts',(89.4338428457013,0.,10.3579380309177));
#8912=CARTESIAN_POINT('Ctrl Pts',(87.7983003007401,0.,9.32420211655555));
#8913=CARTESIAN_POINT('Ctrl Pts',(86.8417596817017,0.,8.7196257363858));
#8914=CARTESIAN_POINT('',(86.8417596817017,-5.,8.7196257363858));
#8915=CARTESIAN_POINT('Ctrl Pts',(86.8417596817017,-5.,8.7196257363858));
#8916=CARTESIAN_POINT('Ctrl Pts',(87.7983003007401,-5.,9.32420211655555));
#8917=CARTESIAN_POINT('Ctrl Pts',(89.4338428457013,-5.,10.3579380309177));
#8918=CARTESIAN_POINT('Ctrl Pts',(90.6967300228812,-5.,11.8175985357808));
#8919=CARTESIAN_POINT('Ctrl Pts',(91.221022605896,-5.,12.4235823403897));
#8920=CARTESIAN_POINT('',(86.8417596817017,0.,8.7196257363858));
#8921=CARTESIAN_POINT('Origin',(91.0163831710815,0.,3.21485068908355));
#8922=CARTESIAN_POINT('',(91.0163831710815,0.,3.21485068908355));
#8923=CARTESIAN_POINT('',(86.8417596817017,0.,8.7196257363858));
#8924=CARTESIAN_POINT('',(91.0163831710815,-5.,3.21485068908355));
#8925=CARTESIAN_POINT('',(86.8417596817017,-5.,8.7196257363858));
#8926=CARTESIAN_POINT('',(91.0163831710815,0.,3.21485068908355));
#8927=CARTESIAN_POINT('Ctrl Pts',(92.2851419448853,0.,6.63231399169586));
#8928=CARTESIAN_POINT('Ctrl Pts',(92.2851419448853,-5.,6.63231399169586));
#8929=CARTESIAN_POINT('Ctrl Pts',(92.1127729747105,0.,5.98789773327857));
#8930=CARTESIAN_POINT('Ctrl Pts',(92.1127729747105,-5.,5.98789773327857));
#8931=CARTESIAN_POINT('Ctrl Pts',(91.7972130325564,0.,4.80814967872386));
#8932=CARTESIAN_POINT('Ctrl Pts',(91.7972130325564,-5.,4.80814967872386));
#8933=CARTESIAN_POINT('Ctrl Pts',(91.2601053814803,0.,3.71217074655136));
#8934=CARTESIAN_POINT('Ctrl Pts',(91.2601053814803,-5.,3.71217074655136));
#8935=CARTESIAN_POINT('Ctrl Pts',(91.0163831710815,0.,3.21485068908355));
#8936=CARTESIAN_POINT('Ctrl Pts',(91.0163831710815,-5.,3.21485068908355));
#8937=CARTESIAN_POINT('',(92.2851419448853,0.,6.63231399169586));
#8938=CARTESIAN_POINT('Ctrl Pts',(91.0163831710815,0.,3.21485068908355));
#8939=CARTESIAN_POINT('Ctrl Pts',(91.2601053814803,0.,3.71217074655136));
#8940=CARTESIAN_POINT('Ctrl Pts',(91.7972130325564,0.,4.80814967872386));
#8941=CARTESIAN_POINT('Ctrl Pts',(92.1127729747105,0.,5.98789773327857));
#8942=CARTESIAN_POINT('Ctrl Pts',(92.2851419448853,0.,6.63231399169586));
#8943=CARTESIAN_POINT('',(92.2851419448853,-5.,6.63231399169586));
#8944=CARTESIAN_POINT('Ctrl Pts',(92.2851419448853,-5.,6.63231399169586));
#8945=CARTESIAN_POINT('Ctrl Pts',(92.1127729747105,-5.,5.98789773327857));
#8946=CARTESIAN_POINT('Ctrl Pts',(91.7972130325564,-5.,4.80814967872386));
#8947=CARTESIAN_POINT('Ctrl Pts',(91.2601053814803,-5.,3.71217074655136));
#8948=CARTESIAN_POINT('Ctrl Pts',(91.0163831710815,-5.,3.21485068908355));
#8949=CARTESIAN_POINT('',(92.2851419448853,0.,6.63231399169586));
#8950=CARTESIAN_POINT('Origin',(97.4829626083374,0.,5.44541146865509));
#8951=CARTESIAN_POINT('',(97.4829626083374,0.,5.44541146865509));
#8952=CARTESIAN_POINT('',(92.2851419448853,0.,6.63231399169586));
#8953=CARTESIAN_POINT('',(97.4829626083374,-5.,5.44541146865509));
#8954=CARTESIAN_POINT('',(92.2851419448853,-5.,6.63231399169586));
#8955=CARTESIAN_POINT('',(97.4829626083374,0.,5.44541146865509));
#8956=CARTESIAN_POINT('Ctrl Pts',(96.1323499679565,0.,1.39356877914093));
#8957=CARTESIAN_POINT('Ctrl Pts',(96.1323499679565,-5.,1.39356877914093));
#8958=CARTESIAN_POINT('Ctrl Pts',(96.3479919102869,0.,1.94351482280761));
#8959=CARTESIAN_POINT('Ctrl Pts',(96.3479919102869,-5.,1.94351482280761));
#8960=CARTESIAN_POINT('Ctrl Pts',(96.8682586724323,0.,3.27033763102885));
#8961=CARTESIAN_POINT('Ctrl Pts',(96.8682586724323,-5.,3.27033763102885));
#8962=CARTESIAN_POINT('Ctrl Pts',(97.2559581391323,0.,4.64217684926848));
#8963=CARTESIAN_POINT('Ctrl Pts',(97.2559581391323,-5.,4.64217684926848));
#8964=CARTESIAN_POINT('Ctrl Pts',(97.4829626083374,0.,5.44541146865509));
#8965=CARTESIAN_POINT('Ctrl Pts',(97.4829626083374,-5.,5.44541146865509));
#8966=CARTESIAN_POINT('',(96.1323499679565,0.,1.39356877914093));
#8967=CARTESIAN_POINT('Ctrl Pts',(97.4829626083374,0.,5.44541146865509));
#8968=CARTESIAN_POINT('Ctrl Pts',(97.2559581391323,0.,4.64217684926848));
#8969=CARTESIAN_POINT('Ctrl Pts',(96.8682586724323,0.,3.27033763102885));
#8970=CARTESIAN_POINT('Ctrl Pts',(96.3479919102869,0.,1.94351482280761));
#8971=CARTESIAN_POINT('Ctrl Pts',(96.1323499679565,0.,1.39356877914093));
#8972=CARTESIAN_POINT('',(96.1323499679565,-5.,1.39356877914093));
#8973=CARTESIAN_POINT('Ctrl Pts',(96.1323499679565,-5.,1.39356877914093));
#8974=CARTESIAN_POINT('Ctrl Pts',(96.3479919102869,-5.,1.94351482280761));
#8975=CARTESIAN_POINT('Ctrl Pts',(96.8682586724323,-5.,3.27033763102885));
#8976=CARTESIAN_POINT('Ctrl Pts',(97.2559581391323,-5.,4.64217684926848));
#8977=CARTESIAN_POINT('Ctrl Pts',(97.4829626083374,-5.,5.44541146865509));
#8978=CARTESIAN_POINT('',(96.1323499679565,0.,1.39356877914093));
#8979=CARTESIAN_POINT('Ctrl Pts',(94.9045133590698,0.,-0.734672283023379));
#8980=CARTESIAN_POINT('Ctrl Pts',(94.9045133590698,-5.,-0.734672283023379));
#8981=CARTESIAN_POINT('Ctrl Pts',(95.124708206582,0.,-0.419151932872253));
#8982=CARTESIAN_POINT('Ctrl Pts',(95.124708206582,-5.,-0.419151932872253));
#8983=CARTESIAN_POINT('Ctrl Pts',(95.5950169668496,0.,0.254760224453063));
#8984=CARTESIAN_POINT('Ctrl Pts',(95.5950169668496,-5.,0.254760224453063));
#8985=CARTESIAN_POINT('Ctrl Pts',(95.945800509712,0.,0.998201067715074));
#8986=CARTESIAN_POINT('Ctrl Pts',(95.945800509712,-5.,0.998201067715074));
#8987=CARTESIAN_POINT('Ctrl Pts',(96.1323499679565,0.,1.39356877914093));
#8988=CARTESIAN_POINT('Ctrl Pts',(96.1323499679565,-5.,1.39356877914093));
#8989=CARTESIAN_POINT('',(94.9045133590698,0.,-0.734672283023379));
#8990=CARTESIAN_POINT('Ctrl Pts',(96.1323499679565,0.,1.39356877914093));
#8991=CARTESIAN_POINT('Ctrl Pts',(95.945800509712,0.,0.998201067715074));
#8992=CARTESIAN_POINT('Ctrl Pts',(95.5950169668496,0.,0.254760224453063));
#8993=CARTESIAN_POINT('Ctrl Pts',(95.124708206582,0.,-0.419151932872253));
#8994=CARTESIAN_POINT('Ctrl Pts',(94.9045133590698,0.,-0.734672283023379));
#8995=CARTESIAN_POINT('',(94.9045133590698,-5.,-0.734672283023379));
#8996=CARTESIAN_POINT('Ctrl Pts',(94.9045133590698,-5.,-0.734672283023379));
#8997=CARTESIAN_POINT('Ctrl Pts',(95.124708206582,-5.,-0.419151932872253));
#8998=CARTESIAN_POINT('Ctrl Pts',(95.5950169668496,-5.,0.254760224453063));
#8999=CARTESIAN_POINT('Ctrl Pts',(95.945800509712,-5.,0.998201067715074));
#9000=CARTESIAN_POINT('Ctrl Pts',(96.1323499679565,-5.,1.39356877914093));
#9001=CARTESIAN_POINT('',(94.9045133590698,0.,-0.734672283023379));
#9002=CARTESIAN_POINT('Ctrl Pts',(97.3806428909302,0.,-2.71966431030609));
#9003=CARTESIAN_POINT('Ctrl Pts',(97.3806428909302,-5.,-2.71966431030609));
#9004=CARTESIAN_POINT('Ctrl Pts',(96.9156362043302,0.,-2.38126612727843));
#9005=CARTESIAN_POINT('Ctrl Pts',(96.9156362043302,-5.,-2.38126612727843));
#9006=CARTESIAN_POINT('Ctrl Pts',(96.059258357418,0.,-1.75805636335185));
#9007=CARTESIAN_POINT('Ctrl Pts',(96.059258357418,-5.,-1.75805636335185));
#9008=CARTESIAN_POINT('Ctrl Pts',(95.2667127174757,0.,-1.0556687435649));
#9009=CARTESIAN_POINT('Ctrl Pts',(95.2667127174757,-5.,-1.0556687435649));
#9010=CARTESIAN_POINT('Ctrl Pts',(94.9045133590698,0.,-0.734672283023379));
#9011=CARTESIAN_POINT('Ctrl Pts',(94.9045133590698,-5.,-0.734672283023379));
#9012=CARTESIAN_POINT('',(97.3806428909302,0.,-2.71966431030609));
#9013=CARTESIAN_POINT('Ctrl Pts',(94.9045133590698,0.,-0.734672283023379));
#9014=CARTESIAN_POINT('Ctrl Pts',(95.2667127174757,0.,-1.0556687435649));
#9015=CARTESIAN_POINT('Ctrl Pts',(96.059258357418,0.,-1.75805636335185));
#9016=CARTESIAN_POINT('Ctrl Pts',(96.9156362043302,0.,-2.38126612727843));
#9017=CARTESIAN_POINT('Ctrl Pts',(97.3806428909302,0.,-2.71966431030609));
#9018=CARTESIAN_POINT('',(97.3806428909302,-5.,-2.71966431030609));
#9019=CARTESIAN_POINT('Ctrl Pts',(97.3806428909302,-5.,-2.71966431030609));
#9020=CARTESIAN_POINT('Ctrl Pts',(96.9156362043302,-5.,-2.38126612727843));
#9021=CARTESIAN_POINT('Ctrl Pts',(96.059258357418,-5.,-1.75805636335185));
#9022=CARTESIAN_POINT('Ctrl Pts',(95.2667127174757,-5.,-1.0556687435649));
#9023=CARTESIAN_POINT('Ctrl Pts',(94.9045133590698,-5.,-0.734672283023379));
#9024=CARTESIAN_POINT('',(97.3806428909302,0.,-2.71966431030609));
#9025=CARTESIAN_POINT('Ctrl Pts',(99.631667137146,0.,-4.13166973480561));
#9026=CARTESIAN_POINT('Ctrl Pts',(99.631667137146,-5.,-4.13166973480561));
#9027=CARTESIAN_POINT('Ctrl Pts',(99.3222130114345,0.,-3.96006540566952));
#9028=CARTESIAN_POINT('Ctrl Pts',(99.3222130114345,-5.,-3.96006540566952));
#9029=CARTESIAN_POINT('Ctrl Pts',(98.5467576648145,0.,-3.53004530422229));
#9030=CARTESIAN_POINT('Ctrl Pts',(98.5467576648145,-5.,-3.53004530422229));
#9031=CARTESIAN_POINT('Ctrl Pts',(97.8183633255897,0.,-3.02385419696304));
#9032=CARTESIAN_POINT('Ctrl Pts',(97.8183633255897,-5.,-3.02385419696304));
#9033=CARTESIAN_POINT('Ctrl Pts',(97.3806428909302,0.,-2.71966431030609));
#9034=CARTESIAN_POINT('Ctrl Pts',(97.3806428909302,-5.,-2.71966431030609));
#9035=CARTESIAN_POINT('Ctrl Pts',(97.3806428909302,0.,-2.71966431030609));
#9036=CARTESIAN_POINT('Ctrl Pts',(97.8183633255897,0.,-3.02385419696304));
#9037=CARTESIAN_POINT('Ctrl Pts',(98.5467576648145,0.,-3.53004530422229));
#9038=CARTESIAN_POINT('Ctrl Pts',(99.3222130114345,0.,-3.96006540566952));
#9039=CARTESIAN_POINT('Ctrl Pts',(99.631667137146,0.,-4.13166973480561));
#9040=CARTESIAN_POINT('Ctrl Pts',(99.631667137146,-5.,-4.13166973480561));
#9041=CARTESIAN_POINT('Ctrl Pts',(99.3222130114345,-5.,-3.96006540566952));
#9042=CARTESIAN_POINT('Ctrl Pts',(98.5467576648145,-5.,-3.53004530422229));
#9043=CARTESIAN_POINT('Ctrl Pts',(97.8183633255897,-5.,-3.02385419696304));
#9044=CARTESIAN_POINT('Ctrl Pts',(97.3806428909302,-5.,-2.71966431030609));
#9045=CARTESIAN_POINT('Origin',(119.461133480072,-5.,7.0722868691983));
#9046=CARTESIAN_POINT('Origin',(119.461133480072,0.,7.0722868691983));
#9047=CARTESIAN_POINT('Origin',(29.2905902862549,0.,-2.33085129150727));
#9048=CARTESIAN_POINT('',(29.2905902862549,0.,-7.79469940552094));
#9049=CARTESIAN_POINT('',(29.2905902862549,0.,-2.33085129150727));
#9050=CARTESIAN_POINT('',(29.2905902862549,0.,-7.79469940552094));
#9051=CARTESIAN_POINT('',(29.2905902862549,-5.,-7.79469940552094));
#9052=CARTESIAN_POINT('',(29.2905902862549,0.,-7.79469940552094));
#9053=CARTESIAN_POINT('',(29.2905902862549,-5.,-2.33085129150727));
#9054=CARTESIAN_POINT('',(29.2905902862549,-5.,-7.79469940552094));
#9055=CARTESIAN_POINT('',(29.2905902862549,0.,-2.33085129150727));
#9056=CARTESIAN_POINT('Origin',(45.0477504730225,0.,17.13026788345));
#9057=CARTESIAN_POINT('',(45.0477504730225,0.,17.13026788345));
#9058=CARTESIAN_POINT('',(29.2905902862549,0.,-2.33085129150727));
#9059=CARTESIAN_POINT('',(45.0477504730225,-5.,17.13026788345));
#9060=CARTESIAN_POINT('',(29.2905902862549,-5.,-2.33085129150727));
#9061=CARTESIAN_POINT('',(45.0477504730225,0.,17.13026788345));
#9062=CARTESIAN_POINT('Origin',(31.0709428787231,0.,17.13026788345));
#9063=CARTESIAN_POINT('',(31.0709428787231,0.,17.13026788345));
#9064=CARTESIAN_POINT('',(45.0477504730225,0.,17.13026788345));
#9065=CARTESIAN_POINT('',(31.0709428787231,-5.,17.13026788345));
#9066=CARTESIAN_POINT('',(45.0477504730225,-5.,17.13026788345));
#9067=CARTESIAN_POINT('',(31.0709428787231,0.,17.13026788345));
#9068=CARTESIAN_POINT('Origin',(31.0709428787231,0.,22.2053029786649));
#9069=CARTESIAN_POINT('',(31.0709428787231,0.,22.2053029786649));
#9070=CARTESIAN_POINT('',(31.0709428787231,0.,17.13026788345));
#9071=CARTESIAN_POINT('',(31.0709428787231,-5.,22.2053029786649));
#9072=CARTESIAN_POINT('',(31.0709428787231,-5.,17.13026788345));
#9073=CARTESIAN_POINT('',(31.0709428787231,0.,22.2053029786649));
#9074=CARTESIAN_POINT('Origin',(53.0286502838135,0.,22.2053029786649));
#9075=CARTESIAN_POINT('',(53.0286502838135,0.,22.2053029786649));
#9076=CARTESIAN_POINT('',(31.0709428787231,0.,22.2053029786649));
#9077=CARTESIAN_POINT('',(53.0286502838135,-5.,22.2053029786649));
#9078=CARTESIAN_POINT('',(31.0709428787231,-5.,22.2053029786649));
#9079=CARTESIAN_POINT('',(53.0286502838135,0.,22.2053029786649));
#9080=CARTESIAN_POINT('Origin',(53.0286502838135,0.,17.4986174356046));
#9081=CARTESIAN_POINT('',(53.0286502838135,0.,17.4986174356046));
#9082=CARTESIAN_POINT('',(53.0286502838135,0.,22.2053029786649));
#9083=CARTESIAN_POINT('',(53.0286502838135,-5.,17.4986174356046));
#9084=CARTESIAN_POINT('',(53.0286502838135,-5.,22.2053029786649));
#9085=CARTESIAN_POINT('',(53.0286502838135,0.,17.4986174356046));
#9086=CARTESIAN_POINT('Origin',(36.5961837768555,0.,-2.74012777695038));
#9087=CARTESIAN_POINT('',(36.5961837768555,0.,-2.74012777695038));
#9088=CARTESIAN_POINT('',(53.0286502838135,0.,17.4986174356046));
#9089=CARTESIAN_POINT('',(36.5961837768555,-5.,-2.74012777695038));
#9090=CARTESIAN_POINT('',(53.0286502838135,-5.,17.4986174356046));
#9091=CARTESIAN_POINT('',(36.5961837768555,0.,-2.74012777695038));
#9092=CARTESIAN_POINT('Origin',(53.6630296707153,0.,-2.74012777695038));
#9093=CARTESIAN_POINT('',(53.6630296707153,0.,-2.74012777695038));
#9094=CARTESIAN_POINT('',(36.5961837768555,0.,-2.74012777695038));
#9095=CARTESIAN_POINT('',(53.6630296707153,-5.,-2.74012777695038));
#9096=CARTESIAN_POINT('',(36.5961837768555,-5.,-2.74012777695038));
#9097=CARTESIAN_POINT('',(53.6630296707153,0.,-2.74012777695038));
#9098=CARTESIAN_POINT('Origin',(53.6630296707153,0.,-7.79469940552094));
#9099=CARTESIAN_POINT('',(53.6630296707153,0.,-7.79469940552094));
#9100=CARTESIAN_POINT('',(53.6630296707153,0.,-2.74012777695038));
#9101=CARTESIAN_POINT('',(53.6630296707153,-5.,-7.79469940552094));
#9102=CARTESIAN_POINT('',(53.6630296707153,-5.,-2.74012777695038));
#9103=CARTESIAN_POINT('',(53.6630296707153,0.,-7.79469940552094));
#9104=CARTESIAN_POINT('Origin',(29.2905902862549,0.,-7.79469940552094));
#9105=CARTESIAN_POINT('',(53.6630296707153,0.,-7.79469940552094));
#9106=CARTESIAN_POINT('',(53.6630296707153,-5.,-7.79469940552094));
#9107=CARTESIAN_POINT('Origin',(129.461133480072,-5.,7.0722868691983));
#9108=CARTESIAN_POINT('Origin',(129.461133480072,0.,7.0722868691983));
#9109=CARTESIAN_POINT('Origin',(10.5388820171356,0.,9.51771524062774));
#9110=CARTESIAN_POINT('',(6.05729937553406,0.,9.51771524062774));
#9111=CARTESIAN_POINT('',(10.5388820171356,0.,9.51771524062774));
#9112=CARTESIAN_POINT('',(6.05729937553406,0.,9.51771524062774));
#9113=CARTESIAN_POINT('',(6.05729937553406,-5.,9.51771524062774));
#9114=CARTESIAN_POINT('',(6.05729937553406,0.,9.51771524062774));
#9115=CARTESIAN_POINT('',(10.5388820171356,-5.,9.51771524062774));
#9116=CARTESIAN_POINT('',(6.05729937553406,-5.,9.51771524062774));
#9117=CARTESIAN_POINT('',(10.5388820171356,0.,9.51771524062774));
#9118=CARTESIAN_POINT('Ctrl Pts',(15.9822654724121,0.,9.88606717696808));
#9119=CARTESIAN_POINT('Ctrl Pts',(15.9822654724121,-5.,9.88606717696808));
#9120=CARTESIAN_POINT('Ctrl Pts',(15.3490179211492,0.,9.78070783950267));
#9121=CARTESIAN_POINT('Ctrl Pts',(15.3490179211492,-5.,9.78070783950267));
#9122=CARTESIAN_POINT('Ctrl Pts',(13.5496183116097,0.,9.48132484099211));
#9123=CARTESIAN_POINT('Ctrl Pts',(13.5496183116097,-5.,9.48132484099211));
#9124=CARTESIAN_POINT('Ctrl Pts',(11.7228021507256,0.,9.50340534345173));
#9125=CARTESIAN_POINT('Ctrl Pts',(11.7228021507256,-5.,9.50340534345173));
#9126=CARTESIAN_POINT('Ctrl Pts',(10.5388820171356,0.,9.51771524062774));
#9127=CARTESIAN_POINT('Ctrl Pts',(10.5388820171356,-5.,9.51771524062774));
#9128=CARTESIAN_POINT('',(15.9822654724121,0.,9.88606717696808));
#9129=CARTESIAN_POINT('Ctrl Pts',(10.5388820171356,0.,9.51771524062774));
#9130=CARTESIAN_POINT('Ctrl Pts',(11.7228021507256,0.,9.50340534345173));
#9131=CARTESIAN_POINT('Ctrl Pts',(13.5496183116097,0.,9.48132484099211));
#9132=CARTESIAN_POINT('Ctrl Pts',(15.3490179211492,0.,9.78070783950267));
#9133=CARTESIAN_POINT('Ctrl Pts',(15.9822654724121,0.,9.88606717696808));
#9134=CARTESIAN_POINT('',(15.9822654724121,-5.,9.88606717696808));
#9135=CARTESIAN_POINT('Ctrl Pts',(15.9822654724121,-5.,9.88606717696808));
#9136=CARTESIAN_POINT('Ctrl Pts',(15.3490179211492,-5.,9.78070783950267));
#9137=CARTESIAN_POINT('Ctrl Pts',(13.5496183116097,-5.,9.48132484099211));
#9138=CARTESIAN_POINT('Ctrl Pts',(11.7228021507256,-5.,9.50340534345173));
#9139=CARTESIAN_POINT('Ctrl Pts',(10.5388820171356,-5.,9.51771524062774));
#9140=CARTESIAN_POINT('',(15.9822654724121,0.,9.88606717696808));
#9141=CARTESIAN_POINT('Ctrl Pts',(17.6807641983032,0.,11.1548247586789));
#9142=CARTESIAN_POINT('Ctrl Pts',(17.6807641983032,-5.,11.1548247586789));
#9143=CARTESIAN_POINT('Ctrl Pts',(17.4541389744901,0.,10.8760609537394));
#9144=CARTESIAN_POINT('Ctrl Pts',(17.4541389744901,-5.,10.8760609537394));
#9145=CARTESIAN_POINT('Ctrl Pts',(16.9947045399209,0.,10.3109266366241));
#9146=CARTESIAN_POINT('Ctrl Pts',(16.9947045399209,-5.,10.3109266366241));
#9147=CARTESIAN_POINT('Ctrl Pts',(16.3227599526967,0.,10.0289521223955));
#9148=CARTESIAN_POINT('Ctrl Pts',(16.3227599526967,-5.,10.0289521223955));
#9149=CARTESIAN_POINT('Ctrl Pts',(15.9822654724121,0.,9.88606717696808));
#9150=CARTESIAN_POINT('Ctrl Pts',(15.9822654724121,-5.,9.88606717696808));
#9151=CARTESIAN_POINT('',(17.6807641983032,0.,11.1548247586789));
#9152=CARTESIAN_POINT('Ctrl Pts',(15.9822654724121,0.,9.88606717696808));
#9153=CARTESIAN_POINT('Ctrl Pts',(16.3227599526967,0.,10.0289521223955));
#9154=CARTESIAN_POINT('Ctrl Pts',(16.9947045399209,0.,10.3109266366241));
#9155=CARTESIAN_POINT('Ctrl Pts',(17.4541389744901,0.,10.8760609537394));
#9156=CARTESIAN_POINT('Ctrl Pts',(17.6807641983032,0.,11.1548247586789));
#9157=CARTESIAN_POINT('',(17.6807641983032,-5.,11.1548247586789));
#9158=CARTESIAN_POINT('Ctrl Pts',(17.6807641983032,-5.,11.1548247586789));
#9159=CARTESIAN_POINT('Ctrl Pts',(17.4541389744901,-5.,10.8760609537394));
#9160=CARTESIAN_POINT('Ctrl Pts',(16.9947045399209,-5.,10.3109266366241));
#9161=CARTESIAN_POINT('Ctrl Pts',(16.3227599526967,-5.,10.0289521223955));
#9162=CARTESIAN_POINT('Ctrl Pts',(15.9822654724121,-5.,9.88606717696808));
#9163=CARTESIAN_POINT('',(17.6807641983032,0.,11.1548247586789));
#9164=CARTESIAN_POINT('Ctrl Pts',(18.2946801185608,0.,13.4058478128018));
#9165=CARTESIAN_POINT('Ctrl Pts',(18.2946801185608,-5.,13.4058478128018));
#9166=CARTESIAN_POINT('Ctrl Pts',(18.2754769589339,0.,12.9841444082783));
#9167=CARTESIAN_POINT('Ctrl Pts',(18.2754769589339,-5.,12.9841444082783));
#9168=CARTESIAN_POINT('Ctrl Pts',(18.239146270288,0.,12.1863186656247));
#9169=CARTESIAN_POINT('Ctrl Pts',(18.239146270288,-5.,12.1863186656247));
#9170=CARTESIAN_POINT('Ctrl Pts',(17.8596647595143,0.,11.485306069052));
#9171=CARTESIAN_POINT('Ctrl Pts',(17.8596647595143,-5.,11.485306069052));
#9172=CARTESIAN_POINT('Ctrl Pts',(17.6807641983032,0.,11.1548247586789));
#9173=CARTESIAN_POINT('Ctrl Pts',(17.6807641983032,-5.,11.1548247586789));
#9174=CARTESIAN_POINT('',(18.2946801185608,0.,13.4058478128018));
#9175=CARTESIAN_POINT('Ctrl Pts',(17.6807641983032,0.,11.1548247586789));
#9176=CARTESIAN_POINT('Ctrl Pts',(17.8596647595143,0.,11.485306069052));
#9177=CARTESIAN_POINT('Ctrl Pts',(18.239146270288,0.,12.1863186656247));
#9178=CARTESIAN_POINT('Ctrl Pts',(18.2754769589339,0.,12.9841444082783));
#9179=CARTESIAN_POINT('Ctrl Pts',(18.2946801185608,0.,13.4058478128018));
#9180=CARTESIAN_POINT('',(18.2946801185608,-5.,13.4058478128018));
#9181=CARTESIAN_POINT('Ctrl Pts',(18.2946801185608,-5.,13.4058478128018));
#9182=CARTESIAN_POINT('Ctrl Pts',(18.2754769589339,-5.,12.9841444082783));
#9183=CARTESIAN_POINT('Ctrl Pts',(18.239146270288,-5.,12.1863186656247));
#9184=CARTESIAN_POINT('Ctrl Pts',(17.8596647595143,-5.,11.485306069052));
#9185=CARTESIAN_POINT('Ctrl Pts',(17.6807641983032,-5.,11.1548247586789));
#9186=CARTESIAN_POINT('',(18.2946801185608,0.,13.4058478128018));
#9187=CARTESIAN_POINT('Ctrl Pts',(17.4761271476746,0.,15.841045643002));
#9188=CARTESIAN_POINT('Ctrl Pts',(17.4761271476746,-5.,15.841045643002));
#9189=CARTESIAN_POINT('Ctrl Pts',(17.7146635569587,0.,15.4964328238926));
#9190=CARTESIAN_POINT('Ctrl Pts',(17.7146635569587,-5.,15.4964328238926));
#9191=CARTESIAN_POINT('Ctrl Pts',(18.2204200783505,0.,14.7657679281525));
#9192=CARTESIAN_POINT('Ctrl Pts',(18.2204200783505,-5.,14.7657679281525));
#9193=CARTESIAN_POINT('Ctrl Pts',(18.2690082218823,0.,13.8759758735121));
#9194=CARTESIAN_POINT('Ctrl Pts',(18.2690082218823,-5.,13.8759758735121));
#9195=CARTESIAN_POINT('Ctrl Pts',(18.2946801185608,0.,13.4058478128018));
#9196=CARTESIAN_POINT('Ctrl Pts',(18.2946801185608,-5.,13.4058478128018));
#9197=CARTESIAN_POINT('',(17.4761271476746,0.,15.841045643002));
#9198=CARTESIAN_POINT('Ctrl Pts',(18.2946801185608,0.,13.4058478128018));
#9199=CARTESIAN_POINT('Ctrl Pts',(18.2690082218823,0.,13.8759758735121));
#9200=CARTESIAN_POINT('Ctrl Pts',(18.2204200783505,0.,14.7657679281525));
#9201=CARTESIAN_POINT('Ctrl Pts',(17.7146635569587,0.,15.4964328238926));
#9202=CARTESIAN_POINT('Ctrl Pts',(17.4761271476746,0.,15.841045643002));
#9203=CARTESIAN_POINT('',(17.4761271476746,-5.,15.841045643002));
#9204=CARTESIAN_POINT('Ctrl Pts',(17.4761271476746,-5.,15.841045643002));
#9205=CARTESIAN_POINT('Ctrl Pts',(17.7146635569587,-5.,15.4964328238926));
#9206=CARTESIAN_POINT('Ctrl Pts',(18.2204200783505,-5.,14.7657679281525));
#9207=CARTESIAN_POINT('Ctrl Pts',(18.2690082218823,-5.,13.8759758735121));
#9208=CARTESIAN_POINT('Ctrl Pts',(18.2946801185608,-5.,13.4058478128018));
#9209=CARTESIAN_POINT('',(17.4761271476746,0.,15.841045643002));
#9210=CARTESIAN_POINT('Ctrl Pts',(15.2046394348145,0.,17.0279481660428));
#9211=CARTESIAN_POINT('Ctrl Pts',(15.2046394348145,-5.,17.0279481660428));
#9212=CARTESIAN_POINT('Ctrl Pts',(15.6597666775417,0.,16.9260247191027));
#9213=CARTESIAN_POINT('Ctrl Pts',(15.6597666775417,-5.,16.9260247191027));
#9214=CARTESIAN_POINT('Ctrl Pts',(16.5248760146597,0.,16.7322878531425));
#9215=CARTESIAN_POINT('Ctrl Pts',(16.5248760146597,-5.,16.7322878531425));
#9216=CARTESIAN_POINT('Ctrl Pts',(17.1702699187984,0.,16.1276081113032));
#9217=CARTESIAN_POINT('Ctrl Pts',(17.1702699187984,-5.,16.1276081113032));
#9218=CARTESIAN_POINT('Ctrl Pts',(17.4761271476746,0.,15.841045643002));
#9219=CARTESIAN_POINT('Ctrl Pts',(17.4761271476746,-5.,15.841045643002));
#9220=CARTESIAN_POINT('',(15.2046394348145,0.,17.0279481660428));
#9221=CARTESIAN_POINT('Ctrl Pts',(17.4761271476746,0.,15.841045643002));
#9222=CARTESIAN_POINT('Ctrl Pts',(17.1702699187984,0.,16.1276081113032));
#9223=CARTESIAN_POINT('Ctrl Pts',(16.5248760146597,0.,16.7322878531425));
#9224=CARTESIAN_POINT('Ctrl Pts',(15.6597666775417,0.,16.9260247191027));
#9225=CARTESIAN_POINT('Ctrl Pts',(15.2046394348145,0.,17.0279481660428));
#9226=CARTESIAN_POINT('',(15.2046394348145,-5.,17.0279481660428));
#9227=CARTESIAN_POINT('Ctrl Pts',(15.2046394348145,-5.,17.0279481660428));
#9228=CARTESIAN_POINT('Ctrl Pts',(15.6597666775417,-5.,16.9260247191027));
#9229=CARTESIAN_POINT('Ctrl Pts',(16.5248760146597,-5.,16.7322878531425));
#9230=CARTESIAN_POINT('Ctrl Pts',(17.1702699187984,-5.,16.1276081113032));
#9231=CARTESIAN_POINT('Ctrl Pts',(17.4761271476746,-5.,15.841045643002));
#9232=CARTESIAN_POINT('',(15.2046394348145,0.,17.0279481660428));
#9233=CARTESIAN_POINT('Ctrl Pts',(10.7844483852386,0.,17.13026788345));
#9234=CARTESIAN_POINT('Ctrl Pts',(10.7844483852386,-5.,17.13026788345));
#9235=CARTESIAN_POINT('Ctrl Pts',(11.767144149648,0.,17.1359236674993));
#9236=CARTESIAN_POINT('Ctrl Pts',(11.767144149648,-5.,17.1359236674993));
#9237=CARTESIAN_POINT('Ctrl Pts',(13.2418346521296,0.,17.1444110664722));
#9238=CARTESIAN_POINT('Ctrl Pts',(13.2418346521296,-5.,17.1444110664722));
#9239=CARTESIAN_POINT('Ctrl Pts',(14.7136154493637,0.,17.0570830438617));
#9240=CARTESIAN_POINT('Ctrl Pts',(14.7136154493637,-5.,17.0570830438617));
#9241=CARTESIAN_POINT('Ctrl Pts',(15.2046394348145,0.,17.0279481660428));
#9242=CARTESIAN_POINT('Ctrl Pts',(15.2046394348145,-5.,17.0279481660428));
#9243=CARTESIAN_POINT('',(10.7844483852386,0.,17.13026788345));
#9244=CARTESIAN_POINT('Ctrl Pts',(15.2046394348145,0.,17.0279481660428));
#9245=CARTESIAN_POINT('Ctrl Pts',(14.7136154493637,0.,17.0570830438617));
#9246=CARTESIAN_POINT('Ctrl Pts',(13.2418346521296,0.,17.1444110664722));
#9247=CARTESIAN_POINT('Ctrl Pts',(11.767144149648,0.,17.1359236674993));
#9248=CARTESIAN_POINT('Ctrl Pts',(10.7844483852386,0.,17.13026788345));
#9249=CARTESIAN_POINT('',(10.7844483852386,-5.,17.13026788345));
#9250=CARTESIAN_POINT('Ctrl Pts',(10.7844483852386,-5.,17.13026788345));
#9251=CARTESIAN_POINT('Ctrl Pts',(11.767144149648,-5.,17.1359236674993));
#9252=CARTESIAN_POINT('Ctrl Pts',(13.2418346521296,-5.,17.1444110664722));
#9253=CARTESIAN_POINT('Ctrl Pts',(14.7136154493637,-5.,17.0570830438617));
#9254=CARTESIAN_POINT('Ctrl Pts',(15.2046394348145,-5.,17.0279481660428));
#9255=CARTESIAN_POINT('',(10.7844483852386,0.,17.13026788345));
#9256=CARTESIAN_POINT('Origin',(6.05729937553406,0.,17.13026788345));
#9257=CARTESIAN_POINT('',(6.05729937553406,0.,17.13026788345));
#9258=CARTESIAN_POINT('',(10.7844483852386,0.,17.13026788345));
#9259=CARTESIAN_POINT('',(6.05729937553406,-5.,17.13026788345));
#9260=CARTESIAN_POINT('',(10.7844483852386,-5.,17.13026788345));
#9261=CARTESIAN_POINT('',(6.05729937553406,0.,17.13026788345));
#9262=CARTESIAN_POINT('Origin',(6.05729937553406,0.,9.51771524062774));
#9263=CARTESIAN_POINT('',(6.05729937553406,0.,17.13026788345));
#9264=CARTESIAN_POINT('',(6.05729937553406,-5.,17.13026788345));
#9265=CARTESIAN_POINT('Origin',(0.,0.,22.2053029786649));
#9266=CARTESIAN_POINT('',(0.,0.,-7.79469940552094));
#9267=CARTESIAN_POINT('',(0.,0.,22.2053029786649));
#9268=CARTESIAN_POINT('',(0.,0.,-7.79469940552094));
#9269=CARTESIAN_POINT('',(0.,-5.,-7.79469940552094));
#9270=CARTESIAN_POINT('',(0.,0.,-7.79469940552094));
#9271=CARTESIAN_POINT('',(0.,-5.,22.2053029786649));
#9272=CARTESIAN_POINT('',(0.,-5.,-7.79469940552094));
#9273=CARTESIAN_POINT('',(0.,0.,22.2053029786649));
#9274=CARTESIAN_POINT('Origin',(12.74897813797,0.,22.2053029786649));
#9275=CARTESIAN_POINT('',(12.74897813797,0.,22.2053029786649));
#9276=CARTESIAN_POINT('',(0.,0.,22.2053029786649));
#9277=CARTESIAN_POINT('',(12.74897813797,-5.,22.2053029786649));
#9278=CARTESIAN_POINT('',(0.,-5.,22.2053029786649));
#9279=CARTESIAN_POINT('',(12.74897813797,0.,22.2053029786649));
#9280=CARTESIAN_POINT('Ctrl Pts',(19.7271490097046,0.,21.3867476235928));
#9281=CARTESIAN_POINT('Ctrl Pts',(19.7271490097046,-5.,21.3867476235928));
#9282=CARTESIAN_POINT('Ctrl Pts',(18.788372842942,0.,21.6236463816965));
#9283=CARTESIAN_POINT('Ctrl Pts',(18.788372842942,-5.,21.6236463816965));
#9284=CARTESIAN_POINT('Ctrl Pts',(16.502516351095,0.,22.2004788400547));
#9285=CARTESIAN_POINT('Ctrl Pts',(16.502516351095,-5.,22.2004788400547));
#9286=CARTESIAN_POINT('Ctrl Pts',(14.1407770409369,0.,22.2035142048615));
#9287=CARTESIAN_POINT('Ctrl Pts',(14.1407770409369,-5.,22.2035142048615));
#9288=CARTESIAN_POINT('Ctrl Pts',(12.74897813797,0.,22.2053029786649));
#9289=CARTESIAN_POINT('Ctrl Pts',(12.74897813797,-5.,22.2053029786649));
#9290=CARTESIAN_POINT('',(19.7271490097046,0.,21.3867476235928));
#9291=CARTESIAN_POINT('Ctrl Pts',(12.74897813797,0.,22.2053029786649));
#9292=CARTESIAN_POINT('Ctrl Pts',(14.1407770409369,0.,22.2035142048615));
#9293=CARTESIAN_POINT('Ctrl Pts',(16.502516351095,0.,22.2004788400547));
#9294=CARTESIAN_POINT('Ctrl Pts',(18.788372842942,0.,21.6236463816965));
#9295=CARTESIAN_POINT('Ctrl Pts',(19.7271490097046,0.,21.3867476235928));
#9296=CARTESIAN_POINT('',(19.7271490097046,-5.,21.3867476235928));
#9297=CARTESIAN_POINT('Ctrl Pts',(19.7271490097046,-5.,21.3867476235928));
#9298=CARTESIAN_POINT('Ctrl Pts',(18.788372842942,-5.,21.6236463816965));
#9299=CARTESIAN_POINT('Ctrl Pts',(16.502516351095,-5.,22.2004788400547));
#9300=CARTESIAN_POINT('Ctrl Pts',(14.1407770409369,-5.,22.2035142048615));
#9301=CARTESIAN_POINT('Ctrl Pts',(12.74897813797,-5.,22.2053029786649));
#9302=CARTESIAN_POINT('',(19.7271490097046,0.,21.3867476235928));
#9303=CARTESIAN_POINT('Ctrl Pts',(23.2264685630798,0.,18.5218098413052));
#9304=CARTESIAN_POINT('Ctrl Pts',(23.2264685630798,-5.,18.5218098413052));
#9305=CARTESIAN_POINT('Ctrl Pts',(22.7581763674479,0.,19.1560725842815));
#9306=CARTESIAN_POINT('Ctrl Pts',(22.7581763674479,-5.,19.1560725842815));
#9307=CARTESIAN_POINT('Ctrl Pts',(21.8337957095819,0.,20.4080691306283));
#9308=CARTESIAN_POINT('Ctrl Pts',(21.8337957095819,-5.,20.4080691306283));
#9309=CARTESIAN_POINT('Ctrl Pts',(20.4231567941799,0.,21.0634053898706));
#9310=CARTESIAN_POINT('Ctrl Pts',(20.4231567941799,-5.,21.0634053898706));
#9311=CARTESIAN_POINT('Ctrl Pts',(19.7271490097046,0.,21.3867476235928));
#9312=CARTESIAN_POINT('Ctrl Pts',(19.7271490097046,-5.,21.3867476235928));
#9313=CARTESIAN_POINT('',(23.2264685630798,0.,18.5218098413052));
#9314=CARTESIAN_POINT('Ctrl Pts',(19.7271490097046,0.,21.3867476235928));
#9315=CARTESIAN_POINT('Ctrl Pts',(20.4231567941799,0.,21.0634053898706));
#9316=CARTESIAN_POINT('Ctrl Pts',(21.8337957095819,0.,20.4080691306283));
#9317=CARTESIAN_POINT('Ctrl Pts',(22.7581763674479,0.,19.1560725842815));
#9318=CARTESIAN_POINT('Ctrl Pts',(23.2264685630798,0.,18.5218098413052));
#9319=CARTESIAN_POINT('',(23.2264685630798,-5.,18.5218098413052));
#9320=CARTESIAN_POINT('Ctrl Pts',(23.2264685630798,-5.,18.5218098413052));
#9321=CARTESIAN_POINT('Ctrl Pts',(22.7581763674479,-5.,19.1560725842815));
#9322=CARTESIAN_POINT('Ctrl Pts',(21.8337957095819,-5.,20.4080691306283));
#9323=CARTESIAN_POINT('Ctrl Pts',(20.4231567941799,-5.,21.0634053898706));
#9324=CARTESIAN_POINT('Ctrl Pts',(19.7271490097046,-5.,21.3867476235928));
#9325=CARTESIAN_POINT('',(23.2264685630798,0.,18.5218098413052));
#9326=CARTESIAN_POINT('Ctrl Pts',(24.5361542701721,0.,13.7946608316006));
#9327=CARTESIAN_POINT('Ctrl Pts',(24.5361542701721,-5.,13.7946608316006));
#9328=CARTESIAN_POINT('Ctrl Pts',(24.486592300566,0.,14.6486862368268));
#9329=CARTESIAN_POINT('Ctrl Pts',(24.486592300566,-5.,14.6486862368268));
#9330=CARTESIAN_POINT('Ctrl Pts',(24.3896198187469,0.,16.3196642818761));
#9331=CARTESIAN_POINT('Ctrl Pts',(24.3896198187469,-5.,16.3196642818761));
#9332=CARTESIAN_POINT('Ctrl Pts',(23.6084082588313,0.,17.798699411023));
#9333=CARTESIAN_POINT('Ctrl Pts',(23.6084082588313,-5.,17.798699411023));
#9334=CARTESIAN_POINT('Ctrl Pts',(23.2264685630798,0.,18.5218098413052));
#9335=CARTESIAN_POINT('Ctrl Pts',(23.2264685630798,-5.,18.5218098413052));
#9336=CARTESIAN_POINT('',(24.5361542701721,0.,13.7946608316006));
#9337=CARTESIAN_POINT('Ctrl Pts',(23.2264685630798,0.,18.5218098413052));
#9338=CARTESIAN_POINT('Ctrl Pts',(23.6084082588313,0.,17.798699411023));
#9339=CARTESIAN_POINT('Ctrl Pts',(24.3896198187469,0.,16.3196642818761));
#9340=CARTESIAN_POINT('Ctrl Pts',(24.486592300566,0.,14.6486862368268));
#9341=CARTESIAN_POINT('Ctrl Pts',(24.5361542701721,0.,13.7946608316006));
#9342=CARTESIAN_POINT('',(24.5361542701721,-5.,13.7946608316006));
#9343=CARTESIAN_POINT('Ctrl Pts',(24.5361542701721,-5.,13.7946608316006));
#9344=CARTESIAN_POINT('Ctrl Pts',(24.486592300566,-5.,14.6486862368268));
#9345=CARTESIAN_POINT('Ctrl Pts',(24.3896198187469,-5.,16.3196642818761));
#9346=CARTESIAN_POINT('Ctrl Pts',(23.6084082588313,-5.,17.798699411023));
#9347=CARTESIAN_POINT('Ctrl Pts',(23.2264685630798,-5.,18.5218098413052));
#9348=CARTESIAN_POINT('',(24.5361542701721,0.,13.7946608316006));
#9349=CARTESIAN_POINT('Ctrl Pts',(22.5511622428894,0.,8.20802953353546));
#9350=CARTESIAN_POINT('Ctrl Pts',(22.5511622428894,-5.,8.20802953353546));
#9351=CARTESIAN_POINT('Ctrl Pts',(23.1299179178534,0.,9.01198663622565));
#9352=CARTESIAN_POINT('Ctrl Pts',(23.1299179178534,-5.,9.01198663622565));
#9353=CARTESIAN_POINT('Ctrl Pts',(24.3298580197914,0.,10.6788391777854));
#9354=CARTESIAN_POINT('Ctrl Pts',(24.3298580197914,-5.,10.6788391777854));
#9355=CARTESIAN_POINT('Ctrl Pts',(24.4657867494204,0.,12.7318560327796));
#9356=CARTESIAN_POINT('Ctrl Pts',(24.4657867494204,-5.,12.7318560327796));
#9357=CARTESIAN_POINT('Ctrl Pts',(24.5361542701721,0.,13.7946608316006));
#9358=CARTESIAN_POINT('Ctrl Pts',(24.5361542701721,-5.,13.7946608316006));
#9359=CARTESIAN_POINT('',(22.5511622428894,0.,8.20802953353546));
#9360=CARTESIAN_POINT('Ctrl Pts',(24.5361542701721,0.,13.7946608316006));
#9361=CARTESIAN_POINT('Ctrl Pts',(24.4657867494204,0.,12.7318560327796));
#9362=CARTESIAN_POINT('Ctrl Pts',(24.3298580197914,0.,10.6788391777854));
#9363=CARTESIAN_POINT('Ctrl Pts',(23.1299179178534,0.,9.01198663622565));
#9364=CARTESIAN_POINT('Ctrl Pts',(22.5511622428894,0.,8.20802953353546));
#9365=CARTESIAN_POINT('',(22.5511622428894,-5.,8.20802953353546));
#9366=CARTESIAN_POINT('Ctrl Pts',(22.5511622428894,-5.,8.20802953353546));
#9367=CARTESIAN_POINT('Ctrl Pts',(23.1299179178534,-5.,9.01198663622565));
#9368=CARTESIAN_POINT('Ctrl Pts',(24.3298580197914,-5.,10.6788391777854));
#9369=CARTESIAN_POINT('Ctrl Pts',(24.4657867494204,-5.,12.7318560327796));
#9370=CARTESIAN_POINT('Ctrl Pts',(24.5361542701721,-5.,13.7946608316006));
#9371=CARTESIAN_POINT('',(22.5511622428894,0.,8.20802953353546));
#9372=CARTESIAN_POINT('Ctrl Pts',(16.616644859314,0.,5.44541146865509));
#9373=CARTESIAN_POINT('Ctrl Pts',(16.616644859314,-5.,5.44541146865509));
#9374=CARTESIAN_POINT('Ctrl Pts',(17.8184108377839,0.,5.66976622796276));
#9375=CARTESIAN_POINT('Ctrl Pts',(17.8184108377839,-5.,5.66976622796276));
#9376=CARTESIAN_POINT('Ctrl Pts',(20.0410106368609,0.,6.08469796333611));
#9377=CARTESIAN_POINT('Ctrl Pts',(20.0410106368609,-5.,6.08469796333611));
#9378=CARTESIAN_POINT('Ctrl Pts',(21.7611205911245,0.,7.5397350859268));
#9379=CARTESIAN_POINT('Ctrl Pts',(21.7611205911245,-5.,7.5397350859268));
#9380=CARTESIAN_POINT('Ctrl Pts',(22.5511622428894,0.,8.20802953353546));
#9381=CARTESIAN_POINT('Ctrl Pts',(22.5511622428894,-5.,8.20802953353546));
#9382=CARTESIAN_POINT('',(16.616644859314,0.,5.44541146865509));
#9383=CARTESIAN_POINT('Ctrl Pts',(22.5511622428894,0.,8.20802953353546));
#9384=CARTESIAN_POINT('Ctrl Pts',(21.7611205911245,0.,7.5397350859268));
#9385=CARTESIAN_POINT('Ctrl Pts',(20.0410106368609,0.,6.08469796333611));
#9386=CARTESIAN_POINT('Ctrl Pts',(17.8184108377839,0.,5.66976622796276));
#9387=CARTESIAN_POINT('Ctrl Pts',(16.616644859314,0.,5.44541146865509));
#9388=CARTESIAN_POINT('',(16.616644859314,-5.,5.44541146865509));
#9389=CARTESIAN_POINT('Ctrl Pts',(16.616644859314,-5.,5.44541146865509));
#9390=CARTESIAN_POINT('Ctrl Pts',(17.8184108377839,-5.,5.66976622796276));
#9391=CARTESIAN_POINT('Ctrl Pts',(20.0410106368609,-5.,6.08469796333611));
#9392=CARTESIAN_POINT('Ctrl Pts',(21.7611205911245,-5.,7.5397350859268));
#9393=CARTESIAN_POINT('Ctrl Pts',(22.5511622428894,-5.,8.20802953353546));
#9394=CARTESIAN_POINT('',(16.616644859314,0.,5.44541146865509));
#9395=CARTESIAN_POINT('Ctrl Pts',(19.8499321937561,0.,2.92835738769195));
#9396=CARTESIAN_POINT('Ctrl Pts',(19.8499321937561,-5.,2.92835738769195));
#9397=CARTESIAN_POINT('Ctrl Pts',(19.3831131784497,0.,3.38457628555159));
#9398=CARTESIAN_POINT('Ctrl Pts',(19.3831131784497,-5.,3.38457628555159));
#9399=CARTESIAN_POINT('Ctrl Pts',(18.400493136262,0.,4.34488385221624));
#9400=CARTESIAN_POINT('Ctrl Pts',(18.400493136262,-5.,4.34488385221624));
#9401=CARTESIAN_POINT('Ctrl Pts',(17.2306984067737,0.,5.06657718342771));
#9402=CARTESIAN_POINT('Ctrl Pts',(17.2306984067737,-5.,5.06657718342771));
#9403=CARTESIAN_POINT('Ctrl Pts',(16.616644859314,0.,5.44541146865509));
#9404=CARTESIAN_POINT('Ctrl Pts',(16.616644859314,-5.,5.44541146865509));
#9405=CARTESIAN_POINT('',(19.8499321937561,0.,2.92835738769195));
#9406=CARTESIAN_POINT('Ctrl Pts',(16.616644859314,0.,5.44541146865509));
#9407=CARTESIAN_POINT('Ctrl Pts',(17.2306984067737,0.,5.06657718342771));
#9408=CARTESIAN_POINT('Ctrl Pts',(18.400493136262,0.,4.34488385221624));
#9409=CARTESIAN_POINT('Ctrl Pts',(19.3831131784497,0.,3.38457628555159));
#9410=CARTESIAN_POINT('Ctrl Pts',(19.8499321937561,0.,2.92835738769195));
#9411=CARTESIAN_POINT('',(19.8499321937561,-5.,2.92835738769195));
#9412=CARTESIAN_POINT('Ctrl Pts',(19.8499321937561,-5.,2.92835738769195));
#9413=CARTESIAN_POINT('Ctrl Pts',(19.3831131784497,-5.,3.38457628555159));
#9414=CARTESIAN_POINT('Ctrl Pts',(18.400493136262,-5.,4.34488385221624));
#9415=CARTESIAN_POINT('Ctrl Pts',(17.2306984067737,-5.,5.06657718342771));
#9416=CARTESIAN_POINT('Ctrl Pts',(16.616644859314,-5.,5.44541146865509));
#9417=CARTESIAN_POINT('',(19.8499321937561,0.,2.92835738769195));
#9418=CARTESIAN_POINT('Ctrl Pts',(23.308322429657,0.,-1.94203827270844));
#9419=CARTESIAN_POINT('Ctrl Pts',(23.308322429657,-5.,-1.94203827270844));
#9420=CARTESIAN_POINT('Ctrl Pts',(22.6840021019004,0.,-0.934589456130293));
#9421=CARTESIAN_POINT('Ctrl Pts',(22.6840021019004,-5.,-0.934589456130293));
#9422=CARTESIAN_POINT('Ctrl Pts',(21.6325444505826,0.,0.762119299627431));
#9423=CARTESIAN_POINT('Ctrl Pts',(21.6325444505826,-5.,0.762119299627431));
#9424=CARTESIAN_POINT('Ctrl Pts',(20.3648941957003,0.,2.30257334618462));
#9425=CARTESIAN_POINT('Ctrl Pts',(20.3648941957003,-5.,2.30257334618462));
#9426=CARTESIAN_POINT('Ctrl Pts',(19.8499321937561,0.,2.92835738769195));
#9427=CARTESIAN_POINT('Ctrl Pts',(19.8499321937561,-5.,2.92835738769195));
#9428=CARTESIAN_POINT('',(23.308322429657,0.,-1.94203827270844));
#9429=CARTESIAN_POINT('Ctrl Pts',(19.8499321937561,0.,2.92835738769195));
#9430=CARTESIAN_POINT('Ctrl Pts',(20.3648941957003,0.,2.30257334618462));
#9431=CARTESIAN_POINT('Ctrl Pts',(21.6325444505826,0.,0.762119299627431));
#9432=CARTESIAN_POINT('Ctrl Pts',(22.6840021019004,0.,-0.934589456130293));
#9433=CARTESIAN_POINT('Ctrl Pts',(23.308322429657,0.,-1.94203827270844));
#9434=CARTESIAN_POINT('',(23.308322429657,-5.,-1.94203827270844));
#9435=CARTESIAN_POINT('Ctrl Pts',(23.308322429657,-5.,-1.94203827270844));
#9436=CARTESIAN_POINT('Ctrl Pts',(22.6840021019004,-5.,-0.934589456130293));
#9437=CARTESIAN_POINT('Ctrl Pts',(21.6325444505826,-5.,0.762119299627431));
#9438=CARTESIAN_POINT('Ctrl Pts',(20.3648941957003,-5.,2.30257334618462));
#9439=CARTESIAN_POINT('Ctrl Pts',(19.8499321937561,-5.,2.92835738769195));
#9440=CARTESIAN_POINT('',(23.308322429657,0.,-1.94203827270844));
#9441=CARTESIAN_POINT('Origin',(26.9713521003723,0.,-7.79469940552094));
#9442=CARTESIAN_POINT('',(26.9713521003723,0.,-7.79469940552094));
#9443=CARTESIAN_POINT('',(23.308322429657,0.,-1.94203827270844));
#9444=CARTESIAN_POINT('',(26.9713521003723,-5.,-7.79469940552094));
#9445=CARTESIAN_POINT('',(23.308322429657,-5.,-1.94203827270844));
#9446=CARTESIAN_POINT('',(26.9713521003723,0.,-7.79469940552094));
#9447=CARTESIAN_POINT('Origin',(19.7271490097046,0.,-7.79469940552094));
#9448=CARTESIAN_POINT('',(19.7271490097046,0.,-7.79469940552094));
#9449=CARTESIAN_POINT('',(26.9713521003723,0.,-7.79469940552094));
#9450=CARTESIAN_POINT('',(19.7271490097046,-5.,-7.79469940552094));
#9451=CARTESIAN_POINT('',(26.9713521003723,-5.,-7.79469940552094));
#9452=CARTESIAN_POINT('',(19.7271490097046,0.,-7.79469940552094));
#9453=CARTESIAN_POINT('Origin',(15.3478860855103,0.,-1.26673195251801));
#9454=CARTESIAN_POINT('',(15.3478860855103,0.,-1.26673195251801));
#9455=CARTESIAN_POINT('',(19.7271490097046,0.,-7.79469940552094));
#9456=CARTESIAN_POINT('',(15.3478860855103,-5.,-1.26673195251801));
#9457=CARTESIAN_POINT('',(19.7271490097046,-5.,-7.79469940552094));
#9458=CARTESIAN_POINT('',(15.3478860855103,0.,-1.26673195251801));
#9459=CARTESIAN_POINT('Ctrl Pts',(12.1555256843567,0.,3.13299443832062));
#9460=CARTESIAN_POINT('Ctrl Pts',(12.1555256843567,-5.,3.13299443832062));
#9461=CARTESIAN_POINT('Ctrl Pts',(12.5711911671663,0.,2.62100654509235));
#9462=CARTESIAN_POINT('Ctrl Pts',(12.5711911671663,-5.,2.62100654509235));
#9463=CARTESIAN_POINT('Ctrl Pts',(13.7143823910692,0.,1.21290293656833));
#9464=CARTESIAN_POINT('Ctrl Pts',(13.7143823910692,-5.,1.21290293656833));
#9465=CARTESIAN_POINT('Ctrl Pts',(14.7126130815691,0.,-0.302396756933243));
#9466=CARTESIAN_POINT('Ctrl Pts',(14.7126130815691,-5.,-0.302396756933243));
#9467=CARTESIAN_POINT('Ctrl Pts',(15.3478860855103,0.,-1.26673195251801));
#9468=CARTESIAN_POINT('Ctrl Pts',(15.3478860855103,-5.,-1.26673195251801));
#9469=CARTESIAN_POINT('',(12.1555256843567,0.,3.13299443832062));
#9470=CARTESIAN_POINT('Ctrl Pts',(15.3478860855103,0.,-1.26673195251801));
#9471=CARTESIAN_POINT('Ctrl Pts',(14.7126130815691,0.,-0.302396756933243));
#9472=CARTESIAN_POINT('Ctrl Pts',(13.7143823910692,0.,1.21290293656833));
#9473=CARTESIAN_POINT('Ctrl Pts',(12.5711911671663,0.,2.62100654509235));
#9474=CARTESIAN_POINT('Ctrl Pts',(12.1555256843567,0.,3.13299443832062));
#9475=CARTESIAN_POINT('',(12.1555256843567,-5.,3.13299443832062));
#9476=CARTESIAN_POINT('Ctrl Pts',(12.1555256843567,-5.,3.13299443832062));
#9477=CARTESIAN_POINT('Ctrl Pts',(12.5711911671663,-5.,2.62100654509235));
#9478=CARTESIAN_POINT('Ctrl Pts',(13.7143823910692,-5.,1.21290293656833));
#9479=CARTESIAN_POINT('Ctrl Pts',(14.7126130815691,-5.,-0.302396756933243));
#9480=CARTESIAN_POINT('Ctrl Pts',(15.3478860855103,-5.,-1.26673195251801));
#9481=CARTESIAN_POINT('',(12.1555256843567,0.,3.13299443832062));
#9482=CARTESIAN_POINT('Ctrl Pts',(10.3342437744141,0.,4.38129212966583));
#9483=CARTESIAN_POINT('Ctrl Pts',(10.3342437744141,-5.,4.38129212966583));
#9484=CARTESIAN_POINT('Ctrl Pts',(10.6577263100657,0.,4.23959292713545));
#9485=CARTESIAN_POINT('Ctrl Pts',(10.6577263100657,-5.,4.23959292713545));
#9486=CARTESIAN_POINT('Ctrl Pts',(11.343069914942,0.,3.93938308095424));
#9487=CARTESIAN_POINT('Ctrl Pts',(11.343069914942,-5.,3.93938308095424));
#9488=CARTESIAN_POINT('Ctrl Pts',(11.8747819857377,0.,3.41164164421146));
#9489=CARTESIAN_POINT('Ctrl Pts',(11.8747819857377,-5.,3.41164164421146));
#9490=CARTESIAN_POINT('Ctrl Pts',(12.1555256843567,0.,3.13299443832062));
#9491=CARTESIAN_POINT('Ctrl Pts',(12.1555256843567,-5.,3.13299443832062));
#9492=CARTESIAN_POINT('',(10.3342437744141,0.,4.38129212966583));
#9493=CARTESIAN_POINT('Ctrl Pts',(12.1555256843567,0.,3.13299443832062));
#9494=CARTESIAN_POINT('Ctrl Pts',(11.8747819857377,0.,3.41164164421146));
#9495=CARTESIAN_POINT('Ctrl Pts',(11.343069914942,0.,3.93938308095424));
#9496=CARTESIAN_POINT('Ctrl Pts',(10.6577263100657,0.,4.23959292713545));
#9497=CARTESIAN_POINT('Ctrl Pts',(10.3342437744141,0.,4.38129212966583));
#9498=CARTESIAN_POINT('',(10.3342437744141,-5.,4.38129212966583));
#9499=CARTESIAN_POINT('Ctrl Pts',(10.3342437744141,-5.,4.38129212966583));
#9500=CARTESIAN_POINT('Ctrl Pts',(10.6577263100657,-5.,4.23959292713545));
#9501=CARTESIAN_POINT('Ctrl Pts',(11.343069914942,-5.,3.93938308095424));
#9502=CARTESIAN_POINT('Ctrl Pts',(11.8747819857377,-5.,3.41164164421146));
#9503=CARTESIAN_POINT('Ctrl Pts',(12.1555256843567,-5.,3.13299443832062));
#9504=CARTESIAN_POINT('',(10.3342437744141,0.,4.38129212966583));
#9505=CARTESIAN_POINT('Ctrl Pts',(7.2851300239563,0.,4.72917583099029));
#9506=CARTESIAN_POINT('Ctrl Pts',(7.2851300239563,-5.,4.72917583099029));
#9507=CARTESIAN_POINT('Ctrl Pts',(7.89067724701886,0.,4.72802604524245));
#9508=CARTESIAN_POINT('Ctrl Pts',(7.89067724701886,-5.,4.72802604524245));
#9509=CARTESIAN_POINT('Ctrl Pts',(8.92166291072459,0.,4.72606845617721));
#9510=CARTESIAN_POINT('Ctrl Pts',(8.92166291072459,-5.,4.72606845617721));
#9511=CARTESIAN_POINT('Ctrl Pts',(9.92161245491314,0.,4.48200530949009));
#9512=CARTESIAN_POINT('Ctrl Pts',(9.92161245491314,-5.,4.48200530949009));
#9513=CARTESIAN_POINT('Ctrl Pts',(10.3342437744141,0.,4.38129212966583));
#9514=CARTESIAN_POINT('Ctrl Pts',(10.3342437744141,-5.,4.38129212966583));
#9515=CARTESIAN_POINT('',(7.2851300239563,0.,4.72917583099029));
#9516=CARTESIAN_POINT('Ctrl Pts',(10.3342437744141,0.,4.38129212966583));
#9517=CARTESIAN_POINT('Ctrl Pts',(9.92161245491314,0.,4.48200530949009));
#9518=CARTESIAN_POINT('Ctrl Pts',(8.92166291072459,0.,4.72606845617721));
#9519=CARTESIAN_POINT('Ctrl Pts',(7.89067724701886,0.,4.72802604524245));
#9520=CARTESIAN_POINT('Ctrl Pts',(7.2851300239563,0.,4.72917583099029));
#9521=CARTESIAN_POINT('',(7.2851300239563,-5.,4.72917583099029));
#9522=CARTESIAN_POINT('Ctrl Pts',(7.2851300239563,-5.,4.72917583099029));
#9523=CARTESIAN_POINT('Ctrl Pts',(7.89067724701886,-5.,4.72802604524245));
#9524=CARTESIAN_POINT('Ctrl Pts',(8.92166291072459,-5.,4.72606845617721));
#9525=CARTESIAN_POINT('Ctrl Pts',(9.92161245491314,-5.,4.48200530949009));
#9526=CARTESIAN_POINT('Ctrl Pts',(10.3342437744141,-5.,4.38129212966583));
#9527=CARTESIAN_POINT('',(7.2851300239563,0.,4.72917583099029));
#9528=CARTESIAN_POINT('Origin',(6.05729937553406,0.,4.72917583099029));
#9529=CARTESIAN_POINT('',(6.05729937553406,0.,4.72917583099029));
#9530=CARTESIAN_POINT('',(7.2851300239563,0.,4.72917583099029));
#9531=CARTESIAN_POINT('',(6.05729937553406,-5.,4.72917583099029));
#9532=CARTESIAN_POINT('',(7.2851300239563,-5.,4.72917583099029));
#9533=CARTESIAN_POINT('',(6.05729937553406,0.,4.72917583099029));
#9534=CARTESIAN_POINT('Origin',(6.05729937553406,0.,-7.79469940552094));
#9535=CARTESIAN_POINT('',(6.05729937553406,0.,-7.79469940552094));
#9536=CARTESIAN_POINT('',(6.05729937553406,0.,4.72917583099029));
#9537=CARTESIAN_POINT('',(6.05729937553406,-5.,-7.79469940552094));
#9538=CARTESIAN_POINT('',(6.05729937553406,-5.,4.72917583099029));
#9539=CARTESIAN_POINT('',(6.05729937553406,0.,-7.79469940552094));
#9540=CARTESIAN_POINT('Origin',(0.,0.,-7.79469940552094));
#9541=CARTESIAN_POINT('',(6.05729937553406,0.,-7.79469940552094));
#9542=CARTESIAN_POINT('',(6.05729937553406,-5.,-7.79469940552094));
#9543=CARTESIAN_POINT('Origin',(139.461133480072,-5.,7.0722868691983));
#9544=CARTESIAN_POINT('Origin',(139.461133480072,0.,7.0722868691983));
#9545=CARTESIAN_POINT('',(0.,0.,0.));
#9546=CARTESIAN_POINT('Origin',(-7.99453735351676,-1.18163699692479E-14,
-5.09999761581431));
#9547=CARTESIAN_POINT('',(-8.80415515189697,6.5,-16.925));
#9548=CARTESIAN_POINT('',(-7.99453735351677,-2.24086368317056E-15,-17.9));
#9549=CARTESIAN_POINT('',(-7.31354769424009,-5.46731160574086,-18.7200967408611));
#9550=CARTESIAN_POINT('',(-8.80415515189696,6.5,-15.9580210344304));
#9551=CARTESIAN_POINT('',(-8.80415515189697,6.5,-11.0124988079072));
#9552=CARTESIAN_POINT('',(-8.64710170873034,5.23909963117728,-14.9));
#9553=CARTESIAN_POINT('',(-8.13969876114263,1.16542540375948,-11.4817814582373));
#9554=CARTESIAN_POINT('',(-8.59727907498387,4.83909963117728,-14.9));
#9555=CARTESIAN_POINT('',(-8.16042975714194,1.33186378278864,-14.9));
#9556=CARTESIAN_POINT('',(-8.4927636909815,4.,-15.9));
#9557=CARTESIAN_POINT('',(-8.70353688790843,5.69218831745802,-13.8833284933235));
#9558=CARTESIAN_POINT('',(-7.99453735351677,-2.07430918326552E-15,-15.9));
#9559=CARTESIAN_POINT('',(-8.08443968430007,0.721779031118922,-15.9));
#9560=CARTESIAN_POINT('',(-7.99453735351676,-9.0205620750794E-16,-2.54999880790714));
#9561=CARTESIAN_POINT('Origin',(-18.,-1.97551668942084E-15,3.0640534297757E-14));
#9562=CARTESIAN_POINT('',(-18.0000000000001,-3.29962496366594E-15,-15.9));
#9563=CARTESIAN_POINT('',(1.17499999999994,-9.5136472630089E-16,-15.9));
#9564=CARTESIAN_POINT('',(-18.0000000000001,-3.46617946357098E-15,-17.9));
#9565=CARTESIAN_POINT('',(-18.0000000000001,-4.20408453952935E-15,-20.095));
#9566=CARTESIAN_POINT('',(1.17499999999993,-1.11791922620593E-15,-17.9));
#9567=CARTESIAN_POINT('Origin',(12.3499999999999,4.,-15.9000000000001));
#9568=CARTESIAN_POINT('',(-17.5000000000001,4.,-15.9));
#9569=CARTESIAN_POINT('',(12.3499999999999,4.,-15.9000000000001));
#9570=CARTESIAN_POINT('',(-18.1766346153847,-1.41307692307692,-15.9));
#9571=CARTESIAN_POINT('Origin',(12.3499999999999,4.83909963117728,-14.9000000000001));
#9572=CARTESIAN_POINT('',(-17.3951125461029,4.83909963117728,-14.9));
#9573=CARTESIAN_POINT('',(12.3499999999999,4.83909963117728,-14.9000000000001));
#9574=CARTESIAN_POINT('',(-17.8611876717773,1.11049862578248,-19.3435736435296));
#9575=CARTESIAN_POINT('Origin',(12.3499999999999,-10.5,-19.4750000000001));
#9576=CARTESIAN_POINT('',(-17.1875000000001,6.5,-16.925));
#9577=CARTESIAN_POINT('',(-19.0806780553884,-8.64542444310656,-19.196813666466));
#9578=CARTESIAN_POINT('',(12.3499999999999,6.5,-16.9250000000001));
#9579=CARTESIAN_POINT('Origin',(-19.3125000000001,-10.5,-20.19));
#9580=CARTESIAN_POINT('',(-17.3451125461029,5.23909963117728,-14.9));
#9581=CARTESIAN_POINT('',(-18.1003823303891,-0.803058643112725,-14.9));
#9582=CARTESIAN_POINT('',(-17.1875000000001,6.5,-15.9580210344304));
#9583=CARTESIAN_POINT('',(-17.5517462578589,3.58602993712901,-13.5129098294138));
#9584=CARTESIAN_POINT('',(-17.1875000000001,6.5,-18.5575));
#9585=CARTESIAN_POINT('Origin',(12.3499999999999,5.23909963117728,-14.9000000000001));
#9586=CARTESIAN_POINT('',(12.3499999999999,5.23909963117728,-14.9000000000001));
#9587=CARTESIAN_POINT('Origin',(12.3499999999999,6.5,-16.9250000000001));
#9588=CARTESIAN_POINT('',(12.3499999999999,6.5,-15.9580210344305));
#9589=CARTESIAN_POINT('Origin',(12.3499999999999,6.5,-15.9580210344305));
#9590=CARTESIAN_POINT('Origin',(-7.99453735351676,-1.18163699692479E-14,
-5.09999761581431));
#9591=CARTESIAN_POINT('',(-8.80415515189697,6.5,-24.0419789655696));
#9592=CARTESIAN_POINT('',(-8.64710206264068,5.23910247253919,-25.0999976158143));
#9593=CARTESIAN_POINT('',(-9.24694592610915,10.0549367098123,-21.0590328835075));
#9594=CARTESIAN_POINT('',(-8.80415515189697,6.5,-23.075));
#9595=CARTESIAN_POINT('',(-8.80415515189696,6.5,-14.0874988079071));
#9596=CARTESIAN_POINT('',(-7.99453735351677,-8.03062561934503E-15,-22.1));
#9597=CARTESIAN_POINT('',(-7.37940569458694,-4.93857199167732,-21.3592142012484));
#9598=CARTESIAN_POINT('',(-7.99453735351677,-7.58524399358425E-15,-24.1));
#9599=CARTESIAN_POINT('',(-7.99453735351676,2.08166817117217E-16,-2.54999880790714));
#9600=CARTESIAN_POINT('',(-8.4927636909815,4.,-24.1));
#9601=CARTESIAN_POINT('',(-8.4258878992219,3.46308906831455,-24.1));
#9602=CARTESIAN_POINT('',(-8.59727882579979,4.83909763060795,-25.0999976158143));
#9603=CARTESIAN_POINT('',(-7.93786278182088,-0.455010644232712,-18.7907250596902));
#9604=CARTESIAN_POINT('',(-8.50187797206377,4.07317381998427,-25.1));
#9605=CARTESIAN_POINT('Origin',(-32.3500000000001,5.23909963117728,-25.0999999999999));
#9606=CARTESIAN_POINT('',(-17.3951125461029,4.83909963117728,-25.1));
#9607=CARTESIAN_POINT('',(-32.3500000000001,4.83909963117728,-25.0999999999999));
#9608=CARTESIAN_POINT('',(-17.3451125461029,5.23909963117728,-25.1));
#9609=CARTESIAN_POINT('',(-17.3817284842353,4.94617212611805,-25.1));
#9610=CARTESIAN_POINT('',(-32.3500000000001,5.23909963117728,-25.0999999999999));
#9611=CARTESIAN_POINT('Origin',(-32.3500000000001,4.83909963117728,-25.0999999999999));
#9612=CARTESIAN_POINT('',(-17.5000000000001,4.,-24.1));
#9613=CARTESIAN_POINT('',(-32.3500000000001,4.,-24.0999999999999));
#9614=CARTESIAN_POINT('',(-17.5615520851547,3.50758331876324,-23.5131606510828));
#9615=CARTESIAN_POINT('Origin',(-32.3500000000001,4.,-24.0999999999999));
#9616=CARTESIAN_POINT('',(-18.0000000000001,-2.87227538865146E-15,-24.1));
#9617=CARTESIAN_POINT('',(-21.1750000000001,-3.26110074738075E-15,-24.1));
#9618=CARTESIAN_POINT('',(-17.4579807692309,4.33615384615385,-24.1));
#9619=CARTESIAN_POINT('Origin',(-18.,-8.65293664795686E-16,3.0640534297757E-14));
#9620=CARTESIAN_POINT('',(-18.0000000000001,-2.70572088874642E-15,-22.1));
#9621=CARTESIAN_POINT('',(-21.1750000000001,-3.0945462474757E-15,-22.1));
#9622=CARTESIAN_POINT('',(-18.0000000000001,-1.96781581278805E-15,-19.905));
#9623=CARTESIAN_POINT('Origin',(-32.3500000000001,6.5,-24.0419789655695));
#9624=CARTESIAN_POINT('',(-17.1875000000001,6.5,-24.0419789655696));
#9625=CARTESIAN_POINT('',(-17.1273250134898,6.9813998920821,-23.6380364936747));
#9626=CARTESIAN_POINT('',(-32.3500000000001,6.5,-24.0419789655695));
#9627=CARTESIAN_POINT('Origin',(-32.3500000000001,6.5,-23.0749999999999));
#9628=CARTESIAN_POINT('',(-17.1875000000001,6.5,-23.075));
#9629=CARTESIAN_POINT('',(-17.1875000000001,6.5,-21.4425));
#9630=CARTESIAN_POINT('',(-32.3500000000001,6.5,-23.0749999999999));
#9631=CARTESIAN_POINT('Origin',(-32.3500000000001,-10.5,-20.5249999999999));
#9632=CARTESIAN_POINT('',(-18.3776000903071,-3.02080072245635,-21.6468798916315));
#9633=CARTESIAN_POINT('Origin',(-17.1875000000001,6.5,-19.81));
#9634=CARTESIAN_POINT('',(0.,0.,0.));
#9635=CARTESIAN_POINT('Origin',(-11.9904522895813,-2.22044604925031E-15,
-35.9000023841858));
#9636=CARTESIAN_POINT('',(-12.8000700879615,-6.5,-23.075));
#9637=CARTESIAN_POINT('',(-11.9904522895813,0.,-22.1));
#9638=CARTESIAN_POINT('',(-11.2886004397177,5.63480327784364,-21.2547795083235));
#9639=CARTESIAN_POINT('',(-12.8000700879615,-6.5,-24.0419789655696));
#9640=CARTESIAN_POINT('',(-12.8000700879615,-6.5,-29.4875011920929));
#9641=CARTESIAN_POINT('',(-12.6430166447949,-5.23909963117728,-25.1));
#9642=CARTESIAN_POINT('',(-12.0871986203251,-0.776725945369062,-28.8443761139369));
#9643=CARTESIAN_POINT('',(-12.5931940110484,-4.83909963117728,-25.1));
#9644=CARTESIAN_POINT('',(-12.1258212475264,-1.08680692099863,-25.1));
#9645=CARTESIAN_POINT('',(-12.488678627046,-4.,-24.1));
#9646=CARTESIAN_POINT('',(-12.7171969351659,-5.83465458115015,-26.2864561882551));
#9647=CARTESIAN_POINT('',(-11.9904522895813,0.,-24.1));
#9648=CARTESIAN_POINT('',(-12.0498311746846,-0.476722169328914,-24.1));
#9649=CARTESIAN_POINT('',(-11.9904522895813,0.,-17.9500011920929));
#9650=CARTESIAN_POINT('Origin',(-2.,0.,0.));
#9651=CARTESIAN_POINT('',(-18.,0.,-24.1));
#9652=CARTESIAN_POINT('',(1.175,0.,-24.1));
#9653=CARTESIAN_POINT('',(-18.,0.,-22.1));
#9654=CARTESIAN_POINT('',(-18.,5.55111512312578E-16,-19.905));
#9655=CARTESIAN_POINT('',(1.175,0.,-22.1));
#9656=CARTESIAN_POINT('Origin',(12.35,-4.,-24.1));
#9657=CARTESIAN_POINT('',(-17.5,-4.,-24.1));
#9658=CARTESIAN_POINT('',(12.35,-4.,-24.1));
#9659=CARTESIAN_POINT('',(-18.1766346153846,1.41307692307692,-24.1));
#9660=CARTESIAN_POINT('Origin',(12.35,-4.83909963117728,-25.1));
#9661=CARTESIAN_POINT('',(-17.3951125461028,-4.83909963117728,-25.1));
#9662=CARTESIAN_POINT('',(12.35,-4.83909963117728,-25.1));
#9663=CARTESIAN_POINT('',(-17.8611876717772,-1.11049862578248,-20.6564263564704));
#9664=CARTESIAN_POINT('Origin',(12.35,10.5,-20.525));
#9665=CARTESIAN_POINT('',(-17.1875,-6.5,-23.075));
#9666=CARTESIAN_POINT('',(-19.0806780553883,8.64542444310656,-20.803186333534));
#9667=CARTESIAN_POINT('',(12.35,-6.5,-23.075));
#9668=CARTESIAN_POINT('Origin',(-19.3125,10.5,-19.81));
#9669=CARTESIAN_POINT('',(-17.3451125461028,-5.23909963117728,-25.1));
#9670=CARTESIAN_POINT('',(-18.1003823303891,0.803058643112722,-25.1));
#9671=CARTESIAN_POINT('',(-17.1875,-6.5,-24.0419789655696));
#9672=CARTESIAN_POINT('',(-17.5517462578589,-3.58602993712901,-26.4870901705862));
#9673=CARTESIAN_POINT('',(-17.1875,-6.5,-21.4425));
#9674=CARTESIAN_POINT('Origin',(12.35,-5.23909963117728,-25.1));
#9675=CARTESIAN_POINT('',(12.35,-5.23909963117728,-25.1));
#9676=CARTESIAN_POINT('Origin',(12.35,-6.5,-23.075));
#9677=CARTESIAN_POINT('',(12.35,-6.5,-24.0419789655696));
#9678=CARTESIAN_POINT('Origin',(12.35,-6.5,-24.0419789655696));
#9679=CARTESIAN_POINT('Origin',(-11.9904522895813,-2.22044604925031E-15,
-35.9000023841858));
#9680=CARTESIAN_POINT('',(-12.488678627046,-4.,-15.9));
#9681=CARTESIAN_POINT('',(-11.9904522895813,-2.22044604925031E-15,-15.9));
#9682=CARTESIAN_POINT('',(-12.3912793896064,-3.21803220652453,-15.9));
#9683=CARTESIAN_POINT('',(-12.5931940110484,-4.83909963117728,-14.9));
#9684=CARTESIAN_POINT('',(-11.8905813284161,0.801811977049348,-21.6225766746105));
#9685=CARTESIAN_POINT('',(-12.6430166447949,-5.23909963117728,-14.9));
#9686=CARTESIAN_POINT('',(-12.4672694624482,-3.82811695819425,-14.9));
#9687=CARTESIAN_POINT('',(-12.8000700879615,-6.5,-15.9580210344304));
#9688=CARTESIAN_POINT('',(-13.255224588504,-10.1541986347697,-19.0242577611142));
#9689=CARTESIAN_POINT('',(-12.8000700879615,-6.5,-16.925));
#9690=CARTESIAN_POINT('',(-12.8000700879615,-6.5,-26.4125011920929));
#9691=CARTESIAN_POINT('',(-11.9904522895813,-2.22044604925031E-15,-17.9));
#9692=CARTESIAN_POINT('',(-11.3364591823605,5.25057033755935,-18.6875855506339));
#9693=CARTESIAN_POINT('',(-11.9904522895813,0.,-17.9500011920929));
#9694=CARTESIAN_POINT('Origin',(-32.35,-5.23909963117728,-14.9));
#9695=CARTESIAN_POINT('',(-17.3951125461028,-4.83909963117728,-14.9));
#9696=CARTESIAN_POINT('',(-32.35,-4.83909963117728,-14.9));
#9697=CARTESIAN_POINT('',(-17.3451125461028,-5.23909963117728,-14.9));
#9698=CARTESIAN_POINT('',(-17.3817284842352,-4.94617212611805,-14.9));
#9699=CARTESIAN_POINT('',(-32.35,-5.23909963117728,-14.9));
#9700=CARTESIAN_POINT('Origin',(-32.35,-4.83909963117728,-14.9));
#9701=CARTESIAN_POINT('',(-17.5,-4.,-15.9));
#9702=CARTESIAN_POINT('',(-32.35,-4.,-15.9));
#9703=CARTESIAN_POINT('',(-17.5615520851546,-3.50758331876324,-16.4868393489172));
#9704=CARTESIAN_POINT('Origin',(-32.35,-4.,-15.9));
#9705=CARTESIAN_POINT('',(-18.,0.,-15.9));
#9706=CARTESIAN_POINT('',(-21.175,0.,-15.9));
#9707=CARTESIAN_POINT('',(-17.4579807692308,-4.33615384615385,-15.9));
#9708=CARTESIAN_POINT('Origin',(-2.,0.,0.));
#9709=CARTESIAN_POINT('',(-18.,0.,-17.9));
#9710=CARTESIAN_POINT('',(-21.175,0.,-17.9));
#9711=CARTESIAN_POINT('',(-18.,-5.55111512312578E-16,-20.095));
#9712=CARTESIAN_POINT('Origin',(-32.35,-6.5,-15.9580210344304));
#9713=CARTESIAN_POINT('',(-17.1875,-6.5,-15.9580210344304));
#9714=CARTESIAN_POINT('',(-17.1273250134897,-6.9813998920821,-16.3619635063253));
#9715=CARTESIAN_POINT('',(-32.35,-6.5,-15.9580210344304));
#9716=CARTESIAN_POINT('Origin',(-32.35,-6.5,-16.925));
#9717=CARTESIAN_POINT('',(-17.1875,-6.5,-16.925));
#9718=CARTESIAN_POINT('',(-17.1875,-6.5,-18.5575));
#9719=CARTESIAN_POINT('',(-32.35,-6.5,-16.925));
#9720=CARTESIAN_POINT('Origin',(-32.35,10.5,-19.475));
#9721=CARTESIAN_POINT('',(-18.377600090307,3.02080072245635,-18.3531201083685));
#9722=CARTESIAN_POINT('Origin',(-17.1875,-6.5,-20.19));
#9723=CARTESIAN_POINT('',(0.,0.,0.));
#9724=CARTESIAN_POINT('',(156.703970909119,7.14637695129703E-15,26.3053005944791));
#9725=CARTESIAN_POINT('',(43.0613951683045,-2.22044604925031E-15,-13.694699405521));
#9726=CARTESIAN_POINT('Origin',(0.,0.,0.));
#9727=UNCERTAINTY_MEASURE_WITH_UNIT(LENGTH_MEASURE(0.01),#9737,
'DISTANCE_ACCURACY_VALUE',
'Maximum model space distance between geometric entities at asserted c
onnectivities');
#9728=UNCERTAINTY_MEASURE_WITH_UNIT(LENGTH_MEASURE(0.01),#9737,
'DISTANCE_ACCURACY_VALUE',
'Maximum model space distance between geometric entities at asserted c
onnectivities');
#9729=UNCERTAINTY_MEASURE_WITH_UNIT(LENGTH_MEASURE(0.01),#9737,
'DISTANCE_ACCURACY_VALUE',
'Maximum model space distance between geometric entities at asserted c
onnectivities');
#9730=UNCERTAINTY_MEASURE_WITH_UNIT(LENGTH_MEASURE(0.01),#9737,
'DISTANCE_ACCURACY_VALUE',
'Maximum model space distance between geometric entities at asserted c
onnectivities');
#9731=UNCERTAINTY_MEASURE_WITH_UNIT(LENGTH_MEASURE(0.01),#9737,
'DISTANCE_ACCURACY_VALUE',
'Maximum model space distance between geometric entities at asserted c
onnectivities');
#9732=(
GEOMETRIC_REPRESENTATION_CONTEXT(3)
GLOBAL_UNCERTAINTY_ASSIGNED_CONTEXT((#9727))
GLOBAL_UNIT_ASSIGNED_CONTEXT((#9737,#9739,#9740))
REPRESENTATION_CONTEXT('','3D')
);
#9733=(
GEOMETRIC_REPRESENTATION_CONTEXT(3)
GLOBAL_UNCERTAINTY_ASSIGNED_CONTEXT((#9728))
GLOBAL_UNIT_ASSIGNED_CONTEXT((#9737,#9739,#9740))
REPRESENTATION_CONTEXT('','3D')
);
#9734=(
GEOMETRIC_REPRESENTATION_CONTEXT(3)
GLOBAL_UNCERTAINTY_ASSIGNED_CONTEXT((#9729))
GLOBAL_UNIT_ASSIGNED_CONTEXT((#9737,#9739,#9740))
REPRESENTATION_CONTEXT('','3D')
);
#9735=(
GEOMETRIC_REPRESENTATION_CONTEXT(3)
GLOBAL_UNCERTAINTY_ASSIGNED_CONTEXT((#9730))
GLOBAL_UNIT_ASSIGNED_CONTEXT((#9737,#9739,#9740))
REPRESENTATION_CONTEXT('','3D')
);
#9736=(
GEOMETRIC_REPRESENTATION_CONTEXT(3)
GLOBAL_UNCERTAINTY_ASSIGNED_CONTEXT((#9731))
GLOBAL_UNIT_ASSIGNED_CONTEXT((#9737,#9739,#9740))
REPRESENTATION_CONTEXT('','3D')
);
#9737=(
LENGTH_UNIT()
NAMED_UNIT(*)
SI_UNIT(.MILLI.,.METRE.)
);
#9738=(
LENGTH_UNIT()
NAMED_UNIT(*)
SI_UNIT($,.METRE.)
);
#9739=(
NAMED_UNIT(*)
PLANE_ANGLE_UNIT()
SI_UNIT($,.RADIAN.)
);
#9740=(
NAMED_UNIT(*)
SI_UNIT($,.STERADIAN.)
SOLID_ANGLE_UNIT()
);
#9741=SHAPE_DEFINITION_REPRESENTATION(#9745,#9752);
#9742=SHAPE_DEFINITION_REPRESENTATION(#9746,#9753);
#9743=SHAPE_DEFINITION_REPRESENTATION(#9747,#9754);
#9744=SHAPE_DEFINITION_REPRESENTATION(#9748,#9755);
#9745=PRODUCT_DEFINITION_SHAPE('',$,#9757);
#9746=PRODUCT_DEFINITION_SHAPE('',$,#9758);
#9747=PRODUCT_DEFINITION_SHAPE('',$,#9759);
#9748=PRODUCT_DEFINITION_SHAPE('',$,#9760);
#9749=PRODUCT_DEFINITION_SHAPE($,$,#23);
#9750=PRODUCT_DEFINITION_SHAPE($,$,#24);
#9751=PRODUCT_DEFINITION_SHAPE($,$,#25);
#9752=SHAPE_REPRESENTATION('',(#5053,#5196,#5197,#5198),#9732);
#9753=SHAPE_REPRESENTATION('',(#5054),#9733);
#9754=SHAPE_REPRESENTATION('',(#5158),#9734);
#9755=SHAPE_REPRESENTATION('',(#5177),#9735);
#9756=PRODUCT_DEFINITION_CONTEXT('part definition',#9770,'design');
#9757=PRODUCT_DEFINITION('Bez nazwy','Bez nazwy v1',#9761,#9756);
#9758=PRODUCT_DEFINITION('Komponent1','Komponent1',#9762,#9756);
#9759=PRODUCT_DEFINITION('try1','try1 v1',#9763,#9756);
#9760=PRODUCT_DEFINITION('try1_1','try1 v1 (1)',#9764,#9756);
#9761=PRODUCT_DEFINITION_FORMATION('',$,#9772);
#9762=PRODUCT_DEFINITION_FORMATION('',$,#9773);
#9763=PRODUCT_DEFINITION_FORMATION('',$,#9774);
#9764=PRODUCT_DEFINITION_FORMATION('',$,#9775);
#9765=PRODUCT_RELATED_PRODUCT_CATEGORY('Bez nazwy v1','Bez nazwy v1',(#9772));
#9766=PRODUCT_RELATED_PRODUCT_CATEGORY('Komponent1','Komponent1',(#9773));
#9767=PRODUCT_RELATED_PRODUCT_CATEGORY('try1 v1','try1 v1',(#9774));
#9768=PRODUCT_RELATED_PRODUCT_CATEGORY('try1 v1 (1)','try1 v1 (1)',(#9775));
#9769=APPLICATION_PROTOCOL_DEFINITION('international standard',
'automotive_design',2009,#9770);
#9770=APPLICATION_CONTEXT(
'Core Data for Automotive Mechanical Design Process');
#9771=PRODUCT_CONTEXT('part definition',#9770,'mechanical');
#9772=PRODUCT('Bez nazwy','Bez nazwy v1',$,(#9771));
#9773=PRODUCT('Komponent1','Komponent1',$,(#9771));
#9774=PRODUCT('try1','try1 v1',$,(#9771));
#9775=PRODUCT('try1_1','try1 v1 (1)',$,(#9771));
#9776=PRESENTATION_STYLE_ASSIGNMENT((#9780));
#9777=PRESENTATION_STYLE_ASSIGNMENT((#9781));
#9778=PRESENTATION_STYLE_ASSIGNMENT((#9782));
#9779=PRESENTATION_STYLE_ASSIGNMENT((NULL_STYLE(.NULL.)));
#9780=SURFACE_STYLE_USAGE(.BOTH.,#9783);
#9781=SURFACE_STYLE_USAGE(.BOTH.,#9784);
#9782=SURFACE_STYLE_USAGE(.BOTH.,#9785);
#9783=SURFACE_SIDE_STYLE('',(#9786));
#9784=SURFACE_SIDE_STYLE('',(#9787));
#9785=SURFACE_SIDE_STYLE('',(#9788));
#9786=SURFACE_STYLE_FILL_AREA(#9789);
#9787=SURFACE_STYLE_FILL_AREA(#9790);
#9788=SURFACE_STYLE_FILL_AREA(#9791);
#9789=FILL_AREA_STYLE('Stal \X2\2014\X0\ satynowa',(#9792));
#9790=FILL_AREA_STYLE('ABS (bia\X2\0142\X0\y)',(#9793));
#9791=FILL_AREA_STYLE('Opaque(191,191,191)',(#9794));
#9792=FILL_AREA_STYLE_COLOUR('Stal \X2\2014\X0\ satynowa',#9795);
#9793=FILL_AREA_STYLE_COLOUR('ABS (bia\X2\0142\X0\y)',#9796);
#9794=FILL_AREA_STYLE_COLOUR('Opaque(191,191,191)',#9797);
#9795=COLOUR_RGB('Stal \X2\2014\X0\ satynowa',0.627450980392157,0.627450980392157,
0.627450980392157);
#9796=COLOUR_RGB('ABS (bia\X2\0142\X0\y)',1.,0.568627450980392,0.);
#9797=COLOUR_RGB('Opaque(191,191,191)',0.749019607843137,0.749019607843137,
0.749019607843137);
ENDSEC;
END-ISO-10303-21;
