ISO-10303-21;
HEADER;
/* Generated by software containing ST-Developer
 * from STEP Tools, Inc. (www.steptools.com) 
 */

FILE_DESCRIPTION(
/* description */ (''),
/* implementation_level */ '2;1');

FILE_NAME(
/* name */ 'Podstawa na czujniki.step',
/* time_stamp */ '2026-09-04T13:56:27+02:00',
/* author */ (''),
/* organization */ (''),
/* preprocessor_version */ 'ST-DEVELOPER v20.1',
/* originating_system */ 'Autodesk Translation Framework v15.8.0.0',
/* authorisation */ '');

FILE_SCHEMA (('AUTOMOTIVE_DESIGN { 1 0 10303 214 3 1 1 }'));
ENDSEC;

DATA;
#10=MECHANICAL_DESIGN_GEOMETRIC_PRESENTATION_REPRESENTATION('',(#21),#3086);
#11=ITEM_DEFINED_TRANSFORMATION($,$,#1652,#1825);
#12=ITEM_DEFINED_TRANSFORMATION($,$,#1824,#1826);
#13=(
REPRESENTATION_RELATIONSHIP($,$,#3100,#3099)
REPRESENTATION_RELATIONSHIP_WITH_TRANSFORMATION(#11)
SHAPE_REPRESENTATION_RELATIONSHIP()
);
#14=(
REPRESENTATION_RELATIONSHIP($,$,#3101,#3099)
REPRESENTATION_RELATIONSHIP_WITH_TRANSFORMATION(#12)
SHAPE_REPRESENTATION_RELATIONSHIP()
);
#15=CONTEXT_DEPENDENT_SHAPE_REPRESENTATION(#13,#3097);
#16=CONTEXT_DEPENDENT_SHAPE_REPRESENTATION(#14,#3098);
#17=NEXT_ASSEMBLY_USAGE_OCCURRENCE('Komponent2:1','Komponent2:1',
'Komponent2:1',#3103,#3104,'Komponent2:1');
#18=NEXT_ASSEMBLY_USAGE_OCCURRENCE(
'BALLUFF BOS R090K-PU-RH10-S49(0-) v1:1',
'BALLUFF BOS R090K-PU-RH10-S49(0-) v1:1',
'BALLUFF BOS R090K-PU-RH10-S49(0-) v1:1',#3103,#3105,
'BALLUFF BOS R090K-PU-RH10-S49(0-) v1:1');
#19=SHAPE_REPRESENTATION_RELATIONSHIP('SRR','None',#3100,#20);
#20=ADVANCED_BREP_SHAPE_REPRESENTATION('',(#22),#3084);
#21=STYLED_ITEM('',(#3119),#22);
#22=MANIFOLD_SOLID_BREP('Bry\X2\0142\X0\a1',#1638);
#23=B_SPLINE_CURVE_WITH_KNOTS('',3,(#2858,#2859,#2860,#2861,#2862,#2863,
#2864,#2865,#2866,#2867),.UNSPECIFIED.,.F.,.F.,(4,2,2,2,4),(-0.00148570482483959,
0.,0.213019252808919,0.343524888225906,0.43471303106489),.UNSPECIFIED.);
#24=B_SPLINE_CURVE_WITH_KNOTS('',3,(#2923,#2924,#2925,#2926,#2927,#2928,
#2929,#2930,#2931,#2932),.UNSPECIFIED.,.F.,.F.,(4,2,2,2,4),(-0.00129082771836621,
0.,0.175440775162559,0.399192841025813,0.552087691151703),.UNSPECIFIED.);
#25=B_SPLINE_SURFACE_WITH_KNOTS('',3,3,((#2630,#2631,#2632,#2633),(#2634,
#2635,#2636,#2637),(#2638,#2639,#2640,#2641),(#2642,#2643,#2644,#2645)),
 .UNSPECIFIED.,.F.,.F.,.F.,(4,4),(4,4),(0.,1.),(-0.261799387799424,-5.90495941464236E-15),
 .UNSPECIFIED.);
#26=B_SPLINE_SURFACE_WITH_KNOTS('',3,3,((#2651,#2652,#2653,#2654),(#2655,
#2656,#2657,#2658),(#2659,#2660,#2661,#2662),(#2663,#2664,#2665,#2666)),
 .UNSPECIFIED.,.F.,.F.,.F.,(4,4),(4,4),(0.,1.),(-9.25185853854297E-17,0.26179938779942),
 .UNSPECIFIED.);
#27=B_SPLINE_SURFACE_WITH_KNOTS('',3,3,((#2670,#2671,#2672,#2673,#2674),
(#2675,#2676,#2677,#2678,#2679),(#2680,#2681,#2682,#2683,#2684),(#2685,
#2686,#2687,#2688,#2689)),.UNSPECIFIED.,.F.,.F.,.F.,(4,4),(4,1,4),(0.,1.),
(-0.523598775598002,-0.0747998250854288,0.523598775598002),
 .UNSPECIFIED.);
#28=B_SPLINE_SURFACE_WITH_KNOTS('',3,3,((#2701,#2702,#2703,#2704),(#2705,
#2706,#2707,#2708),(#2709,#2710,#2711,#2712),(#2713,#2714,#2715,#2716)),
 .UNSPECIFIED.,.F.,.F.,.F.,(4,4),(4,4),(0.,1.),(-0.261799387799418,0.),
 .UNSPECIFIED.);
#29=B_SPLINE_SURFACE_WITH_KNOTS('',3,3,((#2720,#2721,#2722,#2723),(#2724,
#2725,#2726,#2727),(#2728,#2729,#2730,#2731),(#2732,#2733,#2734,#2735)),
 .UNSPECIFIED.,.F.,.F.,.F.,(4,4),(4,4),(0.,1.),(-6.29126380620922E-15,0.261799387799419),
 .UNSPECIFIED.);
#30=B_SPLINE_SURFACE_WITH_KNOTS('',3,3,((#2739,#2740,#2741,#2742,#2743),
(#2744,#2745,#2746,#2747,#2748),(#2749,#2750,#2751,#2752,#2753),(#2754,
#2755,#2756,#2757,#2758)),.UNSPECIFIED.,.F.,.F.,.F.,(4,4),(4,1,4),(0.,1.),
(-0.523598775598001,0.0747998250854283,0.523598775598),.UNSPECIFIED.);
#31=B_SPLINE_SURFACE_WITH_KNOTS('',3,3,((#2760,#2761,#2762,#2763,#2764),
(#2765,#2766,#2767,#2768,#2769),(#2770,#2771,#2772,#2773,#2774),(#2775,
#2776,#2777,#2778,#2779)),.UNSPECIFIED.,.F.,.F.,.F.,(4,4),(4,1,4),(0.,1.),
(-0.523598775598302,-0.0747998250854729,0.523598775598299),
 .UNSPECIFIED.);
#32=B_SPLINE_SURFACE_WITH_KNOTS('',3,3,((#2792,#2793,#2794,#2795,#2796),
(#2797,#2798,#2799,#2800,#2801),(#2802,#2803,#2804,#2805,#2806),(#2807,
#2808,#2809,#2810,#2811)),.UNSPECIFIED.,.F.,.F.,.F.,(4,4),(4,1,4),(0.,1.),
(-0.523598775598298,-0.0747998250854713,0.523598775598297),
 .UNSPECIFIED.);
#33=B_SPLINE_SURFACE_WITH_KNOTS('',3,3,((#2831,#2832,#2833,#2834),(#2835,
#2836,#2837,#2838),(#2839,#2840,#2841,#2842),(#2843,#2844,#2845,#2846),
(#2847,#2848,#2849,#2850)),.UNSPECIFIED.,.F.,.F.,.F.,(4,1,4),(4,4),(0.,
0.571428571428571,1.),(-1.04719755119659,-0.523598775598297),
 .UNSPECIFIED.);
#34=B_SPLINE_SURFACE_WITH_KNOTS('',3,3,((#2868,#2869,#2870,#2871),(#2872,
#2873,#2874,#2875),(#2876,#2877,#2878,#2879),(#2880,#2881,#2882,#2883),
(#2884,#2885,#2886,#2887)),.UNSPECIFIED.,.F.,.F.,.F.,(4,1,4),(4,4),(0.,
0.571428571428571,1.),(0.523598775598301,1.0471975511966),.UNSPECIFIED.);
#35=B_SPLINE_SURFACE_WITH_KNOTS('',3,3,((#2899,#2900,#2901,#2902),(#2903,
#2904,#2905,#2906),(#2907,#2908,#2909,#2910),(#2911,#2912,#2913,#2914),
(#2915,#2916,#2917,#2918)),.UNSPECIFIED.,.F.,.F.,.F.,(4,1,4),(4,4),(0.,
0.571428571428571,1.),(0.523598775598299,1.0471975511966),.UNSPECIFIED.);
#36=B_SPLINE_SURFACE_WITH_KNOTS('',3,3,((#2948,#2949,#2950,#2951),(#2952,
#2953,#2954,#2955),(#2956,#2957,#2958,#2959),(#2960,#2961,#2962,#2963),
(#2964,#2965,#2966,#2967)),.UNSPECIFIED.,.F.,.F.,.F.,(4,1,4),(4,4),(0.,
0.571428571428571,1.),(-1.0471975511966,-0.523598775598303),
 .UNSPECIFIED.);
#37=B_SPLINE_SURFACE_WITH_KNOTS('',3,3,((#2986,#2987,#2988,#2989,#2990),
(#2991,#2992,#2993,#2994,#2995),(#2996,#2997,#2998,#2999,#3000),(#3001,
#3002,#3003,#3004,#3005)),.UNSPECIFIED.,.F.,.F.,.F.,(4,4),(4,1,4),(0.,1.),
(-0.5235987755983,0.0747998250854701,0.523598775598298),.UNSPECIFIED.);
#38=B_SPLINE_SURFACE_WITH_KNOTS('',3,3,((#3018,#3019,#3020,#3021,#3022),
(#3023,#3024,#3025,#3026,#3027),(#3028,#3029,#3030,#3031,#3032),(#3033,
#3034,#3035,#3036,#3037)),.UNSPECIFIED.,.F.,.F.,.F.,(4,4),(4,1,4),(0.,1.),
(-0.523598775598298,0.0747998250854709,0.523598775598297),.UNSPECIFIED.);
#39=(
BOUNDED_SURFACE()
B_SPLINE_SURFACE(2,2,((#2556,#2557,#2558),(#2559,#2560,#2561),(#2562,#2563,
#2564)),.UNSPECIFIED.,.F.,.F.,.F.)
B_SPLINE_SURFACE_WITH_KNOTS((3,3),(3,3),(-1.5707963267949,0.),(1.57079632679489,
3.14159265358979),.UNSPECIFIED.)
GEOMETRIC_REPRESENTATION_ITEM()
RATIONAL_B_SPLINE_SURFACE(((1.,0.707106781186547,1.),(0.707106781186552,
0.500000000000003,0.707106781186552),(1.,0.707106781186547,1.)))
REPRESENTATION_ITEM('')
SURFACE()
);
#40=(
BOUNDED_SURFACE()
B_SPLINE_SURFACE(2,2,((#2576,#2577,#2578),(#2579,#2580,#2581),(#2582,#2583,
#2584)),.UNSPECIFIED.,.F.,.F.,.F.)
B_SPLINE_SURFACE_WITH_KNOTS((3,3),(3,3),(-1.5707963267949,0.),(0.,1.5707963267949),
 .UNSPECIFIED.)
GEOMETRIC_REPRESENTATION_ITEM()
RATIONAL_B_SPLINE_SURFACE(((1.,0.707106781186547,1.),(0.70710678118655,
0.500000000000002,0.70710678118655),(1.,0.707106781186547,1.)))
REPRESENTATION_ITEM('')
SURFACE()
);
#41=ELLIPSE('',#1708,10.3923048454132,5.99999999999999);
#42=ELLIPSE('',#1709,10.3923048454133,6.);
#43=ELLIPSE('',#1710,10.3923048454133,6.);
#44=ELLIPSE('',#1711,10.3923048454133,6.);
#45=ELLIPSE('',#1731,6.70820393249937,3.);
#46=ELLIPSE('',#1732,4.31812122658924,3.);
#47=ELLIPSE('',#1733,6.70820393249933,3.);
#48=ELLIPSE('',#1736,6.70820393249941,3.);
#49=ELLIPSE('',#1737,4.31812122658922,3.);
#50=ELLIPSE('',#1738,6.70820393249937,3.);
#51=ELLIPSE('',#1744,8.48528137423857,6.);
#52=ELLIPSE('',#1747,8.48528137423854,6.);
#53=ELLIPSE('',#1748,4.31812122658923,3.);
#54=ELLIPSE('',#1754,8.48528137423861,6.);
#55=ELLIPSE('',#1757,8.48528137423857,6.);
#56=ELLIPSE('',#1758,4.31812122658921,3.);
#57=ELLIPSE('',#1760,8.99999999999996,3.);
#58=ELLIPSE('',#1765,9.00000000000002,3.);
#59=ELLIPSE('',#1775,10.3923048454133,6.);
#60=ELLIPSE('',#1777,9.00000000000002,3.00000000000001);
#61=ELLIPSE('',#1778,9.00000000000001,3.00000000000001);
#62=ELLIPSE('',#1780,10.3923048454133,6.);
#63=ELLIPSE('',#1783,10.3923048454132,6.);
#64=ELLIPSE('',#1784,8.99999999999995,3.);
#65=ELLIPSE('',#1790,8.99999999999998,3.);
#66=ELLIPSE('',#1791,10.3923048454132,6.);
#67=ELLIPSE('',#1798,8.99999999999999,3.);
#68=ELLIPSE('',#1803,9.00000000000005,3.);
#69=CYLINDRICAL_SURFACE('',#1674,10.);
#70=CYLINDRICAL_SURFACE('',#1677,10.);
#71=CYLINDRICAL_SURFACE('',#1692,3.00000000000001);
#72=CYLINDRICAL_SURFACE('',#1695,3.00000000000001);
#73=CYLINDRICAL_SURFACE('',#1698,3.00000000000001);
#74=CYLINDRICAL_SURFACE('',#1701,3.00000000000001);
#75=CYLINDRICAL_SURFACE('',#1703,10.);
#76=CYLINDRICAL_SURFACE('',#1713,10.);
#77=CYLINDRICAL_SURFACE('',#1715,10.);
#78=CYLINDRICAL_SURFACE('',#1716,10.);
#79=CYLINDRICAL_SURFACE('',#1717,2.);
#80=CYLINDRICAL_SURFACE('',#1723,2.);
#81=CYLINDRICAL_SURFACE('',#1728,2.);
#82=CYLINDRICAL_SURFACE('',#1730,3.);
#83=CYLINDRICAL_SURFACE('',#1735,3.);
#84=CYLINDRICAL_SURFACE('',#1740,3.);
#85=CYLINDRICAL_SURFACE('',#1749,3.);
#86=CYLINDRICAL_SURFACE('',#1752,3.);
#87=CYLINDRICAL_SURFACE('',#1762,3.);
#88=CYLINDRICAL_SURFACE('',#1764,3.);
#89=CYLINDRICAL_SURFACE('',#1768,3.);
#90=CYLINDRICAL_SURFACE('',#1770,3.);
#91=CYLINDRICAL_SURFACE('',#1771,3.);
#92=CYLINDRICAL_SURFACE('',#1781,3.);
#93=CYLINDRICAL_SURFACE('',#1785,3.);
#94=CYLINDRICAL_SURFACE('',#1787,3.);
#95=CYLINDRICAL_SURFACE('',#1800,3.);
#96=CYLINDRICAL_SURFACE('',#1802,3.);
#97=CYLINDRICAL_SURFACE('',#1806,3.);
#98=CYLINDRICAL_SURFACE('',#1808,3.);
#99=CYLINDRICAL_SURFACE('',#1809,3.);
#100=CYLINDRICAL_SURFACE('',#1814,6.5);
#101=CYLINDRICAL_SURFACE('',#1816,20.);
#102=CYLINDRICAL_SURFACE('',#1818,1.875);
#103=CYLINDRICAL_SURFACE('',#1820,1.875);
#104=FACE_BOUND('',#283,.T.);
#105=FACE_BOUND('',#284,.T.);
#106=FACE_BOUND('',#299,.T.);
#107=FACE_BOUND('',#300,.T.);
#108=FACE_BOUND('',#311,.T.);
#109=FACE_BOUND('',#312,.T.);
#110=FACE_BOUND('',#354,.T.);
#111=FACE_BOUND('',#372,.T.);
#112=FACE_BOUND('',#373,.T.);
#113=FACE_BOUND('',#375,.T.);
#114=CIRCLE('',#1661,10.);
#115=CIRCLE('',#1664,1.875);
#116=CIRCLE('',#1665,1.875);
#117=CIRCLE('',#1668,10.);
#118=CIRCLE('',#1673,10.);
#119=CIRCLE('',#1675,10.);
#120=CIRCLE('',#1678,10.);
#121=CIRCLE('',#1683,10.);
#122=CIRCLE('',#1685,10.);
#123=CIRCLE('',#1686,10.);
#124=CIRCLE('',#1687,3.00000000000001);
#125=CIRCLE('',#1688,3.00000000000001);
#126=CIRCLE('',#1689,3.00000000000001);
#127=CIRCLE('',#1690,3.00000000000001);
#128=CIRCLE('',#1693,3.00000000000001);
#129=CIRCLE('',#1696,3.00000000000001);
#130=CIRCLE('',#1699,3.00000000000001);
#131=CIRCLE('',#1702,3.00000000000001);
#132=CIRCLE('',#1704,10.);
#133=CIRCLE('',#1706,10.);
#134=CIRCLE('',#1707,10.);
#135=CIRCLE('',#1712,10.);
#136=CIRCLE('',#1718,2.);
#137=CIRCLE('',#1719,2.);
#138=CIRCLE('',#1720,2.);
#139=CIRCLE('',#1721,1.);
#140=CIRCLE('',#1722,3.);
#141=CIRCLE('',#1724,2.);
#142=CIRCLE('',#1725,2.);
#143=CIRCLE('',#1726,1.);
#144=CIRCLE('',#1727,3.);
#145=CIRCLE('',#1729,2.);
#146=CIRCLE('',#1741,3.);
#147=CIRCLE('',#1742,3.);
#148=CIRCLE('',#1743,3.);
#149=CIRCLE('',#1745,3.);
#150=CIRCLE('',#1746,3.);
#151=CIRCLE('',#1750,3.);
#152=CIRCLE('',#1751,3.00000000000001);
#153=CIRCLE('',#1753,3.);
#154=CIRCLE('',#1755,3.);
#155=CIRCLE('',#1756,2.99999999999999);
#156=CIRCLE('',#1759,2.99999999999999);
#157=CIRCLE('',#1761,3.);
#158=CIRCLE('',#1763,3.);
#159=CIRCLE('',#1766,3.);
#160=CIRCLE('',#1767,3.);
#161=CIRCLE('',#1769,3.);
#162=CIRCLE('',#1776,3.00000000000001);
#163=CIRCLE('',#1779,2.99999999999999);
#164=CIRCLE('',#1782,3.);
#165=CIRCLE('',#1786,3.);
#166=CIRCLE('',#1788,3.);
#167=CIRCLE('',#1789,3.);
#168=CIRCLE('',#1794,20.);
#169=CIRCLE('',#1795,6.5);
#170=CIRCLE('',#1797,3.);
#171=CIRCLE('',#1799,3.);
#172=CIRCLE('',#1801,3.);
#173=CIRCLE('',#1804,2.99999999999999);
#174=CIRCLE('',#1805,3.);
#175=CIRCLE('',#1807,3.);
#176=CIRCLE('',#1815,6.5);
#177=CIRCLE('',#1817,20.);
#178=CIRCLE('',#1819,1.875);
#179=CIRCLE('',#1821,1.875);
#180=FACE_OUTER_BOUND('',#273,.T.);
#181=FACE_OUTER_BOUND('',#274,.T.);
#182=FACE_OUTER_BOUND('',#275,.T.);
#183=FACE_OUTER_BOUND('',#276,.T.);
#184=FACE_OUTER_BOUND('',#277,.T.);
#185=FACE_OUTER_BOUND('',#278,.T.);
#186=FACE_OUTER_BOUND('',#279,.T.);
#187=FACE_OUTER_BOUND('',#280,.T.);
#188=FACE_OUTER_BOUND('',#281,.T.);
#189=FACE_OUTER_BOUND('',#282,.T.);
#190=FACE_OUTER_BOUND('',#285,.T.);
#191=FACE_OUTER_BOUND('',#286,.T.);
#192=FACE_OUTER_BOUND('',#287,.T.);
#193=FACE_OUTER_BOUND('',#288,.T.);
#194=FACE_OUTER_BOUND('',#289,.T.);
#195=FACE_OUTER_BOUND('',#290,.T.);
#196=FACE_OUTER_BOUND('',#291,.T.);
#197=FACE_OUTER_BOUND('',#292,.T.);
#198=FACE_OUTER_BOUND('',#293,.T.);
#199=FACE_OUTER_BOUND('',#294,.T.);
#200=FACE_OUTER_BOUND('',#295,.T.);
#201=FACE_OUTER_BOUND('',#296,.T.);
#202=FACE_OUTER_BOUND('',#297,.T.);
#203=FACE_OUTER_BOUND('',#298,.T.);
#204=FACE_OUTER_BOUND('',#301,.T.);
#205=FACE_OUTER_BOUND('',#302,.T.);
#206=FACE_OUTER_BOUND('',#303,.T.);
#207=FACE_OUTER_BOUND('',#304,.T.);
#208=FACE_OUTER_BOUND('',#305,.T.);
#209=FACE_OUTER_BOUND('',#306,.T.);
#210=FACE_OUTER_BOUND('',#307,.T.);
#211=FACE_OUTER_BOUND('',#308,.T.);
#212=FACE_OUTER_BOUND('',#309,.T.);
#213=FACE_OUTER_BOUND('',#310,.T.);
#214=FACE_OUTER_BOUND('',#313,.T.);
#215=FACE_OUTER_BOUND('',#314,.T.);
#216=FACE_OUTER_BOUND('',#315,.T.);
#217=FACE_OUTER_BOUND('',#316,.T.);
#218=FACE_OUTER_BOUND('',#317,.T.);
#219=FACE_OUTER_BOUND('',#318,.T.);
#220=FACE_OUTER_BOUND('',#319,.T.);
#221=FACE_OUTER_BOUND('',#320,.T.);
#222=FACE_OUTER_BOUND('',#321,.T.);
#223=FACE_OUTER_BOUND('',#322,.T.);
#224=FACE_OUTER_BOUND('',#323,.T.);
#225=FACE_OUTER_BOUND('',#324,.T.);
#226=FACE_OUTER_BOUND('',#325,.T.);
#227=FACE_OUTER_BOUND('',#326,.T.);
#228=FACE_OUTER_BOUND('',#327,.T.);
#229=FACE_OUTER_BOUND('',#328,.T.);
#230=FACE_OUTER_BOUND('',#329,.T.);
#231=FACE_OUTER_BOUND('',#330,.T.);
#232=FACE_OUTER_BOUND('',#331,.T.);
#233=FACE_OUTER_BOUND('',#332,.T.);
#234=FACE_OUTER_BOUND('',#333,.T.);
#235=FACE_OUTER_BOUND('',#334,.T.);
#236=FACE_OUTER_BOUND('',#335,.T.);
#237=FACE_OUTER_BOUND('',#336,.T.);
#238=FACE_OUTER_BOUND('',#337,.T.);
#239=FACE_OUTER_BOUND('',#338,.T.);
#240=FACE_OUTER_BOUND('',#339,.T.);
#241=FACE_OUTER_BOUND('',#340,.T.);
#242=FACE_OUTER_BOUND('',#341,.T.);
#243=FACE_OUTER_BOUND('',#342,.T.);
#244=FACE_OUTER_BOUND('',#343,.T.);
#245=FACE_OUTER_BOUND('',#344,.T.);
#246=FACE_OUTER_BOUND('',#345,.T.);
#247=FACE_OUTER_BOUND('',#346,.T.);
#248=FACE_OUTER_BOUND('',#347,.T.);
#249=FACE_OUTER_BOUND('',#348,.T.);
#250=FACE_OUTER_BOUND('',#349,.T.);
#251=FACE_OUTER_BOUND('',#350,.T.);
#252=FACE_OUTER_BOUND('',#351,.T.);
#253=FACE_OUTER_BOUND('',#352,.T.);
#254=FACE_OUTER_BOUND('',#353,.T.);
#255=FACE_OUTER_BOUND('',#355,.T.);
#256=FACE_OUTER_BOUND('',#356,.T.);
#257=FACE_OUTER_BOUND('',#357,.T.);
#258=FACE_OUTER_BOUND('',#358,.T.);
#259=FACE_OUTER_BOUND('',#359,.T.);
#260=FACE_OUTER_BOUND('',#360,.T.);
#261=FACE_OUTER_BOUND('',#361,.T.);
#262=FACE_OUTER_BOUND('',#362,.T.);
#263=FACE_OUTER_BOUND('',#363,.T.);
#264=FACE_OUTER_BOUND('',#364,.T.);
#265=FACE_OUTER_BOUND('',#365,.T.);
#266=FACE_OUTER_BOUND('',#366,.T.);
#267=FACE_OUTER_BOUND('',#367,.T.);
#268=FACE_OUTER_BOUND('',#368,.T.);
#269=FACE_OUTER_BOUND('',#369,.T.);
#270=FACE_OUTER_BOUND('',#370,.T.);
#271=FACE_OUTER_BOUND('',#371,.T.);
#272=FACE_OUTER_BOUND('',#374,.T.);
#273=EDGE_LOOP('',(#1033,#1034,#1035,#1036));
#274=EDGE_LOOP('',(#1037,#1038,#1039));
#275=EDGE_LOOP('',(#1040,#1041,#1042));
#276=EDGE_LOOP('',(#1043,#1044,#1045,#1046));
#277=EDGE_LOOP('',(#1047,#1048,#1049));
#278=EDGE_LOOP('',(#1050,#1051,#1052));
#279=EDGE_LOOP('',(#1053,#1054,#1055,#1056));
#280=EDGE_LOOP('',(#1057,#1058,#1059,#1060,#1061));
#281=EDGE_LOOP('',(#1062,#1063,#1064,#1065));
#282=EDGE_LOOP('',(#1066,#1067,#1068,#1069));
#283=EDGE_LOOP('',(#1070));
#284=EDGE_LOOP('',(#1071));
#285=EDGE_LOOP('',(#1072,#1073,#1074,#1075));
#286=EDGE_LOOP('',(#1076,#1077,#1078,#1079,#1080));
#287=EDGE_LOOP('',(#1081,#1082,#1083,#1084));
#288=EDGE_LOOP('',(#1085,#1086,#1087));
#289=EDGE_LOOP('',(#1088,#1089,#1090));
#290=EDGE_LOOP('',(#1091,#1092,#1093,#1094,#1095));
#291=EDGE_LOOP('',(#1096,#1097,#1098,#1099));
#292=EDGE_LOOP('',(#1100,#1101,#1102,#1103,#1104,#1105,#1106,#1107));
#293=EDGE_LOOP('',(#1108,#1109,#1110,#1111));
#294=EDGE_LOOP('',(#1112,#1113,#1114,#1115,#1116,#1117,#1118,#1119));
#295=EDGE_LOOP('',(#1120,#1121,#1122,#1123,#1124,#1125));
#296=EDGE_LOOP('',(#1126,#1127,#1128,#1129,#1130,#1131,#1132,#1133,#1134,
#1135));
#297=EDGE_LOOP('',(#1136,#1137,#1138,#1139,#1140));
#298=EDGE_LOOP('',(#1141,#1142,#1143,#1144,#1145,#1146));
#299=EDGE_LOOP('',(#1147,#1148,#1149,#1150));
#300=EDGE_LOOP('',(#1151,#1152,#1153,#1154));
#301=EDGE_LOOP('',(#1155,#1156,#1157,#1158));
#302=EDGE_LOOP('',(#1159,#1160,#1161,#1162));
#303=EDGE_LOOP('',(#1163,#1164,#1165,#1166));
#304=EDGE_LOOP('',(#1167,#1168,#1169,#1170));
#305=EDGE_LOOP('',(#1171,#1172,#1173,#1174));
#306=EDGE_LOOP('',(#1175,#1176,#1177,#1178));
#307=EDGE_LOOP('',(#1179,#1180,#1181,#1182));
#308=EDGE_LOOP('',(#1183,#1184,#1185,#1186));
#309=EDGE_LOOP('',(#1187,#1188,#1189,#1190));
#310=EDGE_LOOP('',(#1191,#1192,#1193,#1194,#1195,#1196,#1197,#1198,#1199,
#1200,#1201,#1202,#1203,#1204,#1205,#1206,#1207,#1208,#1209,#1210));
#311=EDGE_LOOP('',(#1211,#1212,#1213,#1214));
#312=EDGE_LOOP('',(#1215,#1216,#1217,#1218));
#313=EDGE_LOOP('',(#1219,#1220,#1221,#1222));
#314=EDGE_LOOP('',(#1223,#1224,#1225,#1226));
#315=EDGE_LOOP('',(#1227,#1228,#1229,#1230));
#316=EDGE_LOOP('',(#1231,#1232,#1233,#1234));
#317=EDGE_LOOP('',(#1235,#1236,#1237,#1238));
#318=EDGE_LOOP('',(#1239,#1240,#1241,#1242));
#319=EDGE_LOOP('',(#1243,#1244,#1245,#1246));
#320=EDGE_LOOP('',(#1247,#1248,#1249,#1250));
#321=EDGE_LOOP('',(#1251,#1252,#1253,#1254));
#322=EDGE_LOOP('',(#1255,#1256,#1257,#1258,#1259,#1260));
#323=EDGE_LOOP('',(#1261,#1262,#1263,#1264));
#324=EDGE_LOOP('',(#1265,#1266,#1267,#1268,#1269,#1270));
#325=EDGE_LOOP('',(#1271,#1272,#1273,#1274));
#326=EDGE_LOOP('',(#1275,#1276,#1277,#1278));
#327=EDGE_LOOP('',(#1279,#1280,#1281,#1282));
#328=EDGE_LOOP('',(#1283,#1284,#1285,#1286));
#329=EDGE_LOOP('',(#1287,#1288,#1289,#1290));
#330=EDGE_LOOP('',(#1291,#1292,#1293,#1294));
#331=EDGE_LOOP('',(#1295,#1296,#1297,#1298));
#332=EDGE_LOOP('',(#1299,#1300,#1301,#1302));
#333=EDGE_LOOP('',(#1303,#1304,#1305,#1306));
#334=EDGE_LOOP('',(#1307,#1308,#1309,#1310));
#335=EDGE_LOOP('',(#1311,#1312,#1313,#1314));
#336=EDGE_LOOP('',(#1315,#1316,#1317,#1318));
#337=EDGE_LOOP('',(#1319,#1320,#1321,#1322));
#338=EDGE_LOOP('',(#1323,#1324,#1325,#1326));
#339=EDGE_LOOP('',(#1327,#1328,#1329,#1330));
#340=EDGE_LOOP('',(#1331,#1332,#1333,#1334));
#341=EDGE_LOOP('',(#1335,#1336,#1337,#1338));
#342=EDGE_LOOP('',(#1339,#1340,#1341,#1342));
#343=EDGE_LOOP('',(#1343,#1344,#1345,#1346,#1347));
#344=EDGE_LOOP('',(#1348,#1349,#1350,#1351,#1352,#1353));
#345=EDGE_LOOP('',(#1354,#1355,#1356,#1357));
#346=EDGE_LOOP('',(#1358,#1359,#1360,#1361));
#347=EDGE_LOOP('',(#1362,#1363,#1364,#1365));
#348=EDGE_LOOP('',(#1366,#1367,#1368,#1369));
#349=EDGE_LOOP('',(#1370,#1371,#1372,#1373));
#350=EDGE_LOOP('',(#1374,#1375,#1376,#1377));
#351=EDGE_LOOP('',(#1378,#1379,#1380,#1381));
#352=EDGE_LOOP('',(#1382,#1383,#1384,#1385,#1386));
#353=EDGE_LOOP('',(#1387,#1388,#1389,#1390,#1391,#1392));
#354=EDGE_LOOP('',(#1393));
#355=EDGE_LOOP('',(#1394,#1395,#1396,#1397,#1398));
#356=EDGE_LOOP('',(#1399,#1400,#1401,#1402));
#357=EDGE_LOOP('',(#1403,#1404,#1405,#1406));
#358=EDGE_LOOP('',(#1407,#1408,#1409,#1410,#1411));
#359=EDGE_LOOP('',(#1412,#1413,#1414,#1415));
#360=EDGE_LOOP('',(#1416,#1417,#1418,#1419));
#361=EDGE_LOOP('',(#1420,#1421,#1422,#1423));
#362=EDGE_LOOP('',(#1424,#1425,#1426,#1427,#1428));
#363=EDGE_LOOP('',(#1429,#1430,#1431,#1432));
#364=EDGE_LOOP('',(#1433,#1434,#1435,#1436,#1437));
#365=EDGE_LOOP('',(#1438,#1439,#1440,#1441));
#366=EDGE_LOOP('',(#1442,#1443,#1444,#1445));
#367=EDGE_LOOP('',(#1446,#1447,#1448,#1449));
#368=EDGE_LOOP('',(#1450,#1451,#1452,#1453));
#369=EDGE_LOOP('',(#1454,#1455,#1456,#1457));
#370=EDGE_LOOP('',(#1458,#1459,#1460,#1461));
#371=EDGE_LOOP('',(#1462,#1463,#1464,#1465,#1466,#1467));
#372=EDGE_LOOP('',(#1468));
#373=EDGE_LOOP('',(#1469));
#374=EDGE_LOOP('',(#1470,#1471,#1472,#1473,#1474,#1475,#1476,#1477,#1478,
#1479,#1480,#1481,#1482,#1483,#1484,#1485,#1486,#1487,#1488,#1489,#1490,
#1491,#1492,#1493,#1494,#1495,#1496,#1497,#1498,#1499,#1500,#1501));
#375=EDGE_LOOP('',(#1502));
#376=LINE('',#2323,#515);
#377=LINE('',#2325,#516);
#378=LINE('',#2327,#517);
#379=LINE('',#2328,#518);
#380=LINE('',#2331,#519);
#381=LINE('',#2332,#520);
#382=LINE('',#2335,#521);
#383=LINE('',#2336,#522);
#384=LINE('',#2340,#523);
#385=LINE('',#2342,#524);
#386=LINE('',#2344,#525);
#387=LINE('',#2345,#526);
#388=LINE('',#2348,#527);
#389=LINE('',#2349,#528);
#390=LINE('',#2352,#529);
#391=LINE('',#2353,#530);
#392=LINE('',#2356,#531);
#393=LINE('',#2358,#532);
#394=LINE('',#2359,#533);
#395=LINE('',#2362,#534);
#396=LINE('',#2366,#535);
#397=LINE('',#2367,#536);
#398=LINE('',#2369,#537);
#399=LINE('',#2370,#538);
#400=LINE('',#2373,#539);
#401=LINE('',#2374,#540);
#402=LINE('',#2380,#541);
#403=LINE('',#2383,#542);
#404=LINE('',#2386,#543);
#405=LINE('',#2388,#544);
#406=LINE('',#2390,#545);
#407=LINE('',#2392,#546);
#408=LINE('',#2393,#547);
#409=LINE('',#2396,#548);
#410=LINE('',#2397,#549);
#411=LINE('',#2401,#550);
#412=LINE('',#2403,#551);
#413=LINE('',#2406,#552);
#414=LINE('',#2411,#553);
#415=LINE('',#2412,#554);
#416=LINE('',#2415,#555);
#417=LINE('',#2417,#556);
#418=LINE('',#2419,#557);
#419=LINE('',#2421,#558);
#420=LINE('',#2423,#559);
#421=LINE('',#2424,#560);
#422=LINE('',#2427,#561);
#423=LINE('',#2430,#562);
#424=LINE('',#2433,#563);
#425=LINE('',#2435,#564);
#426=LINE('',#2437,#565);
#427=LINE('',#2439,#566);
#428=LINE('',#2440,#567);
#429=LINE('',#2442,#568);
#430=LINE('',#2443,#569);
#431=LINE('',#2447,#570);
#432=LINE('',#2453,#571);
#433=LINE('',#2457,#572);
#434=LINE('',#2461,#573);
#435=LINE('',#2465,#574);
#436=LINE('',#2469,#575);
#437=LINE('',#2473,#576);
#438=LINE('',#2475,#577);
#439=LINE('',#2476,#578);
#440=LINE('',#2480,#579);
#441=LINE('',#2483,#580);
#442=LINE('',#2484,#581);
#443=LINE('',#2489,#582);
#444=LINE('',#2491,#583);
#445=LINE('',#2492,#584);
#446=LINE('',#2496,#585);
#447=LINE('',#2499,#586);
#448=LINE('',#2500,#587);
#449=LINE('',#2505,#588);
#450=LINE('',#2509,#589);
#451=LINE('',#2514,#590);
#452=LINE('',#2516,#591);
#453=LINE('',#2520,#592);
#454=LINE('',#2524,#593);
#455=LINE('',#2526,#594);
#456=LINE('',#2528,#595);
#457=LINE('',#2532,#596);
#458=LINE('',#2536,#597);
#459=LINE('',#2538,#598);
#460=LINE('',#2541,#599);
#461=LINE('',#2544,#600);
#462=LINE('',#2546,#601);
#463=LINE('',#2552,#602);
#464=LINE('',#2555,#603);
#465=LINE('',#2574,#604);
#466=LINE('',#2575,#605);
#467=LINE('',#2594,#606);
#468=LINE('',#2595,#607);
#469=LINE('',#2598,#608);
#470=LINE('',#2605,#609);
#471=LINE('',#2608,#610);
#472=LINE('',#2609,#611);
#473=LINE('',#2612,#612);
#474=LINE('',#2620,#613);
#475=LINE('',#2621,#614);
#476=LINE('',#2626,#615);
#477=LINE('',#2629,#616);
#478=LINE('',#2695,#617);
#479=LINE('',#2700,#618);
#480=LINE('',#2788,#619);
#481=LINE('',#2790,#620);
#482=LINE('',#2791,#621);
#483=LINE('',#2820,#622);
#484=LINE('',#2822,#623);
#485=LINE('',#2824,#624);
#486=LINE('',#2825,#625);
#487=LINE('',#2827,#626);
#488=LINE('',#2829,#627);
#489=LINE('',#2897,#628);
#490=LINE('',#2898,#629);
#491=LINE('',#2937,#630);
#492=LINE('',#2938,#631);
#493=LINE('',#2944,#632);
#494=LINE('',#2947,#633);
#495=LINE('',#2972,#634);
#496=LINE('',#2974,#635);
#497=LINE('',#2975,#636);
#498=LINE('',#2978,#637);
#499=LINE('',#2984,#638);
#500=LINE('',#2985,#639);
#501=LINE('',#3014,#640);
#502=LINE('',#3016,#641);
#503=LINE('',#3017,#642);
#504=LINE('',#3046,#643);
#505=LINE('',#3048,#644);
#506=LINE('',#3050,#645);
#507=LINE('',#3051,#646);
#508=LINE('',#3053,#647);
#509=LINE('',#3055,#648);
#510=LINE('',#3057,#649);
#511=LINE('',#3061,#650);
#512=LINE('',#3068,#651);
#513=LINE('',#3072,#652);
#514=LINE('',#3074,#653);
#515=VECTOR('',#1833,10.);
#516=VECTOR('',#1834,10.);
#517=VECTOR('',#1835,10.);
#518=VECTOR('',#1836,10.);
#519=VECTOR('',#1839,10.);
#520=VECTOR('',#1840,10.);
#521=VECTOR('',#1843,10.);
#522=VECTOR('',#1844,10.);
#523=VECTOR('',#1847,10.);
#524=VECTOR('',#1848,10.);
#525=VECTOR('',#1849,10.);
#526=VECTOR('',#1850,10.);
#527=VECTOR('',#1853,10.);
#528=VECTOR('',#1854,10.);
#529=VECTOR('',#1857,10.);
#530=VECTOR('',#1858,10.);
#531=VECTOR('',#1861,10.);
#532=VECTOR('',#1862,10.);
#533=VECTOR('',#1863,10.);
#534=VECTOR('',#1866,10.);
#535=VECTOR('',#1869,10.);
#536=VECTOR('',#1870,10.);
#537=VECTOR('',#1873,10.);
#538=VECTOR('',#1874,10.);
#539=VECTOR('',#1877,10.);
#540=VECTOR('',#1878,10.);
#541=VECTOR('',#1885,10.);
#542=VECTOR('',#1888,10.);
#543=VECTOR('',#1891,10.);
#544=VECTOR('',#1894,10.);
#545=VECTOR('',#1895,10.);
#546=VECTOR('',#1896,10.);
#547=VECTOR('',#1897,10.);
#548=VECTOR('',#1900,10.);
#549=VECTOR('',#1901,10.);
#550=VECTOR('',#1906,10.);
#551=VECTOR('',#1907,10.);
#552=VECTOR('',#1910,10.);
#553=VECTOR('',#1915,10.);
#554=VECTOR('',#1916,10.);
#555=VECTOR('',#1919,10.);
#556=VECTOR('',#1920,10.);
#557=VECTOR('',#1921,10.);
#558=VECTOR('',#1922,10.);
#559=VECTOR('',#1923,10.);
#560=VECTOR('',#1924,10.);
#561=VECTOR('',#1927,10.);
#562=VECTOR('',#1930,10.);
#563=VECTOR('',#1933,10.);
#564=VECTOR('',#1934,10.);
#565=VECTOR('',#1935,10.);
#566=VECTOR('',#1936,10.);
#567=VECTOR('',#1937,10.);
#568=VECTOR('',#1940,10.);
#569=VECTOR('',#1941,10.);
#570=VECTOR('',#1946,10.);
#571=VECTOR('',#1953,10.);
#572=VECTOR('',#1956,10.);
#573=VECTOR('',#1959,10.);
#574=VECTOR('',#1962,10.);
#575=VECTOR('',#1965,10.);
#576=VECTOR('',#1970,10.);
#577=VECTOR('',#1971,10.);
#578=VECTOR('',#1972,10.);
#579=VECTOR('',#1977,10.);
#580=VECTOR('',#1980,10.);
#581=VECTOR('',#1981,10.);
#582=VECTOR('',#1988,10.);
#583=VECTOR('',#1989,10.);
#584=VECTOR('',#1990,10.);
#585=VECTOR('',#1995,10.);
#586=VECTOR('',#1998,10.);
#587=VECTOR('',#1999,10.);
#588=VECTOR('',#2006,10.);
#589=VECTOR('',#2011,10.);
#590=VECTOR('',#2016,10.);
#591=VECTOR('',#2017,10.);
#592=VECTOR('',#2020,10.);
#593=VECTOR('',#2023,10.);
#594=VECTOR('',#2024,10.);
#595=VECTOR('',#2025,10.);
#596=VECTOR('',#2028,10.);
#597=VECTOR('',#2031,10.);
#598=VECTOR('',#2032,10.);
#599=VECTOR('',#2037,10.);
#600=VECTOR('',#2042,10.);
#601=VECTOR('',#2045,10.);
#602=VECTOR('',#2050,10.);
#603=VECTOR('',#2053,10.);
#604=VECTOR('',#2064,10.);
#605=VECTOR('',#2065,10.);
#606=VECTOR('',#2076,10.);
#607=VECTOR('',#2077,10.);
#608=VECTOR('',#2080,10.);
#609=VECTOR('',#2087,10.);
#610=VECTOR('',#2090,10.);
#611=VECTOR('',#2091,10.);
#612=VECTOR('',#2094,10.);
#613=VECTOR('',#2103,10.);
#614=VECTOR('',#2104,10.);
#615=VECTOR('',#2109,10.);
#616=VECTOR('',#2112,10.);
#617=VECTOR('',#2129,10.);
#618=VECTOR('',#2136,10.);
#619=VECTOR('',#2157,10.);
#620=VECTOR('',#2160,10.);
#621=VECTOR('',#2161,10.);
#622=VECTOR('',#2172,10.);
#623=VECTOR('',#2175,10.);
#624=VECTOR('',#2178,10.);
#625=VECTOR('',#2179,10.);
#626=VECTOR('',#2182,10.);
#627=VECTOR('',#2185,10.);
#628=VECTOR('',#2204,10.);
#629=VECTOR('',#2205,10.);
#630=VECTOR('',#2214,10.);
#631=VECTOR('',#2215,10.);
#632=VECTOR('',#2220,10.);
#633=VECTOR('',#2223,10.);
#634=VECTOR('',#2230,10.);
#635=VECTOR('',#2231,10.);
#636=VECTOR('',#2232,10.);
#637=VECTOR('',#2235,10.);
#638=VECTOR('',#2242,10.);
#639=VECTOR('',#2243,10.);
#640=VECTOR('',#2254,10.);
#641=VECTOR('',#2257,10.);
#642=VECTOR('',#2258,10.);
#643=VECTOR('',#2269,10.);
#644=VECTOR('',#2272,10.);
#645=VECTOR('',#2275,10.);
#646=VECTOR('',#2276,10.);
#647=VECTOR('',#2279,10.);
#648=VECTOR('',#2282,10.);
#649=VECTOR('',#2285,10.);
#650=VECTOR('',#2290,6.5);
#651=VECTOR('',#2301,1.875);
#652=VECTOR('',#2306,1.875);
#653=VECTOR('',#2309,10.);
#654=VERTEX_POINT('',#2321);
#655=VERTEX_POINT('',#2322);
#656=VERTEX_POINT('',#2324);
#657=VERTEX_POINT('',#2326);
#658=VERTEX_POINT('',#2330);
#659=VERTEX_POINT('',#2334);
#660=VERTEX_POINT('',#2338);
#661=VERTEX_POINT('',#2339);
#662=VERTEX_POINT('',#2341);
#663=VERTEX_POINT('',#2343);
#664=VERTEX_POINT('',#2347);
#665=VERTEX_POINT('',#2351);
#666=VERTEX_POINT('',#2355);
#667=VERTEX_POINT('',#2357);
#668=VERTEX_POINT('',#2361);
#669=VERTEX_POINT('',#2363);
#670=VERTEX_POINT('',#2365);
#671=VERTEX_POINT('',#2372);
#672=VERTEX_POINT('',#2375);
#673=VERTEX_POINT('',#2377);
#674=VERTEX_POINT('',#2382);
#675=VERTEX_POINT('',#2384);
#676=VERTEX_POINT('',#2389);
#677=VERTEX_POINT('',#2391);
#678=VERTEX_POINT('',#2395);
#679=VERTEX_POINT('',#2400);
#680=VERTEX_POINT('',#2402);
#681=VERTEX_POINT('',#2404);
#682=VERTEX_POINT('',#2408);
#683=VERTEX_POINT('',#2409);
#684=VERTEX_POINT('',#2414);
#685=VERTEX_POINT('',#2416);
#686=VERTEX_POINT('',#2418);
#687=VERTEX_POINT('',#2420);
#688=VERTEX_POINT('',#2422);
#689=VERTEX_POINT('',#2426);
#690=VERTEX_POINT('',#2428);
#691=VERTEX_POINT('',#2432);
#692=VERTEX_POINT('',#2434);
#693=VERTEX_POINT('',#2436);
#694=VERTEX_POINT('',#2438);
#695=VERTEX_POINT('',#2446);
#696=VERTEX_POINT('',#2450);
#697=VERTEX_POINT('',#2452);
#698=VERTEX_POINT('',#2455);
#699=VERTEX_POINT('',#2456);
#700=VERTEX_POINT('',#2458);
#701=VERTEX_POINT('',#2460);
#702=VERTEX_POINT('',#2463);
#703=VERTEX_POINT('',#2464);
#704=VERTEX_POINT('',#2466);
#705=VERTEX_POINT('',#2468);
#706=VERTEX_POINT('',#2472);
#707=VERTEX_POINT('',#2474);
#708=VERTEX_POINT('',#2478);
#709=VERTEX_POINT('',#2482);
#710=VERTEX_POINT('',#2488);
#711=VERTEX_POINT('',#2490);
#712=VERTEX_POINT('',#2494);
#713=VERTEX_POINT('',#2498);
#714=VERTEX_POINT('',#2504);
#715=VERTEX_POINT('',#2508);
#716=VERTEX_POINT('',#2511);
#717=VERTEX_POINT('',#2513);
#718=VERTEX_POINT('',#2515);
#719=VERTEX_POINT('',#2517);
#720=VERTEX_POINT('',#2519);
#721=VERTEX_POINT('',#2521);
#722=VERTEX_POINT('',#2523);
#723=VERTEX_POINT('',#2525);
#724=VERTEX_POINT('',#2527);
#725=VERTEX_POINT('',#2529);
#726=VERTEX_POINT('',#2531);
#727=VERTEX_POINT('',#2533);
#728=VERTEX_POINT('',#2535);
#729=VERTEX_POINT('',#2537);
#730=VERTEX_POINT('',#2548);
#731=VERTEX_POINT('',#2549);
#732=VERTEX_POINT('',#2551);
#733=VERTEX_POINT('',#2553);
#734=VERTEX_POINT('',#2565);
#735=VERTEX_POINT('',#2566);
#736=VERTEX_POINT('',#2571);
#737=VERTEX_POINT('',#2572);
#738=VERTEX_POINT('',#2585);
#739=VERTEX_POINT('',#2586);
#740=VERTEX_POINT('',#2591);
#741=VERTEX_POINT('',#2592);
#742=VERTEX_POINT('',#2597);
#743=VERTEX_POINT('',#2599);
#744=VERTEX_POINT('',#2601);
#745=VERTEX_POINT('',#2603);
#746=VERTEX_POINT('',#2607);
#747=VERTEX_POINT('',#2611);
#748=VERTEX_POINT('',#2613);
#749=VERTEX_POINT('',#2615);
#750=VERTEX_POINT('',#2619);
#751=VERTEX_POINT('',#2623);
#752=VERTEX_POINT('',#2624);
#753=VERTEX_POINT('',#2627);
#754=VERTEX_POINT('',#2646);
#755=VERTEX_POINT('',#2648);
#756=VERTEX_POINT('',#2667);
#757=VERTEX_POINT('',#2692);
#758=VERTEX_POINT('',#2694);
#759=VERTEX_POINT('',#2698);
#760=VERTEX_POINT('',#2717);
#761=VERTEX_POINT('',#2736);
#762=VERTEX_POINT('',#2780);
#763=VERTEX_POINT('',#2782);
#764=VERTEX_POINT('',#2786);
#765=VERTEX_POINT('',#2812);
#766=VERTEX_POINT('',#2813);
#767=VERTEX_POINT('',#2818);
#768=VERTEX_POINT('',#2851);
#769=VERTEX_POINT('',#2852);
#770=VERTEX_POINT('',#2854);
#771=VERTEX_POINT('',#2856);
#772=VERTEX_POINT('',#2888);
#773=VERTEX_POINT('',#2890);
#774=VERTEX_POINT('',#2894);
#775=VERTEX_POINT('',#2895);
#776=VERTEX_POINT('',#2919);
#777=VERTEX_POINT('',#2921);
#778=VERTEX_POINT('',#2934);
#779=VERTEX_POINT('',#2935);
#780=VERTEX_POINT('',#2940);
#781=VERTEX_POINT('',#2941);
#782=VERTEX_POINT('',#2943);
#783=VERTEX_POINT('',#2945);
#784=VERTEX_POINT('',#2971);
#785=VERTEX_POINT('',#2973);
#786=VERTEX_POINT('',#2977);
#787=VERTEX_POINT('',#2980);
#788=VERTEX_POINT('',#2983);
#789=VERTEX_POINT('',#3006);
#790=VERTEX_POINT('',#3008);
#791=VERTEX_POINT('',#3012);
#792=VERTEX_POINT('',#3038);
#793=VERTEX_POINT('',#3039);
#794=VERTEX_POINT('',#3044);
#795=VERTEX_POINT('',#3060);
#796=VERTEX_POINT('',#3066);
#797=VERTEX_POINT('',#3070);
#798=EDGE_CURVE('',#654,#655,#376,.T.);
#799=EDGE_CURVE('',#656,#655,#377,.T.);
#800=EDGE_CURVE('',#657,#656,#378,.T.);
#801=EDGE_CURVE('',#654,#657,#379,.T.);
#802=EDGE_CURVE('',#658,#656,#380,.T.);
#803=EDGE_CURVE('',#657,#658,#381,.T.);
#804=EDGE_CURVE('',#655,#659,#382,.T.);
#805=EDGE_CURVE('',#659,#654,#383,.T.);
#806=EDGE_CURVE('',#660,#661,#384,.T.);
#807=EDGE_CURVE('',#662,#661,#385,.T.);
#808=EDGE_CURVE('',#663,#662,#386,.T.);
#809=EDGE_CURVE('',#660,#663,#387,.T.);
#810=EDGE_CURVE('',#664,#662,#388,.T.);
#811=EDGE_CURVE('',#663,#664,#389,.T.);
#812=EDGE_CURVE('',#661,#665,#390,.T.);
#813=EDGE_CURVE('',#665,#660,#391,.T.);
#814=EDGE_CURVE('',#666,#664,#392,.T.);
#815=EDGE_CURVE('',#666,#667,#393,.T.);
#816=EDGE_CURVE('',#663,#667,#394,.T.);
#817=EDGE_CURVE('',#668,#654,#395,.T.);
#818=EDGE_CURVE('',#669,#668,#114,.T.);
#819=EDGE_CURVE('',#670,#669,#396,.T.);
#820=EDGE_CURVE('',#659,#670,#397,.T.);
#821=EDGE_CURVE('',#665,#658,#398,.T.);
#822=EDGE_CURVE('',#657,#660,#399,.T.);
#823=EDGE_CURVE('',#671,#662,#400,.T.);
#824=EDGE_CURVE('',#671,#666,#401,.T.);
#825=EDGE_CURVE('',#672,#672,#115,.T.);
#826=EDGE_CURVE('',#673,#673,#116,.T.);
#827=EDGE_CURVE('',#661,#656,#402,.T.);
#828=EDGE_CURVE('',#670,#674,#403,.T.);
#829=EDGE_CURVE('',#675,#674,#117,.T.);
#830=EDGE_CURVE('',#655,#675,#404,.T.);
#831=EDGE_CURVE('',#667,#671,#405,.T.);
#832=EDGE_CURVE('',#676,#671,#406,.T.);
#833=EDGE_CURVE('',#677,#676,#407,.T.);
#834=EDGE_CURVE('',#667,#677,#408,.T.);
#835=EDGE_CURVE('',#678,#676,#409,.T.);
#836=EDGE_CURVE('',#677,#678,#410,.T.);
#837=EDGE_CURVE('',#679,#678,#411,.T.);
#838=EDGE_CURVE('',#679,#680,#412,.T.);
#839=EDGE_CURVE('',#681,#680,#118,.T.);
#840=EDGE_CURVE('',#677,#681,#413,.T.);
#841=EDGE_CURVE('',#682,#683,#119,.T.);
#842=EDGE_CURVE('',#683,#681,#414,.T.);
#843=EDGE_CURVE('',#680,#682,#415,.T.);
#844=EDGE_CURVE('',#684,#679,#416,.T.);
#845=EDGE_CURVE('',#685,#684,#417,.T.);
#846=EDGE_CURVE('',#685,#686,#418,.T.);
#847=EDGE_CURVE('',#687,#686,#419,.T.);
#848=EDGE_CURVE('',#688,#687,#420,.T.);
#849=EDGE_CURVE('',#688,#682,#421,.T.);
#850=EDGE_CURVE('',#668,#689,#422,.T.);
#851=EDGE_CURVE('',#689,#690,#120,.T.);
#852=EDGE_CURVE('',#690,#669,#423,.T.);
#853=EDGE_CURVE('',#691,#690,#424,.T.);
#854=EDGE_CURVE('',#692,#691,#425,.T.);
#855=EDGE_CURVE('',#693,#692,#426,.T.);
#856=EDGE_CURVE('',#694,#693,#427,.T.);
#857=EDGE_CURVE('',#674,#694,#428,.T.);
#858=EDGE_CURVE('',#691,#688,#429,.T.);
#859=EDGE_CURVE('',#683,#689,#430,.T.);
#860=EDGE_CURVE('',#695,#676,#431,.T.);
#861=EDGE_CURVE('',#684,#695,#121,.T.);
#862=EDGE_CURVE('',#696,#687,#122,.T.);
#863=EDGE_CURVE('',#697,#696,#432,.T.);
#864=EDGE_CURVE('',#692,#697,#123,.T.);
#865=EDGE_CURVE('',#698,#699,#433,.T.);
#866=EDGE_CURVE('',#699,#700,#124,.T.);
#867=EDGE_CURVE('',#700,#701,#434,.T.);
#868=EDGE_CURVE('',#701,#698,#125,.T.);
#869=EDGE_CURVE('',#702,#703,#435,.T.);
#870=EDGE_CURVE('',#703,#704,#126,.T.);
#871=EDGE_CURVE('',#704,#705,#436,.T.);
#872=EDGE_CURVE('',#705,#702,#127,.T.);
#873=EDGE_CURVE('',#706,#704,#437,.T.);
#874=EDGE_CURVE('',#707,#706,#438,.T.);
#875=EDGE_CURVE('',#707,#705,#439,.T.);
#876=EDGE_CURVE('',#708,#707,#128,.T.);
#877=EDGE_CURVE('',#708,#702,#440,.T.);
#878=EDGE_CURVE('',#709,#708,#441,.T.);
#879=EDGE_CURVE('',#709,#703,#442,.T.);
#880=EDGE_CURVE('',#706,#709,#129,.T.);
#881=EDGE_CURVE('',#710,#700,#443,.T.);
#882=EDGE_CURVE('',#711,#710,#444,.T.);
#883=EDGE_CURVE('',#711,#701,#445,.T.);
#884=EDGE_CURVE('',#712,#711,#130,.T.);
#885=EDGE_CURVE('',#712,#698,#446,.T.);
#886=EDGE_CURVE('',#713,#712,#447,.T.);
#887=EDGE_CURVE('',#713,#699,#448,.T.);
#888=EDGE_CURVE('',#710,#713,#131,.T.);
#889=EDGE_CURVE('',#697,#714,#449,.T.);
#890=EDGE_CURVE('',#714,#693,#132,.T.);
#891=EDGE_CURVE('',#715,#714,#450,.T.);
#892=EDGE_CURVE('',#686,#715,#133,.T.);
#893=EDGE_CURVE('',#716,#685,#134,.T.);
#894=EDGE_CURVE('',#716,#717,#451,.T.);
#895=EDGE_CURVE('',#718,#717,#452,.T.);
#896=EDGE_CURVE('',#719,#718,#41,.T.);
#897=EDGE_CURVE('',#720,#719,#453,.T.);
#898=EDGE_CURVE('',#721,#720,#42,.T.);
#899=EDGE_CURVE('',#722,#721,#454,.T.);
#900=EDGE_CURVE('',#722,#723,#455,.T.);
#901=EDGE_CURVE('',#724,#723,#456,.T.);
#902=EDGE_CURVE('',#725,#724,#43,.T.);
#903=EDGE_CURVE('',#726,#725,#457,.T.);
#904=EDGE_CURVE('',#727,#726,#44,.T.);
#905=EDGE_CURVE('',#728,#727,#458,.T.);
#906=EDGE_CURVE('',#728,#729,#459,.T.);
#907=EDGE_CURVE('',#694,#729,#135,.T.);
#908=EDGE_CURVE('',#715,#696,#460,.T.);
#909=EDGE_CURVE('',#695,#716,#461,.T.);
#910=EDGE_CURVE('',#729,#675,#462,.T.);
#911=EDGE_CURVE('',#730,#731,#136,.T.);
#912=EDGE_CURVE('',#731,#732,#463,.T.);
#913=EDGE_CURVE('',#732,#733,#137,.T.);
#914=EDGE_CURVE('',#733,#730,#464,.T.);
#915=EDGE_CURVE('',#734,#735,#138,.T.);
#916=EDGE_CURVE('',#735,#733,#139,.T.);
#917=EDGE_CURVE('',#732,#734,#140,.T.);
#918=EDGE_CURVE('',#736,#737,#141,.T.);
#919=EDGE_CURVE('',#737,#735,#465,.T.);
#920=EDGE_CURVE('',#734,#736,#466,.T.);
#921=EDGE_CURVE('',#738,#739,#142,.T.);
#922=EDGE_CURVE('',#739,#737,#143,.T.);
#923=EDGE_CURVE('',#736,#738,#144,.T.);
#924=EDGE_CURVE('',#740,#741,#145,.T.);
#925=EDGE_CURVE('',#741,#739,#467,.T.);
#926=EDGE_CURVE('',#738,#740,#468,.T.);
#927=EDGE_CURVE('',#736,#742,#469,.T.);
#928=EDGE_CURVE('',#743,#742,#45,.T.);
#929=EDGE_CURVE('',#744,#743,#46,.T.);
#930=EDGE_CURVE('',#745,#744,#47,.T.);
#931=EDGE_CURVE('',#745,#738,#470,.T.);
#932=EDGE_CURVE('',#746,#734,#471,.T.);
#933=EDGE_CURVE('',#742,#746,#472,.T.);
#934=EDGE_CURVE('',#732,#747,#473,.T.);
#935=EDGE_CURVE('',#748,#747,#48,.T.);
#936=EDGE_CURVE('',#749,#748,#49,.T.);
#937=EDGE_CURVE('',#746,#749,#50,.T.);
#938=EDGE_CURVE('',#750,#731,#474,.T.);
#939=EDGE_CURVE('',#747,#750,#475,.T.);
#940=EDGE_CURVE('',#751,#752,#146,.T.);
#941=EDGE_CURVE('',#752,#745,#476,.T.);
#942=EDGE_CURVE('',#745,#753,#147,.T.);
#943=EDGE_CURVE('',#753,#751,#477,.T.);
#944=EDGE_CURVE('',#754,#742,#148,.T.);
#945=EDGE_CURVE('',#754,#755,#51,.T.);
#946=EDGE_CURVE('',#743,#755,#149,.T.);
#947=EDGE_CURVE('',#756,#744,#150,.T.);
#948=EDGE_CURVE('',#756,#753,#52,.T.);
#949=EDGE_CURVE('',#755,#756,#53,.T.);
#950=EDGE_CURVE('',#750,#757,#151,.T.);
#951=EDGE_CURVE('',#757,#758,#478,.T.);
#952=EDGE_CURVE('',#758,#747,#152,.T.);
#953=EDGE_CURVE('',#746,#759,#153,.T.);
#954=EDGE_CURVE('',#759,#754,#479,.T.);
#955=EDGE_CURVE('',#758,#760,#54,.T.);
#956=EDGE_CURVE('',#748,#760,#154,.T.);
#957=EDGE_CURVE('',#761,#749,#155,.T.);
#958=EDGE_CURVE('',#761,#759,#55,.T.);
#959=EDGE_CURVE('',#760,#761,#56,.T.);
#960=EDGE_CURVE('',#762,#718,#156,.T.);
#961=EDGE_CURVE('',#763,#762,#57,.F.);
#962=EDGE_CURVE('',#719,#763,#157,.T.);
#963=EDGE_CURVE('',#717,#764,#158,.T.);
#964=EDGE_CURVE('',#764,#762,#480,.T.);
#965=EDGE_CURVE('',#762,#756,#481,.T.);
#966=EDGE_CURVE('',#755,#763,#482,.T.);
#967=EDGE_CURVE('',#765,#766,#58,.F.);
#968=EDGE_CURVE('',#721,#765,#159,.T.);
#969=EDGE_CURVE('',#766,#720,#160,.T.);
#970=EDGE_CURVE('',#767,#722,#161,.T.);
#971=EDGE_CURVE('',#765,#767,#483,.T.);
#972=EDGE_CURVE('',#763,#766,#484,.T.);
#973=EDGE_CURVE('',#760,#765,#485,.T.);
#974=EDGE_CURVE('',#766,#761,#486,.T.);
#975=EDGE_CURVE('',#752,#740,#487,.T.);
#976=EDGE_CURVE('',#764,#751,#488,.T.);
#977=EDGE_CURVE('',#768,#769,#59,.T.);
#978=EDGE_CURVE('',#769,#770,#162,.T.);
#979=EDGE_CURVE('',#770,#771,#60,.T.);
#980=EDGE_CURVE('',#771,#768,#23,.T.);
#981=EDGE_CURVE('',#771,#772,#61,.T.);
#982=EDGE_CURVE('',#772,#773,#163,.T.);
#983=EDGE_CURVE('',#773,#768,#62,.T.);
#984=EDGE_CURVE('',#774,#775,#164,.T.);
#985=EDGE_CURVE('',#775,#773,#489,.T.);
#986=EDGE_CURVE('',#772,#774,#490,.T.);
#987=EDGE_CURVE('',#776,#775,#63,.T.);
#988=EDGE_CURVE('',#774,#777,#64,.T.);
#989=EDGE_CURVE('',#777,#776,#24,.T.);
#990=EDGE_CURVE('',#778,#779,#165,.T.);
#991=EDGE_CURVE('',#779,#770,#491,.T.);
#992=EDGE_CURVE('',#769,#778,#492,.T.);
#993=EDGE_CURVE('',#780,#781,#166,.T.);
#994=EDGE_CURVE('',#781,#782,#493,.T.);
#995=EDGE_CURVE('',#782,#783,#167,.T.);
#996=EDGE_CURVE('',#783,#780,#494,.T.);
#997=EDGE_CURVE('',#777,#781,#65,.T.);
#998=EDGE_CURVE('',#780,#776,#66,.T.);
#999=EDGE_CURVE('',#768,#784,#495,.T.);
#1000=EDGE_CURVE('',#785,#784,#496,.T.);
#1001=EDGE_CURVE('',#778,#785,#497,.T.);
#1002=EDGE_CURVE('',#776,#786,#498,.T.);
#1003=EDGE_CURVE('',#784,#786,#168,.T.);
#1004=EDGE_CURVE('',#787,#787,#169,.T.);
#1005=EDGE_CURVE('',#783,#788,#499,.T.);
#1006=EDGE_CURVE('',#786,#788,#500,.T.);
#1007=EDGE_CURVE('',#789,#724,#170,.T.);
#1008=EDGE_CURVE('',#790,#789,#67,.F.);
#1009=EDGE_CURVE('',#725,#790,#171,.T.);
#1010=EDGE_CURVE('',#723,#791,#172,.T.);
#1011=EDGE_CURVE('',#791,#789,#501,.T.);
#1012=EDGE_CURVE('',#774,#790,#502,.T.);
#1013=EDGE_CURVE('',#789,#781,#503,.T.);
#1014=EDGE_CURVE('',#792,#793,#68,.F.);
#1015=EDGE_CURVE('',#727,#792,#173,.T.);
#1016=EDGE_CURVE('',#793,#726,#174,.T.);
#1017=EDGE_CURVE('',#794,#728,#175,.T.);
#1018=EDGE_CURVE('',#792,#794,#504,.T.);
#1019=EDGE_CURVE('',#790,#793,#505,.T.);
#1020=EDGE_CURVE('',#770,#792,#506,.T.);
#1021=EDGE_CURVE('',#793,#772,#507,.T.);
#1022=EDGE_CURVE('',#779,#794,#508,.T.);
#1023=EDGE_CURVE('',#757,#767,#509,.T.);
#1024=EDGE_CURVE('',#791,#782,#510,.T.);
#1025=EDGE_CURVE('',#787,#795,#511,.T.);
#1026=EDGE_CURVE('',#795,#795,#176,.T.);
#1027=EDGE_CURVE('',#788,#785,#177,.T.);
#1028=EDGE_CURVE('',#796,#796,#178,.T.);
#1029=EDGE_CURVE('',#796,#672,#512,.T.);
#1030=EDGE_CURVE('',#797,#797,#179,.T.);
#1031=EDGE_CURVE('',#797,#673,#513,.T.);
#1032=EDGE_CURVE('',#741,#730,#514,.T.);
#1033=ORIENTED_EDGE('',*,*,#798,.T.);
#1034=ORIENTED_EDGE('',*,*,#799,.F.);
#1035=ORIENTED_EDGE('',*,*,#800,.F.);
#1036=ORIENTED_EDGE('',*,*,#801,.F.);
#1037=ORIENTED_EDGE('',*,*,#802,.F.);
#1038=ORIENTED_EDGE('',*,*,#803,.F.);
#1039=ORIENTED_EDGE('',*,*,#800,.T.);
#1040=ORIENTED_EDGE('',*,*,#804,.F.);
#1041=ORIENTED_EDGE('',*,*,#798,.F.);
#1042=ORIENTED_EDGE('',*,*,#805,.F.);
#1043=ORIENTED_EDGE('',*,*,#806,.T.);
#1044=ORIENTED_EDGE('',*,*,#807,.F.);
#1045=ORIENTED_EDGE('',*,*,#808,.F.);
#1046=ORIENTED_EDGE('',*,*,#809,.F.);
#1047=ORIENTED_EDGE('',*,*,#810,.F.);
#1048=ORIENTED_EDGE('',*,*,#811,.F.);
#1049=ORIENTED_EDGE('',*,*,#808,.T.);
#1050=ORIENTED_EDGE('',*,*,#812,.F.);
#1051=ORIENTED_EDGE('',*,*,#806,.F.);
#1052=ORIENTED_EDGE('',*,*,#813,.F.);
#1053=ORIENTED_EDGE('',*,*,#811,.T.);
#1054=ORIENTED_EDGE('',*,*,#814,.F.);
#1055=ORIENTED_EDGE('',*,*,#815,.T.);
#1056=ORIENTED_EDGE('',*,*,#816,.F.);
#1057=ORIENTED_EDGE('',*,*,#805,.T.);
#1058=ORIENTED_EDGE('',*,*,#817,.F.);
#1059=ORIENTED_EDGE('',*,*,#818,.F.);
#1060=ORIENTED_EDGE('',*,*,#819,.F.);
#1061=ORIENTED_EDGE('',*,*,#820,.F.);
#1062=ORIENTED_EDGE('',*,*,#803,.T.);
#1063=ORIENTED_EDGE('',*,*,#821,.F.);
#1064=ORIENTED_EDGE('',*,*,#813,.T.);
#1065=ORIENTED_EDGE('',*,*,#822,.F.);
#1066=ORIENTED_EDGE('',*,*,#810,.T.);
#1067=ORIENTED_EDGE('',*,*,#823,.F.);
#1068=ORIENTED_EDGE('',*,*,#824,.T.);
#1069=ORIENTED_EDGE('',*,*,#814,.T.);
#1070=ORIENTED_EDGE('',*,*,#825,.T.);
#1071=ORIENTED_EDGE('',*,*,#826,.T.);
#1072=ORIENTED_EDGE('',*,*,#802,.T.);
#1073=ORIENTED_EDGE('',*,*,#827,.F.);
#1074=ORIENTED_EDGE('',*,*,#812,.T.);
#1075=ORIENTED_EDGE('',*,*,#821,.T.);
#1076=ORIENTED_EDGE('',*,*,#804,.T.);
#1077=ORIENTED_EDGE('',*,*,#820,.T.);
#1078=ORIENTED_EDGE('',*,*,#828,.T.);
#1079=ORIENTED_EDGE('',*,*,#829,.F.);
#1080=ORIENTED_EDGE('',*,*,#830,.F.);
#1081=ORIENTED_EDGE('',*,*,#831,.T.);
#1082=ORIENTED_EDGE('',*,*,#832,.F.);
#1083=ORIENTED_EDGE('',*,*,#833,.F.);
#1084=ORIENTED_EDGE('',*,*,#834,.F.);
#1085=ORIENTED_EDGE('',*,*,#835,.F.);
#1086=ORIENTED_EDGE('',*,*,#836,.F.);
#1087=ORIENTED_EDGE('',*,*,#833,.T.);
#1088=ORIENTED_EDGE('',*,*,#824,.F.);
#1089=ORIENTED_EDGE('',*,*,#831,.F.);
#1090=ORIENTED_EDGE('',*,*,#815,.F.);
#1091=ORIENTED_EDGE('',*,*,#836,.T.);
#1092=ORIENTED_EDGE('',*,*,#837,.F.);
#1093=ORIENTED_EDGE('',*,*,#838,.T.);
#1094=ORIENTED_EDGE('',*,*,#839,.F.);
#1095=ORIENTED_EDGE('',*,*,#840,.F.);
#1096=ORIENTED_EDGE('',*,*,#841,.T.);
#1097=ORIENTED_EDGE('',*,*,#842,.T.);
#1098=ORIENTED_EDGE('',*,*,#839,.T.);
#1099=ORIENTED_EDGE('',*,*,#843,.T.);
#1100=ORIENTED_EDGE('',*,*,#843,.F.);
#1101=ORIENTED_EDGE('',*,*,#838,.F.);
#1102=ORIENTED_EDGE('',*,*,#844,.F.);
#1103=ORIENTED_EDGE('',*,*,#845,.F.);
#1104=ORIENTED_EDGE('',*,*,#846,.T.);
#1105=ORIENTED_EDGE('',*,*,#847,.F.);
#1106=ORIENTED_EDGE('',*,*,#848,.F.);
#1107=ORIENTED_EDGE('',*,*,#849,.T.);
#1108=ORIENTED_EDGE('',*,*,#818,.T.);
#1109=ORIENTED_EDGE('',*,*,#850,.T.);
#1110=ORIENTED_EDGE('',*,*,#851,.T.);
#1111=ORIENTED_EDGE('',*,*,#852,.T.);
#1112=ORIENTED_EDGE('',*,*,#852,.F.);
#1113=ORIENTED_EDGE('',*,*,#853,.F.);
#1114=ORIENTED_EDGE('',*,*,#854,.F.);
#1115=ORIENTED_EDGE('',*,*,#855,.F.);
#1116=ORIENTED_EDGE('',*,*,#856,.F.);
#1117=ORIENTED_EDGE('',*,*,#857,.F.);
#1118=ORIENTED_EDGE('',*,*,#828,.F.);
#1119=ORIENTED_EDGE('',*,*,#819,.T.);
#1120=ORIENTED_EDGE('',*,*,#841,.F.);
#1121=ORIENTED_EDGE('',*,*,#849,.F.);
#1122=ORIENTED_EDGE('',*,*,#858,.F.);
#1123=ORIENTED_EDGE('',*,*,#853,.T.);
#1124=ORIENTED_EDGE('',*,*,#851,.F.);
#1125=ORIENTED_EDGE('',*,*,#859,.F.);
#1126=ORIENTED_EDGE('',*,*,#842,.F.);
#1127=ORIENTED_EDGE('',*,*,#859,.T.);
#1128=ORIENTED_EDGE('',*,*,#850,.F.);
#1129=ORIENTED_EDGE('',*,*,#817,.T.);
#1130=ORIENTED_EDGE('',*,*,#801,.T.);
#1131=ORIENTED_EDGE('',*,*,#822,.T.);
#1132=ORIENTED_EDGE('',*,*,#809,.T.);
#1133=ORIENTED_EDGE('',*,*,#816,.T.);
#1134=ORIENTED_EDGE('',*,*,#834,.T.);
#1135=ORIENTED_EDGE('',*,*,#840,.T.);
#1136=ORIENTED_EDGE('',*,*,#835,.T.);
#1137=ORIENTED_EDGE('',*,*,#860,.F.);
#1138=ORIENTED_EDGE('',*,*,#861,.F.);
#1139=ORIENTED_EDGE('',*,*,#844,.T.);
#1140=ORIENTED_EDGE('',*,*,#837,.T.);
#1141=ORIENTED_EDGE('',*,*,#858,.T.);
#1142=ORIENTED_EDGE('',*,*,#848,.T.);
#1143=ORIENTED_EDGE('',*,*,#862,.F.);
#1144=ORIENTED_EDGE('',*,*,#863,.F.);
#1145=ORIENTED_EDGE('',*,*,#864,.F.);
#1146=ORIENTED_EDGE('',*,*,#854,.T.);
#1147=ORIENTED_EDGE('',*,*,#865,.T.);
#1148=ORIENTED_EDGE('',*,*,#866,.T.);
#1149=ORIENTED_EDGE('',*,*,#867,.T.);
#1150=ORIENTED_EDGE('',*,*,#868,.T.);
#1151=ORIENTED_EDGE('',*,*,#869,.T.);
#1152=ORIENTED_EDGE('',*,*,#870,.T.);
#1153=ORIENTED_EDGE('',*,*,#871,.T.);
#1154=ORIENTED_EDGE('',*,*,#872,.T.);
#1155=ORIENTED_EDGE('',*,*,#871,.F.);
#1156=ORIENTED_EDGE('',*,*,#873,.F.);
#1157=ORIENTED_EDGE('',*,*,#874,.F.);
#1158=ORIENTED_EDGE('',*,*,#875,.T.);
#1159=ORIENTED_EDGE('',*,*,#872,.F.);
#1160=ORIENTED_EDGE('',*,*,#875,.F.);
#1161=ORIENTED_EDGE('',*,*,#876,.F.);
#1162=ORIENTED_EDGE('',*,*,#877,.T.);
#1163=ORIENTED_EDGE('',*,*,#869,.F.);
#1164=ORIENTED_EDGE('',*,*,#877,.F.);
#1165=ORIENTED_EDGE('',*,*,#878,.F.);
#1166=ORIENTED_EDGE('',*,*,#879,.T.);
#1167=ORIENTED_EDGE('',*,*,#870,.F.);
#1168=ORIENTED_EDGE('',*,*,#879,.F.);
#1169=ORIENTED_EDGE('',*,*,#880,.F.);
#1170=ORIENTED_EDGE('',*,*,#873,.T.);
#1171=ORIENTED_EDGE('',*,*,#867,.F.);
#1172=ORIENTED_EDGE('',*,*,#881,.F.);
#1173=ORIENTED_EDGE('',*,*,#882,.F.);
#1174=ORIENTED_EDGE('',*,*,#883,.T.);
#1175=ORIENTED_EDGE('',*,*,#868,.F.);
#1176=ORIENTED_EDGE('',*,*,#883,.F.);
#1177=ORIENTED_EDGE('',*,*,#884,.F.);
#1178=ORIENTED_EDGE('',*,*,#885,.T.);
#1179=ORIENTED_EDGE('',*,*,#865,.F.);
#1180=ORIENTED_EDGE('',*,*,#885,.F.);
#1181=ORIENTED_EDGE('',*,*,#886,.F.);
#1182=ORIENTED_EDGE('',*,*,#887,.T.);
#1183=ORIENTED_EDGE('',*,*,#866,.F.);
#1184=ORIENTED_EDGE('',*,*,#887,.F.);
#1185=ORIENTED_EDGE('',*,*,#888,.F.);
#1186=ORIENTED_EDGE('',*,*,#881,.T.);
#1187=ORIENTED_EDGE('',*,*,#864,.T.);
#1188=ORIENTED_EDGE('',*,*,#889,.T.);
#1189=ORIENTED_EDGE('',*,*,#890,.T.);
#1190=ORIENTED_EDGE('',*,*,#855,.T.);
#1191=ORIENTED_EDGE('',*,*,#890,.F.);
#1192=ORIENTED_EDGE('',*,*,#891,.F.);
#1193=ORIENTED_EDGE('',*,*,#892,.F.);
#1194=ORIENTED_EDGE('',*,*,#846,.F.);
#1195=ORIENTED_EDGE('',*,*,#893,.F.);
#1196=ORIENTED_EDGE('',*,*,#894,.T.);
#1197=ORIENTED_EDGE('',*,*,#895,.F.);
#1198=ORIENTED_EDGE('',*,*,#896,.F.);
#1199=ORIENTED_EDGE('',*,*,#897,.F.);
#1200=ORIENTED_EDGE('',*,*,#898,.F.);
#1201=ORIENTED_EDGE('',*,*,#899,.F.);
#1202=ORIENTED_EDGE('',*,*,#900,.T.);
#1203=ORIENTED_EDGE('',*,*,#901,.F.);
#1204=ORIENTED_EDGE('',*,*,#902,.F.);
#1205=ORIENTED_EDGE('',*,*,#903,.F.);
#1206=ORIENTED_EDGE('',*,*,#904,.F.);
#1207=ORIENTED_EDGE('',*,*,#905,.F.);
#1208=ORIENTED_EDGE('',*,*,#906,.T.);
#1209=ORIENTED_EDGE('',*,*,#907,.F.);
#1210=ORIENTED_EDGE('',*,*,#856,.T.);
#1211=ORIENTED_EDGE('',*,*,#878,.T.);
#1212=ORIENTED_EDGE('',*,*,#876,.T.);
#1213=ORIENTED_EDGE('',*,*,#874,.T.);
#1214=ORIENTED_EDGE('',*,*,#880,.T.);
#1215=ORIENTED_EDGE('',*,*,#886,.T.);
#1216=ORIENTED_EDGE('',*,*,#884,.T.);
#1217=ORIENTED_EDGE('',*,*,#882,.T.);
#1218=ORIENTED_EDGE('',*,*,#888,.T.);
#1219=ORIENTED_EDGE('',*,*,#892,.T.);
#1220=ORIENTED_EDGE('',*,*,#908,.T.);
#1221=ORIENTED_EDGE('',*,*,#862,.T.);
#1222=ORIENTED_EDGE('',*,*,#847,.T.);
#1223=ORIENTED_EDGE('',*,*,#889,.F.);
#1224=ORIENTED_EDGE('',*,*,#863,.T.);
#1225=ORIENTED_EDGE('',*,*,#908,.F.);
#1226=ORIENTED_EDGE('',*,*,#891,.T.);
#1227=ORIENTED_EDGE('',*,*,#893,.T.);
#1228=ORIENTED_EDGE('',*,*,#845,.T.);
#1229=ORIENTED_EDGE('',*,*,#861,.T.);
#1230=ORIENTED_EDGE('',*,*,#909,.T.);
#1231=ORIENTED_EDGE('',*,*,#907,.T.);
#1232=ORIENTED_EDGE('',*,*,#910,.T.);
#1233=ORIENTED_EDGE('',*,*,#829,.T.);
#1234=ORIENTED_EDGE('',*,*,#857,.T.);
#1235=ORIENTED_EDGE('',*,*,#911,.T.);
#1236=ORIENTED_EDGE('',*,*,#912,.T.);
#1237=ORIENTED_EDGE('',*,*,#913,.T.);
#1238=ORIENTED_EDGE('',*,*,#914,.T.);
#1239=ORIENTED_EDGE('',*,*,#915,.T.);
#1240=ORIENTED_EDGE('',*,*,#916,.T.);
#1241=ORIENTED_EDGE('',*,*,#913,.F.);
#1242=ORIENTED_EDGE('',*,*,#917,.T.);
#1243=ORIENTED_EDGE('',*,*,#918,.T.);
#1244=ORIENTED_EDGE('',*,*,#919,.T.);
#1245=ORIENTED_EDGE('',*,*,#915,.F.);
#1246=ORIENTED_EDGE('',*,*,#920,.T.);
#1247=ORIENTED_EDGE('',*,*,#921,.T.);
#1248=ORIENTED_EDGE('',*,*,#922,.T.);
#1249=ORIENTED_EDGE('',*,*,#918,.F.);
#1250=ORIENTED_EDGE('',*,*,#923,.T.);
#1251=ORIENTED_EDGE('',*,*,#924,.T.);
#1252=ORIENTED_EDGE('',*,*,#925,.T.);
#1253=ORIENTED_EDGE('',*,*,#921,.F.);
#1254=ORIENTED_EDGE('',*,*,#926,.T.);
#1255=ORIENTED_EDGE('',*,*,#923,.F.);
#1256=ORIENTED_EDGE('',*,*,#927,.T.);
#1257=ORIENTED_EDGE('',*,*,#928,.F.);
#1258=ORIENTED_EDGE('',*,*,#929,.F.);
#1259=ORIENTED_EDGE('',*,*,#930,.F.);
#1260=ORIENTED_EDGE('',*,*,#931,.T.);
#1261=ORIENTED_EDGE('',*,*,#920,.F.);
#1262=ORIENTED_EDGE('',*,*,#932,.F.);
#1263=ORIENTED_EDGE('',*,*,#933,.F.);
#1264=ORIENTED_EDGE('',*,*,#927,.F.);
#1265=ORIENTED_EDGE('',*,*,#917,.F.);
#1266=ORIENTED_EDGE('',*,*,#934,.T.);
#1267=ORIENTED_EDGE('',*,*,#935,.F.);
#1268=ORIENTED_EDGE('',*,*,#936,.F.);
#1269=ORIENTED_EDGE('',*,*,#937,.F.);
#1270=ORIENTED_EDGE('',*,*,#932,.T.);
#1271=ORIENTED_EDGE('',*,*,#912,.F.);
#1272=ORIENTED_EDGE('',*,*,#938,.F.);
#1273=ORIENTED_EDGE('',*,*,#939,.F.);
#1274=ORIENTED_EDGE('',*,*,#934,.F.);
#1275=ORIENTED_EDGE('',*,*,#940,.T.);
#1276=ORIENTED_EDGE('',*,*,#941,.T.);
#1277=ORIENTED_EDGE('',*,*,#942,.T.);
#1278=ORIENTED_EDGE('',*,*,#943,.T.);
#1279=ORIENTED_EDGE('',*,*,#944,.F.);
#1280=ORIENTED_EDGE('',*,*,#945,.T.);
#1281=ORIENTED_EDGE('',*,*,#946,.F.);
#1282=ORIENTED_EDGE('',*,*,#928,.T.);
#1283=ORIENTED_EDGE('',*,*,#947,.F.);
#1284=ORIENTED_EDGE('',*,*,#948,.T.);
#1285=ORIENTED_EDGE('',*,*,#942,.F.);
#1286=ORIENTED_EDGE('',*,*,#930,.T.);
#1287=ORIENTED_EDGE('',*,*,#946,.T.);
#1288=ORIENTED_EDGE('',*,*,#949,.T.);
#1289=ORIENTED_EDGE('',*,*,#947,.T.);
#1290=ORIENTED_EDGE('',*,*,#929,.T.);
#1291=ORIENTED_EDGE('',*,*,#950,.T.);
#1292=ORIENTED_EDGE('',*,*,#951,.T.);
#1293=ORIENTED_EDGE('',*,*,#952,.T.);
#1294=ORIENTED_EDGE('',*,*,#939,.T.);
#1295=ORIENTED_EDGE('',*,*,#953,.T.);
#1296=ORIENTED_EDGE('',*,*,#954,.T.);
#1297=ORIENTED_EDGE('',*,*,#944,.T.);
#1298=ORIENTED_EDGE('',*,*,#933,.T.);
#1299=ORIENTED_EDGE('',*,*,#952,.F.);
#1300=ORIENTED_EDGE('',*,*,#955,.T.);
#1301=ORIENTED_EDGE('',*,*,#956,.F.);
#1302=ORIENTED_EDGE('',*,*,#935,.T.);
#1303=ORIENTED_EDGE('',*,*,#957,.F.);
#1304=ORIENTED_EDGE('',*,*,#958,.T.);
#1305=ORIENTED_EDGE('',*,*,#953,.F.);
#1306=ORIENTED_EDGE('',*,*,#937,.T.);
#1307=ORIENTED_EDGE('',*,*,#956,.T.);
#1308=ORIENTED_EDGE('',*,*,#959,.T.);
#1309=ORIENTED_EDGE('',*,*,#957,.T.);
#1310=ORIENTED_EDGE('',*,*,#936,.T.);
#1311=ORIENTED_EDGE('',*,*,#896,.T.);
#1312=ORIENTED_EDGE('',*,*,#960,.F.);
#1313=ORIENTED_EDGE('',*,*,#961,.F.);
#1314=ORIENTED_EDGE('',*,*,#962,.F.);
#1315=ORIENTED_EDGE('',*,*,#963,.T.);
#1316=ORIENTED_EDGE('',*,*,#964,.T.);
#1317=ORIENTED_EDGE('',*,*,#960,.T.);
#1318=ORIENTED_EDGE('',*,*,#895,.T.);
#1319=ORIENTED_EDGE('',*,*,#961,.T.);
#1320=ORIENTED_EDGE('',*,*,#965,.T.);
#1321=ORIENTED_EDGE('',*,*,#949,.F.);
#1322=ORIENTED_EDGE('',*,*,#966,.T.);
#1323=ORIENTED_EDGE('',*,*,#967,.F.);
#1324=ORIENTED_EDGE('',*,*,#968,.F.);
#1325=ORIENTED_EDGE('',*,*,#898,.T.);
#1326=ORIENTED_EDGE('',*,*,#969,.F.);
#1327=ORIENTED_EDGE('',*,*,#970,.T.);
#1328=ORIENTED_EDGE('',*,*,#899,.T.);
#1329=ORIENTED_EDGE('',*,*,#968,.T.);
#1330=ORIENTED_EDGE('',*,*,#971,.T.);
#1331=ORIENTED_EDGE('',*,*,#962,.T.);
#1332=ORIENTED_EDGE('',*,*,#972,.T.);
#1333=ORIENTED_EDGE('',*,*,#969,.T.);
#1334=ORIENTED_EDGE('',*,*,#897,.T.);
#1335=ORIENTED_EDGE('',*,*,#959,.F.);
#1336=ORIENTED_EDGE('',*,*,#973,.T.);
#1337=ORIENTED_EDGE('',*,*,#967,.T.);
#1338=ORIENTED_EDGE('',*,*,#974,.T.);
#1339=ORIENTED_EDGE('',*,*,#926,.F.);
#1340=ORIENTED_EDGE('',*,*,#931,.F.);
#1341=ORIENTED_EDGE('',*,*,#941,.F.);
#1342=ORIENTED_EDGE('',*,*,#975,.T.);
#1343=ORIENTED_EDGE('',*,*,#943,.F.);
#1344=ORIENTED_EDGE('',*,*,#948,.F.);
#1345=ORIENTED_EDGE('',*,*,#965,.F.);
#1346=ORIENTED_EDGE('',*,*,#964,.F.);
#1347=ORIENTED_EDGE('',*,*,#976,.T.);
#1348=ORIENTED_EDGE('',*,*,#945,.F.);
#1349=ORIENTED_EDGE('',*,*,#954,.F.);
#1350=ORIENTED_EDGE('',*,*,#958,.F.);
#1351=ORIENTED_EDGE('',*,*,#974,.F.);
#1352=ORIENTED_EDGE('',*,*,#972,.F.);
#1353=ORIENTED_EDGE('',*,*,#966,.F.);
#1354=ORIENTED_EDGE('',*,*,#977,.T.);
#1355=ORIENTED_EDGE('',*,*,#978,.T.);
#1356=ORIENTED_EDGE('',*,*,#979,.T.);
#1357=ORIENTED_EDGE('',*,*,#980,.T.);
#1358=ORIENTED_EDGE('',*,*,#981,.T.);
#1359=ORIENTED_EDGE('',*,*,#982,.T.);
#1360=ORIENTED_EDGE('',*,*,#983,.T.);
#1361=ORIENTED_EDGE('',*,*,#980,.F.);
#1362=ORIENTED_EDGE('',*,*,#984,.T.);
#1363=ORIENTED_EDGE('',*,*,#985,.T.);
#1364=ORIENTED_EDGE('',*,*,#982,.F.);
#1365=ORIENTED_EDGE('',*,*,#986,.T.);
#1366=ORIENTED_EDGE('',*,*,#987,.T.);
#1367=ORIENTED_EDGE('',*,*,#984,.F.);
#1368=ORIENTED_EDGE('',*,*,#988,.T.);
#1369=ORIENTED_EDGE('',*,*,#989,.T.);
#1370=ORIENTED_EDGE('',*,*,#990,.T.);
#1371=ORIENTED_EDGE('',*,*,#991,.T.);
#1372=ORIENTED_EDGE('',*,*,#978,.F.);
#1373=ORIENTED_EDGE('',*,*,#992,.T.);
#1374=ORIENTED_EDGE('',*,*,#993,.T.);
#1375=ORIENTED_EDGE('',*,*,#994,.T.);
#1376=ORIENTED_EDGE('',*,*,#995,.T.);
#1377=ORIENTED_EDGE('',*,*,#996,.T.);
#1378=ORIENTED_EDGE('',*,*,#997,.T.);
#1379=ORIENTED_EDGE('',*,*,#993,.F.);
#1380=ORIENTED_EDGE('',*,*,#998,.T.);
#1381=ORIENTED_EDGE('',*,*,#989,.F.);
#1382=ORIENTED_EDGE('',*,*,#992,.F.);
#1383=ORIENTED_EDGE('',*,*,#977,.F.);
#1384=ORIENTED_EDGE('',*,*,#999,.T.);
#1385=ORIENTED_EDGE('',*,*,#1000,.F.);
#1386=ORIENTED_EDGE('',*,*,#1001,.F.);
#1387=ORIENTED_EDGE('',*,*,#983,.F.);
#1388=ORIENTED_EDGE('',*,*,#985,.F.);
#1389=ORIENTED_EDGE('',*,*,#987,.F.);
#1390=ORIENTED_EDGE('',*,*,#1002,.T.);
#1391=ORIENTED_EDGE('',*,*,#1003,.F.);
#1392=ORIENTED_EDGE('',*,*,#999,.F.);
#1393=ORIENTED_EDGE('',*,*,#1004,.T.);
#1394=ORIENTED_EDGE('',*,*,#998,.F.);
#1395=ORIENTED_EDGE('',*,*,#996,.F.);
#1396=ORIENTED_EDGE('',*,*,#1005,.T.);
#1397=ORIENTED_EDGE('',*,*,#1006,.F.);
#1398=ORIENTED_EDGE('',*,*,#1002,.F.);
#1399=ORIENTED_EDGE('',*,*,#902,.T.);
#1400=ORIENTED_EDGE('',*,*,#1007,.F.);
#1401=ORIENTED_EDGE('',*,*,#1008,.F.);
#1402=ORIENTED_EDGE('',*,*,#1009,.F.);
#1403=ORIENTED_EDGE('',*,*,#1010,.T.);
#1404=ORIENTED_EDGE('',*,*,#1011,.T.);
#1405=ORIENTED_EDGE('',*,*,#1007,.T.);
#1406=ORIENTED_EDGE('',*,*,#901,.T.);
#1407=ORIENTED_EDGE('',*,*,#988,.F.);
#1408=ORIENTED_EDGE('',*,*,#1012,.T.);
#1409=ORIENTED_EDGE('',*,*,#1008,.T.);
#1410=ORIENTED_EDGE('',*,*,#1013,.T.);
#1411=ORIENTED_EDGE('',*,*,#997,.F.);
#1412=ORIENTED_EDGE('',*,*,#1014,.F.);
#1413=ORIENTED_EDGE('',*,*,#1015,.F.);
#1414=ORIENTED_EDGE('',*,*,#904,.T.);
#1415=ORIENTED_EDGE('',*,*,#1016,.F.);
#1416=ORIENTED_EDGE('',*,*,#1017,.T.);
#1417=ORIENTED_EDGE('',*,*,#905,.T.);
#1418=ORIENTED_EDGE('',*,*,#1015,.T.);
#1419=ORIENTED_EDGE('',*,*,#1018,.T.);
#1420=ORIENTED_EDGE('',*,*,#1009,.T.);
#1421=ORIENTED_EDGE('',*,*,#1019,.T.);
#1422=ORIENTED_EDGE('',*,*,#1016,.T.);
#1423=ORIENTED_EDGE('',*,*,#903,.T.);
#1424=ORIENTED_EDGE('',*,*,#979,.F.);
#1425=ORIENTED_EDGE('',*,*,#1020,.T.);
#1426=ORIENTED_EDGE('',*,*,#1014,.T.);
#1427=ORIENTED_EDGE('',*,*,#1021,.T.);
#1428=ORIENTED_EDGE('',*,*,#981,.F.);
#1429=ORIENTED_EDGE('',*,*,#991,.F.);
#1430=ORIENTED_EDGE('',*,*,#1022,.T.);
#1431=ORIENTED_EDGE('',*,*,#1018,.F.);
#1432=ORIENTED_EDGE('',*,*,#1020,.F.);
#1433=ORIENTED_EDGE('',*,*,#951,.F.);
#1434=ORIENTED_EDGE('',*,*,#1023,.T.);
#1435=ORIENTED_EDGE('',*,*,#971,.F.);
#1436=ORIENTED_EDGE('',*,*,#973,.F.);
#1437=ORIENTED_EDGE('',*,*,#955,.F.);
#1438=ORIENTED_EDGE('',*,*,#994,.F.);
#1439=ORIENTED_EDGE('',*,*,#1013,.F.);
#1440=ORIENTED_EDGE('',*,*,#1011,.F.);
#1441=ORIENTED_EDGE('',*,*,#1024,.T.);
#1442=ORIENTED_EDGE('',*,*,#986,.F.);
#1443=ORIENTED_EDGE('',*,*,#1021,.F.);
#1444=ORIENTED_EDGE('',*,*,#1019,.F.);
#1445=ORIENTED_EDGE('',*,*,#1012,.F.);
#1446=ORIENTED_EDGE('',*,*,#1004,.F.);
#1447=ORIENTED_EDGE('',*,*,#1025,.T.);
#1448=ORIENTED_EDGE('',*,*,#1026,.F.);
#1449=ORIENTED_EDGE('',*,*,#1025,.F.);
#1450=ORIENTED_EDGE('',*,*,#1003,.T.);
#1451=ORIENTED_EDGE('',*,*,#1006,.T.);
#1452=ORIENTED_EDGE('',*,*,#1027,.T.);
#1453=ORIENTED_EDGE('',*,*,#1000,.T.);
#1454=ORIENTED_EDGE('',*,*,#1028,.F.);
#1455=ORIENTED_EDGE('',*,*,#1029,.T.);
#1456=ORIENTED_EDGE('',*,*,#825,.F.);
#1457=ORIENTED_EDGE('',*,*,#1029,.F.);
#1458=ORIENTED_EDGE('',*,*,#1030,.F.);
#1459=ORIENTED_EDGE('',*,*,#1031,.T.);
#1460=ORIENTED_EDGE('',*,*,#826,.F.);
#1461=ORIENTED_EDGE('',*,*,#1031,.F.);
#1462=ORIENTED_EDGE('',*,*,#925,.F.);
#1463=ORIENTED_EDGE('',*,*,#1032,.T.);
#1464=ORIENTED_EDGE('',*,*,#914,.F.);
#1465=ORIENTED_EDGE('',*,*,#916,.F.);
#1466=ORIENTED_EDGE('',*,*,#919,.F.);
#1467=ORIENTED_EDGE('',*,*,#922,.F.);
#1468=ORIENTED_EDGE('',*,*,#1028,.T.);
#1469=ORIENTED_EDGE('',*,*,#1030,.T.);
#1470=ORIENTED_EDGE('',*,*,#909,.F.);
#1471=ORIENTED_EDGE('',*,*,#860,.T.);
#1472=ORIENTED_EDGE('',*,*,#832,.T.);
#1473=ORIENTED_EDGE('',*,*,#823,.T.);
#1474=ORIENTED_EDGE('',*,*,#807,.T.);
#1475=ORIENTED_EDGE('',*,*,#827,.T.);
#1476=ORIENTED_EDGE('',*,*,#799,.T.);
#1477=ORIENTED_EDGE('',*,*,#830,.T.);
#1478=ORIENTED_EDGE('',*,*,#910,.F.);
#1479=ORIENTED_EDGE('',*,*,#906,.F.);
#1480=ORIENTED_EDGE('',*,*,#1017,.F.);
#1481=ORIENTED_EDGE('',*,*,#1022,.F.);
#1482=ORIENTED_EDGE('',*,*,#990,.F.);
#1483=ORIENTED_EDGE('',*,*,#1001,.T.);
#1484=ORIENTED_EDGE('',*,*,#1027,.F.);
#1485=ORIENTED_EDGE('',*,*,#1005,.F.);
#1486=ORIENTED_EDGE('',*,*,#995,.F.);
#1487=ORIENTED_EDGE('',*,*,#1024,.F.);
#1488=ORIENTED_EDGE('',*,*,#1010,.F.);
#1489=ORIENTED_EDGE('',*,*,#900,.F.);
#1490=ORIENTED_EDGE('',*,*,#970,.F.);
#1491=ORIENTED_EDGE('',*,*,#1023,.F.);
#1492=ORIENTED_EDGE('',*,*,#950,.F.);
#1493=ORIENTED_EDGE('',*,*,#938,.T.);
#1494=ORIENTED_EDGE('',*,*,#911,.F.);
#1495=ORIENTED_EDGE('',*,*,#1032,.F.);
#1496=ORIENTED_EDGE('',*,*,#924,.F.);
#1497=ORIENTED_EDGE('',*,*,#975,.F.);
#1498=ORIENTED_EDGE('',*,*,#940,.F.);
#1499=ORIENTED_EDGE('',*,*,#976,.F.);
#1500=ORIENTED_EDGE('',*,*,#963,.F.);
#1501=ORIENTED_EDGE('',*,*,#894,.F.);
#1502=ORIENTED_EDGE('',*,*,#1026,.T.);
#1503=PLANE('',#1653);
#1504=PLANE('',#1654);
#1505=PLANE('',#1655);
#1506=PLANE('',#1656);
#1507=PLANE('',#1657);
#1508=PLANE('',#1658);
#1509=PLANE('',#1659);
#1510=PLANE('',#1660);
#1511=PLANE('',#1662);
#1512=PLANE('',#1663);
#1513=PLANE('',#1666);
#1514=PLANE('',#1667);
#1515=PLANE('',#1669);
#1516=PLANE('',#1670);
#1517=PLANE('',#1671);
#1518=PLANE('',#1672);
#1519=PLANE('',#1676);
#1520=PLANE('',#1679);
#1521=PLANE('',#1680);
#1522=PLANE('',#1681);
#1523=PLANE('',#1682);
#1524=PLANE('',#1684);
#1525=PLANE('',#1691);
#1526=PLANE('',#1694);
#1527=PLANE('',#1697);
#1528=PLANE('',#1700);
#1529=PLANE('',#1705);
#1530=PLANE('',#1714);
#1531=PLANE('',#1734);
#1532=PLANE('',#1739);
#1533=PLANE('',#1772);
#1534=PLANE('',#1773);
#1535=PLANE('',#1774);
#1536=PLANE('',#1792);
#1537=PLANE('',#1793);
#1538=PLANE('',#1796);
#1539=PLANE('',#1810);
#1540=PLANE('',#1811);
#1541=PLANE('',#1812);
#1542=PLANE('',#1813);
#1543=PLANE('',#1822);
#1544=PLANE('',#1823);
#1545=ADVANCED_FACE('',(#180),#1503,.T.);
#1546=ADVANCED_FACE('',(#181),#1504,.T.);
#1547=ADVANCED_FACE('',(#182),#1505,.F.);
#1548=ADVANCED_FACE('',(#183),#1506,.T.);
#1549=ADVANCED_FACE('',(#184),#1507,.T.);
#1550=ADVANCED_FACE('',(#185),#1508,.F.);
#1551=ADVANCED_FACE('',(#186),#1509,.T.);
#1552=ADVANCED_FACE('',(#187),#1510,.T.);
#1553=ADVANCED_FACE('',(#188),#1511,.T.);
#1554=ADVANCED_FACE('',(#189,#104,#105),#1512,.F.);
#1555=ADVANCED_FACE('',(#190),#1513,.F.);
#1556=ADVANCED_FACE('',(#191),#1514,.F.);
#1557=ADVANCED_FACE('',(#192),#1515,.T.);
#1558=ADVANCED_FACE('',(#193),#1516,.T.);
#1559=ADVANCED_FACE('',(#194),#1517,.F.);
#1560=ADVANCED_FACE('',(#195),#1518,.T.);
#1561=ADVANCED_FACE('',(#196),#69,.T.);
#1562=ADVANCED_FACE('',(#197),#1519,.T.);
#1563=ADVANCED_FACE('',(#198),#70,.T.);
#1564=ADVANCED_FACE('',(#199),#1520,.T.);
#1565=ADVANCED_FACE('',(#200),#1521,.T.);
#1566=ADVANCED_FACE('',(#201),#1522,.T.);
#1567=ADVANCED_FACE('',(#202),#1523,.F.);
#1568=ADVANCED_FACE('',(#203,#106,#107),#1524,.F.);
#1569=ADVANCED_FACE('',(#204),#1525,.F.);
#1570=ADVANCED_FACE('',(#205),#71,.F.);
#1571=ADVANCED_FACE('',(#206),#1526,.F.);
#1572=ADVANCED_FACE('',(#207),#72,.F.);
#1573=ADVANCED_FACE('',(#208),#1527,.F.);
#1574=ADVANCED_FACE('',(#209),#73,.F.);
#1575=ADVANCED_FACE('',(#210),#1528,.F.);
#1576=ADVANCED_FACE('',(#211),#74,.F.);
#1577=ADVANCED_FACE('',(#212),#75,.T.);
#1578=ADVANCED_FACE('',(#213,#108,#109),#1529,.T.);
#1579=ADVANCED_FACE('',(#214),#76,.T.);
#1580=ADVANCED_FACE('',(#215),#1530,.T.);
#1581=ADVANCED_FACE('',(#216),#77,.T.);
#1582=ADVANCED_FACE('',(#217),#78,.T.);
#1583=ADVANCED_FACE('',(#218),#79,.T.);
#1584=ADVANCED_FACE('',(#219),#39,.F.);
#1585=ADVANCED_FACE('',(#220),#80,.T.);
#1586=ADVANCED_FACE('',(#221),#40,.F.);
#1587=ADVANCED_FACE('',(#222),#81,.T.);
#1588=ADVANCED_FACE('',(#223),#82,.T.);
#1589=ADVANCED_FACE('',(#224),#1531,.T.);
#1590=ADVANCED_FACE('',(#225),#83,.T.);
#1591=ADVANCED_FACE('',(#226),#1532,.T.);
#1592=ADVANCED_FACE('',(#227),#84,.F.);
#1593=ADVANCED_FACE('',(#228),#25,.T.);
#1594=ADVANCED_FACE('',(#229),#26,.T.);
#1595=ADVANCED_FACE('',(#230),#27,.T.);
#1596=ADVANCED_FACE('',(#231),#85,.F.);
#1597=ADVANCED_FACE('',(#232),#86,.F.);
#1598=ADVANCED_FACE('',(#233),#28,.T.);
#1599=ADVANCED_FACE('',(#234),#29,.T.);
#1600=ADVANCED_FACE('',(#235),#30,.T.);
#1601=ADVANCED_FACE('',(#236),#31,.T.);
#1602=ADVANCED_FACE('',(#237),#87,.F.);
#1603=ADVANCED_FACE('',(#238),#88,.T.);
#1604=ADVANCED_FACE('',(#239),#32,.T.);
#1605=ADVANCED_FACE('',(#240),#89,.F.);
#1606=ADVANCED_FACE('',(#241),#90,.F.);
#1607=ADVANCED_FACE('',(#242),#91,.T.);
#1608=ADVANCED_FACE('',(#243),#1533,.T.);
#1609=ADVANCED_FACE('',(#244),#1534,.T.);
#1610=ADVANCED_FACE('',(#245),#1535,.T.);
#1611=ADVANCED_FACE('',(#246),#33,.T.);
#1612=ADVANCED_FACE('',(#247),#34,.T.);
#1613=ADVANCED_FACE('',(#248),#92,.F.);
#1614=ADVANCED_FACE('',(#249),#35,.T.);
#1615=ADVANCED_FACE('',(#250),#93,.F.);
#1616=ADVANCED_FACE('',(#251),#94,.F.);
#1617=ADVANCED_FACE('',(#252),#36,.T.);
#1618=ADVANCED_FACE('',(#253),#1536,.T.);
#1619=ADVANCED_FACE('',(#254,#110),#1537,.T.);
#1620=ADVANCED_FACE('',(#255),#1538,.T.);
#1621=ADVANCED_FACE('',(#256),#37,.T.);
#1622=ADVANCED_FACE('',(#257),#95,.F.);
#1623=ADVANCED_FACE('',(#258),#96,.T.);
#1624=ADVANCED_FACE('',(#259),#38,.T.);
#1625=ADVANCED_FACE('',(#260),#97,.F.);
#1626=ADVANCED_FACE('',(#261),#98,.F.);
#1627=ADVANCED_FACE('',(#262),#99,.T.);
#1628=ADVANCED_FACE('',(#263),#1539,.T.);
#1629=ADVANCED_FACE('',(#264),#1540,.T.);
#1630=ADVANCED_FACE('',(#265),#1541,.T.);
#1631=ADVANCED_FACE('',(#266),#1542,.T.);
#1632=ADVANCED_FACE('',(#267),#100,.F.);
#1633=ADVANCED_FACE('',(#268),#101,.T.);
#1634=ADVANCED_FACE('',(#269),#102,.F.);
#1635=ADVANCED_FACE('',(#270),#103,.F.);
#1636=ADVANCED_FACE('',(#271,#111,#112),#1543,.T.);
#1637=ADVANCED_FACE('',(#272,#113),#1544,.T.);
#1638=CLOSED_SHELL('',(#1545,#1546,#1547,#1548,#1549,#1550,#1551,#1552,
#1553,#1554,#1555,#1556,#1557,#1558,#1559,#1560,#1561,#1562,#1563,#1564,
#1565,#1566,#1567,#1568,#1569,#1570,#1571,#1572,#1573,#1574,#1575,#1576,
#1577,#1578,#1579,#1580,#1581,#1582,#1583,#1584,#1585,#1586,#1587,#1588,
#1589,#1590,#1591,#1592,#1593,#1594,#1595,#1596,#1597,#1598,#1599,#1600,
#1601,#1602,#1603,#1604,#1605,#1606,#1607,#1608,#1609,#1610,#1611,#1612,
#1613,#1614,#1615,#1616,#1617,#1618,#1619,#1620,#1621,#1622,#1623,#1624,
#1625,#1626,#1627,#1628,#1629,#1630,#1631,#1632,#1633,#1634,#1635,#1636,
#1637));
#1639=DERIVED_UNIT_ELEMENT(#1641,1.);
#1640=DERIVED_UNIT_ELEMENT(#3088,-3.);
#1641=(
MASS_UNIT()
NAMED_UNIT(*)
SI_UNIT(.KILO.,.GRAM.)
);
#1642=DERIVED_UNIT((#1639,#1640));
#1643=MEASURE_REPRESENTATION_ITEM('density measure',
POSITIVE_RATIO_MEASURE(7850.),#1642);
#1644=PROPERTY_DEFINITION_REPRESENTATION(#1649,#1646);
#1645=PROPERTY_DEFINITION_REPRESENTATION(#1650,#1647);
#1646=REPRESENTATION('material name',(#1648),#3084);
#1647=REPRESENTATION('density',(#1643),#3084);
#1648=DESCRIPTIVE_REPRESENTATION_ITEM('Stal','Stal');
#1649=PROPERTY_DEFINITION('material property','material name',#3104);
#1650=PROPERTY_DEFINITION('material property','density of part',#3104);
#1651=AXIS2_PLACEMENT_3D('',#2318,#1827,#1828);
#1652=AXIS2_PLACEMENT_3D('',#2319,#1829,#1830);
#1653=AXIS2_PLACEMENT_3D('',#2320,#1831,#1832);
#1654=AXIS2_PLACEMENT_3D('',#2329,#1837,#1838);
#1655=AXIS2_PLACEMENT_3D('',#2333,#1841,#1842);
#1656=AXIS2_PLACEMENT_3D('',#2337,#1845,#1846);
#1657=AXIS2_PLACEMENT_3D('',#2346,#1851,#1852);
#1658=AXIS2_PLACEMENT_3D('',#2350,#1855,#1856);
#1659=AXIS2_PLACEMENT_3D('',#2354,#1859,#1860);
#1660=AXIS2_PLACEMENT_3D('',#2360,#1864,#1865);
#1661=AXIS2_PLACEMENT_3D('',#2364,#1867,#1868);
#1662=AXIS2_PLACEMENT_3D('',#2368,#1871,#1872);
#1663=AXIS2_PLACEMENT_3D('',#2371,#1875,#1876);
#1664=AXIS2_PLACEMENT_3D('',#2376,#1879,#1880);
#1665=AXIS2_PLACEMENT_3D('',#2378,#1881,#1882);
#1666=AXIS2_PLACEMENT_3D('',#2379,#1883,#1884);
#1667=AXIS2_PLACEMENT_3D('',#2381,#1886,#1887);
#1668=AXIS2_PLACEMENT_3D('',#2385,#1889,#1890);
#1669=AXIS2_PLACEMENT_3D('',#2387,#1892,#1893);
#1670=AXIS2_PLACEMENT_3D('',#2394,#1898,#1899);
#1671=AXIS2_PLACEMENT_3D('',#2398,#1902,#1903);
#1672=AXIS2_PLACEMENT_3D('',#2399,#1904,#1905);
#1673=AXIS2_PLACEMENT_3D('',#2405,#1908,#1909);
#1674=AXIS2_PLACEMENT_3D('',#2407,#1911,#1912);
#1675=AXIS2_PLACEMENT_3D('',#2410,#1913,#1914);
#1676=AXIS2_PLACEMENT_3D('',#2413,#1917,#1918);
#1677=AXIS2_PLACEMENT_3D('',#2425,#1925,#1926);
#1678=AXIS2_PLACEMENT_3D('',#2429,#1928,#1929);
#1679=AXIS2_PLACEMENT_3D('',#2431,#1931,#1932);
#1680=AXIS2_PLACEMENT_3D('',#2441,#1938,#1939);
#1681=AXIS2_PLACEMENT_3D('',#2444,#1942,#1943);
#1682=AXIS2_PLACEMENT_3D('',#2445,#1944,#1945);
#1683=AXIS2_PLACEMENT_3D('',#2448,#1947,#1948);
#1684=AXIS2_PLACEMENT_3D('',#2449,#1949,#1950);
#1685=AXIS2_PLACEMENT_3D('',#2451,#1951,#1952);
#1686=AXIS2_PLACEMENT_3D('',#2454,#1954,#1955);
#1687=AXIS2_PLACEMENT_3D('',#2459,#1957,#1958);
#1688=AXIS2_PLACEMENT_3D('',#2462,#1960,#1961);
#1689=AXIS2_PLACEMENT_3D('',#2467,#1963,#1964);
#1690=AXIS2_PLACEMENT_3D('',#2470,#1966,#1967);
#1691=AXIS2_PLACEMENT_3D('',#2471,#1968,#1969);
#1692=AXIS2_PLACEMENT_3D('',#2477,#1973,#1974);
#1693=AXIS2_PLACEMENT_3D('',#2479,#1975,#1976);
#1694=AXIS2_PLACEMENT_3D('',#2481,#1978,#1979);
#1695=AXIS2_PLACEMENT_3D('',#2485,#1982,#1983);
#1696=AXIS2_PLACEMENT_3D('',#2486,#1984,#1985);
#1697=AXIS2_PLACEMENT_3D('',#2487,#1986,#1987);
#1698=AXIS2_PLACEMENT_3D('',#2493,#1991,#1992);
#1699=AXIS2_PLACEMENT_3D('',#2495,#1993,#1994);
#1700=AXIS2_PLACEMENT_3D('',#2497,#1996,#1997);
#1701=AXIS2_PLACEMENT_3D('',#2501,#2000,#2001);
#1702=AXIS2_PLACEMENT_3D('',#2502,#2002,#2003);
#1703=AXIS2_PLACEMENT_3D('',#2503,#2004,#2005);
#1704=AXIS2_PLACEMENT_3D('',#2506,#2007,#2008);
#1705=AXIS2_PLACEMENT_3D('',#2507,#2009,#2010);
#1706=AXIS2_PLACEMENT_3D('',#2510,#2012,#2013);
#1707=AXIS2_PLACEMENT_3D('',#2512,#2014,#2015);
#1708=AXIS2_PLACEMENT_3D('',#2518,#2018,#2019);
#1709=AXIS2_PLACEMENT_3D('',#2522,#2021,#2022);
#1710=AXIS2_PLACEMENT_3D('',#2530,#2026,#2027);
#1711=AXIS2_PLACEMENT_3D('',#2534,#2029,#2030);
#1712=AXIS2_PLACEMENT_3D('',#2539,#2033,#2034);
#1713=AXIS2_PLACEMENT_3D('',#2540,#2035,#2036);
#1714=AXIS2_PLACEMENT_3D('',#2542,#2038,#2039);
#1715=AXIS2_PLACEMENT_3D('',#2543,#2040,#2041);
#1716=AXIS2_PLACEMENT_3D('',#2545,#2043,#2044);
#1717=AXIS2_PLACEMENT_3D('',#2547,#2046,#2047);
#1718=AXIS2_PLACEMENT_3D('',#2550,#2048,#2049);
#1719=AXIS2_PLACEMENT_3D('',#2554,#2051,#2052);
#1720=AXIS2_PLACEMENT_3D('',#2567,#2054,#2055);
#1721=AXIS2_PLACEMENT_3D('',#2568,#2056,#2057);
#1722=AXIS2_PLACEMENT_3D('',#2569,#2058,#2059);
#1723=AXIS2_PLACEMENT_3D('',#2570,#2060,#2061);
#1724=AXIS2_PLACEMENT_3D('',#2573,#2062,#2063);
#1725=AXIS2_PLACEMENT_3D('',#2587,#2066,#2067);
#1726=AXIS2_PLACEMENT_3D('',#2588,#2068,#2069);
#1727=AXIS2_PLACEMENT_3D('',#2589,#2070,#2071);
#1728=AXIS2_PLACEMENT_3D('',#2590,#2072,#2073);
#1729=AXIS2_PLACEMENT_3D('',#2593,#2074,#2075);
#1730=AXIS2_PLACEMENT_3D('',#2596,#2078,#2079);
#1731=AXIS2_PLACEMENT_3D('',#2600,#2081,#2082);
#1732=AXIS2_PLACEMENT_3D('',#2602,#2083,#2084);
#1733=AXIS2_PLACEMENT_3D('',#2604,#2085,#2086);
#1734=AXIS2_PLACEMENT_3D('',#2606,#2088,#2089);
#1735=AXIS2_PLACEMENT_3D('',#2610,#2092,#2093);
#1736=AXIS2_PLACEMENT_3D('',#2614,#2095,#2096);
#1737=AXIS2_PLACEMENT_3D('',#2616,#2097,#2098);
#1738=AXIS2_PLACEMENT_3D('',#2617,#2099,#2100);
#1739=AXIS2_PLACEMENT_3D('',#2618,#2101,#2102);
#1740=AXIS2_PLACEMENT_3D('',#2622,#2105,#2106);
#1741=AXIS2_PLACEMENT_3D('',#2625,#2107,#2108);
#1742=AXIS2_PLACEMENT_3D('',#2628,#2110,#2111);
#1743=AXIS2_PLACEMENT_3D('',#2647,#2113,#2114);
#1744=AXIS2_PLACEMENT_3D('',#2649,#2115,#2116);
#1745=AXIS2_PLACEMENT_3D('',#2650,#2117,#2118);
#1746=AXIS2_PLACEMENT_3D('',#2668,#2119,#2120);
#1747=AXIS2_PLACEMENT_3D('',#2669,#2121,#2122);
#1748=AXIS2_PLACEMENT_3D('',#2690,#2123,#2124);
#1749=AXIS2_PLACEMENT_3D('',#2691,#2125,#2126);
#1750=AXIS2_PLACEMENT_3D('',#2693,#2127,#2128);
#1751=AXIS2_PLACEMENT_3D('',#2696,#2130,#2131);
#1752=AXIS2_PLACEMENT_3D('',#2697,#2132,#2133);
#1753=AXIS2_PLACEMENT_3D('',#2699,#2134,#2135);
#1754=AXIS2_PLACEMENT_3D('',#2718,#2137,#2138);
#1755=AXIS2_PLACEMENT_3D('',#2719,#2139,#2140);
#1756=AXIS2_PLACEMENT_3D('',#2737,#2141,#2142);
#1757=AXIS2_PLACEMENT_3D('',#2738,#2143,#2144);
#1758=AXIS2_PLACEMENT_3D('',#2759,#2145,#2146);
#1759=AXIS2_PLACEMENT_3D('',#2781,#2147,#2148);
#1760=AXIS2_PLACEMENT_3D('',#2783,#2149,#2150);
#1761=AXIS2_PLACEMENT_3D('',#2784,#2151,#2152);
#1762=AXIS2_PLACEMENT_3D('',#2785,#2153,#2154);
#1763=AXIS2_PLACEMENT_3D('',#2787,#2155,#2156);
#1764=AXIS2_PLACEMENT_3D('',#2789,#2158,#2159);
#1765=AXIS2_PLACEMENT_3D('',#2814,#2162,#2163);
#1766=AXIS2_PLACEMENT_3D('',#2815,#2164,#2165);
#1767=AXIS2_PLACEMENT_3D('',#2816,#2166,#2167);
#1768=AXIS2_PLACEMENT_3D('',#2817,#2168,#2169);
#1769=AXIS2_PLACEMENT_3D('',#2819,#2170,#2171);
#1770=AXIS2_PLACEMENT_3D('',#2821,#2173,#2174);
#1771=AXIS2_PLACEMENT_3D('',#2823,#2176,#2177);
#1772=AXIS2_PLACEMENT_3D('',#2826,#2180,#2181);
#1773=AXIS2_PLACEMENT_3D('',#2828,#2183,#2184);
#1774=AXIS2_PLACEMENT_3D('',#2830,#2186,#2187);
#1775=AXIS2_PLACEMENT_3D('',#2853,#2188,#2189);
#1776=AXIS2_PLACEMENT_3D('',#2855,#2190,#2191);
#1777=AXIS2_PLACEMENT_3D('',#2857,#2192,#2193);
#1778=AXIS2_PLACEMENT_3D('',#2889,#2194,#2195);
#1779=AXIS2_PLACEMENT_3D('',#2891,#2196,#2197);
#1780=AXIS2_PLACEMENT_3D('',#2892,#2198,#2199);
#1781=AXIS2_PLACEMENT_3D('',#2893,#2200,#2201);
#1782=AXIS2_PLACEMENT_3D('',#2896,#2202,#2203);
#1783=AXIS2_PLACEMENT_3D('',#2920,#2206,#2207);
#1784=AXIS2_PLACEMENT_3D('',#2922,#2208,#2209);
#1785=AXIS2_PLACEMENT_3D('',#2933,#2210,#2211);
#1786=AXIS2_PLACEMENT_3D('',#2936,#2212,#2213);
#1787=AXIS2_PLACEMENT_3D('',#2939,#2216,#2217);
#1788=AXIS2_PLACEMENT_3D('',#2942,#2218,#2219);
#1789=AXIS2_PLACEMENT_3D('',#2946,#2221,#2222);
#1790=AXIS2_PLACEMENT_3D('',#2968,#2224,#2225);
#1791=AXIS2_PLACEMENT_3D('',#2969,#2226,#2227);
#1792=AXIS2_PLACEMENT_3D('',#2970,#2228,#2229);
#1793=AXIS2_PLACEMENT_3D('',#2976,#2233,#2234);
#1794=AXIS2_PLACEMENT_3D('',#2979,#2236,#2237);
#1795=AXIS2_PLACEMENT_3D('',#2981,#2238,#2239);
#1796=AXIS2_PLACEMENT_3D('',#2982,#2240,#2241);
#1797=AXIS2_PLACEMENT_3D('',#3007,#2244,#2245);
#1798=AXIS2_PLACEMENT_3D('',#3009,#2246,#2247);
#1799=AXIS2_PLACEMENT_3D('',#3010,#2248,#2249);
#1800=AXIS2_PLACEMENT_3D('',#3011,#2250,#2251);
#1801=AXIS2_PLACEMENT_3D('',#3013,#2252,#2253);
#1802=AXIS2_PLACEMENT_3D('',#3015,#2255,#2256);
#1803=AXIS2_PLACEMENT_3D('',#3040,#2259,#2260);
#1804=AXIS2_PLACEMENT_3D('',#3041,#2261,#2262);
#1805=AXIS2_PLACEMENT_3D('',#3042,#2263,#2264);
#1806=AXIS2_PLACEMENT_3D('',#3043,#2265,#2266);
#1807=AXIS2_PLACEMENT_3D('',#3045,#2267,#2268);
#1808=AXIS2_PLACEMENT_3D('',#3047,#2270,#2271);
#1809=AXIS2_PLACEMENT_3D('',#3049,#2273,#2274);
#1810=AXIS2_PLACEMENT_3D('',#3052,#2277,#2278);
#1811=AXIS2_PLACEMENT_3D('',#3054,#2280,#2281);
#1812=AXIS2_PLACEMENT_3D('',#3056,#2283,#2284);
#1813=AXIS2_PLACEMENT_3D('',#3058,#2286,#2287);
#1814=AXIS2_PLACEMENT_3D('',#3059,#2288,#2289);
#1815=AXIS2_PLACEMENT_3D('',#3062,#2291,#2292);
#1816=AXIS2_PLACEMENT_3D('',#3063,#2293,#2294);
#1817=AXIS2_PLACEMENT_3D('',#3064,#2295,#2296);
#1818=AXIS2_PLACEMENT_3D('',#3065,#2297,#2298);
#1819=AXIS2_PLACEMENT_3D('',#3067,#2299,#2300);
#1820=AXIS2_PLACEMENT_3D('',#3069,#2302,#2303);
#1821=AXIS2_PLACEMENT_3D('',#3071,#2304,#2305);
#1822=AXIS2_PLACEMENT_3D('',#3073,#2307,#2308);
#1823=AXIS2_PLACEMENT_3D('',#3075,#2310,#2311);
#1824=AXIS2_PLACEMENT_3D('',#3076,#2312,#2313);
#1825=AXIS2_PLACEMENT_3D('',#3077,#2314,#2315);
#1826=AXIS2_PLACEMENT_3D('',#3078,#2316,#2317);
#1827=DIRECTION('axis',(0.,0.,1.));
#1828=DIRECTION('refdir',(1.,0.,0.));
#1829=DIRECTION('axis',(0.,0.,1.));
#1830=DIRECTION('refdir',(1.,0.,0.));
#1831=DIRECTION('center_axis',(0.,-0.752576696790945,-0.658504605486727));
#1832=DIRECTION('ref_axis',(-1.10658653300428E-16,-0.658504605486727,0.752576696790945));
#1833=DIRECTION('',(-1.10658653300428E-16,-0.658504605486727,0.752576696790945));
#1834=DIRECTION('',(1.,0.,-6.06459327201492E-15));
#1835=DIRECTION('',(-1.10658653300428E-16,-0.658504605486727,0.752576696790945));
#1836=DIRECTION('',(-1.,0.,0.));
#1837=DIRECTION('center_axis',(-1.,0.,0.));
#1838=DIRECTION('ref_axis',(0.,0.,1.));
#1839=DIRECTION('',(0.,-1.,0.));
#1840=DIRECTION('',(0.,0.,1.));
#1841=DIRECTION('center_axis',(-1.,-3.73394161804613E-30,-1.48029736616688E-16));
#1842=DIRECTION('ref_axis',(3.73394161804613E-30,-1.,0.));
#1843=DIRECTION('',(-3.73394161804613E-30,1.,2.2644837214899E-44));
#1844=DIRECTION('',(1.48029736616688E-16,0.,-1.));
#1845=DIRECTION('center_axis',(0.,-0.752576696790945,-0.658504605486727));
#1846=DIRECTION('ref_axis',(-1.10658653300428E-16,-0.658504605486727,0.752576696790945));
#1847=DIRECTION('',(-1.10658653300428E-16,-0.658504605486727,0.752576696790945));
#1848=DIRECTION('',(1.,0.,-6.06459327201492E-15));
#1849=DIRECTION('',(-1.10658653300428E-16,-0.658504605486727,0.752576696790945));
#1850=DIRECTION('',(-1.,0.,0.));
#1851=DIRECTION('center_axis',(-1.,0.,0.));
#1852=DIRECTION('ref_axis',(0.,0.,1.));
#1853=DIRECTION('',(0.,-1.,0.));
#1854=DIRECTION('',(0.,0.,1.));
#1855=DIRECTION('center_axis',(-1.,-3.73394161804613E-30,-1.48029736616688E-16));
#1856=DIRECTION('ref_axis',(3.73394161804613E-30,-1.,0.));
#1857=DIRECTION('',(-3.73394161804613E-30,1.,2.2644837214899E-44));
#1858=DIRECTION('',(1.48029736616688E-16,0.,-1.));
#1859=DIRECTION('center_axis',(0.,-1.,0.));
#1860=DIRECTION('ref_axis',(-1.,0.,0.));
#1861=DIRECTION('',(1.,0.,-6.06459327201492E-15));
#1862=DIRECTION('',(1.48029736616688E-16,0.,-1.));
#1863=DIRECTION('',(-1.,0.,0.));
#1864=DIRECTION('center_axis',(0.,-1.,0.));
#1865=DIRECTION('ref_axis',(-1.,0.,0.));
#1866=DIRECTION('',(-1.,0.,0.));
#1867=DIRECTION('center_axis',(0.,1.,0.));
#1868=DIRECTION('ref_axis',(0.707106781186545,0.,-0.70710678118655));
#1869=DIRECTION('',(0.,0.,-1.));
#1870=DIRECTION('',(1.,0.,-6.06459327201492E-15));
#1871=DIRECTION('center_axis',(0.,-1.,0.));
#1872=DIRECTION('ref_axis',(-1.,0.,0.));
#1873=DIRECTION('',(1.,0.,-6.06459327201492E-15));
#1874=DIRECTION('',(-1.,0.,0.));
#1875=DIRECTION('center_axis',(6.06459327201491E-15,0.,1.));
#1876=DIRECTION('ref_axis',(-1.,0.,6.06459327201492E-15));
#1877=DIRECTION('',(1.,0.,-6.06459327201492E-15));
#1878=DIRECTION('',(-3.73394161804613E-30,1.,2.2644837214899E-44));
#1879=DIRECTION('center_axis',(6.06459327201491E-15,0.,1.));
#1880=DIRECTION('ref_axis',(-1.,0.,-6.07538710697655E-15));
#1881=DIRECTION('center_axis',(6.06459327201491E-15,0.,1.));
#1882=DIRECTION('ref_axis',(-1.,0.,-6.04454757851474E-15));
#1883=DIRECTION('center_axis',(6.06459327201491E-15,0.,1.));
#1884=DIRECTION('ref_axis',(-1.,0.,6.06459327201492E-15));
#1885=DIRECTION('',(1.,0.,-6.06459327201492E-15));
#1886=DIRECTION('center_axis',(6.06459327201491E-15,0.,1.));
#1887=DIRECTION('ref_axis',(-1.,0.,6.06459327201492E-15));
#1888=DIRECTION('',(0.,-1.,0.));
#1889=DIRECTION('center_axis',(6.06459327201491E-15,0.,1.));
#1890=DIRECTION('ref_axis',(0.707106781186547,-0.707106781186547,-5.02429586778808E-15));
#1891=DIRECTION('',(1.,0.,-6.06459327201492E-15));
#1892=DIRECTION('center_axis',(0.,-0.752576696790945,-0.658504605486727));
#1893=DIRECTION('ref_axis',(-1.10658653300428E-16,-0.658504605486727,0.752576696790945));
#1894=DIRECTION('',(-1.10658653300428E-16,-0.658504605486727,0.752576696790945));
#1895=DIRECTION('',(1.,0.,-6.06459327201492E-15));
#1896=DIRECTION('',(-1.10658653300428E-16,-0.658504605486727,0.752576696790945));
#1897=DIRECTION('',(-1.,0.,0.));
#1898=DIRECTION('center_axis',(-1.,0.,0.));
#1899=DIRECTION('ref_axis',(0.,0.,1.));
#1900=DIRECTION('',(0.,-1.,0.));
#1901=DIRECTION('',(0.,0.,1.));
#1902=DIRECTION('center_axis',(-1.,-3.73394161804613E-30,-1.48029736616688E-16));
#1903=DIRECTION('ref_axis',(3.73394161804613E-30,-1.,0.));
#1904=DIRECTION('center_axis',(0.,-1.,0.));
#1905=DIRECTION('ref_axis',(-1.,0.,0.));
#1906=DIRECTION('',(1.,0.,-6.06459327201492E-15));
#1907=DIRECTION('',(0.,0.,-1.));
#1908=DIRECTION('center_axis',(0.,1.,0.));
#1909=DIRECTION('ref_axis',(-0.70710678118655,0.,-0.707106781186545));
#1910=DIRECTION('',(-1.,0.,0.));
#1911=DIRECTION('center_axis',(-1.11022302462516E-16,1.,0.));
#1912=DIRECTION('ref_axis',(-0.70710678118655,0.,-0.707106781186545));
#1913=DIRECTION('center_axis',(0.,-1.,0.));
#1914=DIRECTION('ref_axis',(-0.70710678118655,0.,-0.707106781186545));
#1915=DIRECTION('',(1.11022302462516E-16,-1.,0.));
#1916=DIRECTION('',(-1.11022302462516E-16,1.,0.));
#1917=DIRECTION('center_axis',(-1.,-1.11022302462516E-16,6.21724893790088E-15));
#1918=DIRECTION('ref_axis',(1.11022302462516E-16,-1.,-6.73305108557777E-31));
#1919=DIRECTION('',(0.,1.,0.));
#1920=DIRECTION('',(-6.21724893790088E-15,0.,-1.));
#1921=DIRECTION('',(0.,1.,0.));
#1922=DIRECTION('',(6.21724893790088E-15,0.,1.));
#1923=DIRECTION('',(0.,1.,0.));
#1924=DIRECTION('',(0.,0.,-1.));
#1925=DIRECTION('center_axis',(0.,-1.,0.));
#1926=DIRECTION('ref_axis',(0.707106781186545,0.,-0.70710678118655));
#1927=DIRECTION('',(0.,1.,0.));
#1928=DIRECTION('center_axis',(0.,-1.,0.));
#1929=DIRECTION('ref_axis',(0.707106781186545,0.,-0.70710678118655));
#1930=DIRECTION('',(0.,-1.,0.));
#1931=DIRECTION('center_axis',(1.,0.,-6.21724893790088E-15));
#1932=DIRECTION('ref_axis',(0.,1.,0.));
#1933=DIRECTION('',(0.,0.,-1.));
#1934=DIRECTION('',(0.,-1.,0.));
#1935=DIRECTION('',(-6.21724893790088E-15,0.,-1.));
#1936=DIRECTION('',(0.,1.,1.57772181044202E-30));
#1937=DIRECTION('',(6.21724893790088E-15,0.,1.));
#1938=DIRECTION('center_axis',(0.,1.,0.));
#1939=DIRECTION('ref_axis',(1.,0.,0.));
#1940=DIRECTION('',(-1.,0.,6.06459327201492E-15));
#1941=DIRECTION('',(1.,0.,0.));
#1942=DIRECTION('center_axis',(0.,0.,-1.));
#1943=DIRECTION('ref_axis',(-1.,0.,0.));
#1944=DIRECTION('center_axis',(6.06459327201491E-15,0.,1.));
#1945=DIRECTION('ref_axis',(-1.,0.,6.06459327201492E-15));
#1946=DIRECTION('',(1.,0.,-6.06459327201492E-15));
#1947=DIRECTION('center_axis',(6.06459327201491E-15,0.,1.));
#1948=DIRECTION('ref_axis',(-0.707106781186547,-0.707106781186547,3.76822190084106E-15));
#1949=DIRECTION('center_axis',(6.06459327201491E-15,0.,1.));
#1950=DIRECTION('ref_axis',(-1.,0.,6.06459327201492E-15));
#1951=DIRECTION('center_axis',(6.06459327201491E-15,0.,1.));
#1952=DIRECTION('ref_axis',(-0.707106781186547,0.707106781186547,5.02429586778808E-15));
#1953=DIRECTION('',(-1.,6.34413156928661E-17,6.06459327201492E-15));
#1954=DIRECTION('center_axis',(6.06459327201491E-15,0.,1.));
#1955=DIRECTION('ref_axis',(0.707106781186547,0.707106781186547,-5.02429586778808E-15));
#1956=DIRECTION('',(-8.88178419700125E-16,-1.,5.38644086846222E-30));
#1957=DIRECTION('center_axis',(6.06459327201491E-15,0.,1.));
#1958=DIRECTION('ref_axis',(-1.,0.,0.));
#1959=DIRECTION('',(8.88178419700125E-16,1.,-5.38644086846222E-30));
#1960=DIRECTION('center_axis',(6.06459327201491E-15,0.,1.));
#1961=DIRECTION('ref_axis',(1.,0.,0.));
#1962=DIRECTION('',(0.,1.,0.));
#1963=DIRECTION('center_axis',(6.06459327201491E-15,0.,1.));
#1964=DIRECTION('ref_axis',(1.,0.,0.));
#1965=DIRECTION('',(0.,-1.,0.));
#1966=DIRECTION('center_axis',(6.06459327201491E-15,0.,1.));
#1967=DIRECTION('ref_axis',(-1.,0.,0.));
#1968=DIRECTION('center_axis',(-1.,0.,0.));
#1969=DIRECTION('ref_axis',(0.,1.,0.));
#1970=DIRECTION('',(0.,0.,-1.));
#1971=DIRECTION('',(0.,1.,0.));
#1972=DIRECTION('',(0.,0.,-1.));
#1973=DIRECTION('center_axis',(0.,0.,-1.));
#1974=DIRECTION('ref_axis',(-1.,0.,0.));
#1975=DIRECTION('center_axis',(-6.06459327201491E-15,0.,-1.));
#1976=DIRECTION('ref_axis',(-1.,0.,0.));
#1977=DIRECTION('',(0.,0.,-1.));
#1978=DIRECTION('center_axis',(1.,0.,0.));
#1979=DIRECTION('ref_axis',(0.,-1.,0.));
#1980=DIRECTION('',(0.,-1.,0.));
#1981=DIRECTION('',(0.,0.,-1.));
#1982=DIRECTION('center_axis',(0.,0.,-1.));
#1983=DIRECTION('ref_axis',(1.,0.,0.));
#1984=DIRECTION('center_axis',(-6.06459327201491E-15,0.,-1.));
#1985=DIRECTION('ref_axis',(1.,0.,0.));
#1986=DIRECTION('center_axis',(1.,-8.88178419700125E-16,0.));
#1987=DIRECTION('ref_axis',(-8.88178419700125E-16,-1.,0.));
#1988=DIRECTION('',(0.,0.,-1.));
#1989=DIRECTION('',(-8.88178419700125E-16,-1.,5.38644086846222E-30));
#1990=DIRECTION('',(0.,0.,-1.));
#1991=DIRECTION('center_axis',(0.,0.,-1.));
#1992=DIRECTION('ref_axis',(1.,0.,0.));
#1993=DIRECTION('center_axis',(-6.06459327201491E-15,0.,-1.));
#1994=DIRECTION('ref_axis',(1.,0.,0.));
#1995=DIRECTION('',(0.,0.,-1.));
#1996=DIRECTION('center_axis',(-1.,8.88178419700125E-16,0.));
#1997=DIRECTION('ref_axis',(8.88178419700125E-16,1.,0.));
#1998=DIRECTION('',(8.88178419700125E-16,1.,-5.38644086846222E-30));
#1999=DIRECTION('',(0.,0.,-1.));
#2000=DIRECTION('center_axis',(0.,0.,-1.));
#2001=DIRECTION('ref_axis',(-1.,0.,0.));
#2002=DIRECTION('center_axis',(-6.06459327201491E-15,0.,-1.));
#2003=DIRECTION('ref_axis',(-1.,0.,0.));
#2004=DIRECTION('center_axis',(-6.21724893790088E-15,0.,-1.));
#2005=DIRECTION('ref_axis',(0.707106781186547,0.707106781186547,-5.02429586778808E-15));
#2006=DIRECTION('',(6.21724893790088E-15,0.,1.));
#2007=DIRECTION('center_axis',(-6.06459327201491E-15,0.,-1.));
#2008=DIRECTION('ref_axis',(0.707106781186547,0.707106781186547,-5.02429586778808E-15));
#2009=DIRECTION('center_axis',(6.06459327201491E-15,0.,1.));
#2010=DIRECTION('ref_axis',(-1.,0.,6.06459327201492E-15));
#2011=DIRECTION('',(1.,0.,0.));
#2012=DIRECTION('center_axis',(-6.06459327201491E-15,0.,-1.));
#2013=DIRECTION('ref_axis',(-0.707106781186547,0.707106781186547,5.02429586778808E-15));
#2014=DIRECTION('center_axis',(-6.06459327201491E-15,0.,-1.));
#2015=DIRECTION('ref_axis',(-0.707106781186547,-0.707106781186547,3.76822190084106E-15));
#2016=DIRECTION('',(1.,0.,-6.06459327201492E-15));
#2017=DIRECTION('',(0.,-1.,0.));
#2018=DIRECTION('center_axis',(6.06459327201491E-15,0.,1.));
#2019=DIRECTION('ref_axis',(-0.707106781186547,0.707106781186549,4.28831502778005E-15));
#2020=DIRECTION('',(-1.,0.,6.06459327201492E-15));
#2021=DIRECTION('center_axis',(6.06459327201491E-15,0.,1.));
#2022=DIRECTION('ref_axis',(0.707106781186548,0.707106781186547,-4.28831502778006E-15));
#2023=DIRECTION('',(0.,1.,0.));
#2024=DIRECTION('',(1.,0.,-6.06459327201492E-15));
#2025=DIRECTION('',(0.,-1.,0.));
#2026=DIRECTION('center_axis',(6.06459327201491E-15,0.,1.));
#2027=DIRECTION('ref_axis',(-0.707106781186546,0.707106781186549,4.28831502778005E-15));
#2028=DIRECTION('',(-1.,0.,6.06459327201492E-15));
#2029=DIRECTION('center_axis',(6.06459327201491E-15,0.,1.));
#2030=DIRECTION('ref_axis',(0.707106781186548,0.707106781186547,-4.28831502778006E-15));
#2031=DIRECTION('',(0.,1.,0.));
#2032=DIRECTION('',(1.,0.,-6.06459327201492E-15));
#2033=DIRECTION('center_axis',(-6.06459327201491E-15,0.,-1.));
#2034=DIRECTION('ref_axis',(0.707106781186547,-0.707106781186547,-5.02429586778808E-15));
#2035=DIRECTION('center_axis',(6.21724893790088E-15,0.,1.));
#2036=DIRECTION('ref_axis',(-0.707106781186547,0.707106781186547,5.02429586778808E-15));
#2037=DIRECTION('',(-6.21724893790088E-15,0.,-1.));
#2038=DIRECTION('center_axis',(0.,1.,0.));
#2039=DIRECTION('ref_axis',(0.,0.,1.));
#2040=DIRECTION('center_axis',(6.21724893790088E-15,0.,1.));
#2041=DIRECTION('ref_axis',(-0.707106781186547,-0.707106781186547,3.76822190084106E-15));
#2042=DIRECTION('',(6.21724893790088E-15,0.,1.));
#2043=DIRECTION('center_axis',(6.21724893790088E-15,0.,1.));
#2044=DIRECTION('ref_axis',(0.707106781186547,-0.707106781186547,-5.02429586778808E-15));
#2045=DIRECTION('',(-6.21724893790088E-15,0.,-1.));
#2046=DIRECTION('center_axis',(0.,1.,0.));
#2047=DIRECTION('ref_axis',(0.707106781186549,0.,0.707106781186546));
#2048=DIRECTION('center_axis',(0.,1.,0.));
#2049=DIRECTION('ref_axis',(0.707106781186549,0.,0.707106781186546));
#2050=DIRECTION('',(0.,1.,0.));
#2051=DIRECTION('center_axis',(0.,-1.,0.));
#2052=DIRECTION('ref_axis',(1.,0.,0.));
#2053=DIRECTION('',(0.,-1.,0.));
#2054=DIRECTION('center_axis',(1.,-1.11022302462516E-15,0.));
#2055=DIRECTION('ref_axis',(1.11022302462516E-15,1.,0.));
#2056=DIRECTION('center_axis',(0.,0.,-1.));
#2057=DIRECTION('ref_axis',(0.707106781186548,0.707106781186548,0.));
#2058=DIRECTION('center_axis',(0.,0.,1.));
#2059=DIRECTION('ref_axis',(0.707106781186548,0.707106781186548,0.));
#2060=DIRECTION('center_axis',(-1.,0.,0.));
#2061=DIRECTION('ref_axis',(0.,0.707106781186549,0.707106781186546));
#2062=DIRECTION('center_axis',(1.,5.55111512312578E-16,0.));
#2063=DIRECTION('ref_axis',(-5.55111512312578E-16,1.,0.));
#2064=DIRECTION('',(1.,0.,0.));
#2065=DIRECTION('',(-1.,0.,0.));
#2066=DIRECTION('center_axis',(0.,1.,0.));
#2067=DIRECTION('ref_axis',(-1.,0.,0.));
#2068=DIRECTION('center_axis',(0.,0.,-1.));
#2069=DIRECTION('ref_axis',(-0.707106781186548,0.707106781186547,0.));
#2070=DIRECTION('center_axis',(0.,0.,1.));
#2071=DIRECTION('ref_axis',(-0.707106781186548,0.707106781186547,0.));
#2072=DIRECTION('center_axis',(0.,-1.,0.));
#2073=DIRECTION('ref_axis',(-0.707106781186548,0.,0.707106781186547));
#2074=DIRECTION('center_axis',(0.,1.,0.));
#2075=DIRECTION('ref_axis',(-0.707106781186548,0.,0.707106781186547));
#2076=DIRECTION('',(0.,1.,0.));
#2077=DIRECTION('',(0.,-1.,0.));
#2078=DIRECTION('center_axis',(0.,0.,1.));
#2079=DIRECTION('ref_axis',(-0.707106781186548,0.707106781186548,0.));
#2080=DIRECTION('',(0.,0.,-1.));
#2081=DIRECTION('center_axis',(-5.461575137144E-15,-0.894427190999916,-0.447213595499958));
#2082=DIRECTION('ref_axis',(2.81353870701358E-15,0.447213595499958,-0.894427190999916));
#2083=DIRECTION('center_axis',(-0.508589802709482,0.508589802709481,-0.694746590606864));
#2084=DIRECTION('ref_axis',(-0.491260025424346,0.491260025424349,0.719254596676405));
#2085=DIRECTION('center_axis',(0.894427190999915,-3.31004553766303E-16,
-0.44721359549996));
#2086=DIRECTION('ref_axis',(-0.44721359549996,4.13755692207881E-17,-0.894427190999915));
#2087=DIRECTION('',(0.,0.,1.));
#2088=DIRECTION('center_axis',(0.,1.,0.));
#2089=DIRECTION('ref_axis',(-1.,0.,0.));
#2090=DIRECTION('',(0.,0.,1.));
#2091=DIRECTION('',(1.,0.,-6.06459327201492E-15));
#2092=DIRECTION('center_axis',(0.,0.,1.));
#2093=DIRECTION('ref_axis',(0.707106781186547,0.707106781186548,0.));
#2094=DIRECTION('',(0.,0.,-1.));
#2095=DIRECTION('center_axis',(-0.894427190999918,0.,-0.447213595499955));
#2096=DIRECTION('ref_axis',(0.447213595499955,0.,-0.894427190999917));
#2097=DIRECTION('center_axis',(0.508589802709479,0.50858980270948,-0.694746590606867));
#2098=DIRECTION('ref_axis',(0.491260025424351,0.491260025424348,0.719254596676403));
#2099=DIRECTION('center_axis',(-5.54432627558558E-15,-0.894427190999916,
-0.447213595499958));
#2100=DIRECTION('ref_axis',(2.64803643013043E-15,0.447213595499958,-0.894427190999916));
#2101=DIRECTION('center_axis',(1.,0.,0.));
#2102=DIRECTION('ref_axis',(0.,1.,0.));
#2103=DIRECTION('',(0.,0.,1.));
#2104=DIRECTION('',(0.,-1.,0.));
#2105=DIRECTION('center_axis',(0.,1.,0.));
#2106=DIRECTION('ref_axis',(0.923879532511285,0.,-0.382683432365095));
#2107=DIRECTION('center_axis',(0.,-1.,0.));
#2108=DIRECTION('ref_axis',(0.923879532511285,0.,-0.382683432365095));
#2109=DIRECTION('',(0.,1.,0.));
#2110=DIRECTION('center_axis',(0.,1.,0.));
#2111=DIRECTION('ref_axis',(1.,0.,0.));
#2112=DIRECTION('',(0.,-1.,0.));
#2113=DIRECTION('center_axis',(-1.,0.,6.28036983473511E-15));
#2114=DIRECTION('ref_axis',(-4.44089209850063E-15,-0.707106781186548,-0.707106781186547));
#2115=DIRECTION('center_axis',(4.28831502778006E-15,0.707106781186548,0.707106781186548));
#2116=DIRECTION('ref_axis',(4.25233374226856E-15,0.707106781186548,-0.707106781186548));
#2117=DIRECTION('center_axis',(0.935113126530985,0.250562807086014,-0.250562807085613));
#2118=DIRECTION('ref_axis',(0.258819045102806,-0.965925826288992,5.92118946466751E-15));
#2119=DIRECTION('center_axis',(-0.250562807086019,-0.935113126530985,-0.25056280708561));
#2120=DIRECTION('ref_axis',(0.707106781186425,-2.43647694612529E-13,-0.70710678118667));
#2121=DIRECTION('center_axis',(-0.707106781186545,0.,0.70710678118655));
#2122=DIRECTION('ref_axis',(-0.70710678118655,6.54205191118242E-17,-0.707106781186545));
#2123=DIRECTION('center_axis',(0.107477671604035,-0.107477671604032,0.988381050108282));
#2124=DIRECTION('ref_axis',(-0.698890942927846,0.698890942927849,0.151996380834706));
#2125=DIRECTION('center_axis',(0.,-1.,0.));
#2126=DIRECTION('ref_axis',(-0.923879532511287,0.,-0.382683432365088));
#2127=DIRECTION('center_axis',(0.,-1.,0.));
#2128=DIRECTION('ref_axis',(-0.923879532511287,0.,-0.382683432365088));
#2129=DIRECTION('',(0.,1.,0.));
#2130=DIRECTION('center_axis',(0.,1.,0.));
#2131=DIRECTION('ref_axis',(-0.70710678118655,0.,-0.707106781186545));
#2132=DIRECTION('center_axis',(1.,0.,-6.06459327201491E-15));
#2133=DIRECTION('ref_axis',(-1.6022623232524E-15,-0.923879532511287,-0.382683432365089));
#2134=DIRECTION('center_axis',(1.,0.,-6.28036983473511E-15));
#2135=DIRECTION('ref_axis',(0.,-1.,0.));
#2136=DIRECTION('',(-1.,0.,6.06459327201492E-15));
#2137=DIRECTION('center_axis',(0.707106781186551,0.,0.707106781186544));
#2138=DIRECTION('ref_axis',(0.707106781186544,0.,-0.707106781186551));
#2139=DIRECTION('center_axis',(0.250562807086016,-0.935113126530986,-0.250562807085611));
#2140=DIRECTION('ref_axis',(-0.965925826288992,-0.258819045102806,0.));
#2141=DIRECTION('center_axis',(-0.935113126530985,0.250562807086022,-0.250562807085607));
#2142=DIRECTION('ref_axis',(-2.50170254882203E-13,-0.707106781186428,-0.707106781186667));
#2143=DIRECTION('center_axis',(4.28831502778006E-15,0.707106781186548,0.707106781186548));
#2144=DIRECTION('ref_axis',(4.44859529960403E-15,0.707106781186548,-0.707106781186548));
#2145=DIRECTION('center_axis',(-0.107477671604029,-0.107477671604033,0.988381050108283));
#2146=DIRECTION('ref_axis',(0.698890942927849,0.698890942927846,0.151996380834702));
#2147=DIRECTION('center_axis',(0.,1.,0.));
#2148=DIRECTION('ref_axis',(0.707106781186546,0.,-0.707106781186549));
#2149=DIRECTION('center_axis',(0.192450089729868,-0.192450089729877,-0.962250448649377));
#2150=DIRECTION('ref_axis',(-0.680413817439772,0.680413817439773,-0.272165526975905));
#2151=DIRECTION('center_axis',(-1.,-3.82773285308915E-15,5.92118946466751E-15));
#2152=DIRECTION('ref_axis',(-5.9211894646675E-15,0.,-1.));
#2153=DIRECTION('center_axis',(0.,-1.,0.));
#2154=DIRECTION('ref_axis',(0.382683432365085,0.,-0.923879532511289));
#2155=DIRECTION('center_axis',(0.,-1.,0.));
#2156=DIRECTION('ref_axis',(0.382683432365085,0.,-0.923879532511289));
#2157=DIRECTION('',(0.,1.,0.));
#2158=DIRECTION('center_axis',(-0.577350269189627,0.577350269189627,-0.577350269189623));
#2159=DIRECTION('ref_axis',(-0.40824829046386,0.408248290463863,0.816496580927728));
#2160=DIRECTION('',(0.577350269189627,-0.577350269189627,0.577350269189623));
#2161=DIRECTION('',(-0.577350269189627,0.577350269189627,-0.577350269189623));
#2162=DIRECTION('center_axis',(-0.19245008972988,-0.192450089729876,-0.962250448649375));
#2163=DIRECTION('ref_axis',(0.680413817439771,0.680413817439771,-0.272165526975913));
#2164=DIRECTION('center_axis',(0.,1.,0.));
#2165=DIRECTION('ref_axis',(-5.9211894646675E-15,0.,-1.));
#2166=DIRECTION('center_axis',(1.,-3.59180370067582E-16,-5.92118946466751E-15));
#2167=DIRECTION('ref_axis',(-4.44089209850062E-15,-0.707106781186547,-0.707106781186548));
#2168=DIRECTION('center_axis',(0.,1.,0.));
#2169=DIRECTION('ref_axis',(-0.382683432365094,0.,-0.923879532511285));
#2170=DIRECTION('center_axis',(0.,-1.,0.));
#2171=DIRECTION('ref_axis',(-0.382683432365094,0.,-0.923879532511285));
#2172=DIRECTION('',(0.,-1.,0.));
#2173=DIRECTION('center_axis',(-1.,0.,6.06459327201491E-15));
#2174=DIRECTION('ref_axis',(-6.4090492930096E-15,-0.38268343236509,-0.923879532511287));
#2175=DIRECTION('',(1.,0.,-6.06459327201492E-15));
#2176=DIRECTION('center_axis',(-0.577350269189624,-0.577350269189625,0.577350269189629));
#2177=DIRECTION('ref_axis',(0.408248290463868,0.408248290463863,0.816496580927723));
#2178=DIRECTION('',(0.577350269189624,0.577350269189625,-0.577350269189629));
#2179=DIRECTION('',(-0.577350269189624,-0.577350269189625,0.577350269189629));
#2180=DIRECTION('center_axis',(-1.,0.,0.));
#2181=DIRECTION('ref_axis',(0.,-1.,0.));
#2182=DIRECTION('',(0.,0.,1.));
#2183=DIRECTION('center_axis',(-0.707106781186545,0.,0.70710678118655));
#2184=DIRECTION('ref_axis',(0.70710678118655,0.,0.707106781186545));
#2185=DIRECTION('',(0.70710678118655,0.,0.707106781186545));
#2186=DIRECTION('center_axis',(4.28831502778006E-15,0.707106781186548,0.707106781186548));
#2187=DIRECTION('ref_axis',(1.,0.,-6.06459327201492E-15));
#2188=DIRECTION('center_axis',(1.,0.,0.));
#2189=DIRECTION('ref_axis',(0.,-0.707106781186547,0.707106781186548));
#2190=DIRECTION('center_axis',(0.,-1.,-1.04672830578919E-15));
#2191=DIRECTION('ref_axis',(-1.,0.,0.));
#2192=DIRECTION('center_axis',(-0.962250448649377,0.192450089729875,-0.192450089729875));
#2193=DIRECTION('ref_axis',(-0.272165526975908,-0.680413817439771,0.680413817439773));
#2194=DIRECTION('center_axis',(0.192450089729874,-0.962250448649376,-0.192450089729876));
#2195=DIRECTION('ref_axis',(-0.680413817439771,-0.272165526975908,0.680413817439773));
#2196=DIRECTION('center_axis',(-1.,0.,4.18691322315674E-15));
#2197=DIRECTION('ref_axis',(-2.96059473233376E-15,-0.707106781186547,-0.707106781186547));
#2198=DIRECTION('center_axis',(0.,1.,0.));
#2199=DIRECTION('ref_axis',(-0.707106781186546,0.,0.707106781186549));
#2200=DIRECTION('center_axis',(1.,0.,-6.06459327201491E-15));
#2201=DIRECTION('ref_axis',(-3.2045246465048E-15,-0.923879532511287,-0.38268343236509));
#2202=DIRECTION('center_axis',(-1.,0.,4.18691322315671E-15));
#2203=DIRECTION('ref_axis',(-2.96059473233375E-15,-0.707106781186544,-0.707106781186551));
#2204=DIRECTION('',(1.,0.,-6.06459327201492E-15));
#2205=DIRECTION('',(-1.,0.,6.06459327201492E-15));
#2206=DIRECTION('center_axis',(0.,1.,0.));
#2207=DIRECTION('ref_axis',(0.70710678118655,0.,0.707106781186545));
#2208=DIRECTION('center_axis',(-0.192450089729876,-0.962250448649376,-0.192450089729876));
#2209=DIRECTION('ref_axis',(0.680413817439774,-0.27216552697591,0.680413817439769));
#2210=DIRECTION('center_axis',(0.,-1.,0.));
#2211=DIRECTION('ref_axis',(-0.923879532511287,0.,-0.382683432365089));
#2212=DIRECTION('center_axis',(0.,-1.,0.));
#2213=DIRECTION('ref_axis',(-0.923879532511287,0.,-0.382683432365089));
#2214=DIRECTION('',(0.,1.,0.));
#2215=DIRECTION('',(0.,-1.,0.));
#2216=DIRECTION('center_axis',(0.,1.,0.));
#2217=DIRECTION('ref_axis',(0.923879532511287,0.,-0.38268343236509));
#2218=DIRECTION('center_axis',(0.,1.,0.));
#2219=DIRECTION('ref_axis',(1.,0.,0.));
#2220=DIRECTION('',(0.,-1.,0.));
#2221=DIRECTION('center_axis',(0.,-1.,0.));
#2222=DIRECTION('ref_axis',(0.923879532511287,0.,-0.38268343236509));
#2223=DIRECTION('',(0.,1.,0.));
#2224=DIRECTION('center_axis',(0.962250448649376,0.192450089729878,-0.192450089729874));
#2225=DIRECTION('ref_axis',(0.272165526975909,-0.680413817439775,0.680413817439768));
#2226=DIRECTION('center_axis',(-1.,0.,0.));
#2227=DIRECTION('ref_axis',(0.,-0.707106781186551,0.707106781186544));
#2228=DIRECTION('center_axis',(1.,0.,0.));
#2229=DIRECTION('ref_axis',(0.,1.,0.));
#2230=DIRECTION('',(0.,0.,1.));
#2231=DIRECTION('',(0.,1.,0.));
#2232=DIRECTION('',(0.,0.,1.));
#2233=DIRECTION('center_axis',(0.,1.,0.));
#2234=DIRECTION('ref_axis',(-1.,0.,0.));
#2235=DIRECTION('',(0.,0.,1.));
#2236=DIRECTION('center_axis',(0.,-1.,0.));
#2237=DIRECTION('ref_axis',(-0.707106781186547,0.,0.707106781186547));
#2238=DIRECTION('center_axis',(0.,-1.,0.));
#2239=DIRECTION('ref_axis',(-1.,0.,-6.06459327201491E-15));
#2240=DIRECTION('center_axis',(-1.,0.,0.));
#2241=DIRECTION('ref_axis',(0.,-1.,0.));
#2242=DIRECTION('',(0.,0.,1.));
#2243=DIRECTION('',(0.,-1.,0.));
#2244=DIRECTION('center_axis',(0.,1.,0.));
#2245=DIRECTION('ref_axis',(0.707106781186545,0.,-0.70710678118655));
#2246=DIRECTION('center_axis',(0.192450089729869,-0.192450089729874,-0.962250448649378));
#2247=DIRECTION('ref_axis',(-0.680413817439771,0.680413817439774,-0.272165526975904));
#2248=DIRECTION('center_axis',(-1.,3.59180370067583E-16,5.9211894646675E-15));
#2249=DIRECTION('ref_axis',(-5.9211894646675E-15,0.,-1.));
#2250=DIRECTION('center_axis',(0.,-1.,0.));
#2251=DIRECTION('ref_axis',(0.382683432365085,0.,-0.923879532511289));
#2252=DIRECTION('center_axis',(0.,-1.,0.));
#2253=DIRECTION('ref_axis',(0.382683432365085,0.,-0.923879532511289));
#2254=DIRECTION('',(0.,1.,0.));
#2255=DIRECTION('center_axis',(-0.577350269189627,0.577350269189628,-0.577350269189623));
#2256=DIRECTION('ref_axis',(-0.408248290463859,0.408248290463862,0.816496580927728));
#2257=DIRECTION('',(-0.577350269189627,0.577350269189628,-0.577350269189623));
#2258=DIRECTION('',(0.577350269189627,-0.577350269189628,0.577350269189623));
#2259=DIRECTION('center_axis',(-0.192450089729879,-0.192450089729876,-0.962250448649375));
#2260=DIRECTION('ref_axis',(0.680413817439771,0.680413817439771,-0.272165526975912));
#2261=DIRECTION('center_axis',(0.,1.,0.));
#2262=DIRECTION('ref_axis',(-5.92118946466752E-15,0.,-1.));
#2263=DIRECTION('center_axis',(1.,1.73427624151079E-15,-5.9211894646675E-15));
#2264=DIRECTION('ref_axis',(-2.96059473233375E-15,-0.707106781186546,-0.707106781186549));
#2265=DIRECTION('center_axis',(0.,1.,0.));
#2266=DIRECTION('ref_axis',(-0.38268343236509,0.,-0.923879532511287));
#2267=DIRECTION('center_axis',(0.,-1.,0.));
#2268=DIRECTION('ref_axis',(-0.38268343236509,0.,-0.923879532511287));
#2269=DIRECTION('',(0.,-1.,0.));
#2270=DIRECTION('center_axis',(-1.,0.,6.06459327201491E-15));
#2271=DIRECTION('ref_axis',(-6.4090492930096E-15,-0.382683432365089,-0.923879532511287));
#2272=DIRECTION('',(1.,0.,-6.06459327201492E-15));
#2273=DIRECTION('center_axis',(-0.577350269189625,-0.577350269189625,0.577350269189627));
#2274=DIRECTION('ref_axis',(0.408248290463864,0.408248290463863,0.816496580927726));
#2275=DIRECTION('',(0.577350269189625,0.577350269189625,-0.577350269189627));
#2276=DIRECTION('',(-0.577350269189625,-0.577350269189626,0.577350269189627));
#2277=DIRECTION('center_axis',(0.707106781186549,0.,0.707106781186546));
#2278=DIRECTION('ref_axis',(0.707106781186546,0.,-0.707106781186549));
#2279=DIRECTION('',(0.707106781186546,0.,-0.707106781186549));
#2280=DIRECTION('center_axis',(0.707106781186551,0.,0.707106781186544));
#2281=DIRECTION('ref_axis',(0.707106781186544,0.,-0.707106781186551));
#2282=DIRECTION('',(0.707106781186544,0.,-0.707106781186551));
#2283=DIRECTION('center_axis',(-0.707106781186545,0.,0.70710678118655));
#2284=DIRECTION('ref_axis',(0.70710678118655,0.,0.707106781186545));
#2285=DIRECTION('',(0.70710678118655,0.,0.707106781186545));
#2286=DIRECTION('center_axis',(4.28831502778007E-15,0.707106781186546,0.707106781186549));
#2287=DIRECTION('ref_axis',(1.,0.,-6.06459327201492E-15));
#2288=DIRECTION('center_axis',(0.,-1.,0.));
#2289=DIRECTION('ref_axis',(-1.,0.,-6.06459327201491E-15));
#2290=DIRECTION('',(0.,-1.,0.));
#2291=DIRECTION('center_axis',(0.,1.,0.));
#2292=DIRECTION('ref_axis',(-1.,0.,-6.06459327201491E-15));
#2293=DIRECTION('center_axis',(0.,1.,0.));
#2294=DIRECTION('ref_axis',(0.707106781186547,0.,0.707106781186547));
#2295=DIRECTION('center_axis',(0.,1.,0.));
#2296=DIRECTION('ref_axis',(0.707106781186547,0.,0.707106781186547));
#2297=DIRECTION('center_axis',(6.07538710697655E-15,0.,-1.));
#2298=DIRECTION('ref_axis',(-1.,0.,-6.07538710697655E-15));
#2299=DIRECTION('center_axis',(0.,0.,-1.));
#2300=DIRECTION('ref_axis',(-1.,0.,-6.07538710697655E-15));
#2301=DIRECTION('',(6.07538710697655E-15,0.,-1.));
#2302=DIRECTION('center_axis',(6.04454757851474E-15,0.,-1.));
#2303=DIRECTION('ref_axis',(-1.,0.,-6.04454757851474E-15));
#2304=DIRECTION('center_axis',(0.,0.,-1.));
#2305=DIRECTION('ref_axis',(-1.,0.,-6.04454757851474E-15));
#2306=DIRECTION('',(6.04454757851474E-15,0.,-1.));
#2307=DIRECTION('center_axis',(0.,0.,1.));
#2308=DIRECTION('ref_axis',(1.,0.,0.));
#2309=DIRECTION('',(1.,0.,0.));
#2310=DIRECTION('center_axis',(0.,-1.,0.));
#2311=DIRECTION('ref_axis',(1.,0.,-6.06459327201492E-15));
#2312=DIRECTION('axis',(0.,0.,1.));
#2313=DIRECTION('refdir',(1.,0.,0.));
#2314=DIRECTION('',(6.06459327201491E-15,0.,0.999999999999999));
#2315=DIRECTION('',(1.,0.,-6.06459327201491E-15));
#2316=DIRECTION('',(0.,0.,1.));
#2317=DIRECTION('',(1.,0.,0.));
#2318=CARTESIAN_POINT('',(0.,0.,0.));
#2319=CARTESIAN_POINT('',(0.,0.,0.));
#2320=CARTESIAN_POINT('Origin',(89.9999999999998,15.0000002844767,29.9999994513659));
#2321=CARTESIAN_POINT('',(89.9999999999998,15.0000002844767,29.9999994513659));
#2322=CARTESIAN_POINT('',(89.9999999999998,-20.0000000135465,70.0000000474123));
#2323=CARTESIAN_POINT('',(89.9999999999998,15.0000002844767,29.9999994513659));
#2324=CARTESIAN_POINT('',(84.9999999999998,-20.0000000135465,70.0000000474123));
#2325=CARTESIAN_POINT('',(-34.9999999999996,-20.,70.0000000000003));
#2326=CARTESIAN_POINT('',(84.9999999999998,15.0000002844767,29.9999994513659));
#2327=CARTESIAN_POINT('',(84.9999999999998,15.0000002844767,29.9999994513659));
#2328=CARTESIAN_POINT('',(105.,15.,29.9999999999999));
#2329=CARTESIAN_POINT('Origin',(84.9999999999998,-2.4999998645349,49.9999997493891));
#2330=CARTESIAN_POINT('',(84.9999999999998,15.0000002844767,69.999999004331));
#2331=CARTESIAN_POINT('',(84.9999999999998,-1.24999993226745,69.9999999999996));
#2332=CARTESIAN_POINT('',(84.9999999999998,15.,59.9999998746945));
#2333=CARTESIAN_POINT('Origin',(89.9999999999998,-2.4999998645349,49.9999997493891));
#2334=CARTESIAN_POINT('',(89.9999999999998,15.0000002844767,69.999999004331));
#2335=CARTESIAN_POINT('',(89.9999999999998,-1.24999993226745,69.9999999999996));
#2336=CARTESIAN_POINT('',(89.9999999999998,15.,59.9999998746945));
#2337=CARTESIAN_POINT('Origin',(37.4999999999998,15.0000001422384,29.9999999492002));
#2338=CARTESIAN_POINT('',(37.4999999999998,15.0000001422384,29.9999999492002));
#2339=CARTESIAN_POINT('',(37.4999999999998,-20.0000001557849,70.0000005452466));
#2340=CARTESIAN_POINT('',(37.4999999999998,15.0000001422384,29.9999999492002));
#2341=CARTESIAN_POINT('',(32.4999999999998,-20.0000001557849,70.0000005452466));
#2342=CARTESIAN_POINT('',(-34.9999999999996,-20.,70.0000000000003));
#2343=CARTESIAN_POINT('',(32.4999999999998,15.0000001422384,29.9999999492002));
#2344=CARTESIAN_POINT('',(32.4999999999998,15.0000001422384,29.9999999492002));
#2345=CARTESIAN_POINT('',(105.,15.,29.9999999999999));
#2346=CARTESIAN_POINT('Origin',(32.4999999999998,-2.50000000677325,50.0000002472234));
#2347=CARTESIAN_POINT('',(32.4999999999998,15.0000001422384,69.9999995021653));
#2348=CARTESIAN_POINT('',(32.4999999999998,-1.25000000338662,69.9999999999999));
#2349=CARTESIAN_POINT('',(32.4999999999998,15.,60.0000001236116));
#2350=CARTESIAN_POINT('Origin',(37.4999999999998,-2.50000000677325,50.0000002472234));
#2351=CARTESIAN_POINT('',(37.4999999999998,15.0000001422384,69.9999995021653));
#2352=CARTESIAN_POINT('',(37.4999999999998,-1.25000000338662,69.9999999999999));
#2353=CARTESIAN_POINT('',(37.4999999999998,15.,60.0000001236116));
#2354=CARTESIAN_POINT('Origin',(105.,15.,69.9999999999998));
#2355=CARTESIAN_POINT('',(-15.0000000000002,15.,69.9999999999997));
#2356=CARTESIAN_POINT('',(70.0000000000002,15.,69.9999999999997));
#2357=CARTESIAN_POINT('',(-15.0000000000002,15.,30.0000004470345));
#2358=CARTESIAN_POINT('',(-15.0000000000002,15.,60.0000003725288));
#2359=CARTESIAN_POINT('',(105.,15.,29.9999999999999));
#2360=CARTESIAN_POINT('Origin',(105.,15.,69.9999999999998));
#2361=CARTESIAN_POINT('',(95.0000000000003,15.,29.9999999999999));
#2362=CARTESIAN_POINT('',(105.,15.,29.9999999999999));
#2363=CARTESIAN_POINT('',(105.,15.,39.9999999999998));
#2364=CARTESIAN_POINT('Origin',(95.0000000000003,15.,39.9999999999999));
#2365=CARTESIAN_POINT('',(105.,15.,69.9999999999998));
#2366=CARTESIAN_POINT('',(105.,15.,69.9999999999998));
#2367=CARTESIAN_POINT('',(70.0000000000002,15.,69.9999999999997));
#2368=CARTESIAN_POINT('Origin',(105.,15.,69.9999999999998));
#2369=CARTESIAN_POINT('',(70.0000000000002,15.,69.9999999999997));
#2370=CARTESIAN_POINT('',(105.,15.,29.9999999999999));
#2371=CARTESIAN_POINT('Origin',(35.0000000000004,4.44089209850063E-15,69.9999999999999));
#2372=CARTESIAN_POINT('',(-15.0000000000002,-20.0000002980232,70.000001043081));
#2373=CARTESIAN_POINT('',(-34.9999999999996,-20.,70.0000000000003));
#2374=CARTESIAN_POINT('',(-15.0000000000002,-1.2500000745058,70.0000000000002));
#2375=CARTESIAN_POINT('',(-6.02499999999957,-16.6,69.9999999999996));
#2376=CARTESIAN_POINT('Origin',(-7.89999999999957,-16.6,69.9999999999996));
#2377=CARTESIAN_POINT('',(19.3750000000004,-16.6,69.9999999999998));
#2378=CARTESIAN_POINT('Origin',(17.5000000000004,-16.6,69.9999999999998));
#2379=CARTESIAN_POINT('Origin',(35.0000000000004,4.44089209850063E-15,69.9999999999999));
#2380=CARTESIAN_POINT('',(-34.9999999999996,-20.,70.0000000000003));
#2381=CARTESIAN_POINT('Origin',(35.0000000000004,4.44089209850063E-15,69.9999999999999));
#2382=CARTESIAN_POINT('',(105.,-10.,69.9999999999995));
#2383=CARTESIAN_POINT('',(105.,20.,69.9999999999995));
#2384=CARTESIAN_POINT('',(95.0000000000004,-20.,69.9999999999995));
#2385=CARTESIAN_POINT('Origin',(95.0000000000004,-10.,69.9999999999995));
#2386=CARTESIAN_POINT('',(-34.9999999999996,-20.,70.0000000000003));
#2387=CARTESIAN_POINT('Origin',(-15.0000000000002,15.,30.0000004470345));
#2388=CARTESIAN_POINT('',(-15.0000000000002,15.,30.0000004470345));
#2389=CARTESIAN_POINT('',(-20.0000000000002,-20.0000002980232,70.000001043081));
#2390=CARTESIAN_POINT('',(-34.9999999999996,-20.,70.0000000000003));
#2391=CARTESIAN_POINT('',(-20.0000000000002,15.,30.0000004470345));
#2392=CARTESIAN_POINT('',(-20.0000000000002,15.,30.0000004470345));
#2393=CARTESIAN_POINT('',(105.,15.,29.9999999999999));
#2394=CARTESIAN_POINT('Origin',(-20.0000000000002,-2.50000014901161,50.0000007450577));
#2395=CARTESIAN_POINT('',(-20.0000000000002,15.,69.9999999999997));
#2396=CARTESIAN_POINT('',(-20.0000000000002,-1.2500000745058,70.0000000000002));
#2397=CARTESIAN_POINT('',(-20.0000000000002,15.,60.0000003725288));
#2398=CARTESIAN_POINT('Origin',(-15.0000000000002,-2.50000014901161,50.0000007450577));
#2399=CARTESIAN_POINT('Origin',(105.,15.,69.9999999999998));
#2400=CARTESIAN_POINT('',(-35.0000000000002,15.,69.9999999999998));
#2401=CARTESIAN_POINT('',(70.0000000000002,15.,69.9999999999997));
#2402=CARTESIAN_POINT('',(-35.0000000000002,15.,39.9999999999999));
#2403=CARTESIAN_POINT('',(-35.0000000000002,15.,69.9999999999998));
#2404=CARTESIAN_POINT('',(-24.9999999999998,15.,29.9999999999999));
#2405=CARTESIAN_POINT('Origin',(-24.9999999999998,15.,39.9999999999999));
#2406=CARTESIAN_POINT('',(105.,15.,29.9999999999999));
#2407=CARTESIAN_POINT('Origin',(-24.9999999999998,18.75,39.9999999999999));
#2408=CARTESIAN_POINT('',(-35.0000000000002,20.,39.9999999999999));
#2409=CARTESIAN_POINT('',(-24.9999999999998,20.,29.9999999999999));
#2410=CARTESIAN_POINT('Origin',(-24.9999999999998,20.,39.9999999999999));
#2411=CARTESIAN_POINT('',(-24.9999999999998,18.75,29.9999999999999));
#2412=CARTESIAN_POINT('',(-34.9999999999998,18.75,39.9999999999999));
#2413=CARTESIAN_POINT('Origin',(-34.9999999999996,20.,70.0000000000003));
#2414=CARTESIAN_POINT('',(-34.9999999999996,-10.,70.0000000000003));
#2415=CARTESIAN_POINT('',(-35.,20.,69.9999999999998));
#2416=CARTESIAN_POINT('',(-34.9999999999995,-10.,75.0000000000003));
#2417=CARTESIAN_POINT('',(-34.9999999999996,-10.,70.0000000000003));
#2418=CARTESIAN_POINT('',(-35.,50.,74.9999999999998));
#2419=CARTESIAN_POINT('',(-35.,20.,74.9999999999998));
#2420=CARTESIAN_POINT('',(-35.,50.,69.9999999999998));
#2421=CARTESIAN_POINT('',(-34.9999999999996,50.,70.0000000000003));
#2422=CARTESIAN_POINT('',(-35.0000000000002,20.,69.9999999999998));
#2423=CARTESIAN_POINT('',(-35.,20.,69.9999999999998));
#2424=CARTESIAN_POINT('',(-35.0000000000002,20.,69.9999999999998));
#2425=CARTESIAN_POINT('Origin',(95.0000000000003,-1.25,39.9999999999999));
#2426=CARTESIAN_POINT('',(95.0000000000003,20.,29.9999999999999));
#2427=CARTESIAN_POINT('',(95.0000000000003,-1.25,29.9999999999999));
#2428=CARTESIAN_POINT('',(105.,20.,39.9999999999998));
#2429=CARTESIAN_POINT('Origin',(95.0000000000003,20.,39.9999999999999));
#2430=CARTESIAN_POINT('',(105.,-1.25,39.9999999999998));
#2431=CARTESIAN_POINT('Origin',(105.,-20.,69.9999999999995));
#2432=CARTESIAN_POINT('',(105.,20.,69.9999999999998));
#2433=CARTESIAN_POINT('',(105.,20.,69.9999999999998));
#2434=CARTESIAN_POINT('',(105.,50.,69.9999999999995));
#2435=CARTESIAN_POINT('',(105.,20.,69.9999999999995));
#2436=CARTESIAN_POINT('',(105.,50.,74.9999999999998));
#2437=CARTESIAN_POINT('',(105.,50.,69.9999999999995));
#2438=CARTESIAN_POINT('',(105.,-10.,74.9999999999995));
#2439=CARTESIAN_POINT('',(105.,20.,74.9999999999998));
#2440=CARTESIAN_POINT('',(105.,-10.,69.9999999999995));
#2441=CARTESIAN_POINT('Origin',(-35.0000000000002,20.,69.9999999999998));
#2442=CARTESIAN_POINT('',(1.19904086659518E-13,20.,70.0000000000001));
#2443=CARTESIAN_POINT('',(-35.0000000000002,20.,29.9999999999999));
#2444=CARTESIAN_POINT('Origin',(34.9999999999999,17.5,29.9999999999999));
#2445=CARTESIAN_POINT('Origin',(35.0000000000004,4.44089209850063E-15,69.9999999999999));
#2446=CARTESIAN_POINT('',(-24.9999999999996,-20.,70.0000000000003));
#2447=CARTESIAN_POINT('',(-34.9999999999996,-20.,70.0000000000003));
#2448=CARTESIAN_POINT('Origin',(-24.9999999999996,-10.,70.0000000000003));
#2449=CARTESIAN_POINT('Origin',(35.0000000000004,4.44089209850063E-15,69.9999999999999));
#2450=CARTESIAN_POINT('',(-24.9999999999996,60.,70.0000000000003));
#2451=CARTESIAN_POINT('Origin',(-24.9999999999996,50.,70.0000000000003));
#2452=CARTESIAN_POINT('',(95.0000000000004,60.,69.9999999999995));
#2453=CARTESIAN_POINT('',(-34.9999999999996,60.,70.0000000000003));
#2454=CARTESIAN_POINT('Origin',(95.0000000000004,50.,69.9999999999995));
#2455=CARTESIAN_POINT('',(-18.,50.,70.0000000000002));
#2456=CARTESIAN_POINT('',(-18.,30.,70.0000000000002));
#2457=CARTESIAN_POINT('',(-18.,15.,70.0000000000002));
#2458=CARTESIAN_POINT('',(-12.,30.,70.0000000000002));
#2459=CARTESIAN_POINT('Origin',(-15.,30.,69.9999999999999));
#2460=CARTESIAN_POINT('',(-12.,50.,70.0000000000002));
#2461=CARTESIAN_POINT('',(-12.,25.,70.0000000000002));
#2462=CARTESIAN_POINT('Origin',(-15.,50.,69.9999999999999));
#2463=CARTESIAN_POINT('',(88.,30.,69.9999999999996));
#2464=CARTESIAN_POINT('',(88.,50.,69.9999999999996));
#2465=CARTESIAN_POINT('',(88.,25.,69.9999999999996));
#2466=CARTESIAN_POINT('',(82.,50.,69.9999999999996));
#2467=CARTESIAN_POINT('Origin',(85.,50.,69.9999999999999));
#2468=CARTESIAN_POINT('',(82.,30.,69.9999999999996));
#2469=CARTESIAN_POINT('',(82.,15.,69.9999999999996));
#2470=CARTESIAN_POINT('Origin',(85.,30.,69.9999999999999));
#2471=CARTESIAN_POINT('Origin',(82.,30.,74.9999999999998));
#2472=CARTESIAN_POINT('',(82.,50.,74.9999999999998));
#2473=CARTESIAN_POINT('',(82.,50.,74.9999999999998));
#2474=CARTESIAN_POINT('',(82.,30.,74.9999999999998));
#2475=CARTESIAN_POINT('',(82.,15.,74.9999999999996));
#2476=CARTESIAN_POINT('',(82.,30.,74.9999999999998));
#2477=CARTESIAN_POINT('Origin',(85.,30.,74.9999999999998));
#2478=CARTESIAN_POINT('',(88.,30.,74.9999999999998));
#2479=CARTESIAN_POINT('Origin',(85.,30.,74.9999999999999));
#2480=CARTESIAN_POINT('',(88.,30.,74.9999999999998));
#2481=CARTESIAN_POINT('Origin',(88.,50.,74.9999999999998));
#2482=CARTESIAN_POINT('',(88.,50.,74.9999999999998));
#2483=CARTESIAN_POINT('',(88.,25.,74.9999999999996));
#2484=CARTESIAN_POINT('',(88.,50.,74.9999999999998));
#2485=CARTESIAN_POINT('Origin',(85.,50.,74.9999999999998));
#2486=CARTESIAN_POINT('Origin',(85.,50.,74.9999999999999));
#2487=CARTESIAN_POINT('Origin',(-12.,50.,74.9999999999998));
#2488=CARTESIAN_POINT('',(-12.,30.,74.9999999999998));
#2489=CARTESIAN_POINT('',(-12.,30.,74.9999999999998));
#2490=CARTESIAN_POINT('',(-12.,50.,74.9999999999998));
#2491=CARTESIAN_POINT('',(-12.,25.,75.0000000000002));
#2492=CARTESIAN_POINT('',(-12.,50.,74.9999999999998));
#2493=CARTESIAN_POINT('Origin',(-15.,50.,74.9999999999998));
#2494=CARTESIAN_POINT('',(-18.,50.,74.9999999999998));
#2495=CARTESIAN_POINT('Origin',(-15.,50.,74.9999999999999));
#2496=CARTESIAN_POINT('',(-18.,50.,74.9999999999998));
#2497=CARTESIAN_POINT('Origin',(-18.,30.,74.9999999999998));
#2498=CARTESIAN_POINT('',(-18.,30.,74.9999999999998));
#2499=CARTESIAN_POINT('',(-18.,15.,75.0000000000002));
#2500=CARTESIAN_POINT('',(-18.,30.,74.9999999999998));
#2501=CARTESIAN_POINT('Origin',(-15.,30.,74.9999999999998));
#2502=CARTESIAN_POINT('Origin',(-15.,30.,74.9999999999999));
#2503=CARTESIAN_POINT('Origin',(95.0000000000004,50.,69.9999999999995));
#2504=CARTESIAN_POINT('',(95.0000000000005,60.,74.9999999999998));
#2505=CARTESIAN_POINT('',(95.0000000000004,60.,69.9999999999995));
#2506=CARTESIAN_POINT('Origin',(95.0000000000005,50.,74.9999999999995));
#2507=CARTESIAN_POINT('Origin',(35.0000000000005,4.44089209850063E-15,74.9999999999999));
#2508=CARTESIAN_POINT('',(-24.9999999999995,60.,74.9999999999998));
#2509=CARTESIAN_POINT('',(-25.,60.,74.9999999999998));
#2510=CARTESIAN_POINT('Origin',(-24.9999999999995,50.,75.0000000000003));
#2511=CARTESIAN_POINT('',(-24.9999999999995,-20.,75.0000000000003));
#2512=CARTESIAN_POINT('Origin',(-24.9999999999995,-10.,75.0000000000003));
#2513=CARTESIAN_POINT('',(-19.2426406871193,-20.,75.0000000000002));
#2514=CARTESIAN_POINT('',(-34.9999999999995,-20.,75.0000000000003));
#2515=CARTESIAN_POINT('',(-19.2426406871193,3.49999999999998,75.0000000000002));
#2516=CARTESIAN_POINT('',(-19.2426406871193,0.375000000000002,75.0000000000002));
#2517=CARTESIAN_POINT('',(-15.,7.74264068711929,75.0000000000002));
#2518=CARTESIAN_POINT('Origin',(-10.7573593128807,-0.742640687119271,75.0000000000002));
#2519=CARTESIAN_POINT('',(24.5,7.74264068711929,75.));
#2520=CARTESIAN_POINT('',(31.8750000000003,7.74264068711929,74.9999999999999));
#2521=CARTESIAN_POINT('',(28.7426406871193,3.5,74.9999999999999));
#2522=CARTESIAN_POINT('Origin',(20.2573593128807,-0.742640687119294,75.));
#2523=CARTESIAN_POINT('',(28.7426406871193,-20.,74.9999999999999));
#2524=CARTESIAN_POINT('',(28.7426406871193,-5.,74.9999999999999));
#2525=CARTESIAN_POINT('',(31.2573593128803,-20.,74.9999999999999));
#2526=CARTESIAN_POINT('',(-34.9999999999995,-20.,75.0000000000003));
#2527=CARTESIAN_POINT('',(31.2573593128802,-13.,74.9999999999999));
#2528=CARTESIAN_POINT('',(31.2573593128802,-3.75,74.9999999999999));
#2529=CARTESIAN_POINT('',(35.4999999999995,-8.75735931288072,74.9999999999999));
#2530=CARTESIAN_POINT('Origin',(39.7426406871188,-17.2426406871193,74.9999999999999));
#2531=CARTESIAN_POINT('',(79.4999999999995,-8.75735931288072,74.9999999999996));
#2532=CARTESIAN_POINT('',(45.6250000000002,-8.75735931288072,74.9999999999998));
#2533=CARTESIAN_POINT('',(83.7426406871188,-13.,74.9999999999996));
#2534=CARTESIAN_POINT('Origin',(75.2573593128802,-17.2426406871193,74.9999999999996));
#2535=CARTESIAN_POINT('',(83.7426406871188,-20.,74.9999999999996));
#2536=CARTESIAN_POINT('',(83.7426406871188,-5.,74.9999999999996));
#2537=CARTESIAN_POINT('',(95.0000000000005,-20.,74.9999999999995));
#2538=CARTESIAN_POINT('',(-34.9999999999995,-20.,75.0000000000003));
#2539=CARTESIAN_POINT('Origin',(95.0000000000005,-10.,74.9999999999995));
#2540=CARTESIAN_POINT('Origin',(-24.9999999999996,50.,70.0000000000003));
#2541=CARTESIAN_POINT('',(-24.9999999999996,60.,70.0000000000003));
#2542=CARTESIAN_POINT('Origin',(105.,60.,69.9999999999995));
#2543=CARTESIAN_POINT('Origin',(-24.9999999999996,-10.,70.0000000000003));
#2544=CARTESIAN_POINT('',(-24.9999999999996,-20.,70.0000000000003));
#2545=CARTESIAN_POINT('Origin',(95.0000000000004,-10.,69.9999999999995));
#2546=CARTESIAN_POINT('',(95.0000000000004,-20.,69.9999999999995));
#2547=CARTESIAN_POINT('Origin',(20.5,-14.625,82.9999999999998));
#2548=CARTESIAN_POINT('',(20.5,-20.,84.9999999999998));
#2549=CARTESIAN_POINT('',(22.5,-20.,82.9999999999998));
#2550=CARTESIAN_POINT('Origin',(20.5,-20.,82.9999999999998));
#2551=CARTESIAN_POINT('',(22.5,-1.5,82.9999999999998));
#2552=CARTESIAN_POINT('',(22.5,-14.625,82.9999999999998));
#2553=CARTESIAN_POINT('',(20.5,-1.5,84.9999999999998));
#2554=CARTESIAN_POINT('Origin',(20.5,-1.5,82.9999999999998));
#2555=CARTESIAN_POINT('',(20.5,-14.625,84.9999999999998));
#2556=CARTESIAN_POINT('Ctrl Pts',(19.5,-0.500000000000007,84.9999999999998));
#2557=CARTESIAN_POINT('Ctrl Pts',(20.5,-0.500000000000006,84.9999999999998));
#2558=CARTESIAN_POINT('Ctrl Pts',(20.5,-1.5,84.9999999999998));
#2559=CARTESIAN_POINT('Ctrl Pts',(19.5,1.5,84.9999999999998));
#2560=CARTESIAN_POINT('Ctrl Pts',(22.5,1.5,84.9999999999998));
#2561=CARTESIAN_POINT('Ctrl Pts',(22.5,-1.5,84.9999999999998));
#2562=CARTESIAN_POINT('Ctrl Pts',(19.5,1.5,82.9999999999998));
#2563=CARTESIAN_POINT('Ctrl Pts',(22.5,1.5,82.9999999999998));
#2564=CARTESIAN_POINT('Ctrl Pts',(22.5,-1.5,82.9999999999998));
#2565=CARTESIAN_POINT('',(19.5,1.5,82.9999999999998));
#2566=CARTESIAN_POINT('',(19.5,-0.500000000000003,84.9999999999998));
#2567=CARTESIAN_POINT('Origin',(19.5,-0.500000000000003,82.9999999999998));
#2568=CARTESIAN_POINT('Origin',(19.5,-1.5,84.9999999999998));
#2569=CARTESIAN_POINT('Origin',(19.5,-1.5,82.9999999999998));
#2570=CARTESIAN_POINT('Origin',(13.625,-0.500000000000004,82.9999999999998));
#2571=CARTESIAN_POINT('',(-9.99999999999998,1.5,82.9999999999998));
#2572=CARTESIAN_POINT('',(-9.99999999999998,-0.500000000000004,84.9999999999998));
#2573=CARTESIAN_POINT('Origin',(-9.99999999999998,-0.500000000000004,82.9999999999998));
#2574=CARTESIAN_POINT('',(13.625,-0.500000000000004,84.9999999999998));
#2575=CARTESIAN_POINT('',(13.625,1.5,82.9999999999998));
#2576=CARTESIAN_POINT('Ctrl Pts',(-11.,-1.5,84.9999999999998));
#2577=CARTESIAN_POINT('Ctrl Pts',(-11.,-0.500000000000004,84.9999999999998));
#2578=CARTESIAN_POINT('Ctrl Pts',(-9.99999999999998,-0.500000000000004,
84.9999999999998));
#2579=CARTESIAN_POINT('Ctrl Pts',(-13.,-1.5,84.9999999999998));
#2580=CARTESIAN_POINT('Ctrl Pts',(-13.,1.5,84.9999999999998));
#2581=CARTESIAN_POINT('Ctrl Pts',(-9.99999999999998,1.5,84.9999999999998));
#2582=CARTESIAN_POINT('Ctrl Pts',(-13.,-1.5,82.9999999999998));
#2583=CARTESIAN_POINT('Ctrl Pts',(-13.,1.5,82.9999999999998));
#2584=CARTESIAN_POINT('Ctrl Pts',(-9.99999999999998,1.5,82.9999999999998));
#2585=CARTESIAN_POINT('',(-13.,-1.5,82.9999999999998));
#2586=CARTESIAN_POINT('',(-11.,-1.5,84.9999999999998));
#2587=CARTESIAN_POINT('Origin',(-11.,-1.5,82.9999999999998));
#2588=CARTESIAN_POINT('Origin',(-9.99999999999998,-1.5,84.9999999999998));
#2589=CARTESIAN_POINT('Origin',(-9.99999999999998,-1.5,82.9999999999998));
#2590=CARTESIAN_POINT('Origin',(-11.,-3.875,82.9999999999998));
#2591=CARTESIAN_POINT('',(-13.,-20.,82.9999999999998));
#2592=CARTESIAN_POINT('',(-11.,-20.,84.9999999999998));
#2593=CARTESIAN_POINT('Origin',(-11.,-20.,82.9999999999998));
#2594=CARTESIAN_POINT('',(-11.,-3.875,84.9999999999998));
#2595=CARTESIAN_POINT('',(-13.,-3.875,82.9999999999998));
#2596=CARTESIAN_POINT('Origin',(-9.99999999999998,-1.5,74.9999999999998));
#2597=CARTESIAN_POINT('',(-9.99999999999998,1.5,81.2426406871194));
#2598=CARTESIAN_POINT('',(-9.99999999999998,1.5,74.9999999999998));
#2599=CARTESIAN_POINT('',(-10.7764571353084,1.39777747886697,81.4470857293855));
#2600=CARTESIAN_POINT('Origin',(-9.99999999999998,-1.5,87.2426406871194));
#2601=CARTESIAN_POINT('',(-12.897777478867,-0.723542864691578,81.4470857293855));
#2602=CARTESIAN_POINT('Origin',(-9.99999999999999,-1.50000000000001,78.7573593128809));
#2603=CARTESIAN_POINT('',(-13.,-1.5,81.2426406871195));
#2604=CARTESIAN_POINT('Origin',(-9.99999999999998,-1.5,87.2426406871194));
#2605=CARTESIAN_POINT('',(-13.,-1.5,74.9999999999998));
#2606=CARTESIAN_POINT('Origin',(22.5,1.5,74.9999999999998));
#2607=CARTESIAN_POINT('',(19.5,1.5,81.2426406871193));
#2608=CARTESIAN_POINT('',(19.5,1.5,74.9999999999998));
#2609=CARTESIAN_POINT('',(25.6250000000002,1.5,81.2426406871192));
#2610=CARTESIAN_POINT('Origin',(19.5,-1.5,74.9999999999998));
#2611=CARTESIAN_POINT('',(22.5,-1.5,81.2426406871193));
#2612=CARTESIAN_POINT('',(22.5,-1.5,74.9999999999998));
#2613=CARTESIAN_POINT('',(22.397777478867,-0.723542864691582,81.4470857293853));
#2614=CARTESIAN_POINT('Origin',(19.5,-1.5,87.2426406871193));
#2615=CARTESIAN_POINT('',(20.2764571353085,1.39777747886696,81.4470857293853));
#2616=CARTESIAN_POINT('Origin',(19.5,-1.50000000000001,78.7573593128807));
#2617=CARTESIAN_POINT('Origin',(19.5,-1.5,87.2426406871193));
#2618=CARTESIAN_POINT('Origin',(22.5,-20.,74.9999999999998));
#2619=CARTESIAN_POINT('',(22.5,-20.,81.2426406871193));
#2620=CARTESIAN_POINT('',(22.5,-20.,74.9999999999998));
#2621=CARTESIAN_POINT('',(22.5,-15.,81.2426406871193));
#2622=CARTESIAN_POINT('Origin',(-16.,1.125,81.2426406871195));
#2623=CARTESIAN_POINT('',(-13.8786796564403,-20.,79.1213203435598));
#2624=CARTESIAN_POINT('',(-13.,-20.,81.2426406871195));
#2625=CARTESIAN_POINT('Origin',(-16.,-20.,81.2426406871195));
#2626=CARTESIAN_POINT('',(-13.,1.125,81.2426406871195));
#2627=CARTESIAN_POINT('',(-13.8786796564403,-1.5,79.1213203435598));
#2628=CARTESIAN_POINT('Origin',(-16.,-1.5,81.2426406871195));
#2629=CARTESIAN_POINT('',(-13.8786796564403,1.125,79.1213203435598));
#2630=CARTESIAN_POINT('Ctrl Pts',(-11.5529142706167,2.17423461417435,79.3257653858258));
#2631=CARTESIAN_POINT('Ctrl Pts',(-11.0471566906525,2.30975194929182,79.1902480507083));
#2632=CARTESIAN_POINT('Ctrl Pts',(-10.5235987755988,2.37867965644035,79.1213203435598));
#2633=CARTESIAN_POINT('Ctrl Pts',(-9.99999999999999,2.37867965644035,79.1213203435598));
#2634=CARTESIAN_POINT('Ctrl Pts',(-11.2627316195299,1.63274641550944,79.8672535844907));
#2635=CARTESIAN_POINT('Ctrl Pts',(-10.8535129495478,1.759355345883,79.7412153457034));
#2636=CARTESIAN_POINT('Ctrl Pts',(-10.4265297358276,1.82331928917056,79.6766807108296));
#2637=CARTESIAN_POINT('Ctrl Pts',(-9.99999999999999,1.82331928917056,79.6766807108296));
#2638=CARTESIAN_POINT('Ctrl Pts',(-10.9746555718694,1.3446703678493,80.6542919831421));
#2639=CARTESIAN_POINT('Ctrl Pts',(-10.6609164576727,1.44772382034342,80.5238835979885));
#2640=CARTESIAN_POINT('Ctrl Pts',(-10.3301467440166,1.49999999999999,80.457242523722));
#2641=CARTESIAN_POINT('Ctrl Pts',(-9.99999999999999,1.49999999999999,80.457242523722));
#2642=CARTESIAN_POINT('Ctrl Pts',(-10.7764571353083,1.397777478867,81.4470857293855));
#2643=CARTESIAN_POINT('Ctrl Pts',(-10.5235783453262,1.46553614642574,81.311568394268));
#2644=CARTESIAN_POINT('Ctrl Pts',(-10.2617993877994,1.49999999999999,81.2426406871194));
#2645=CARTESIAN_POINT('Ctrl Pts',(-9.99999999999998,1.49999999999999,81.2426406871194));
#2646=CARTESIAN_POINT('',(-10.,2.37867965644035,79.1213203435598));
#2647=CARTESIAN_POINT('Origin',(-9.99999999999998,4.5,81.2426406871194));
#2648=CARTESIAN_POINT('',(-11.5529142706161,2.17423461417467,79.3257653858255));
#2649=CARTESIAN_POINT('Origin',(-10.,-3.62132034355964,85.1213203435598));
#2650=CARTESIAN_POINT('Origin',(-11.5529142706168,4.29555495773395,81.4470857293855));
#2651=CARTESIAN_POINT('Ctrl Pts',(-13.8786796564404,-1.5,79.1213203435598));
#2652=CARTESIAN_POINT('Ctrl Pts',(-13.8786796564404,-0.976401224401163,
79.1213203435598));
#2653=CARTESIAN_POINT('Ctrl Pts',(-13.8097519492918,-0.452843309347527,
79.1902480507083));
#2654=CARTESIAN_POINT('Ctrl Pts',(-13.6742346141743,0.052914270616691,79.3257653858258));
#2655=CARTESIAN_POINT('Ctrl Pts',(-13.3233192891706,-1.5,79.6766807108296));
#2656=CARTESIAN_POINT('Ctrl Pts',(-13.3233192891706,-1.07347026417237,79.6766807108296));
#2657=CARTESIAN_POINT('Ctrl Pts',(-13.259355345883,-0.646487050452167,79.7412153457034));
#2658=CARTESIAN_POINT('Ctrl Pts',(-13.1327464155094,-0.237268380470114,
79.8672535844907));
#2659=CARTESIAN_POINT('Ctrl Pts',(-13.,-1.5,80.457242523722));
#2660=CARTESIAN_POINT('Ctrl Pts',(-13.,-1.16985325598335,80.457242523722));
#2661=CARTESIAN_POINT('Ctrl Pts',(-12.9477238203434,-0.8390835423273,80.5238835979885));
#2662=CARTESIAN_POINT('Ctrl Pts',(-12.8446703678493,-0.525344428130625,
80.6542919831421));
#2663=CARTESIAN_POINT('Ctrl Pts',(-13.,-1.5,81.2426406871195));
#2664=CARTESIAN_POINT('Ctrl Pts',(-13.,-1.23820061220058,81.2426406871195));
#2665=CARTESIAN_POINT('Ctrl Pts',(-12.9655361464257,-0.976421654673765,
81.311568394268));
#2666=CARTESIAN_POINT('Ctrl Pts',(-12.897777478867,-0.723542864691655,81.4470857293855));
#2667=CARTESIAN_POINT('',(-13.6742346141747,0.0529142706161194,79.3257653858255));
#2668=CARTESIAN_POINT('Origin',(-15.7955549577339,0.0529142706168503,81.4470857293855));
#2669=CARTESIAN_POINT('Origin',(-7.87867965644035,-1.5,85.1213203435598));
#2670=CARTESIAN_POINT('Ctrl Pts',(-13.6742346141747,0.0529142706161234,
79.3257653858255));
#2671=CARTESIAN_POINT('Ctrl Pts',(-13.6251405868539,0.553484456221634,79.3748594131461));
#2672=CARTESIAN_POINT('Ctrl Pts',(-13.2184524099147,1.5985286774752,79.444274970324));
#2673=CARTESIAN_POINT('Ctrl Pts',(-12.2203411847568,2.10877591108029,79.3912240889196));
#2674=CARTESIAN_POINT('Ctrl Pts',(-11.5529142706161,2.17423461417467,79.3257653858255));
#2675=CARTESIAN_POINT('Ctrl Pts',(-13.1327464155096,-0.237268380470535,
79.8672535844905));
#2676=CARTESIAN_POINT('Ctrl Pts',(-13.02413702937,0.187844898406581,79.9304832601597));
#2677=CARTESIAN_POINT('Ctrl Pts',(-12.5903557043956,1.00197770286602,79.9860257738212));
#2678=CARTESIAN_POINT('Ctrl Pts',(-11.8295493246989,1.48793390065682,79.9515598187161));
#2679=CARTESIAN_POINT('Ctrl Pts',(-11.2627316195295,1.63274641550962,79.8672535844905));
#2680=CARTESIAN_POINT('Ctrl Pts',(-12.8446703678493,-0.525344428130813,
80.654291983142));
#2681=CARTESIAN_POINT('Ctrl Pts',(-12.7056815094452,-0.130610621518258,
80.8005199205451));
#2682=CARTESIAN_POINT('Ctrl Pts',(-12.2235899444759,0.63521194294625,80.9880484643986));
#2683=CARTESIAN_POINT('Ctrl Pts',(-11.5009673140193,1.15935188997714,80.8492625663462));
#2684=CARTESIAN_POINT('Ctrl Pts',(-10.9746555718692,1.34467036784934,80.654291983142));
#2685=CARTESIAN_POINT('Ctrl Pts',(-12.897777478867,-0.723542864691581,81.4470857293855));
#2686=CARTESIAN_POINT('Ctrl Pts',(-12.7816197630522,-0.290036367580092,
81.6794011610148));
#2687=CARTESIAN_POINT('Ctrl Pts',(-12.2801081715902,0.660184439150709,82.007879104416));
#2688=CARTESIAN_POINT('Ctrl Pts',(-11.3544657981237,1.24290052444723,81.7568396382245));
#2689=CARTESIAN_POINT('Ctrl Pts',(-10.7764571353084,1.39777747886697,81.4470857293855));
#2690=CARTESIAN_POINT('Origin',(-9.99999999999999,-1.50000000000001,78.7573593128809));
#2691=CARTESIAN_POINT('Origin',(25.5,-15.,81.2426406871193));
#2692=CARTESIAN_POINT('',(23.3786796564404,-20.,79.1213203435596));
#2693=CARTESIAN_POINT('Origin',(25.5,-20.,81.2426406871193));
#2694=CARTESIAN_POINT('',(23.3786796564404,-1.5,79.1213203435596));
#2695=CARTESIAN_POINT('',(23.3786796564404,-15.,79.1213203435596));
#2696=CARTESIAN_POINT('Origin',(25.5,-1.5,81.2426406871193));
#2697=CARTESIAN_POINT('Origin',(25.6250000000002,4.5,81.2426406871192));
#2698=CARTESIAN_POINT('',(19.5,2.37867965644035,79.1213203435596));
#2699=CARTESIAN_POINT('Origin',(19.5,4.5,81.2426406871193));
#2700=CARTESIAN_POINT('',(25.6250000000001,2.37867965644035,79.1213203435596));
#2701=CARTESIAN_POINT('Ctrl Pts',(23.1742346141744,0.0529142706166752,79.3257653858256));
#2702=CARTESIAN_POINT('Ctrl Pts',(23.3097519492918,-0.452843309347538,79.1902480507082));
#2703=CARTESIAN_POINT('Ctrl Pts',(23.3786796564404,-0.976401224401168,79.1213203435596));
#2704=CARTESIAN_POINT('Ctrl Pts',(23.3786796564404,-1.5,79.1213203435596));
#2705=CARTESIAN_POINT('Ctrl Pts',(22.6327464155095,-0.237268380470126,79.8672535844905));
#2706=CARTESIAN_POINT('Ctrl Pts',(22.759355345883,-0.646487050452175,79.7412153457032));
#2707=CARTESIAN_POINT('Ctrl Pts',(22.8233192891706,-1.07347026417237,79.6766807108294));
#2708=CARTESIAN_POINT('Ctrl Pts',(22.8233192891706,-1.5,79.6766807108294));
#2709=CARTESIAN_POINT('Ctrl Pts',(22.3446703678493,-0.525344428130633,80.6542919831419));
#2710=CARTESIAN_POINT('Ctrl Pts',(22.4477238203434,-0.839083542327307,80.5238835979883));
#2711=CARTESIAN_POINT('Ctrl Pts',(22.5,-1.16985325598336,80.4572425237218));
#2712=CARTESIAN_POINT('Ctrl Pts',(22.5,-1.5,80.4572425237218));
#2713=CARTESIAN_POINT('Ctrl Pts',(22.397777478867,-0.723542864691663,81.4470857293853));
#2714=CARTESIAN_POINT('Ctrl Pts',(22.4655361464258,-0.97642165467377,81.3115683942678));
#2715=CARTESIAN_POINT('Ctrl Pts',(22.5,-1.23820061220059,81.2426406871193));
#2716=CARTESIAN_POINT('Ctrl Pts',(22.5,-1.5,81.2426406871193));
#2717=CARTESIAN_POINT('',(23.1742346141747,0.0529142706161069,79.3257653858253));
#2718=CARTESIAN_POINT('Origin',(17.3786796564404,-1.5,85.1213203435597));
#2719=CARTESIAN_POINT('Origin',(25.295554957734,0.0529142706168362,81.4470857293853));
#2720=CARTESIAN_POINT('Ctrl Pts',(19.5,2.37867965644035,79.1213203435596));
#2721=CARTESIAN_POINT('Ctrl Pts',(20.0235987755989,2.37867965644035,79.1213203435596));
#2722=CARTESIAN_POINT('Ctrl Pts',(20.5471566906525,2.30975194929183,79.1902480507081));
#2723=CARTESIAN_POINT('Ctrl Pts',(21.0529142706167,2.17423461417434,79.3257653858256));
#2724=CARTESIAN_POINT('Ctrl Pts',(19.5,1.82331928917056,79.6766807108294));
#2725=CARTESIAN_POINT('Ctrl Pts',(19.9265297358277,1.82331928917056,79.6766807108294));
#2726=CARTESIAN_POINT('Ctrl Pts',(20.3535129495479,1.75935534588301,79.7412153457032));
#2727=CARTESIAN_POINT('Ctrl Pts',(20.7627316195299,1.63274641550944,79.8672535844905));
#2728=CARTESIAN_POINT('Ctrl Pts',(19.5,1.49999999999999,80.4572425237218));
#2729=CARTESIAN_POINT('Ctrl Pts',(19.8301467440167,1.49999999999999,80.4572425237218));
#2730=CARTESIAN_POINT('Ctrl Pts',(20.1609164576727,1.44772382034343,80.5238835979883));
#2731=CARTESIAN_POINT('Ctrl Pts',(20.4746555718694,1.3446703678493,80.6542919831419));
#2732=CARTESIAN_POINT('Ctrl Pts',(19.5,1.49999999999999,81.2426406871193));
#2733=CARTESIAN_POINT('Ctrl Pts',(19.7617993877994,1.49999999999999,81.2426406871193));
#2734=CARTESIAN_POINT('Ctrl Pts',(20.0235783453263,1.46553614642574,81.3115683942678));
#2735=CARTESIAN_POINT('Ctrl Pts',(20.2764571353084,1.397777478867,81.4470857293853));
#2736=CARTESIAN_POINT('',(21.0529142706161,2.17423461417466,79.3257653858253));
#2737=CARTESIAN_POINT('Origin',(21.0529142706169,4.29555495773394,81.4470857293853));
#2738=CARTESIAN_POINT('Origin',(19.5,-3.62132034355964,85.1213203435596));
#2739=CARTESIAN_POINT('Ctrl Pts',(21.0529142706162,2.17423461417467,79.3257653858253));
#2740=CARTESIAN_POINT('Ctrl Pts',(21.7203411847568,2.10877591108028,79.3912240889194));
#2741=CARTESIAN_POINT('Ctrl Pts',(22.7184434655504,1.59852043963248,79.4442731019111));
#2742=CARTESIAN_POINT('Ctrl Pts',(23.1251405868539,0.553484456221617,79.3748594131459));
#2743=CARTESIAN_POINT('Ctrl Pts',(23.1742346141747,0.052914270616108,79.3257653858253));
#2744=CARTESIAN_POINT('Ctrl Pts',(20.7627316195295,1.63274641550961,79.8672535844903));
#2745=CARTESIAN_POINT('Ctrl Pts',(21.329549324699,1.48793390065681,79.9515598187159));
#2746=CARTESIAN_POINT('Ctrl Pts',(22.0903156660542,1.00192703737997,79.9859904307025));
#2747=CARTESIAN_POINT('Ctrl Pts',(22.52413702937,0.187844898406567,79.9304832601595));
#2748=CARTESIAN_POINT('Ctrl Pts',(22.6327464155096,-0.237268380470547,79.8672535844903));
#2749=CARTESIAN_POINT('Ctrl Pts',(20.4746555718692,1.34467036784934,80.6542919831418));
#2750=CARTESIAN_POINT('Ctrl Pts',(21.0009673140193,1.15935188997713,80.849262566346));
#2751=CARTESIAN_POINT('Ctrl Pts',(21.7235486687496,0.63516004007536,80.9880165018781));
#2752=CARTESIAN_POINT('Ctrl Pts',(22.2056815094452,-0.130610621518267,80.8005199205449));
#2753=CARTESIAN_POINT('Ctrl Pts',(22.3446703678494,-0.525344428130822,80.6542919831418));
#2754=CARTESIAN_POINT('Ctrl Pts',(20.2764571353085,1.39777747886697,81.4470857293853));
#2755=CARTESIAN_POINT('Ctrl Pts',(20.8544657981238,1.24290052444722,81.7568396382243));
#2756=CARTESIAN_POINT('Ctrl Pts',(21.780101779525,0.660178753607074,82.0078702629924));
#2757=CARTESIAN_POINT('Ctrl Pts',(22.2816197630522,-0.290036367580103,81.6794011610146));
#2758=CARTESIAN_POINT('Ctrl Pts',(22.397777478867,-0.723542864691589,81.4470857293853));
#2759=CARTESIAN_POINT('Origin',(19.5,-1.5,78.7573593128807));
#2760=CARTESIAN_POINT('Ctrl Pts',(-19.2426406871193,3.49999999999998,75.0000000000002));
#2761=CARTESIAN_POINT('Ctrl Pts',(-19.2426406871193,4.59932842585301,75.0000000000002));
#2762=CARTESIAN_POINT('Ctrl Pts',(-18.5680844189483,6.82823767469607,75.0000000000002));
#2763=CARTESIAN_POINT('Ctrl Pts',(-16.4657712344707,7.74264068711927,75.0000000000002));
#2764=CARTESIAN_POINT('Ctrl Pts',(-15.,7.74264068711927,75.0000000000002));
#2765=CARTESIAN_POINT('Ctrl Pts',(-18.4572425237218,3.49999999999999,75.0000000000002));
#2766=CARTESIAN_POINT('Ctrl Pts',(-18.5442091973199,4.46346745737804,75.0013567575575));
#2767=CARTESIAN_POINT('Ctrl Pts',(-18.1005180840618,6.39846152505333,75.001861488899));
#2768=CARTESIAN_POINT('Ctrl Pts',(-16.2846232765041,7.07319808851925,75.0018090100766));
#2769=CARTESIAN_POINT('Ctrl Pts',(-15.,6.95724252372183,75.0000000000002));
#2770=CARTESIAN_POINT('Ctrl Pts',(-17.6766807108294,3.49999999999999,75.3233192891708));
#2771=CARTESIAN_POINT('Ctrl Pts',(-17.8475956367224,4.32856429394291,75.2503913203233));
#2772=CARTESIAN_POINT('Ctrl Pts',(-17.6330831276822,5.96948300382047,75.155256755609));
#2773=CARTESIAN_POINT('Ctrl Pts',(-16.1047523919239,6.40456727868679,75.2260819973742));
#2774=CARTESIAN_POINT('Ctrl Pts',(-15.,6.17668071082944,75.3233192891708));
#2775=CARTESIAN_POINT('Ctrl Pts',(-17.1213203435596,3.49999999999999,75.8786796564406));
#2776=CARTESIAN_POINT('Ctrl Pts',(-17.3045417478685,4.23288561723534,75.6954582521317));
#2777=CARTESIAN_POINT('Ctrl Pts',(-17.226322443895,5.60639907176889,75.4363994220197));
#2778=CARTESIAN_POINT('Ctrl Pts',(-15.9771808229805,5.86561554930476,75.6343844506954));
#2779=CARTESIAN_POINT('Ctrl Pts',(-15.,5.62132034355964,75.8786796564405));
#2780=CARTESIAN_POINT('',(-17.1213203435596,3.49999999999998,75.8786796564406));
#2781=CARTESIAN_POINT('Origin',(-19.2426406871192,3.49999999999998,78.0000000000002));
#2782=CARTESIAN_POINT('',(-15.,5.62132034355964,75.8786796564405));
#2783=CARTESIAN_POINT('Origin',(-10.7573593128807,-0.74264068711927,78.0000000000002));
#2784=CARTESIAN_POINT('Origin',(-15.,7.74264068711929,78.0000000000002));
#2785=CARTESIAN_POINT('Origin',(-19.2426406871192,0.375000000000002,78.0000000000002));
#2786=CARTESIAN_POINT('',(-17.1213203435596,-20.,75.8786796564406));
#2787=CARTESIAN_POINT('Origin',(-19.2426406871192,-20.,78.0000000000002));
#2788=CARTESIAN_POINT('',(-17.1213203435596,0.375000000000002,75.8786796564406));
#2789=CARTESIAN_POINT('Origin',(-6.1691197709602,-5.33088022903979,82.5882395419207));
#2790=CARTESIAN_POINT('',(-8.29044011451983,-5.33088022903979,84.7095598854803));
#2791=CARTESIAN_POINT('',(-6.16911977096019,-3.20955988548015,84.7095598854803));
#2792=CARTESIAN_POINT('Ctrl Pts',(24.5,7.74264068711929,75.));
#2793=CARTESIAN_POINT('Ctrl Pts',(25.5993284258531,7.74264068711928,74.9999999999999));
#2794=CARTESIAN_POINT('Ctrl Pts',(27.8282190422749,7.06806448394672,74.9999999999999));
#2795=CARTESIAN_POINT('Ctrl Pts',(28.7426406871193,4.9657712344707,74.9999999999999));
#2796=CARTESIAN_POINT('Ctrl Pts',(28.7426406871193,3.50000000000001,74.9999999999999));
#2797=CARTESIAN_POINT('Ctrl Pts',(24.5,6.95724252372184,75.));
#2798=CARTESIAN_POINT('Ctrl Pts',(25.4634674573781,7.0442091973199,75.0013567575572));
#2799=CARTESIAN_POINT('Ctrl Pts',(27.3984469272897,6.60050511105839,75.0018995756408));
#2800=CARTESIAN_POINT('Ctrl Pts',(28.0731980885193,4.78462327650408,75.0018090100763));
#2801=CARTESIAN_POINT('Ctrl Pts',(27.9572425237219,3.50000000000001,74.9999999999999));
#2802=CARTESIAN_POINT('Ctrl Pts',(24.5,6.17668071082944,75.3233192891705));
#2803=CARTESIAN_POINT('Ctrl Pts',(25.3285642939429,6.34759563672245,75.2503913203231));
#2804=CARTESIAN_POINT('Ctrl Pts',(26.9694695559663,6.13307197731912,75.1552910876374));
#2805=CARTESIAN_POINT('Ctrl Pts',(27.4045672786868,4.6047523919239,75.2260819973739));
#2806=CARTESIAN_POINT('Ctrl Pts',(27.1766807108295,3.50000000000001,75.3233192891705));
#2807=CARTESIAN_POINT('Ctrl Pts',(24.5,5.62132034355964,75.8786796564403));
#2808=CARTESIAN_POINT('Ctrl Pts',(25.2328856172354,5.80454174786848,75.6954582521315));
#2809=CARTESIAN_POINT('Ctrl Pts',(26.6063833276545,5.72630604849041,75.4364058499233));
#2810=CARTESIAN_POINT('Ctrl Pts',(26.8656155493048,4.47718082298047,75.6343844506952));
#2811=CARTESIAN_POINT('Ctrl Pts',(26.6213203435597,3.50000000000001,75.8786796564403));
#2812=CARTESIAN_POINT('',(26.6213203435597,3.5,75.8786796564403));
#2813=CARTESIAN_POINT('',(24.5,5.62132034355964,75.8786796564403));
#2814=CARTESIAN_POINT('Origin',(20.2573593128807,-0.742640687119293,78.));
#2815=CARTESIAN_POINT('Origin',(28.7426406871193,3.5,77.9999999999999));
#2816=CARTESIAN_POINT('Origin',(24.5,7.74264068711929,78.));
#2817=CARTESIAN_POINT('Origin',(28.7426406871193,-5.,77.9999999999999));
#2818=CARTESIAN_POINT('',(26.6213203435597,-20.,75.8786796564403));
#2819=CARTESIAN_POINT('Origin',(28.7426406871193,-20.,77.9999999999999));
#2820=CARTESIAN_POINT('',(26.6213203435597,-5.,75.8786796564403));
#2821=CARTESIAN_POINT('Origin',(31.8750000000004,7.74264068711929,77.9999999999999));
#2822=CARTESIAN_POINT('',(31.8750000000004,5.62132034355964,75.8786796564403));
#2823=CARTESIAN_POINT('Origin',(21.8774531042936,0.877453104293608,76.3799062085871));
#2824=CARTESIAN_POINT('',(23.9987734478533,0.877453104293608,78.5012265521467));
#2825=CARTESIAN_POINT('',(21.8774531042936,2.99877344785325,78.5012265521467));
#2826=CARTESIAN_POINT('Origin',(-13.,1.49999999999999,74.9999999999998));
#2827=CARTESIAN_POINT('',(-13.,-20.,74.9999999999998));
#2828=CARTESIAN_POINT('Origin',(-15.5,0.75,77.5000000000002));
#2829=CARTESIAN_POINT('',(-22.2499999999999,-20.,70.7500000000003));
#2830=CARTESIAN_POINT('Origin',(28.7500000000002,4.,77.4999999999999));
#2831=CARTESIAN_POINT('Ctrl Pts',(79.275255128608,-13.2247448713916,77.6563387984467));
#2832=CARTESIAN_POINT('Ctrl Pts',(78.9050148837614,-14.3354656059312,78.3968192881398));
#2833=CARTESIAN_POINT('Ctrl Pts',(78.5924379614669,-15.3876074670114,78.9075620385323));
#2834=CARTESIAN_POINT('Ctrl Pts',(78.3786796564399,-16.2426406871193,79.1213203435593));
#2835=CARTESIAN_POINT('Ctrl Pts',(78.6752318526162,-13.1047402161932,77.8963481088434));
#2836=CARTESIAN_POINT('Ctrl Pts',(78.412460647897,-14.2215009537383,78.6966913435869));
#2837=CARTESIAN_POINT('Ctrl Pts',(78.2021495918858,-15.3237236123758,79.2334232327624));
#2838=CARTESIAN_POINT('Ctrl Pts',(78.0613308751429,-16.2426406871193,79.4386691248563));
#2839=CARTESIAN_POINT('Ctrl Pts',(77.7887964965801,-12.7351606184862,78.6355073042576));
#2840=CARTESIAN_POINT('Ctrl Pts',(77.719337693468,-13.952008739292,79.4598819298394));
#2841=CARTESIAN_POINT('Ctrl Pts',(77.6677911115876,-15.1862160835548,79.9765633102636));
#2842=CARTESIAN_POINT('Ctrl Pts',(77.6332460247332,-16.2426406871193,80.120530047281));
#2843=CARTESIAN_POINT('Ctrl Pts',(77.4999999999996,-12.220462628996,79.664903283238));
#2844=CARTESIAN_POINT('Ctrl Pts',(77.5002986281518,-13.6223161056819,80.4303998393568));
#2845=CARTESIAN_POINT('Ctrl Pts',(77.4999476496983,-15.0279155126329,80.8628905255186));
#2846=CARTESIAN_POINT('Ctrl Pts',(77.4999999999995,-16.2426406871193,80.9060414742343));
#2847=CARTESIAN_POINT('Ctrl Pts',(77.4999999999996,-12.,80.1058285412299));
#2848=CARTESIAN_POINT('Ctrl Pts',(77.4999999999996,-13.4809609793861,80.8463090309229));
#2849=CARTESIAN_POINT('Ctrl Pts',(77.4999999999995,-14.9600908569574,81.2426406871189));
#2850=CARTESIAN_POINT('Ctrl Pts',(77.4999999999995,-16.2426406871193,81.2426406871189));
#2851=CARTESIAN_POINT('',(77.4999999999995,-15.,81.1312228553141));
#2852=CARTESIAN_POINT('',(77.4999999999995,-16.2426406871193,81.2426406871189));
#2853=CARTESIAN_POINT('Origin',(77.4999999999995,-12.,72.7573593128803));
#2854=CARTESIAN_POINT('',(78.3786796564399,-16.2426406871193,79.1213203435593));
#2855=CARTESIAN_POINT('Origin',(80.4999999999995,-16.2426406871193,81.2426406871189));
#2856=CARTESIAN_POINT('',(79.275255128608,-13.2247448713916,77.6563387984467));
#2857=CARTESIAN_POINT('Origin',(80.4999999999995,-12.,72.7573593128803));
#2858=CARTESIAN_POINT('Ctrl Pts',(79.275255128608,-13.2247448713916,77.6563387984467));
#2859=CARTESIAN_POINT('Ctrl Pts',(79.2723958883394,-13.2276041116601,77.6591980387152));
#2860=CARTESIAN_POINT('Ctrl Pts',(79.2695378907446,-13.2304621092546,77.6620597910355));
#2861=CARTESIAN_POINT('Ctrl Pts',(78.8570849866428,-13.6429150133679,78.0755979820738));
#2862=CARTESIAN_POINT('Ctrl Pts',(78.4343387498094,-14.0656612501901,78.5768667023772));
#2863=CARTESIAN_POINT('Ctrl Pts',(77.910807322709,-14.5891926772905,79.4584688447641));
#2864=CARTESIAN_POINT('Ctrl Pts',(77.7341566835321,-14.7658433164675,79.8345093701714));
#2865=CARTESIAN_POINT('Ctrl Pts',(77.5450225705267,-14.9549774294729,80.5283530036047));
#2866=CARTESIAN_POINT('Ctrl Pts',(77.4999999999995,-15.,80.8261783882219));
#2867=CARTESIAN_POINT('Ctrl Pts',(77.4999999999995,-15.,81.1312228553141));
#2868=CARTESIAN_POINT('Ctrl Pts',(76.2573593128803,-14.1213203435596,79.1213203435593));
#2869=CARTESIAN_POINT('Ctrl Pts',(77.1123925329882,-13.9075620385327,78.9075620385323));
#2870=CARTESIAN_POINT('Ctrl Pts',(78.1645343940684,-13.5949851162381,78.3968192881398));
#2871=CARTESIAN_POINT('Ctrl Pts',(79.275255128608,-13.2247448713916,77.6563387984467));
#2872=CARTESIAN_POINT('Ctrl Pts',(76.2573593128803,-14.4386691248567,79.4386691248563));
#2873=CARTESIAN_POINT('Ctrl Pts',(77.1762763876238,-14.2978504081138,79.2334232327624));
#2874=CARTESIAN_POINT('Ctrl Pts',(78.2784990462612,-14.0875393521026,78.6966913435869));
#2875=CARTESIAN_POINT('Ctrl Pts',(79.3952597838063,-13.8247681473834,77.8963481088434));
#2876=CARTESIAN_POINT('Ctrl Pts',(76.2573593128803,-14.8667539196248,80.1205300675517));
#2877=CARTESIAN_POINT('Ctrl Pts',(77.3137839164448,-14.8322088327704,79.9765633305343));
#2878=CARTESIAN_POINT('Ctrl Pts',(78.5479913185886,-14.7806620754756,79.4598820456015));
#2879=CARTESIAN_POINT('Ctrl Pts',(79.7648394393945,-14.7112032723636,78.6355074200197));
#2880=CARTESIAN_POINT('Ctrl Pts',(76.2573593128803,-15.,80.9060414742343));
#2881=CARTESIAN_POINT('Ctrl Pts',(77.4720844873667,-15.0000523503012,80.8628905255186));
#2882=CARTESIAN_POINT('Ctrl Pts',(78.8776838943176,-14.9997013718477,80.4303998393569));
#2883=CARTESIAN_POINT('Ctrl Pts',(80.2795373710036,-15.,79.664903283238));
#2884=CARTESIAN_POINT('Ctrl Pts',(76.2573593128803,-15.,81.2426406871189));
#2885=CARTESIAN_POINT('Ctrl Pts',(77.5399091430421,-15.,81.2426406871189));
#2886=CARTESIAN_POINT('Ctrl Pts',(79.0190390206134,-15.,80.8463090309229));
#2887=CARTESIAN_POINT('Ctrl Pts',(80.4999999999995,-15.,80.1058285412299));
#2888=CARTESIAN_POINT('',(76.2573593128803,-14.1213203435596,79.1213203435593));
#2889=CARTESIAN_POINT('Origin',(80.4999999999995,-12.,72.7573593128803));
#2890=CARTESIAN_POINT('',(76.2573593128803,-15.,81.2426406871189));
#2891=CARTESIAN_POINT('Origin',(76.2573593128803,-12.,81.2426406871189));
#2892=CARTESIAN_POINT('Origin',(80.4999999999995,-15.,72.7573593128803));
#2893=CARTESIAN_POINT('Origin',(66.8749999999998,-12.,81.242640687119));
#2894=CARTESIAN_POINT('',(38.7426406871188,-14.1213203435596,79.1213203435595));
#2895=CARTESIAN_POINT('',(38.7426406871188,-15.,81.2426406871191));
#2896=CARTESIAN_POINT('Origin',(38.7426406871188,-12.,81.2426406871191));
#2897=CARTESIAN_POINT('',(66.8749999999998,-15.,81.242640687119));
#2898=CARTESIAN_POINT('',(66.8749999999998,-14.1213203435596,79.1213203435593));
#2899=CARTESIAN_POINT('Ctrl Pts',(38.7426406871188,-15.,81.2426406871191));
#2900=CARTESIAN_POINT('Ctrl Pts',(37.4600908569569,-15.,81.2426406871191));
#2901=CARTESIAN_POINT('Ctrl Pts',(35.9809609793856,-15.,80.8463090309232));
#2902=CARTESIAN_POINT('Ctrl Pts',(34.4999999999995,-15.,80.1058285412301));
#2903=CARTESIAN_POINT('Ctrl Pts',(38.7426406871188,-15.,80.7938417366063));
#2904=CARTESIAN_POINT('Ctrl Pts',(37.5505631974327,-15.0003207223455,80.7361830107877));
#2905=CARTESIAN_POINT('Ctrl Pts',(36.1689701098918,-14.9986857161423,80.2923474222922));
#2906=CARTESIAN_POINT('Ctrl Pts',(34.7939501719941,-15.,79.5179281972409));
#2907=CARTESIAN_POINT('Ctrl Pts',(38.7426406871188,-14.8205576408007,80.0089894933804));
#2908=CARTESIAN_POINT('Ctrl Pts',(37.7087054612893,-14.7736231294734,79.8510144312716));
#2909=CARTESIAN_POINT('Ctrl Pts',(36.4986250316682,-14.703375922213,79.323300218395));
#2910=CARTESIAN_POINT('Ctrl Pts',(35.3067219540838,-14.6075020287213,78.4923846330616));
#2911=CARTESIAN_POINT('Ctrl Pts',(38.7426406871188,-14.3593319295324,79.3593319295323));
#2912=CARTESIAN_POINT('Ctrl Pts',(37.8396611361487,-14.200096135641,79.1520628271751));
#2913=CARTESIAN_POINT('Ctrl Pts',(36.7503809407383,-13.9650361463275,78.6212355725783));
#2914=CARTESIAN_POINT('Ctrl Pts',(35.6347413799923,-13.6747623283854,77.8363457812445));
#2915=CARTESIAN_POINT('Ctrl Pts',(38.7426406871188,-14.1213203435596,79.1213203435595));
#2916=CARTESIAN_POINT('Ctrl Pts',(37.8876074670109,-13.9075620385327,78.9075620385325));
#2917=CARTESIAN_POINT('Ctrl Pts',(36.8354656059307,-13.5949851162381,78.39681928814));
#2918=CARTESIAN_POINT('Ctrl Pts',(35.7247448713911,-13.2247448713916,77.656338798447));
#2919=CARTESIAN_POINT('',(37.4999999999995,-15.,81.1312228553143));
#2920=CARTESIAN_POINT('Origin',(34.4999999999995,-15.,72.7573593128806));
#2921=CARTESIAN_POINT('',(35.7247448713911,-13.2247448713916,77.656338798447));
#2922=CARTESIAN_POINT('Origin',(34.4999999999995,-12.,72.7573593128806));
#2923=CARTESIAN_POINT('Ctrl Pts',(35.7247448713911,-13.2247448713916,77.656338798447));
#2924=CARTESIAN_POINT('Ctrl Pts',(35.7272290704934,-13.2272290704938,77.6588229975492));
#2925=CARTESIAN_POINT('Ctrl Pts',(35.7297123306592,-13.2297123306609,77.661309092041));
#2926=CARTESIAN_POINT('Ctrl Pts',(36.0695733339562,-13.5695733339155,78.0019468791124));
#2927=CARTESIAN_POINT('Ctrl Pts',(36.4090879280268,-13.9090879280273,78.3947250072567));
#2928=CARTESIAN_POINT('Ctrl Pts',(37.0615676240574,-14.5615676240579,79.3573301656652));
#2929=CARTESIAN_POINT('Ctrl Pts',(37.2647604875955,-14.764760487596,79.8292884400807));
#2930=CARTESIAN_POINT('Ctrl Pts',(37.4552711797914,-14.9552711797919,80.530290805815));
#2931=CARTESIAN_POINT('Ctrl Pts',(37.4999999999995,-15.,80.8271794746159));
#2932=CARTESIAN_POINT('Ctrl Pts',(37.4999999999995,-15.,81.1312228553143));
#2933=CARTESIAN_POINT('Origin',(80.4999999999995,-15.,81.2426406871189));
#2934=CARTESIAN_POINT('',(77.4999999999995,-20.,81.2426406871189));
#2935=CARTESIAN_POINT('',(78.3786796564399,-20.,79.1213203435592));
#2936=CARTESIAN_POINT('Origin',(80.4999999999995,-20.,81.2426406871189));
#2937=CARTESIAN_POINT('',(78.3786796564399,-15.,79.1213203435592));
#2938=CARTESIAN_POINT('',(77.4999999999995,-15.,81.2426406871189));
#2939=CARTESIAN_POINT('Origin',(34.4999999999995,-11.25,81.2426406871192));
#2940=CARTESIAN_POINT('',(37.4999999999995,-16.2426406871193,81.2426406871192));
#2941=CARTESIAN_POINT('',(36.6213203435592,-16.2426406871193,79.1213203435595));
#2942=CARTESIAN_POINT('Origin',(34.4999999999995,-16.2426406871193,81.2426406871192));
#2943=CARTESIAN_POINT('',(36.6213203435592,-20.,79.1213203435595));
#2944=CARTESIAN_POINT('',(36.6213203435592,-11.25,79.1213203435595));
#2945=CARTESIAN_POINT('',(37.4999999999995,-20.,81.2426406871192));
#2946=CARTESIAN_POINT('Origin',(34.4999999999995,-20.,81.2426406871192));
#2947=CARTESIAN_POINT('',(37.4999999999995,-11.25,81.2426406871192));
#2948=CARTESIAN_POINT('Ctrl Pts',(37.4999999999995,-12.,80.1058285412301));
#2949=CARTESIAN_POINT('Ctrl Pts',(37.4999999999995,-13.4809609793861,80.8463090309232));
#2950=CARTESIAN_POINT('Ctrl Pts',(37.4999999999995,-14.9600908569574,81.2426406871192));
#2951=CARTESIAN_POINT('Ctrl Pts',(37.4999999999995,-16.2426406871193,81.2426406871192));
#2952=CARTESIAN_POINT('Ctrl Pts',(37.4999999999995,-12.2939501719946,79.5179281972409));
#2953=CARTESIAN_POINT('Ctrl Pts',(37.4986857161419,-13.6689701098923,80.2923474222922));
#2954=CARTESIAN_POINT('Ctrl Pts',(37.500320722345,-15.0505631974332,80.7361830107878));
#2955=CARTESIAN_POINT('Ctrl Pts',(37.4999999999995,-16.2426406871193,80.7938417366063));
#2956=CARTESIAN_POINT('Ctrl Pts',(37.1075020287208,-12.8067219540843,78.4923846330615));
#2957=CARTESIAN_POINT('Ctrl Pts',(37.2033759222125,-13.9986250316687,79.323300218395));
#2958=CARTESIAN_POINT('Ctrl Pts',(37.2736231294729,-15.2087054612898,79.8510144312716));
#2959=CARTESIAN_POINT('Ctrl Pts',(37.3205576408002,-16.2426406871193,80.0089894933804));
#2960=CARTESIAN_POINT('Ctrl Pts',(36.1747623283849,-13.1347413799928,77.8363457812445));
#2961=CARTESIAN_POINT('Ctrl Pts',(36.465036146327,-14.2503809407388,78.6212355725783));
#2962=CARTESIAN_POINT('Ctrl Pts',(36.7000961356405,-15.3396611361492,79.1520628271751));
#2963=CARTESIAN_POINT('Ctrl Pts',(36.8593319295319,-16.2426406871193,79.3593319295323));
#2964=CARTESIAN_POINT('Ctrl Pts',(35.7247448713911,-13.2247448713916,77.656338798447));
#2965=CARTESIAN_POINT('Ctrl Pts',(36.0949851162376,-14.3354656059312,78.39681928814));
#2966=CARTESIAN_POINT('Ctrl Pts',(36.4075620385322,-15.3876074670114,78.9075620385325));
#2967=CARTESIAN_POINT('Ctrl Pts',(36.6213203435592,-16.2426406871193,79.1213203435595));
#2968=CARTESIAN_POINT('Origin',(34.4999999999995,-12.,72.7573593128806));
#2969=CARTESIAN_POINT('Origin',(37.4999999999995,-12.,72.7573593128806));
#2970=CARTESIAN_POINT('Origin',(77.4999999999995,-20.,74.9999999999998));
#2971=CARTESIAN_POINT('',(77.4999999999995,-15.,94.9999999999998));
#2972=CARTESIAN_POINT('',(77.4999999999995,-15.,74.9999999999998));
#2973=CARTESIAN_POINT('',(77.4999999999995,-20.,94.9999999999998));
#2974=CARTESIAN_POINT('',(77.4999999999995,-18.75,94.9999999999998));
#2975=CARTESIAN_POINT('',(77.4999999999995,-20.,74.9999999999998));
#2976=CARTESIAN_POINT('Origin',(77.4999999999995,-15.,74.9999999999998));
#2977=CARTESIAN_POINT('',(37.4999999999995,-15.,94.9999999999998));
#2978=CARTESIAN_POINT('',(37.4999999999995,-15.,74.9999999999998));
#2979=CARTESIAN_POINT('Origin',(57.4999999999995,-15.,94.9999999999998));
#2980=CARTESIAN_POINT('',(63.9999999999995,-15.,94.9999999999998));
#2981=CARTESIAN_POINT('Origin',(57.4999999999995,-15.,94.9999999999998));
#2982=CARTESIAN_POINT('Origin',(37.4999999999995,-15.,74.9999999999998));
#2983=CARTESIAN_POINT('',(37.4999999999995,-20.,94.9999999999998));
#2984=CARTESIAN_POINT('',(37.4999999999995,-20.,74.9999999999998));
#2985=CARTESIAN_POINT('',(37.4999999999995,-16.25,94.9999999999998));
#2986=CARTESIAN_POINT('Ctrl Pts',(31.2573593128802,-13.,74.9999999999999));
#2987=CARTESIAN_POINT('Ctrl Pts',(31.2573593128802,-11.5342287655293,74.9999999999999));
#2988=CARTESIAN_POINT('Ctrl Pts',(32.1718022527333,-9.43195829978201,74.9999999999999));
#2989=CARTESIAN_POINT('Ctrl Pts',(34.4006715741465,-8.75735931288073,74.9999999999999));
#2990=CARTESIAN_POINT('Ctrl Pts',(35.4999999999995,-8.75735931288073,74.9999999999999));
#2991=CARTESIAN_POINT('Ctrl Pts',(32.0427574762777,-13.,74.9999999999999));
#2992=CARTESIAN_POINT('Ctrl Pts',(31.9268019114803,-11.7153767234959,75.0018090100763));
#2993=CARTESIAN_POINT('Ctrl Pts',(32.6015697565053,-9.89950971579728,75.0019431050077));
#2994=CARTESIAN_POINT('Ctrl Pts',(34.5365325426215,-9.45579080268011,75.0013567575572));
#2995=CARTESIAN_POINT('Ctrl Pts',(35.4999999999995,-9.54275747627817,74.9999999999999));
#2996=CARTESIAN_POINT('Ctrl Pts',(32.8233192891701,-13.,75.3233192891705));
#2997=CARTESIAN_POINT('Ctrl Pts',(32.5954327213127,-11.8952476080761,75.2260819973739));
#2998=CARTESIAN_POINT('Ctrl Pts',(33.0305458135962,-10.3669407664395,75.1553303257393));
#2999=CARTESIAN_POINT('Ctrl Pts',(34.6714357060566,-10.1524043632775,75.250391320323));
#3000=CARTESIAN_POINT('Ctrl Pts',(35.4999999999995,-10.3233192891706,75.3233192891704));
#3001=CARTESIAN_POINT('Ctrl Pts',(33.3786796564399,-13.,75.8786796564403));
#3002=CARTESIAN_POINT('Ctrl Pts',(33.1343844506948,-12.0228191770195,75.6343844506952));
#3003=CARTESIAN_POINT('Ctrl Pts',(33.3936346663056,-10.7737126898302,75.4364131963794));
#3004=CARTESIAN_POINT('Ctrl Pts',(34.7671143827642,-10.6954582521315,75.6954582521314));
#3005=CARTESIAN_POINT('Ctrl Pts',(35.4999999999995,-10.8786796564404,75.8786796564402));
#3006=CARTESIAN_POINT('',(33.3786796564399,-13.,75.8786796564403));
#3007=CARTESIAN_POINT('Origin',(31.2573593128803,-13.,77.9999999999999));
#3008=CARTESIAN_POINT('',(35.4999999999995,-10.8786796564404,75.8786796564402));
#3009=CARTESIAN_POINT('Origin',(39.7426406871188,-17.2426406871193,77.9999999999999));
#3010=CARTESIAN_POINT('Origin',(35.4999999999995,-8.75735931288072,77.9999999999999));
#3011=CARTESIAN_POINT('Origin',(31.2573593128803,-3.75,77.9999999999999));
#3012=CARTESIAN_POINT('',(33.3786796564399,-20.,75.8786796564403));
#3013=CARTESIAN_POINT('Origin',(31.2573593128803,-20.,77.9999999999999));
#3014=CARTESIAN_POINT('',(33.3786796564399,-3.75,75.8786796564403));
#3015=CARTESIAN_POINT('Origin',(39.122546895706,-16.6225468957065,77.3799062085871));
#3016=CARTESIAN_POINT('',(39.122546895706,-14.5012265521469,79.5012265521467));
#3017=CARTESIAN_POINT('',(37.0012265521464,-16.6225468957065,79.5012265521467));
#3018=CARTESIAN_POINT('Ctrl Pts',(79.4999999999995,-8.75735931288071,74.9999999999996));
#3019=CARTESIAN_POINT('Ctrl Pts',(80.9657712344702,-8.75735931288071,74.9999999999996));
#3020=CARTESIAN_POINT('Ctrl Pts',(83.0679846624367,-9.67185556358763,74.9999999999996));
#3021=CARTESIAN_POINT('Ctrl Pts',(83.7426406871188,-11.900671574147,74.9999999999996));
#3022=CARTESIAN_POINT('Ctrl Pts',(83.7426406871188,-13.,74.9999999999996));
#3023=CARTESIAN_POINT('Ctrl Pts',(79.4999999999995,-9.54275747627815,74.9999999999996));
#3024=CARTESIAN_POINT('Ctrl Pts',(80.7846232765036,-9.42680191148073,75.001809010076));
#3025=CARTESIAN_POINT('Ctrl Pts',(82.6004531660047,-10.1016115234472,75.0020520783245));
#3026=CARTESIAN_POINT('Ctrl Pts',(83.0442091973194,-12.0365325426219,75.0013567575569));
#3027=CARTESIAN_POINT('Ctrl Pts',(82.9572425237214,-13.,74.9999999999996));
#3028=CARTESIAN_POINT('Ctrl Pts',(79.4999999999995,-10.3233192891705,75.3233192891702));
#3029=CARTESIAN_POINT('Ctrl Pts',(80.6047523919234,-10.0954327213132,75.2260819973736));
#3030=CARTESIAN_POINT('Ctrl Pts',(82.1330273302785,-10.5305842904313,75.1554285561162));
#3031=CARTESIAN_POINT('Ctrl Pts',(82.347595636722,-12.1714357060571,75.2503913203227));
#3032=CARTESIAN_POINT('Ctrl Pts',(82.176680710829,-13.,75.3233192891702));
#3033=CARTESIAN_POINT('Ctrl Pts',(79.4999999999995,-10.8786796564403,75.87867965644));
#3034=CARTESIAN_POINT('Ctrl Pts',(80.47718082298,-10.6343844506952,75.6343844506949));
#3035=CARTESIAN_POINT('Ctrl Pts',(81.7262403998398,-10.8936797131721,75.4364315878182));
#3036=CARTESIAN_POINT('Ctrl Pts',(81.804541747868,-12.2671143827646,75.6954582521311));
#3037=CARTESIAN_POINT('Ctrl Pts',(81.6213203435592,-13.,75.87867965644));
#3038=CARTESIAN_POINT('',(81.6213203435592,-13.,75.87867965644));
#3039=CARTESIAN_POINT('',(79.4999999999995,-10.8786796564404,75.87867965644));
#3040=CARTESIAN_POINT('Origin',(75.2573593128802,-17.2426406871193,77.9999999999996));
#3041=CARTESIAN_POINT('Origin',(83.7426406871188,-13.,77.9999999999996));
#3042=CARTESIAN_POINT('Origin',(79.4999999999995,-8.75735931288072,77.9999999999996));
#3043=CARTESIAN_POINT('Origin',(83.7426406871188,-5.,77.9999999999996));
#3044=CARTESIAN_POINT('',(81.6213203435592,-20.,75.87867965644));
#3045=CARTESIAN_POINT('Origin',(83.7426406871188,-20.,77.9999999999996));
#3046=CARTESIAN_POINT('',(81.6213203435592,-5.,75.87867965644));
#3047=CARTESIAN_POINT('Origin',(45.6250000000002,-8.75735931288072,77.9999999999998));
#3048=CARTESIAN_POINT('',(45.6250000000002,-10.8786796564404,75.8786796564402));
#3049=CARTESIAN_POINT('Origin',(75.0441197709598,-17.4558802290397,78.21323954192));
#3050=CARTESIAN_POINT('',(77.1654401145195,-17.4558802290397,80.3345598854797));
#3051=CARTESIAN_POINT('',(75.0441197709599,-15.3345598854801,80.3345598854797));
#3052=CARTESIAN_POINT('Origin',(79.9999999999995,-10.,77.4999999999996));
#3053=CARTESIAN_POINT('',(53.1249999999997,-20.,104.375));
#3054=CARTESIAN_POINT('Origin',(25.,-10.,77.5));
#3055=CARTESIAN_POINT('',(11.8750000000002,-20.,90.6249999999999));
#3056=CARTESIAN_POINT('Origin',(34.9999999999995,-7.5,77.4999999999999));
#3057=CARTESIAN_POINT('',(15.6249999999997,-20.,58.1250000000002));
#3058=CARTESIAN_POINT('Origin',(56.25,-12.5,77.4999999999998));
#3059=CARTESIAN_POINT('Origin',(57.4999999999995,-15.,94.9999999999998));
#3060=CARTESIAN_POINT('',(63.9999999999995,-20.,94.9999999999998));
#3061=CARTESIAN_POINT('',(63.9999999999995,-15.,94.9999999999998));
#3062=CARTESIAN_POINT('Origin',(57.4999999999995,-20.,94.9999999999998));
#3063=CARTESIAN_POINT('Origin',(57.4999999999995,-18.75,94.9999999999998));
#3064=CARTESIAN_POINT('Origin',(57.4999999999995,-20.,94.9999999999998));
#3065=CARTESIAN_POINT('Origin',(-7.89999999999973,-16.6,95.6999999999997));
#3066=CARTESIAN_POINT('',(-6.02499999999966,-16.6,84.9999999999998));
#3067=CARTESIAN_POINT('Origin',(-7.89999999999966,-16.6,84.9999999999997));
#3068=CARTESIAN_POINT('',(-6.02499999999973,-16.6,95.6999999999997));
#3069=CARTESIAN_POINT('Origin',(17.5000000000002,-16.6,95.6999999999999));
#3070=CARTESIAN_POINT('',(19.3750000000003,-16.6,84.9999999999999));
#3071=CARTESIAN_POINT('Origin',(17.5000000000003,-16.6,84.9999999999999));
#3072=CARTESIAN_POINT('',(19.3750000000002,-16.6,95.6999999999999));
#3073=CARTESIAN_POINT('Origin',(4.75000000000002,-9.25,84.9999999999998));
#3074=CARTESIAN_POINT('',(22.5,-20.,84.9999999999998));
#3075=CARTESIAN_POINT('Origin',(-34.9999999999996,-20.,70.0000000000003));
#3076=CARTESIAN_POINT('',(0.,0.,0.));
#3077=CARTESIAN_POINT('',(11.243549663018,0.,2.58681964737662E-13));
#3078=CARTESIAN_POINT('',(29.2925204489165,55.1498565704123,60.533267159161));
#3079=UNCERTAINTY_MEASURE_WITH_UNIT(LENGTH_MEASURE(0.01),#3087,
'DISTANCE_ACCURACY_VALUE',
'Maximum model space distance between geometric entities at asserted c
onnectivities');
#3080=UNCERTAINTY_MEASURE_WITH_UNIT(LENGTH_MEASURE(0.01),#3087,
'DISTANCE_ACCURACY_VALUE',
'Maximum model space distance between geometric entities at asserted c
onnectivities');
#3081=UNCERTAINTY_MEASURE_WITH_UNIT(LENGTH_MEASURE(0.01),#3087,
'DISTANCE_ACCURACY_VALUE',
'Maximum model space distance between geometric entities at asserted c
onnectivities');
#3082=UNCERTAINTY_MEASURE_WITH_UNIT(LENGTH_MEASURE(0.01),#3087,
'DISTANCE_ACCURACY_VALUE',
'Maximum model space distance between geometric entities at asserted c
onnectivities');
#3083=(
GEOMETRIC_REPRESENTATION_CONTEXT(3)
GLOBAL_UNCERTAINTY_ASSIGNED_CONTEXT((#3079))
GLOBAL_UNIT_ASSIGNED_CONTEXT((#3087,#3089,#3090))
REPRESENTATION_CONTEXT('','3D')
);
#3084=(
GEOMETRIC_REPRESENTATION_CONTEXT(3)
GLOBAL_UNCERTAINTY_ASSIGNED_CONTEXT((#3080))
GLOBAL_UNIT_ASSIGNED_CONTEXT((#3087,#3089,#3090))
REPRESENTATION_CONTEXT('','3D')
);
#3085=(
GEOMETRIC_REPRESENTATION_CONTEXT(3)
GLOBAL_UNCERTAINTY_ASSIGNED_CONTEXT((#3081))
GLOBAL_UNIT_ASSIGNED_CONTEXT((#3087,#3089,#3090))
REPRESENTATION_CONTEXT('','3D')
);
#3086=(
GEOMETRIC_REPRESENTATION_CONTEXT(3)
GLOBAL_UNCERTAINTY_ASSIGNED_CONTEXT((#3082))
GLOBAL_UNIT_ASSIGNED_CONTEXT((#3087,#3089,#3090))
REPRESENTATION_CONTEXT('','3D')
);
#3087=(
LENGTH_UNIT()
NAMED_UNIT(*)
SI_UNIT(.MILLI.,.METRE.)
);
#3088=(
LENGTH_UNIT()
NAMED_UNIT(*)
SI_UNIT($,.METRE.)
);
#3089=(
NAMED_UNIT(*)
PLANE_ANGLE_UNIT()
SI_UNIT($,.RADIAN.)
);
#3090=(
NAMED_UNIT(*)
SI_UNIT($,.STERADIAN.)
SOLID_ANGLE_UNIT()
);
#3091=SHAPE_DEFINITION_REPRESENTATION(#3094,#3099);
#3092=SHAPE_DEFINITION_REPRESENTATION(#3095,#3100);
#3093=SHAPE_DEFINITION_REPRESENTATION(#3096,#3101);
#3094=PRODUCT_DEFINITION_SHAPE('',$,#3103);
#3095=PRODUCT_DEFINITION_SHAPE('',$,#3104);
#3096=PRODUCT_DEFINITION_SHAPE('',$,#3105);
#3097=PRODUCT_DEFINITION_SHAPE($,$,#17);
#3098=PRODUCT_DEFINITION_SHAPE($,$,#18);
#3099=SHAPE_REPRESENTATION('',(#1651,#1825,#1826),#3083);
#3100=SHAPE_REPRESENTATION('',(#1652),#3084);
#3101=SHAPE_REPRESENTATION('',(#1824),#3085);
#3102=PRODUCT_DEFINITION_CONTEXT('part definition',#3113,'design');
#3103=PRODUCT_DEFINITION('czujniki podstawa','czujniki podstawa v2',#3106,
#3102);
#3104=PRODUCT_DEFINITION('Komponent2','Komponent2',#3107,#3102);
#3105=PRODUCT_DEFINITION('BALLUFF BOS R090K-PU-RH10-S49(0-)',
'BALLUFF BOS R090K-PU-RH10-S49(0-) v1',#3108,#3102);
#3106=PRODUCT_DEFINITION_FORMATION('',$,#3115);
#3107=PRODUCT_DEFINITION_FORMATION('',$,#3116);
#3108=PRODUCT_DEFINITION_FORMATION('',$,#3117);
#3109=PRODUCT_RELATED_PRODUCT_CATEGORY('czujniki podstawa v2',
'czujniki podstawa v2',(#3115));
#3110=PRODUCT_RELATED_PRODUCT_CATEGORY('Komponent2','Komponent2',(#3116));
#3111=PRODUCT_RELATED_PRODUCT_CATEGORY(
'BALLUFF BOS R090K-PU-RH10-S49(0-) v1',
'BALLUFF BOS R090K-PU-RH10-S49(0-) v1',(#3117));
#3112=APPLICATION_PROTOCOL_DEFINITION('international standard',
'automotive_design',2009,#3113);
#3113=APPLICATION_CONTEXT(
'Core Data for Automotive Mechanical Design Process');
#3114=PRODUCT_CONTEXT('part definition',#3113,'mechanical');
#3115=PRODUCT('czujniki podstawa','czujniki podstawa v2',$,(#3114));
#3116=PRODUCT('Komponent2','Komponent2',$,(#3114));
#3117=PRODUCT('BALLUFF BOS R090K-PU-RH10-S49(0-)',
'BALLUFF BOS R090K-PU-RH10-S49(0-) v1','STEP AP242',(#3114));
#3118=PRESENTATION_STYLE_ASSIGNMENT((#3120));
#3119=PRESENTATION_STYLE_ASSIGNMENT((#3121));
#3120=SURFACE_STYLE_USAGE(.BOTH.,#3122);
#3121=SURFACE_STYLE_USAGE(.BOTH.,#3123);
#3122=SURFACE_SIDE_STYLE('',(#3124));
#3123=SURFACE_SIDE_STYLE('',(#3125));
#3124=SURFACE_STYLE_FILL_AREA(#3126);
#3125=SURFACE_STYLE_FILL_AREA(#3127);
#3126=FILL_AREA_STYLE('Stal \X2\2014\X0\ satynowa',(#3128));
#3127=FILL_AREA_STYLE('ABS (bia\X2\0142\X0\y)',(#3129));
#3128=FILL_AREA_STYLE_COLOUR('Stal \X2\2014\X0\ satynowa',#3130);
#3129=FILL_AREA_STYLE_COLOUR('ABS (bia\X2\0142\X0\y)',#3131);
#3130=COLOUR_RGB('Stal \X2\2014\X0\ satynowa',0.627450980392157,0.627450980392157,
0.627450980392157);
#3131=COLOUR_RGB('ABS (bia\X2\0142\X0\y)',1.,0.6,0.);
ENDSEC;
END-ISO-10303-21;
