ISO-10303-21;
HEADER;
/* Generated by software containing ST-Developer
 * from STEP Tools, Inc. (www.steptools.com) 
 */

FILE_DESCRIPTION(
/* description */ (''),
/* implementation_level */ '2;1');

FILE_NAME(
/* name */ '1.stp',
/* time_stamp */ '2026-07-21T19:52:59+02:00',
/* author */ ('wojta'),
/* organization */ (''),
/* preprocessor_version */ 'ST-DEVELOPER v20',
/* originating_system */ 'Autodesk Inventor 2025',
/* authorisation */ '');

FILE_SCHEMA (('AUTOMOTIVE_DESIGN { 1 0 10303 214 3 1 1 }'));
ENDSEC;

DATA;
#10=MECHANICAL_DESIGN_GEOMETRIC_PRESENTATION_REPRESENTATION('',(#16),#7664);
#11=GEOMETRICALLY_BOUNDED_WIREFRAME_SHAPE_REPRESENTATION('',(#12),#7663);
#12=GEOMETRIC_CURVE_SET('Szkic6',(#7660));
#13=SHAPE_REPRESENTATION_RELATIONSHIP('SRR','None',#7671,#15);
#14=SHAPE_REPRESENTATION_RELATIONSHIP('SRR','None',#7671,#11);
#15=ADVANCED_BREP_SHAPE_REPRESENTATION('',(#17),#7663);
#16=STYLED_ITEM('',(#7680),#17);
#17=MANIFOLD_SOLID_BREP('Bry\X2\0142\X0\a2',#4726);
#18=CONICAL_SURFACE('',#5071,2.35,0.785398163397441);
#19=CONICAL_SURFACE('',#5074,2.35,0.785398163397441);
#20=CONICAL_SURFACE('',#5077,3.2,0.785398163397415);
#21=CONICAL_SURFACE('',#5081,3.2,0.785398163397426);
#22=(
BOUNDED_SURFACE()
B_SPLINE_SURFACE(2,2,((#7536,#7537,#7538),(#7539,#7540,#7541),(#7542,#7543,
#7544)),.UNSPECIFIED.,.F.,.F.,.F.)
B_SPLINE_SURFACE_WITH_KNOTS((3,3),(3,3),(-1.5707963267949,0.),(-3.14159265358979,
-1.5707963267949),.UNSPECIFIED.)
GEOMETRIC_REPRESENTATION_ITEM()
RATIONAL_B_SPLINE_SURFACE(((1.,0.707106781186548,1.),(0.70710678118655,
0.500000000000002,0.70710678118655),(1.,0.707106781186548,1.)))
REPRESENTATION_ITEM('')
SURFACE()
);
#23=(
BOUNDED_SURFACE()
B_SPLINE_SURFACE(2,2,((#7574,#7575,#7576),(#7577,#7578,#7579),(#7580,#7581,
#7582)),.UNSPECIFIED.,.F.,.F.,.F.)
B_SPLINE_SURFACE_WITH_KNOTS((3,3),(3,3),(-1.5707963267949,0.),(-1.5707963267949,
3.16347867690978E-17),.UNSPECIFIED.)
GEOMETRIC_REPRESENTATION_ITEM()
RATIONAL_B_SPLINE_SURFACE(((1.,0.707106781186548,1.),(0.707106781186554,
0.500000000000005,0.707106781186554),(1.,0.707106781186548,1.)))
REPRESENTATION_ITEM('')
SURFACE()
);
#24=ELLIPSE('',#5010,1.0823922002924,1.);
#25=ELLIPSE('',#5012,1.4142135623731,1.);
#26=ELLIPSE('',#5013,1.41421356237309,1.);
#27=ELLIPSE('',#5016,1.4142135623731,1.);
#28=ELLIPSE('',#5017,1.41421356237309,1.);
#29=ELLIPSE('',#5019,1.0823922002924,1.);
#30=ELLIPSE('',#5025,1.08239220029239,1.);
#31=ELLIPSE('',#5050,1.0823922002924,1.);
#32=SPHERICAL_SURFACE('',#4978,1.);
#33=SPHERICAL_SURFACE('',#4993,1.);
#34=SPHERICAL_SURFACE('',#4998,1.);
#35=SPHERICAL_SURFACE('',#5000,1.);
#36=SPHERICAL_SURFACE('',#5020,1.);
#37=SPHERICAL_SURFACE('',#5026,1.);
#38=SPHERICAL_SURFACE('',#5034,1.);
#39=SPHERICAL_SURFACE('',#5040,1.);
#40=TOROIDAL_SURFACE('',#4970,14.,1.);
#41=TOROIDAL_SURFACE('',#4985,14.,1.);
#42=CYLINDRICAL_SURFACE('',#4967,1.);
#43=CYLINDRICAL_SURFACE('',#4973,1.);
#44=CYLINDRICAL_SURFACE('',#4975,1.);
#45=CYLINDRICAL_SURFACE('',#4980,1.);
#46=CYLINDRICAL_SURFACE('',#4983,1.);
#47=CYLINDRICAL_SURFACE('',#4989,1.);
#48=CYLINDRICAL_SURFACE('',#4991,1.);
#49=CYLINDRICAL_SURFACE('',#4995,1.);
#50=CYLINDRICAL_SURFACE('',#5003,15.);
#51=CYLINDRICAL_SURFACE('',#5004,1.);
#52=CYLINDRICAL_SURFACE('',#5006,1.);
#53=CYLINDRICAL_SURFACE('',#5009,1.);
#54=CYLINDRICAL_SURFACE('',#5011,1.);
#55=CYLINDRICAL_SURFACE('',#5015,1.);
#56=CYLINDRICAL_SURFACE('',#5018,1.);
#57=CYLINDRICAL_SURFACE('',#5024,1.);
#58=CYLINDRICAL_SURFACE('',#5032,1.);
#59=CYLINDRICAL_SURFACE('',#5033,1.);
#60=CYLINDRICAL_SURFACE('',#5038,1.);
#61=CYLINDRICAL_SURFACE('',#5039,1.);
#62=CYLINDRICAL_SURFACE('',#5044,1.);
#63=CYLINDRICAL_SURFACE('',#5045,1.);
#64=CYLINDRICAL_SURFACE('',#5048,1.);
#65=CYLINDRICAL_SURFACE('',#5049,1.);
#66=CYLINDRICAL_SURFACE('',#5051,1.);
#67=CYLINDRICAL_SURFACE('',#5052,2.);
#68=CYLINDRICAL_SURFACE('',#5059,2.);
#69=CYLINDRICAL_SURFACE('',#5061,2.);
#70=CYLINDRICAL_SURFACE('',#5063,2.);
#71=CYLINDRICAL_SURFACE('',#5073,2.1);
#72=CYLINDRICAL_SURFACE('',#5076,2.1);
#73=CYLINDRICAL_SURFACE('',#5080,3.);
#74=CYLINDRICAL_SURFACE('',#5084,3.);
#75=CIRCLE('',#4759,14.);
#76=CIRCLE('',#4760,3.39999999999999);
#77=CIRCLE('',#4761,3.4);
#78=CIRCLE('',#4797,1.);
#79=CIRCLE('',#4838,2.);
#80=CIRCLE('',#4880,1.);
#81=CIRCLE('',#4899,2.);
#82=CIRCLE('',#4968,1.00000000000001);
#83=CIRCLE('',#4969,0.999999999999996);
#84=CIRCLE('',#4971,0.999999999999996);
#85=CIRCLE('',#4972,15.);
#86=CIRCLE('',#4974,0.999999999999996);
#87=CIRCLE('',#4976,1.00000000000001);
#88=CIRCLE('',#4977,0.999999999999996);
#89=CIRCLE('',#4979,0.999999999999998);
#90=CIRCLE('',#4981,1.00000000000001);
#91=CIRCLE('',#4982,0.999999999999996);
#92=CIRCLE('',#4984,0.999999999999996);
#93=CIRCLE('',#4986,1.00000000000001);
#94=CIRCLE('',#4987,15.);
#95=CIRCLE('',#4988,14.);
#96=CIRCLE('',#4990,0.999999999999996);
#97=CIRCLE('',#4992,0.999999999999996);
#98=CIRCLE('',#4994,0.999999999999998);
#99=CIRCLE('',#4996,1.);
#100=CIRCLE('',#4997,1.);
#101=CIRCLE('',#4999,1.);
#102=CIRCLE('',#5001,1.);
#103=CIRCLE('',#5005,0.999999999999988);
#104=CIRCLE('',#5007,1.);
#105=CIRCLE('',#5021,1.);
#106=CIRCLE('',#5022,1.);
#107=CIRCLE('',#5023,0.999999999999996);
#108=CIRCLE('',#5027,1.);
#109=CIRCLE('',#5028,1.);
#110=CIRCLE('',#5029,1.);
#111=CIRCLE('',#5030,1.);
#112=CIRCLE('',#5031,2.);
#113=CIRCLE('',#5035,1.);
#114=CIRCLE('',#5036,1.);
#115=CIRCLE('',#5037,0.999999999999996);
#116=CIRCLE('',#5041,0.999999999999998);
#117=CIRCLE('',#5042,1.);
#118=CIRCLE('',#5043,0.999999999999996);
#119=CIRCLE('',#5046,1.);
#120=CIRCLE('',#5047,2.);
#121=CIRCLE('',#5056,2.6);
#122=CIRCLE('',#5057,2.6);
#123=CIRCLE('',#5060,2.);
#124=CIRCLE('',#5062,2.);
#125=CIRCLE('',#5065,3.);
#126=CIRCLE('',#5066,3.);
#127=CIRCLE('',#5069,2.1);
#128=CIRCLE('',#5070,2.1);
#129=CIRCLE('',#5072,2.1);
#130=CIRCLE('',#5075,2.1);
#131=CIRCLE('',#5078,3.);
#132=CIRCLE('',#5079,3.);
#133=CIRCLE('',#5082,3.);
#134=CIRCLE('',#5083,3.);
#135=FACE_BOUND('',#442,.T.);
#136=FACE_BOUND('',#448,.T.);
#137=FACE_BOUND('',#449,.T.);
#138=FACE_BOUND('',#450,.T.);
#139=FACE_BOUND('',#451,.T.);
#140=FACE_BOUND('',#471,.T.);
#141=FACE_BOUND('',#488,.T.);
#142=FACE_BOUND('',#489,.T.);
#143=FACE_BOUND('',#490,.T.);
#144=FACE_BOUND('',#491,.T.);
#145=FACE_BOUND('',#492,.T.);
#146=FACE_BOUND('',#533,.T.);
#147=FACE_BOUND('',#534,.T.);
#148=FACE_BOUND('',#535,.T.);
#149=FACE_BOUND('',#536,.T.);
#150=FACE_BOUND('',#537,.T.);
#151=FACE_BOUND('',#579,.T.);
#152=FACE_BOUND('',#580,.T.);
#153=FACE_BOUND('',#581,.T.);
#154=FACE_BOUND('',#582,.T.);
#155=FACE_BOUND('',#583,.T.);
#156=FACE_BOUND('',#602,.T.);
#157=FACE_BOUND('',#603,.T.);
#158=FACE_BOUND('',#604,.T.);
#159=FACE_BOUND('',#605,.T.);
#160=FACE_BOUND('',#606,.T.);
#161=FACE_BOUND('',#718,.T.);
#162=FACE_BOUND('',#719,.T.);
#163=FACE_BOUND('',#725,.T.);
#164=FACE_BOUND('',#726,.T.);
#165=FACE_BOUND('',#729,.T.);
#166=FACE_BOUND('',#730,.T.);
#167=FACE_OUTER_BOUND('',#437,.T.);
#168=FACE_OUTER_BOUND('',#438,.T.);
#169=FACE_OUTER_BOUND('',#439,.T.);
#170=FACE_OUTER_BOUND('',#440,.T.);
#171=FACE_OUTER_BOUND('',#441,.T.);
#172=FACE_OUTER_BOUND('',#443,.T.);
#173=FACE_OUTER_BOUND('',#444,.T.);
#174=FACE_OUTER_BOUND('',#445,.T.);
#175=FACE_OUTER_BOUND('',#446,.T.);
#176=FACE_OUTER_BOUND('',#447,.T.);
#177=FACE_OUTER_BOUND('',#452,.T.);
#178=FACE_OUTER_BOUND('',#453,.T.);
#179=FACE_OUTER_BOUND('',#454,.T.);
#180=FACE_OUTER_BOUND('',#455,.T.);
#181=FACE_OUTER_BOUND('',#456,.T.);
#182=FACE_OUTER_BOUND('',#457,.T.);
#183=FACE_OUTER_BOUND('',#458,.T.);
#184=FACE_OUTER_BOUND('',#459,.T.);
#185=FACE_OUTER_BOUND('',#460,.T.);
#186=FACE_OUTER_BOUND('',#461,.T.);
#187=FACE_OUTER_BOUND('',#462,.T.);
#188=FACE_OUTER_BOUND('',#463,.T.);
#189=FACE_OUTER_BOUND('',#464,.T.);
#190=FACE_OUTER_BOUND('',#465,.T.);
#191=FACE_OUTER_BOUND('',#466,.T.);
#192=FACE_OUTER_BOUND('',#467,.T.);
#193=FACE_OUTER_BOUND('',#468,.T.);
#194=FACE_OUTER_BOUND('',#469,.T.);
#195=FACE_OUTER_BOUND('',#470,.T.);
#196=FACE_OUTER_BOUND('',#472,.T.);
#197=FACE_OUTER_BOUND('',#473,.T.);
#198=FACE_OUTER_BOUND('',#474,.T.);
#199=FACE_OUTER_BOUND('',#475,.T.);
#200=FACE_OUTER_BOUND('',#476,.T.);
#201=FACE_OUTER_BOUND('',#477,.T.);
#202=FACE_OUTER_BOUND('',#478,.T.);
#203=FACE_OUTER_BOUND('',#479,.T.);
#204=FACE_OUTER_BOUND('',#480,.T.);
#205=FACE_OUTER_BOUND('',#481,.T.);
#206=FACE_OUTER_BOUND('',#482,.T.);
#207=FACE_OUTER_BOUND('',#483,.T.);
#208=FACE_OUTER_BOUND('',#484,.T.);
#209=FACE_OUTER_BOUND('',#485,.T.);
#210=FACE_OUTER_BOUND('',#486,.T.);
#211=FACE_OUTER_BOUND('',#487,.T.);
#212=FACE_OUTER_BOUND('',#493,.T.);
#213=FACE_OUTER_BOUND('',#494,.T.);
#214=FACE_OUTER_BOUND('',#495,.T.);
#215=FACE_OUTER_BOUND('',#496,.T.);
#216=FACE_OUTER_BOUND('',#497,.T.);
#217=FACE_OUTER_BOUND('',#498,.T.);
#218=FACE_OUTER_BOUND('',#499,.T.);
#219=FACE_OUTER_BOUND('',#500,.T.);
#220=FACE_OUTER_BOUND('',#501,.T.);
#221=FACE_OUTER_BOUND('',#502,.T.);
#222=FACE_OUTER_BOUND('',#503,.T.);
#223=FACE_OUTER_BOUND('',#504,.T.);
#224=FACE_OUTER_BOUND('',#505,.T.);
#225=FACE_OUTER_BOUND('',#506,.T.);
#226=FACE_OUTER_BOUND('',#507,.T.);
#227=FACE_OUTER_BOUND('',#508,.T.);
#228=FACE_OUTER_BOUND('',#509,.T.);
#229=FACE_OUTER_BOUND('',#510,.T.);
#230=FACE_OUTER_BOUND('',#511,.T.);
#231=FACE_OUTER_BOUND('',#512,.T.);
#232=FACE_OUTER_BOUND('',#513,.T.);
#233=FACE_OUTER_BOUND('',#514,.T.);
#234=FACE_OUTER_BOUND('',#515,.T.);
#235=FACE_OUTER_BOUND('',#516,.T.);
#236=FACE_OUTER_BOUND('',#517,.T.);
#237=FACE_OUTER_BOUND('',#518,.T.);
#238=FACE_OUTER_BOUND('',#519,.T.);
#239=FACE_OUTER_BOUND('',#520,.T.);
#240=FACE_OUTER_BOUND('',#521,.T.);
#241=FACE_OUTER_BOUND('',#522,.T.);
#242=FACE_OUTER_BOUND('',#523,.T.);
#243=FACE_OUTER_BOUND('',#524,.T.);
#244=FACE_OUTER_BOUND('',#525,.T.);
#245=FACE_OUTER_BOUND('',#526,.T.);
#246=FACE_OUTER_BOUND('',#527,.T.);
#247=FACE_OUTER_BOUND('',#528,.T.);
#248=FACE_OUTER_BOUND('',#529,.T.);
#249=FACE_OUTER_BOUND('',#530,.T.);
#250=FACE_OUTER_BOUND('',#531,.T.);
#251=FACE_OUTER_BOUND('',#532,.T.);
#252=FACE_OUTER_BOUND('',#538,.T.);
#253=FACE_OUTER_BOUND('',#539,.T.);
#254=FACE_OUTER_BOUND('',#540,.T.);
#255=FACE_OUTER_BOUND('',#541,.T.);
#256=FACE_OUTER_BOUND('',#542,.T.);
#257=FACE_OUTER_BOUND('',#543,.T.);
#258=FACE_OUTER_BOUND('',#544,.T.);
#259=FACE_OUTER_BOUND('',#545,.T.);
#260=FACE_OUTER_BOUND('',#546,.T.);
#261=FACE_OUTER_BOUND('',#547,.T.);
#262=FACE_OUTER_BOUND('',#548,.T.);
#263=FACE_OUTER_BOUND('',#549,.T.);
#264=FACE_OUTER_BOUND('',#550,.T.);
#265=FACE_OUTER_BOUND('',#551,.T.);
#266=FACE_OUTER_BOUND('',#552,.T.);
#267=FACE_OUTER_BOUND('',#553,.T.);
#268=FACE_OUTER_BOUND('',#554,.T.);
#269=FACE_OUTER_BOUND('',#555,.T.);
#270=FACE_OUTER_BOUND('',#556,.T.);
#271=FACE_OUTER_BOUND('',#557,.T.);
#272=FACE_OUTER_BOUND('',#558,.T.);
#273=FACE_OUTER_BOUND('',#559,.T.);
#274=FACE_OUTER_BOUND('',#560,.T.);
#275=FACE_OUTER_BOUND('',#561,.T.);
#276=FACE_OUTER_BOUND('',#562,.T.);
#277=FACE_OUTER_BOUND('',#563,.T.);
#278=FACE_OUTER_BOUND('',#564,.T.);
#279=FACE_OUTER_BOUND('',#565,.T.);
#280=FACE_OUTER_BOUND('',#566,.T.);
#281=FACE_OUTER_BOUND('',#567,.T.);
#282=FACE_OUTER_BOUND('',#568,.T.);
#283=FACE_OUTER_BOUND('',#569,.T.);
#284=FACE_OUTER_BOUND('',#570,.T.);
#285=FACE_OUTER_BOUND('',#571,.T.);
#286=FACE_OUTER_BOUND('',#572,.T.);
#287=FACE_OUTER_BOUND('',#573,.T.);
#288=FACE_OUTER_BOUND('',#574,.T.);
#289=FACE_OUTER_BOUND('',#575,.T.);
#290=FACE_OUTER_BOUND('',#576,.T.);
#291=FACE_OUTER_BOUND('',#577,.T.);
#292=FACE_OUTER_BOUND('',#578,.T.);
#293=FACE_OUTER_BOUND('',#584,.T.);
#294=FACE_OUTER_BOUND('',#585,.T.);
#295=FACE_OUTER_BOUND('',#586,.T.);
#296=FACE_OUTER_BOUND('',#587,.T.);
#297=FACE_OUTER_BOUND('',#588,.T.);
#298=FACE_OUTER_BOUND('',#589,.T.);
#299=FACE_OUTER_BOUND('',#590,.T.);
#300=FACE_OUTER_BOUND('',#591,.T.);
#301=FACE_OUTER_BOUND('',#592,.T.);
#302=FACE_OUTER_BOUND('',#593,.T.);
#303=FACE_OUTER_BOUND('',#594,.T.);
#304=FACE_OUTER_BOUND('',#595,.T.);
#305=FACE_OUTER_BOUND('',#596,.T.);
#306=FACE_OUTER_BOUND('',#597,.T.);
#307=FACE_OUTER_BOUND('',#598,.T.);
#308=FACE_OUTER_BOUND('',#599,.T.);
#309=FACE_OUTER_BOUND('',#600,.T.);
#310=FACE_OUTER_BOUND('',#601,.T.);
#311=FACE_OUTER_BOUND('',#607,.T.);
#312=FACE_OUTER_BOUND('',#608,.T.);
#313=FACE_OUTER_BOUND('',#609,.T.);
#314=FACE_OUTER_BOUND('',#610,.T.);
#315=FACE_OUTER_BOUND('',#611,.T.);
#316=FACE_OUTER_BOUND('',#612,.T.);
#317=FACE_OUTER_BOUND('',#613,.T.);
#318=FACE_OUTER_BOUND('',#614,.T.);
#319=FACE_OUTER_BOUND('',#615,.T.);
#320=FACE_OUTER_BOUND('',#616,.T.);
#321=FACE_OUTER_BOUND('',#617,.T.);
#322=FACE_OUTER_BOUND('',#618,.T.);
#323=FACE_OUTER_BOUND('',#619,.T.);
#324=FACE_OUTER_BOUND('',#620,.T.);
#325=FACE_OUTER_BOUND('',#621,.T.);
#326=FACE_OUTER_BOUND('',#622,.T.);
#327=FACE_OUTER_BOUND('',#623,.T.);
#328=FACE_OUTER_BOUND('',#624,.T.);
#329=FACE_OUTER_BOUND('',#625,.T.);
#330=FACE_OUTER_BOUND('',#626,.T.);
#331=FACE_OUTER_BOUND('',#627,.T.);
#332=FACE_OUTER_BOUND('',#628,.T.);
#333=FACE_OUTER_BOUND('',#629,.T.);
#334=FACE_OUTER_BOUND('',#630,.T.);
#335=FACE_OUTER_BOUND('',#631,.T.);
#336=FACE_OUTER_BOUND('',#632,.T.);
#337=FACE_OUTER_BOUND('',#633,.T.);
#338=FACE_OUTER_BOUND('',#634,.T.);
#339=FACE_OUTER_BOUND('',#635,.T.);
#340=FACE_OUTER_BOUND('',#636,.T.);
#341=FACE_OUTER_BOUND('',#637,.T.);
#342=FACE_OUTER_BOUND('',#638,.T.);
#343=FACE_OUTER_BOUND('',#639,.T.);
#344=FACE_OUTER_BOUND('',#640,.T.);
#345=FACE_OUTER_BOUND('',#641,.T.);
#346=FACE_OUTER_BOUND('',#642,.T.);
#347=FACE_OUTER_BOUND('',#643,.T.);
#348=FACE_OUTER_BOUND('',#644,.T.);
#349=FACE_OUTER_BOUND('',#645,.T.);
#350=FACE_OUTER_BOUND('',#646,.T.);
#351=FACE_OUTER_BOUND('',#647,.T.);
#352=FACE_OUTER_BOUND('',#648,.T.);
#353=FACE_OUTER_BOUND('',#649,.T.);
#354=FACE_OUTER_BOUND('',#650,.T.);
#355=FACE_OUTER_BOUND('',#651,.T.);
#356=FACE_OUTER_BOUND('',#652,.T.);
#357=FACE_OUTER_BOUND('',#653,.T.);
#358=FACE_OUTER_BOUND('',#654,.T.);
#359=FACE_OUTER_BOUND('',#655,.T.);
#360=FACE_OUTER_BOUND('',#656,.T.);
#361=FACE_OUTER_BOUND('',#657,.T.);
#362=FACE_OUTER_BOUND('',#658,.T.);
#363=FACE_OUTER_BOUND('',#659,.T.);
#364=FACE_OUTER_BOUND('',#660,.T.);
#365=FACE_OUTER_BOUND('',#661,.T.);
#366=FACE_OUTER_BOUND('',#662,.T.);
#367=FACE_OUTER_BOUND('',#663,.T.);
#368=FACE_OUTER_BOUND('',#664,.T.);
#369=FACE_OUTER_BOUND('',#665,.T.);
#370=FACE_OUTER_BOUND('',#666,.T.);
#371=FACE_OUTER_BOUND('',#667,.T.);
#372=FACE_OUTER_BOUND('',#668,.T.);
#373=FACE_OUTER_BOUND('',#669,.T.);
#374=FACE_OUTER_BOUND('',#670,.T.);
#375=FACE_OUTER_BOUND('',#671,.T.);
#376=FACE_OUTER_BOUND('',#672,.T.);
#377=FACE_OUTER_BOUND('',#673,.T.);
#378=FACE_OUTER_BOUND('',#674,.T.);
#379=FACE_OUTER_BOUND('',#675,.T.);
#380=FACE_OUTER_BOUND('',#676,.T.);
#381=FACE_OUTER_BOUND('',#677,.T.);
#382=FACE_OUTER_BOUND('',#678,.T.);
#383=FACE_OUTER_BOUND('',#679,.T.);
#384=FACE_OUTER_BOUND('',#680,.T.);
#385=FACE_OUTER_BOUND('',#681,.T.);
#386=FACE_OUTER_BOUND('',#682,.T.);
#387=FACE_OUTER_BOUND('',#683,.T.);
#388=FACE_OUTER_BOUND('',#684,.T.);
#389=FACE_OUTER_BOUND('',#685,.T.);
#390=FACE_OUTER_BOUND('',#686,.T.);
#391=FACE_OUTER_BOUND('',#687,.T.);
#392=FACE_OUTER_BOUND('',#688,.T.);
#393=FACE_OUTER_BOUND('',#689,.T.);
#394=FACE_OUTER_BOUND('',#690,.T.);
#395=FACE_OUTER_BOUND('',#691,.T.);
#396=FACE_OUTER_BOUND('',#692,.T.);
#397=FACE_OUTER_BOUND('',#693,.T.);
#398=FACE_OUTER_BOUND('',#694,.T.);
#399=FACE_OUTER_BOUND('',#695,.T.);
#400=FACE_OUTER_BOUND('',#696,.T.);
#401=FACE_OUTER_BOUND('',#697,.T.);
#402=FACE_OUTER_BOUND('',#698,.T.);
#403=FACE_OUTER_BOUND('',#699,.T.);
#404=FACE_OUTER_BOUND('',#700,.T.);
#405=FACE_OUTER_BOUND('',#701,.T.);
#406=FACE_OUTER_BOUND('',#702,.T.);
#407=FACE_OUTER_BOUND('',#703,.T.);
#408=FACE_OUTER_BOUND('',#704,.T.);
#409=FACE_OUTER_BOUND('',#705,.T.);
#410=FACE_OUTER_BOUND('',#706,.T.);
#411=FACE_OUTER_BOUND('',#707,.T.);
#412=FACE_OUTER_BOUND('',#708,.T.);
#413=FACE_OUTER_BOUND('',#709,.T.);
#414=FACE_OUTER_BOUND('',#710,.T.);
#415=FACE_OUTER_BOUND('',#711,.T.);
#416=FACE_OUTER_BOUND('',#712,.T.);
#417=FACE_OUTER_BOUND('',#713,.T.);
#418=FACE_OUTER_BOUND('',#714,.T.);
#419=FACE_OUTER_BOUND('',#715,.T.);
#420=FACE_OUTER_BOUND('',#716,.T.);
#421=FACE_OUTER_BOUND('',#717,.T.);
#422=FACE_OUTER_BOUND('',#720,.T.);
#423=FACE_OUTER_BOUND('',#721,.T.);
#424=FACE_OUTER_BOUND('',#722,.T.);
#425=FACE_OUTER_BOUND('',#723,.T.);
#426=FACE_OUTER_BOUND('',#724,.T.);
#427=FACE_OUTER_BOUND('',#727,.T.);
#428=FACE_OUTER_BOUND('',#728,.T.);
#429=FACE_OUTER_BOUND('',#731,.T.);
#430=FACE_OUTER_BOUND('',#732,.T.);
#431=FACE_OUTER_BOUND('',#733,.T.);
#432=FACE_OUTER_BOUND('',#734,.T.);
#433=FACE_OUTER_BOUND('',#735,.T.);
#434=FACE_OUTER_BOUND('',#736,.T.);
#435=FACE_OUTER_BOUND('',#737,.T.);
#436=FACE_OUTER_BOUND('',#738,.T.);
#437=EDGE_LOOP('',(#2935,#2936,#2937,#2938));
#438=EDGE_LOOP('',(#2939,#2940,#2941,#2942));
#439=EDGE_LOOP('',(#2943,#2944,#2945,#2946));
#440=EDGE_LOOP('',(#2947,#2948,#2949,#2950,#2951));
#441=EDGE_LOOP('',(#2952,#2953,#2954,#2955));
#442=EDGE_LOOP('',(#2956,#2957,#2958,#2959,#2960,#2961,#2962,#2963));
#443=EDGE_LOOP('',(#2964,#2965,#2966,#2967,#2968));
#444=EDGE_LOOP('',(#2969,#2970,#2971,#2972));
#445=EDGE_LOOP('',(#2973,#2974,#2975,#2976));
#446=EDGE_LOOP('',(#2977,#2978,#2979,#2980));
#447=EDGE_LOOP('',(#2981,#2982,#2983,#2984,#2985,#2986));
#448=EDGE_LOOP('',(#2987,#2988,#2989,#2990));
#449=EDGE_LOOP('',(#2991));
#450=EDGE_LOOP('',(#2992));
#451=EDGE_LOOP('',(#2993,#2994,#2995,#2996));
#452=EDGE_LOOP('',(#2997,#2998,#2999,#3000,#3001,#3002,#3003,#3004,#3005,
#3006,#3007,#3008));
#453=EDGE_LOOP('',(#3009,#3010,#3011,#3012,#3013,#3014,#3015,#3016,#3017,
#3018,#3019,#3020));
#454=EDGE_LOOP('',(#3021,#3022,#3023,#3024));
#455=EDGE_LOOP('',(#3025,#3026,#3027,#3028,#3029));
#456=EDGE_LOOP('',(#3030,#3031,#3032,#3033));
#457=EDGE_LOOP('',(#3034,#3035,#3036,#3037));
#458=EDGE_LOOP('',(#3038,#3039,#3040,#3041));
#459=EDGE_LOOP('',(#3042,#3043,#3044,#3045,#3046));
#460=EDGE_LOOP('',(#3047,#3048,#3049,#3050));
#461=EDGE_LOOP('',(#3051,#3052,#3053,#3054));
#462=EDGE_LOOP('',(#3055,#3056,#3057,#3058));
#463=EDGE_LOOP('',(#3059,#3060,#3061,#3062,#3063));
#464=EDGE_LOOP('',(#3064,#3065,#3066,#3067));
#465=EDGE_LOOP('',(#3068,#3069,#3070,#3071));
#466=EDGE_LOOP('',(#3072,#3073,#3074,#3075));
#467=EDGE_LOOP('',(#3076,#3077,#3078,#3079,#3080));
#468=EDGE_LOOP('',(#3081,#3082,#3083,#3084));
#469=EDGE_LOOP('',(#3085,#3086,#3087,#3088));
#470=EDGE_LOOP('',(#3089,#3090,#3091,#3092));
#471=EDGE_LOOP('',(#3093,#3094,#3095,#3096,#3097,#3098,#3099,#3100));
#472=EDGE_LOOP('',(#3101,#3102,#3103,#3104,#3105));
#473=EDGE_LOOP('',(#3106,#3107,#3108,#3109,#3110));
#474=EDGE_LOOP('',(#3111,#3112,#3113,#3114));
#475=EDGE_LOOP('',(#3115,#3116,#3117,#3118,#3119,#3120,#3121,#3122,#3123,
#3124));
#476=EDGE_LOOP('',(#3125,#3126,#3127,#3128));
#477=EDGE_LOOP('',(#3129,#3130,#3131,#3132,#3133,#3134,#3135,#3136,#3137,
#3138));
#478=EDGE_LOOP('',(#3139,#3140,#3141,#3142));
#479=EDGE_LOOP('',(#3143,#3144,#3145,#3146));
#480=EDGE_LOOP('',(#3147,#3148,#3149,#3150));
#481=EDGE_LOOP('',(#3151,#3152,#3153,#3154));
#482=EDGE_LOOP('',(#3155,#3156,#3157,#3158));
#483=EDGE_LOOP('',(#3159,#3160,#3161,#3162));
#484=EDGE_LOOP('',(#3163,#3164,#3165,#3166));
#485=EDGE_LOOP('',(#3167,#3168,#3169,#3170));
#486=EDGE_LOOP('',(#3171,#3172,#3173,#3174));
#487=EDGE_LOOP('',(#3175,#3176,#3177,#3178,#3179,#3180,#3181,#3182));
#488=EDGE_LOOP('',(#3183,#3184,#3185,#3186,#3187,#3188));
#489=EDGE_LOOP('',(#3189,#3190,#3191,#3192,#3193,#3194));
#490=EDGE_LOOP('',(#3195,#3196,#3197,#3198,#3199,#3200));
#491=EDGE_LOOP('',(#3201,#3202,#3203,#3204,#3205,#3206));
#492=EDGE_LOOP('',(#3207,#3208,#3209,#3210,#3211,#3212));
#493=EDGE_LOOP('',(#3213,#3214,#3215,#3216));
#494=EDGE_LOOP('',(#3217,#3218,#3219,#3220));
#495=EDGE_LOOP('',(#3221,#3222,#3223,#3224));
#496=EDGE_LOOP('',(#3225,#3226,#3227,#3228));
#497=EDGE_LOOP('',(#3229,#3230,#3231,#3232));
#498=EDGE_LOOP('',(#3233,#3234,#3235,#3236));
#499=EDGE_LOOP('',(#3237,#3238,#3239,#3240));
#500=EDGE_LOOP('',(#3241,#3242,#3243,#3244));
#501=EDGE_LOOP('',(#3245,#3246,#3247,#3248));
#502=EDGE_LOOP('',(#3249,#3250,#3251,#3252));
#503=EDGE_LOOP('',(#3253,#3254,#3255,#3256));
#504=EDGE_LOOP('',(#3257,#3258,#3259,#3260));
#505=EDGE_LOOP('',(#3261,#3262,#3263,#3264));
#506=EDGE_LOOP('',(#3265,#3266,#3267,#3268));
#507=EDGE_LOOP('',(#3269,#3270,#3271,#3272));
#508=EDGE_LOOP('',(#3273,#3274,#3275,#3276));
#509=EDGE_LOOP('',(#3277,#3278,#3279,#3280));
#510=EDGE_LOOP('',(#3281,#3282,#3283,#3284));
#511=EDGE_LOOP('',(#3285,#3286,#3287,#3288));
#512=EDGE_LOOP('',(#3289,#3290,#3291,#3292));
#513=EDGE_LOOP('',(#3293,#3294,#3295,#3296));
#514=EDGE_LOOP('',(#3297,#3298,#3299,#3300));
#515=EDGE_LOOP('',(#3301,#3302,#3303,#3304));
#516=EDGE_LOOP('',(#3305,#3306,#3307,#3308));
#517=EDGE_LOOP('',(#3309,#3310,#3311,#3312));
#518=EDGE_LOOP('',(#3313,#3314,#3315,#3316));
#519=EDGE_LOOP('',(#3317,#3318,#3319,#3320));
#520=EDGE_LOOP('',(#3321,#3322,#3323,#3324));
#521=EDGE_LOOP('',(#3325,#3326,#3327,#3328));
#522=EDGE_LOOP('',(#3329,#3330,#3331,#3332));
#523=EDGE_LOOP('',(#3333,#3334,#3335,#3336));
#524=EDGE_LOOP('',(#3337,#3338,#3339,#3340));
#525=EDGE_LOOP('',(#3341,#3342,#3343,#3344));
#526=EDGE_LOOP('',(#3345,#3346,#3347,#3348));
#527=EDGE_LOOP('',(#3349,#3350,#3351,#3352));
#528=EDGE_LOOP('',(#3353,#3354,#3355,#3356));
#529=EDGE_LOOP('',(#3357,#3358,#3359,#3360));
#530=EDGE_LOOP('',(#3361,#3362,#3363,#3364));
#531=EDGE_LOOP('',(#3365,#3366,#3367,#3368));
#532=EDGE_LOOP('',(#3369,#3370,#3371,#3372));
#533=EDGE_LOOP('',(#3373,#3374,#3375,#3376,#3377,#3378));
#534=EDGE_LOOP('',(#3379,#3380,#3381,#3382,#3383,#3384));
#535=EDGE_LOOP('',(#3385,#3386,#3387,#3388,#3389,#3390));
#536=EDGE_LOOP('',(#3391,#3392,#3393,#3394,#3395,#3396));
#537=EDGE_LOOP('',(#3397,#3398,#3399,#3400,#3401,#3402));
#538=EDGE_LOOP('',(#3403,#3404,#3405,#3406));
#539=EDGE_LOOP('',(#3407,#3408,#3409,#3410));
#540=EDGE_LOOP('',(#3411,#3412,#3413,#3414));
#541=EDGE_LOOP('',(#3415,#3416,#3417,#3418));
#542=EDGE_LOOP('',(#3419,#3420,#3421,#3422));
#543=EDGE_LOOP('',(#3423,#3424,#3425,#3426));
#544=EDGE_LOOP('',(#3427,#3428,#3429,#3430));
#545=EDGE_LOOP('',(#3431,#3432,#3433,#3434));
#546=EDGE_LOOP('',(#3435,#3436,#3437,#3438));
#547=EDGE_LOOP('',(#3439,#3440,#3441,#3442));
#548=EDGE_LOOP('',(#3443,#3444,#3445,#3446));
#549=EDGE_LOOP('',(#3447,#3448,#3449,#3450));
#550=EDGE_LOOP('',(#3451,#3452,#3453,#3454));
#551=EDGE_LOOP('',(#3455,#3456,#3457,#3458));
#552=EDGE_LOOP('',(#3459,#3460,#3461,#3462));
#553=EDGE_LOOP('',(#3463,#3464,#3465,#3466));
#554=EDGE_LOOP('',(#3467,#3468,#3469,#3470));
#555=EDGE_LOOP('',(#3471,#3472,#3473,#3474));
#556=EDGE_LOOP('',(#3475,#3476,#3477,#3478));
#557=EDGE_LOOP('',(#3479,#3480,#3481,#3482));
#558=EDGE_LOOP('',(#3483,#3484,#3485,#3486));
#559=EDGE_LOOP('',(#3487,#3488,#3489,#3490));
#560=EDGE_LOOP('',(#3491,#3492,#3493,#3494));
#561=EDGE_LOOP('',(#3495,#3496,#3497,#3498));
#562=EDGE_LOOP('',(#3499,#3500,#3501,#3502));
#563=EDGE_LOOP('',(#3503,#3504,#3505,#3506));
#564=EDGE_LOOP('',(#3507,#3508,#3509,#3510));
#565=EDGE_LOOP('',(#3511,#3512,#3513,#3514));
#566=EDGE_LOOP('',(#3515,#3516,#3517,#3518));
#567=EDGE_LOOP('',(#3519,#3520,#3521,#3522));
#568=EDGE_LOOP('',(#3523,#3524,#3525,#3526));
#569=EDGE_LOOP('',(#3527,#3528,#3529,#3530));
#570=EDGE_LOOP('',(#3531,#3532,#3533,#3534));
#571=EDGE_LOOP('',(#3535,#3536,#3537,#3538));
#572=EDGE_LOOP('',(#3539,#3540,#3541,#3542));
#573=EDGE_LOOP('',(#3543,#3544,#3545,#3546));
#574=EDGE_LOOP('',(#3547,#3548,#3549,#3550));
#575=EDGE_LOOP('',(#3551,#3552,#3553,#3554));
#576=EDGE_LOOP('',(#3555,#3556,#3557,#3558));
#577=EDGE_LOOP('',(#3559,#3560,#3561,#3562));
#578=EDGE_LOOP('',(#3563,#3564,#3565,#3566,#3567,#3568,#3569,#3570));
#579=EDGE_LOOP('',(#3571,#3572,#3573,#3574,#3575,#3576));
#580=EDGE_LOOP('',(#3577,#3578,#3579,#3580,#3581,#3582));
#581=EDGE_LOOP('',(#3583,#3584,#3585,#3586,#3587,#3588));
#582=EDGE_LOOP('',(#3589,#3590,#3591,#3592,#3593,#3594));
#583=EDGE_LOOP('',(#3595,#3596,#3597,#3598,#3599,#3600));
#584=EDGE_LOOP('',(#3601,#3602,#3603,#3604));
#585=EDGE_LOOP('',(#3605,#3606,#3607,#3608));
#586=EDGE_LOOP('',(#3609,#3610,#3611,#3612));
#587=EDGE_LOOP('',(#3613,#3614,#3615,#3616));
#588=EDGE_LOOP('',(#3617,#3618,#3619,#3620));
#589=EDGE_LOOP('',(#3621,#3622,#3623,#3624));
#590=EDGE_LOOP('',(#3625,#3626,#3627,#3628));
#591=EDGE_LOOP('',(#3629,#3630,#3631,#3632));
#592=EDGE_LOOP('',(#3633,#3634,#3635,#3636));
#593=EDGE_LOOP('',(#3637,#3638,#3639,#3640));
#594=EDGE_LOOP('',(#3641,#3642,#3643,#3644));
#595=EDGE_LOOP('',(#3645,#3646,#3647,#3648));
#596=EDGE_LOOP('',(#3649,#3650,#3651,#3652));
#597=EDGE_LOOP('',(#3653,#3654,#3655,#3656));
#598=EDGE_LOOP('',(#3657,#3658,#3659,#3660));
#599=EDGE_LOOP('',(#3661,#3662,#3663,#3664));
#600=EDGE_LOOP('',(#3665,#3666,#3667,#3668));
#601=EDGE_LOOP('',(#3669,#3670,#3671,#3672));
#602=EDGE_LOOP('',(#3673,#3674,#3675,#3676,#3677,#3678));
#603=EDGE_LOOP('',(#3679,#3680,#3681,#3682,#3683,#3684));
#604=EDGE_LOOP('',(#3685,#3686,#3687,#3688,#3689,#3690));
#605=EDGE_LOOP('',(#3691,#3692,#3693,#3694,#3695,#3696));
#606=EDGE_LOOP('',(#3697,#3698,#3699,#3700,#3701,#3702));
#607=EDGE_LOOP('',(#3703,#3704,#3705,#3706));
#608=EDGE_LOOP('',(#3707,#3708,#3709,#3710));
#609=EDGE_LOOP('',(#3711,#3712,#3713,#3714));
#610=EDGE_LOOP('',(#3715,#3716,#3717,#3718));
#611=EDGE_LOOP('',(#3719,#3720,#3721,#3722));
#612=EDGE_LOOP('',(#3723,#3724,#3725,#3726));
#613=EDGE_LOOP('',(#3727,#3728,#3729,#3730));
#614=EDGE_LOOP('',(#3731,#3732,#3733,#3734));
#615=EDGE_LOOP('',(#3735,#3736,#3737,#3738));
#616=EDGE_LOOP('',(#3739,#3740,#3741,#3742));
#617=EDGE_LOOP('',(#3743,#3744,#3745,#3746));
#618=EDGE_LOOP('',(#3747,#3748,#3749,#3750));
#619=EDGE_LOOP('',(#3751,#3752,#3753,#3754));
#620=EDGE_LOOP('',(#3755,#3756,#3757,#3758));
#621=EDGE_LOOP('',(#3759,#3760,#3761,#3762));
#622=EDGE_LOOP('',(#3763,#3764,#3765,#3766));
#623=EDGE_LOOP('',(#3767,#3768,#3769,#3770));
#624=EDGE_LOOP('',(#3771,#3772,#3773,#3774));
#625=EDGE_LOOP('',(#3775,#3776,#3777,#3778));
#626=EDGE_LOOP('',(#3779,#3780,#3781,#3782));
#627=EDGE_LOOP('',(#3783,#3784,#3785,#3786));
#628=EDGE_LOOP('',(#3787,#3788,#3789,#3790));
#629=EDGE_LOOP('',(#3791,#3792,#3793,#3794));
#630=EDGE_LOOP('',(#3795,#3796,#3797,#3798));
#631=EDGE_LOOP('',(#3799,#3800,#3801,#3802));
#632=EDGE_LOOP('',(#3803,#3804,#3805,#3806));
#633=EDGE_LOOP('',(#3807,#3808,#3809,#3810));
#634=EDGE_LOOP('',(#3811,#3812,#3813,#3814));
#635=EDGE_LOOP('',(#3815,#3816,#3817,#3818));
#636=EDGE_LOOP('',(#3819,#3820,#3821,#3822));
#637=EDGE_LOOP('',(#3823,#3824,#3825,#3826));
#638=EDGE_LOOP('',(#3827,#3828,#3829,#3830));
#639=EDGE_LOOP('',(#3831,#3832,#3833,#3834));
#640=EDGE_LOOP('',(#3835,#3836,#3837,#3838));
#641=EDGE_LOOP('',(#3839,#3840,#3841,#3842));
#642=EDGE_LOOP('',(#3843,#3844,#3845,#3846));
#643=EDGE_LOOP('',(#3847,#3848,#3849,#3850));
#644=EDGE_LOOP('',(#3851,#3852,#3853,#3854));
#645=EDGE_LOOP('',(#3855,#3856,#3857,#3858));
#646=EDGE_LOOP('',(#3859,#3860,#3861,#3862));
#647=EDGE_LOOP('',(#3863,#3864,#3865,#3866));
#648=EDGE_LOOP('',(#3867,#3868,#3869,#3870));
#649=EDGE_LOOP('',(#3871,#3872,#3873,#3874));
#650=EDGE_LOOP('',(#3875,#3876,#3877,#3878));
#651=EDGE_LOOP('',(#3879,#3880,#3881,#3882));
#652=EDGE_LOOP('',(#3883,#3884,#3885,#3886));
#653=EDGE_LOOP('',(#3887,#3888,#3889,#3890));
#654=EDGE_LOOP('',(#3891,#3892,#3893,#3894));
#655=EDGE_LOOP('',(#3895,#3896,#3897,#3898));
#656=EDGE_LOOP('',(#3899,#3900,#3901,#3902));
#657=EDGE_LOOP('',(#3903,#3904,#3905,#3906));
#658=EDGE_LOOP('',(#3907,#3908,#3909,#3910));
#659=EDGE_LOOP('',(#3911,#3912,#3913,#3914));
#660=EDGE_LOOP('',(#3915,#3916,#3917,#3918));
#661=EDGE_LOOP('',(#3919,#3920,#3921,#3922));
#662=EDGE_LOOP('',(#3923,#3924,#3925,#3926));
#663=EDGE_LOOP('',(#3927,#3928,#3929,#3930));
#664=EDGE_LOOP('',(#3931,#3932,#3933,#3934));
#665=EDGE_LOOP('',(#3935,#3936,#3937,#3938));
#666=EDGE_LOOP('',(#3939,#3940,#3941,#3942));
#667=EDGE_LOOP('',(#3943,#3944,#3945,#3946));
#668=EDGE_LOOP('',(#3947,#3948,#3949,#3950));
#669=EDGE_LOOP('',(#3951,#3952,#3953,#3954));
#670=EDGE_LOOP('',(#3955,#3956,#3957,#3958,#3959,#3960));
#671=EDGE_LOOP('',(#3961,#3962,#3963,#3964,#3965,#3966));
#672=EDGE_LOOP('',(#3967,#3968,#3969,#3970,#3971,#3972));
#673=EDGE_LOOP('',(#3973,#3974,#3975,#3976,#3977,#3978));
#674=EDGE_LOOP('',(#3979,#3980,#3981,#3982));
#675=EDGE_LOOP('',(#3983,#3984,#3985,#3986));
#676=EDGE_LOOP('',(#3987,#3988,#3989,#3990));
#677=EDGE_LOOP('',(#3991,#3992,#3993,#3994));
#678=EDGE_LOOP('',(#3995,#3996,#3997));
#679=EDGE_LOOP('',(#3998,#3999,#4000,#4001));
#680=EDGE_LOOP('',(#4002,#4003,#4004,#4005));
#681=EDGE_LOOP('',(#4006,#4007,#4008,#4009));
#682=EDGE_LOOP('',(#4010,#4011,#4012,#4013));
#683=EDGE_LOOP('',(#4014,#4015,#4016,#4017));
#684=EDGE_LOOP('',(#4018,#4019,#4020));
#685=EDGE_LOOP('',(#4021,#4022,#4023,#4024));
#686=EDGE_LOOP('',(#4025,#4026,#4027));
#687=EDGE_LOOP('',(#4028,#4029,#4030));
#688=EDGE_LOOP('',(#4031,#4032,#4033,#4034,#4035));
#689=EDGE_LOOP('',(#4036,#4037,#4038,#4039));
#690=EDGE_LOOP('',(#4040,#4041,#4042,#4043));
#691=EDGE_LOOP('',(#4044,#4045,#4046,#4047));
#692=EDGE_LOOP('',(#4048,#4049,#4050,#4051,#4052));
#693=EDGE_LOOP('',(#4053,#4054,#4055,#4056));
#694=EDGE_LOOP('',(#4057,#4058,#4059,#4060));
#695=EDGE_LOOP('',(#4061,#4062,#4063,#4064));
#696=EDGE_LOOP('',(#4065,#4066,#4067,#4068));
#697=EDGE_LOOP('',(#4069,#4070,#4071,#4072));
#698=EDGE_LOOP('',(#4073,#4074,#4075));
#699=EDGE_LOOP('',(#4076,#4077,#4078,#4079));
#700=EDGE_LOOP('',(#4080,#4081,#4082));
#701=EDGE_LOOP('',(#4083,#4084,#4085,#4086));
#702=EDGE_LOOP('',(#4087,#4088,#4089,#4090));
#703=EDGE_LOOP('',(#4091,#4092,#4093,#4094));
#704=EDGE_LOOP('',(#4095,#4096,#4097));
#705=EDGE_LOOP('',(#4098,#4099,#4100,#4101));
#706=EDGE_LOOP('',(#4102,#4103,#4104,#4105));
#707=EDGE_LOOP('',(#4106,#4107,#4108));
#708=EDGE_LOOP('',(#4109,#4110,#4111,#4112));
#709=EDGE_LOOP('',(#4113,#4114,#4115,#4116));
#710=EDGE_LOOP('',(#4117,#4118,#4119,#4120));
#711=EDGE_LOOP('',(#4121,#4122,#4123,#4124));
#712=EDGE_LOOP('',(#4125,#4126,#4127,#4128));
#713=EDGE_LOOP('',(#4129,#4130,#4131,#4132));
#714=EDGE_LOOP('',(#4133,#4134,#4135,#4136));
#715=EDGE_LOOP('',(#4137,#4138,#4139,#4140,#4141,#4142,#4143));
#716=EDGE_LOOP('',(#4144,#4145,#4146,#4147));
#717=EDGE_LOOP('',(#4148,#4149,#4150,#4151,#4152,#4153,#4154,#4155,#4156,
#4157,#4158,#4159));
#718=EDGE_LOOP('',(#4160));
#719=EDGE_LOOP('',(#4161));
#720=EDGE_LOOP('',(#4162,#4163,#4164,#4165));
#721=EDGE_LOOP('',(#4166,#4167,#4168,#4169));
#722=EDGE_LOOP('',(#4170,#4171,#4172,#4173));
#723=EDGE_LOOP('',(#4174,#4175,#4176,#4177));
#724=EDGE_LOOP('',(#4178,#4179,#4180,#4181,#4182,#4183));
#725=EDGE_LOOP('',(#4184));
#726=EDGE_LOOP('',(#4185));
#727=EDGE_LOOP('',(#4186,#4187,#4188,#4189,#4190,#4191,#4192));
#728=EDGE_LOOP('',(#4193,#4194,#4195,#4196));
#729=EDGE_LOOP('',(#4197));
#730=EDGE_LOOP('',(#4198));
#731=EDGE_LOOP('',(#4199,#4200,#4201,#4202));
#732=EDGE_LOOP('',(#4203,#4204,#4205,#4206));
#733=EDGE_LOOP('',(#4207,#4208,#4209,#4210));
#734=EDGE_LOOP('',(#4211,#4212,#4213,#4214));
#735=EDGE_LOOP('',(#4215,#4216,#4217,#4218,#4219));
#736=EDGE_LOOP('',(#4220,#4221,#4222,#4223,#4224));
#737=EDGE_LOOP('',(#4225,#4226,#4227,#4228,#4229));
#738=EDGE_LOOP('',(#4230,#4231,#4232,#4233,#4234));
#739=LINE('',#6345,#1321);
#740=LINE('',#6347,#1322);
#741=LINE('',#6349,#1323);
#742=LINE('',#6350,#1324);
#743=LINE('',#6353,#1325);
#744=LINE('',#6355,#1326);
#745=LINE('',#6356,#1327);
#746=LINE('',#6359,#1328);
#747=LINE('',#6361,#1329);
#748=LINE('',#6362,#1330);
#749=LINE('',#6365,#1331);
#750=LINE('',#6367,#1332);
#751=LINE('',#6369,#1333);
#752=LINE('',#6370,#1334);
#753=LINE('',#6373,#1335);
#754=LINE('',#6374,#1336);
#755=LINE('',#6377,#1337);
#756=LINE('',#6379,#1338);
#757=LINE('',#6381,#1339);
#758=LINE('',#6383,#1340);
#759=LINE('',#6385,#1341);
#760=LINE('',#6387,#1342);
#761=LINE('',#6389,#1343);
#762=LINE('',#6390,#1344);
#763=LINE('',#6393,#1345);
#764=LINE('',#6395,#1346);
#765=LINE('',#6396,#1347);
#766=LINE('',#6400,#1348);
#767=LINE('',#6402,#1349);
#768=LINE('',#6404,#1350);
#769=LINE('',#6405,#1351);
#770=LINE('',#6408,#1352);
#771=LINE('',#6410,#1353);
#772=LINE('',#6411,#1354);
#773=LINE('',#6414,#1355);
#774=LINE('',#6416,#1356);
#775=LINE('',#6417,#1357);
#776=LINE('',#6421,#1358);
#777=LINE('',#6425,#1359);
#778=LINE('',#6427,#1360);
#779=LINE('',#6429,#1361);
#780=LINE('',#6430,#1362);
#781=LINE('',#6431,#1363);
#782=LINE('',#6436,#1364);
#783=LINE('',#6440,#1365);
#784=LINE('',#6442,#1366);
#785=LINE('',#6444,#1367);
#786=LINE('',#6445,#1368);
#787=LINE('',#6447,#1369);
#788=LINE('',#6449,#1370);
#789=LINE('',#6450,#1371);
#790=LINE('',#6454,#1372);
#791=LINE('',#6456,#1373);
#792=LINE('',#6458,#1374);
#793=LINE('',#6460,#1375);
#794=LINE('',#6461,#1376);
#795=LINE('',#6463,#1377);
#796=LINE('',#6465,#1378);
#797=LINE('',#6467,#1379);
#798=LINE('',#6468,#1380);
#799=LINE('',#6472,#1381);
#800=LINE('',#6473,#1382);
#801=LINE('',#6474,#1383);
#802=LINE('',#6476,#1384);
#803=LINE('',#6477,#1385);
#804=LINE('',#6481,#1386);
#805=LINE('',#6482,#1387);
#806=LINE('',#6483,#1388);
#807=LINE('',#6485,#1389);
#808=LINE('',#6489,#1390);
#809=LINE('',#6491,#1391);
#810=LINE('',#6493,#1392);
#811=LINE('',#6494,#1393);
#812=LINE('',#6496,#1394);
#813=LINE('',#6498,#1395);
#814=LINE('',#6499,#1396);
#815=LINE('',#6503,#1397);
#816=LINE('',#6505,#1398);
#817=LINE('',#6507,#1399);
#818=LINE('',#6508,#1400);
#819=LINE('',#6510,#1401);
#820=LINE('',#6511,#1402);
#821=LINE('',#6514,#1403);
#822=LINE('',#6516,#1404);
#823=LINE('',#6517,#1405);
#824=LINE('',#6519,#1406);
#825=LINE('',#6520,#1407);
#826=LINE('',#6523,#1408);
#827=LINE('',#6524,#1409);
#828=LINE('',#6526,#1410);
#829=LINE('',#6528,#1411);
#830=LINE('',#6529,#1412);
#831=LINE('',#6531,#1413);
#832=LINE('',#6533,#1414);
#833=LINE('',#6537,#1415);
#834=LINE('',#6539,#1416);
#835=LINE('',#6540,#1417);
#836=LINE('',#6543,#1418);
#837=LINE('',#6544,#1419);
#838=LINE('',#6547,#1420);
#839=LINE('',#6548,#1421);
#840=LINE('',#6550,#1422);
#841=LINE('',#6553,#1423);
#842=LINE('',#6558,#1424);
#843=LINE('',#6560,#1425);
#844=LINE('',#6562,#1426);
#845=LINE('',#6563,#1427);
#846=LINE('',#6567,#1428);
#847=LINE('',#6569,#1429);
#848=LINE('',#6571,#1430);
#849=LINE('',#6572,#1431);
#850=LINE('',#6574,#1432);
#851=LINE('',#6575,#1433);
#852=LINE('',#6578,#1434);
#853=LINE('',#6580,#1435);
#854=LINE('',#6581,#1436);
#855=LINE('',#6584,#1437);
#856=LINE('',#6586,#1438);
#857=LINE('',#6587,#1439);
#858=LINE('',#6589,#1440);
#859=LINE('',#6590,#1441);
#860=LINE('',#6593,#1442);
#861=LINE('',#6595,#1443);
#862=LINE('',#6596,#1444);
#863=LINE('',#6599,#1445);
#864=LINE('',#6600,#1446);
#865=LINE('',#6603,#1447);
#866=LINE('',#6604,#1448);
#867=LINE('',#6608,#1449);
#868=LINE('',#6610,#1450);
#869=LINE('',#6612,#1451);
#870=LINE('',#6614,#1452);
#871=LINE('',#6616,#1453);
#872=LINE('',#6618,#1454);
#873=LINE('',#6621,#1455);
#874=LINE('',#6624,#1456);
#875=LINE('',#6626,#1457);
#876=LINE('',#6628,#1458);
#877=LINE('',#6630,#1459);
#878=LINE('',#6632,#1460);
#879=LINE('',#6633,#1461);
#880=LINE('',#6636,#1462);
#881=LINE('',#6638,#1463);
#882=LINE('',#6640,#1464);
#883=LINE('',#6642,#1465);
#884=LINE('',#6644,#1466);
#885=LINE('',#6645,#1467);
#886=LINE('',#6648,#1468);
#887=LINE('',#6650,#1469);
#888=LINE('',#6652,#1470);
#889=LINE('',#6654,#1471);
#890=LINE('',#6656,#1472);
#891=LINE('',#6657,#1473);
#892=LINE('',#6660,#1474);
#893=LINE('',#6662,#1475);
#894=LINE('',#6664,#1476);
#895=LINE('',#6666,#1477);
#896=LINE('',#6668,#1478);
#897=LINE('',#6669,#1479);
#898=LINE('',#6672,#1480);
#899=LINE('',#6674,#1481);
#900=LINE('',#6675,#1482);
#901=LINE('',#6678,#1483);
#902=LINE('',#6679,#1484);
#903=LINE('',#6682,#1485);
#904=LINE('',#6683,#1486);
#905=LINE('',#6686,#1487);
#906=LINE('',#6687,#1488);
#907=LINE('',#6691,#1489);
#908=LINE('',#6692,#1490);
#909=LINE('',#6693,#1491);
#910=LINE('',#6696,#1492);
#911=LINE('',#6698,#1493);
#912=LINE('',#6699,#1494);
#913=LINE('',#6702,#1495);
#914=LINE('',#6703,#1496);
#915=LINE('',#6705,#1497);
#916=LINE('',#6708,#1498);
#917=LINE('',#6709,#1499);
#918=LINE('',#6711,#1500);
#919=LINE('',#6714,#1501);
#920=LINE('',#6716,#1502);
#921=LINE('',#6717,#1503);
#922=LINE('',#6720,#1504);
#923=LINE('',#6721,#1505);
#924=LINE('',#6724,#1506);
#925=LINE('',#6725,#1507);
#926=LINE('',#6728,#1508);
#927=LINE('',#6730,#1509);
#928=LINE('',#6731,#1510);
#929=LINE('',#6734,#1511);
#930=LINE('',#6735,#1512);
#931=LINE('',#6738,#1513);
#932=LINE('',#6739,#1514);
#933=LINE('',#6742,#1515);
#934=LINE('',#6743,#1516);
#935=LINE('',#6746,#1517);
#936=LINE('',#6747,#1518);
#937=LINE('',#6749,#1519);
#938=LINE('',#6752,#1520);
#939=LINE('',#6754,#1521);
#940=LINE('',#6755,#1522);
#941=LINE('',#6758,#1523);
#942=LINE('',#6759,#1524);
#943=LINE('',#6762,#1525);
#944=LINE('',#6763,#1526);
#945=LINE('',#6767,#1527);
#946=LINE('',#6768,#1528);
#947=LINE('',#6769,#1529);
#948=LINE('',#6772,#1530);
#949=LINE('',#6774,#1531);
#950=LINE('',#6775,#1532);
#951=LINE('',#6778,#1533);
#952=LINE('',#6779,#1534);
#953=LINE('',#6781,#1535);
#954=LINE('',#6784,#1536);
#955=LINE('',#6785,#1537);
#956=LINE('',#6787,#1538);
#957=LINE('',#6790,#1539);
#958=LINE('',#6792,#1540);
#959=LINE('',#6793,#1541);
#960=LINE('',#6796,#1542);
#961=LINE('',#6797,#1543);
#962=LINE('',#6800,#1544);
#963=LINE('',#6801,#1545);
#964=LINE('',#6805,#1546);
#965=LINE('',#6807,#1547);
#966=LINE('',#6808,#1548);
#967=LINE('',#6809,#1549);
#968=LINE('',#6812,#1550);
#969=LINE('',#6814,#1551);
#970=LINE('',#6815,#1552);
#971=LINE('',#6819,#1553);
#972=LINE('',#6820,#1554);
#973=LINE('',#6821,#1555);
#974=LINE('',#6824,#1556);
#975=LINE('',#6825,#1557);
#976=LINE('',#6827,#1558);
#977=LINE('',#6828,#1559);
#978=LINE('',#6830,#1560);
#979=LINE('',#6832,#1561);
#980=LINE('',#6833,#1562);
#981=LINE('',#6838,#1563);
#982=LINE('',#6840,#1564);
#983=LINE('',#6843,#1565);
#984=LINE('',#6846,#1566);
#985=LINE('',#6848,#1567);
#986=LINE('',#6850,#1568);
#987=LINE('',#6852,#1569);
#988=LINE('',#6854,#1570);
#989=LINE('',#6855,#1571);
#990=LINE('',#6858,#1572);
#991=LINE('',#6860,#1573);
#992=LINE('',#6862,#1574);
#993=LINE('',#6864,#1575);
#994=LINE('',#6866,#1576);
#995=LINE('',#6867,#1577);
#996=LINE('',#6870,#1578);
#997=LINE('',#6872,#1579);
#998=LINE('',#6874,#1580);
#999=LINE('',#6876,#1581);
#1000=LINE('',#6878,#1582);
#1001=LINE('',#6879,#1583);
#1002=LINE('',#6882,#1584);
#1003=LINE('',#6884,#1585);
#1004=LINE('',#6886,#1586);
#1005=LINE('',#6888,#1587);
#1006=LINE('',#6890,#1588);
#1007=LINE('',#6891,#1589);
#1008=LINE('',#6893,#1590);
#1009=LINE('',#6894,#1591);
#1010=LINE('',#6896,#1592);
#1011=LINE('',#6898,#1593);
#1012=LINE('',#6901,#1594);
#1013=LINE('',#6902,#1595);
#1014=LINE('',#6905,#1596);
#1015=LINE('',#6906,#1597);
#1016=LINE('',#6908,#1598);
#1017=LINE('',#6910,#1599);
#1018=LINE('',#6913,#1600);
#1019=LINE('',#6914,#1601);
#1020=LINE('',#6915,#1602);
#1021=LINE('',#6918,#1603);
#1022=LINE('',#6919,#1604);
#1023=LINE('',#6921,#1605);
#1024=LINE('',#6922,#1606);
#1025=LINE('',#6924,#1607);
#1026=LINE('',#6926,#1608);
#1027=LINE('',#6929,#1609);
#1028=LINE('',#6930,#1610);
#1029=LINE('',#6935,#1611);
#1030=LINE('',#6936,#1612);
#1031=LINE('',#6937,#1613);
#1032=LINE('',#6940,#1614);
#1033=LINE('',#6941,#1615);
#1034=LINE('',#6944,#1616);
#1035=LINE('',#6945,#1617);
#1036=LINE('',#6948,#1618);
#1037=LINE('',#6949,#1619);
#1038=LINE('',#6951,#1620);
#1039=LINE('',#6952,#1621);
#1040=LINE('',#6954,#1622);
#1041=LINE('',#6956,#1623);
#1042=LINE('',#6958,#1624);
#1043=LINE('',#6961,#1625);
#1044=LINE('',#6962,#1626);
#1045=LINE('',#6963,#1627);
#1046=LINE('',#6966,#1628);
#1047=LINE('',#6967,#1629);
#1048=LINE('',#6969,#1630);
#1049=LINE('',#6970,#1631);
#1050=LINE('',#6972,#1632);
#1051=LINE('',#6974,#1633);
#1052=LINE('',#6977,#1634);
#1053=LINE('',#6978,#1635);
#1054=LINE('',#6983,#1636);
#1055=LINE('',#6985,#1637);
#1056=LINE('',#6987,#1638);
#1057=LINE('',#6988,#1639);
#1058=LINE('',#6991,#1640);
#1059=LINE('',#6993,#1641);
#1060=LINE('',#6994,#1642);
#1061=LINE('',#6997,#1643);
#1062=LINE('',#6999,#1644);
#1063=LINE('',#7000,#1645);
#1064=LINE('',#7003,#1646);
#1065=LINE('',#7005,#1647);
#1066=LINE('',#7006,#1648);
#1067=LINE('',#7009,#1649);
#1068=LINE('',#7011,#1650);
#1069=LINE('',#7012,#1651);
#1070=LINE('',#7014,#1652);
#1071=LINE('',#7015,#1653);
#1072=LINE('',#7018,#1654);
#1073=LINE('',#7020,#1655);
#1074=LINE('',#7021,#1656);
#1075=LINE('',#7024,#1657);
#1076=LINE('',#7025,#1658);
#1077=LINE('',#7028,#1659);
#1078=LINE('',#7029,#1660);
#1079=LINE('',#7033,#1661);
#1080=LINE('',#7035,#1662);
#1081=LINE('',#7039,#1663);
#1082=LINE('',#7041,#1664);
#1083=LINE('',#7043,#1665);
#1084=LINE('',#7045,#1666);
#1085=LINE('',#7046,#1667);
#1086=LINE('',#7049,#1668);
#1087=LINE('',#7051,#1669);
#1088=LINE('',#7053,#1670);
#1089=LINE('',#7055,#1671);
#1090=LINE('',#7057,#1672);
#1091=LINE('',#7058,#1673);
#1092=LINE('',#7061,#1674);
#1093=LINE('',#7063,#1675);
#1094=LINE('',#7065,#1676);
#1095=LINE('',#7067,#1677);
#1096=LINE('',#7069,#1678);
#1097=LINE('',#7070,#1679);
#1098=LINE('',#7073,#1680);
#1099=LINE('',#7075,#1681);
#1100=LINE('',#7077,#1682);
#1101=LINE('',#7079,#1683);
#1102=LINE('',#7081,#1684);
#1103=LINE('',#7082,#1685);
#1104=LINE('',#7085,#1686);
#1105=LINE('',#7087,#1687);
#1106=LINE('',#7089,#1688);
#1107=LINE('',#7091,#1689);
#1108=LINE('',#7093,#1690);
#1109=LINE('',#7094,#1691);
#1110=LINE('',#7097,#1692);
#1111=LINE('',#7099,#1693);
#1112=LINE('',#7100,#1694);
#1113=LINE('',#7103,#1695);
#1114=LINE('',#7105,#1696);
#1115=LINE('',#7106,#1697);
#1116=LINE('',#7109,#1698);
#1117=LINE('',#7110,#1699);
#1118=LINE('',#7113,#1700);
#1119=LINE('',#7114,#1701);
#1120=LINE('',#7116,#1702);
#1121=LINE('',#7118,#1703);
#1122=LINE('',#7121,#1704);
#1123=LINE('',#7123,#1705);
#1124=LINE('',#7124,#1706);
#1125=LINE('',#7127,#1707);
#1126=LINE('',#7128,#1708);
#1127=LINE('',#7131,#1709);
#1128=LINE('',#7132,#1710);
#1129=LINE('',#7135,#1711);
#1130=LINE('',#7137,#1712);
#1131=LINE('',#7138,#1713);
#1132=LINE('',#7142,#1714);
#1133=LINE('',#7143,#1715);
#1134=LINE('',#7144,#1716);
#1135=LINE('',#7146,#1717);
#1136=LINE('',#7149,#1718);
#1137=LINE('',#7151,#1719);
#1138=LINE('',#7152,#1720);
#1139=LINE('',#7155,#1721);
#1140=LINE('',#7157,#1722);
#1141=LINE('',#7158,#1723);
#1142=LINE('',#7160,#1724);
#1143=LINE('',#7161,#1725);
#1144=LINE('',#7163,#1726);
#1145=LINE('',#7164,#1727);
#1146=LINE('',#7169,#1728);
#1147=LINE('',#7171,#1729);
#1148=LINE('',#7174,#1730);
#1149=LINE('',#7177,#1731);
#1150=LINE('',#7179,#1732);
#1151=LINE('',#7181,#1733);
#1152=LINE('',#7183,#1734);
#1153=LINE('',#7185,#1735);
#1154=LINE('',#7186,#1736);
#1155=LINE('',#7189,#1737);
#1156=LINE('',#7191,#1738);
#1157=LINE('',#7193,#1739);
#1158=LINE('',#7195,#1740);
#1159=LINE('',#7197,#1741);
#1160=LINE('',#7198,#1742);
#1161=LINE('',#7201,#1743);
#1162=LINE('',#7203,#1744);
#1163=LINE('',#7205,#1745);
#1164=LINE('',#7207,#1746);
#1165=LINE('',#7209,#1747);
#1166=LINE('',#7210,#1748);
#1167=LINE('',#7213,#1749);
#1168=LINE('',#7215,#1750);
#1169=LINE('',#7217,#1751);
#1170=LINE('',#7219,#1752);
#1171=LINE('',#7221,#1753);
#1172=LINE('',#7222,#1754);
#1173=LINE('',#7224,#1755);
#1174=LINE('',#7225,#1756);
#1175=LINE('',#7229,#1757);
#1176=LINE('',#7230,#1758);
#1177=LINE('',#7231,#1759);
#1178=LINE('',#7233,#1760);
#1179=LINE('',#7234,#1761);
#1180=LINE('',#7236,#1762);
#1181=LINE('',#7239,#1763);
#1182=LINE('',#7241,#1764);
#1183=LINE('',#7243,#1765);
#1184=LINE('',#7247,#1766);
#1185=LINE('',#7248,#1767);
#1186=LINE('',#7249,#1768);
#1187=LINE('',#7252,#1769);
#1188=LINE('',#7254,#1770);
#1189=LINE('',#7255,#1771);
#1190=LINE('',#7258,#1772);
#1191=LINE('',#7259,#1773);
#1192=LINE('',#7261,#1774);
#1193=LINE('',#7264,#1775);
#1194=LINE('',#7265,#1776);
#1195=LINE('',#7267,#1777);
#1196=LINE('',#7270,#1778);
#1197=LINE('',#7272,#1779);
#1198=LINE('',#7273,#1780);
#1199=LINE('',#7276,#1781);
#1200=LINE('',#7277,#1782);
#1201=LINE('',#7280,#1783);
#1202=LINE('',#7281,#1784);
#1203=LINE('',#7284,#1785);
#1204=LINE('',#7286,#1786);
#1205=LINE('',#7287,#1787);
#1206=LINE('',#7290,#1788);
#1207=LINE('',#7291,#1789);
#1208=LINE('',#7294,#1790);
#1209=LINE('',#7295,#1791);
#1210=LINE('',#7298,#1792);
#1211=LINE('',#7299,#1793);
#1212=LINE('',#7303,#1794);
#1213=LINE('',#7304,#1795);
#1214=LINE('',#7305,#1796);
#1215=LINE('',#7308,#1797);
#1216=LINE('',#7310,#1798);
#1217=LINE('',#7311,#1799);
#1218=LINE('',#7314,#1800);
#1219=LINE('',#7315,#1801);
#1220=LINE('',#7317,#1802);
#1221=LINE('',#7320,#1803);
#1222=LINE('',#7321,#1804);
#1223=LINE('',#7323,#1805);
#1224=LINE('',#7326,#1806);
#1225=LINE('',#7328,#1807);
#1226=LINE('',#7329,#1808);
#1227=LINE('',#7332,#1809);
#1228=LINE('',#7333,#1810);
#1229=LINE('',#7336,#1811);
#1230=LINE('',#7337,#1812);
#1231=LINE('',#7340,#1813);
#1232=LINE('',#7341,#1814);
#1233=LINE('',#7342,#1815);
#1234=LINE('',#7345,#1816);
#1235=LINE('',#7346,#1817);
#1236=LINE('',#7348,#1818);
#1237=LINE('',#7349,#1819);
#1238=LINE('',#7351,#1820);
#1239=LINE('',#7353,#1821);
#1240=LINE('',#7356,#1822);
#1241=LINE('',#7357,#1823);
#1242=LINE('',#7362,#1824);
#1243=LINE('',#7363,#1825);
#1244=LINE('',#7364,#1826);
#1245=LINE('',#7367,#1827);
#1246=LINE('',#7368,#1828);
#1247=LINE('',#7371,#1829);
#1248=LINE('',#7372,#1830);
#1249=LINE('',#7375,#1831);
#1250=LINE('',#7376,#1832);
#1251=LINE('',#7378,#1833);
#1252=LINE('',#7379,#1834);
#1253=LINE('',#7381,#1835);
#1254=LINE('',#7383,#1836);
#1255=LINE('',#7385,#1837);
#1256=LINE('',#7388,#1838);
#1257=LINE('',#7389,#1839);
#1258=LINE('',#7390,#1840);
#1259=LINE('',#7393,#1841);
#1260=LINE('',#7394,#1842);
#1261=LINE('',#7396,#1843);
#1262=LINE('',#7397,#1844);
#1263=LINE('',#7399,#1845);
#1264=LINE('',#7401,#1846);
#1265=LINE('',#7404,#1847);
#1266=LINE('',#7405,#1848);
#1267=LINE('',#7408,#1849);
#1268=LINE('',#7418,#1850);
#1269=LINE('',#7420,#1851);
#1270=LINE('',#7428,#1852);
#1271=LINE('',#7436,#1853);
#1272=LINE('',#7441,#1854);
#1273=LINE('',#7448,#1855);
#1274=LINE('',#7451,#1856);
#1275=LINE('',#7456,#1857);
#1276=LINE('',#7457,#1858);
#1277=LINE('',#7468,#1859);
#1278=LINE('',#7469,#1860);
#1279=LINE('',#7474,#1861);
#1280=LINE('',#7475,#1862);
#1281=LINE('',#7481,#1863);
#1282=LINE('',#7487,#1864);
#1283=LINE('',#7489,#1865);
#1284=LINE('',#7498,#1866);
#1285=LINE('',#7503,#1867);
#1286=LINE('',#7507,#1868);
#1287=LINE('',#7509,#1869);
#1288=LINE('',#7510,#1870);
#1289=LINE('',#7516,#1871);
#1290=LINE('',#7518,#1872);
#1291=LINE('',#7529,#1873);
#1292=LINE('',#7549,#1874);
#1293=LINE('',#7551,#1875);
#1294=LINE('',#7559,#1876);
#1295=LINE('',#7560,#1877);
#1296=LINE('',#7562,#1878);
#1297=LINE('',#7570,#1879);
#1298=LINE('',#7571,#1880);
#1299=LINE('',#7573,#1881);
#1300=LINE('',#7587,#1882);
#1301=LINE('',#7589,#1883);
#1302=LINE('',#7593,#1884);
#1303=LINE('',#7595,#1885);
#1304=LINE('',#7597,#1886);
#1305=LINE('',#7598,#1887);
#1306=LINE('',#7600,#1888);
#1307=LINE('',#7603,#1889);
#1308=LINE('',#7605,#1890);
#1309=LINE('',#7606,#1891);
#1310=LINE('',#7614,#1892);
#1311=LINE('',#7618,#1893);
#1312=LINE('',#7621,#1894);
#1313=LINE('',#7634,#1895);
#1314=LINE('',#7637,#1896);
#1315=LINE('',#7640,#1897);
#1316=LINE('',#7643,#1898);
#1317=LINE('',#7646,#1899);
#1318=LINE('',#7651,#1900);
#1319=LINE('',#7654,#1901);
#1320=LINE('',#7659,#1902);
#1321=VECTOR('',#5089,10.);
#1322=VECTOR('',#5090,10.);
#1323=VECTOR('',#5091,10.);
#1324=VECTOR('',#5092,10.);
#1325=VECTOR('',#5095,10.);
#1326=VECTOR('',#5096,10.);
#1327=VECTOR('',#5097,10.);
#1328=VECTOR('',#5100,10.);
#1329=VECTOR('',#5101,10.);
#1330=VECTOR('',#5102,10.);
#1331=VECTOR('',#5105,10.);
#1332=VECTOR('',#5106,10.);
#1333=VECTOR('',#5107,10.);
#1334=VECTOR('',#5108,10.);
#1335=VECTOR('',#5111,10.);
#1336=VECTOR('',#5112,10.);
#1337=VECTOR('',#5113,10.);
#1338=VECTOR('',#5114,10.);
#1339=VECTOR('',#5115,10.);
#1340=VECTOR('',#5116,10.);
#1341=VECTOR('',#5117,10.);
#1342=VECTOR('',#5118,10.);
#1343=VECTOR('',#5119,10.);
#1344=VECTOR('',#5120,10.);
#1345=VECTOR('',#5123,10.);
#1346=VECTOR('',#5124,10.);
#1347=VECTOR('',#5125,10.);
#1348=VECTOR('',#5128,10.);
#1349=VECTOR('',#5129,10.);
#1350=VECTOR('',#5130,10.);
#1351=VECTOR('',#5131,10.);
#1352=VECTOR('',#5134,10.);
#1353=VECTOR('',#5135,10.);
#1354=VECTOR('',#5136,10.);
#1355=VECTOR('',#5139,10.);
#1356=VECTOR('',#5140,10.);
#1357=VECTOR('',#5141,10.);
#1358=VECTOR('',#5144,10.);
#1359=VECTOR('',#5147,10.);
#1360=VECTOR('',#5148,10.);
#1361=VECTOR('',#5149,10.);
#1362=VECTOR('',#5150,10.);
#1363=VECTOR('',#5151,10.);
#1364=VECTOR('',#5156,10.);
#1365=VECTOR('',#5159,10.);
#1366=VECTOR('',#5160,10.);
#1367=VECTOR('',#5161,10.);
#1368=VECTOR('',#5162,10.);
#1369=VECTOR('',#5163,10.);
#1370=VECTOR('',#5164,10.);
#1371=VECTOR('',#5165,10.);
#1372=VECTOR('',#5168,10.);
#1373=VECTOR('',#5169,10.);
#1374=VECTOR('',#5170,10.);
#1375=VECTOR('',#5171,10.);
#1376=VECTOR('',#5172,10.);
#1377=VECTOR('',#5173,10.);
#1378=VECTOR('',#5174,10.);
#1379=VECTOR('',#5175,10.);
#1380=VECTOR('',#5176,10.);
#1381=VECTOR('',#5179,10.);
#1382=VECTOR('',#5180,10.);
#1383=VECTOR('',#5181,10.);
#1384=VECTOR('',#5184,10.);
#1385=VECTOR('',#5185,10.);
#1386=VECTOR('',#5188,10.);
#1387=VECTOR('',#5189,10.);
#1388=VECTOR('',#5190,10.);
#1389=VECTOR('',#5193,10.);
#1390=VECTOR('',#5196,10.);
#1391=VECTOR('',#5197,10.);
#1392=VECTOR('',#5198,10.);
#1393=VECTOR('',#5199,10.);
#1394=VECTOR('',#5202,10.);
#1395=VECTOR('',#5203,10.);
#1396=VECTOR('',#5204,10.);
#1397=VECTOR('',#5207,10.);
#1398=VECTOR('',#5208,10.);
#1399=VECTOR('',#5209,10.);
#1400=VECTOR('',#5210,10.);
#1401=VECTOR('',#5213,10.);
#1402=VECTOR('',#5214,10.);
#1403=VECTOR('',#5217,10.);
#1404=VECTOR('',#5218,10.);
#1405=VECTOR('',#5219,10.);
#1406=VECTOR('',#5222,10.);
#1407=VECTOR('',#5223,10.);
#1408=VECTOR('',#5226,10.);
#1409=VECTOR('',#5227,10.);
#1410=VECTOR('',#5230,10.);
#1411=VECTOR('',#5233,10.);
#1412=VECTOR('',#5234,10.);
#1413=VECTOR('',#5237,10.);
#1414=VECTOR('',#5240,10.);
#1415=VECTOR('',#5245,10.);
#1416=VECTOR('',#5246,10.);
#1417=VECTOR('',#5247,10.);
#1418=VECTOR('',#5250,10.);
#1419=VECTOR('',#5251,10.);
#1420=VECTOR('',#5254,10.);
#1421=VECTOR('',#5255,10.);
#1422=VECTOR('',#5258,10.);
#1423=VECTOR('',#5263,10.);
#1424=VECTOR('',#5268,10.);
#1425=VECTOR('',#5269,10.);
#1426=VECTOR('',#5270,10.);
#1427=VECTOR('',#5271,10.);
#1428=VECTOR('',#5274,10.);
#1429=VECTOR('',#5275,10.);
#1430=VECTOR('',#5276,10.);
#1431=VECTOR('',#5277,10.);
#1432=VECTOR('',#5280,10.);
#1433=VECTOR('',#5281,10.);
#1434=VECTOR('',#5284,10.);
#1435=VECTOR('',#5285,10.);
#1436=VECTOR('',#5286,10.);
#1437=VECTOR('',#5289,10.);
#1438=VECTOR('',#5290,10.);
#1439=VECTOR('',#5291,10.);
#1440=VECTOR('',#5294,10.);
#1441=VECTOR('',#5295,10.);
#1442=VECTOR('',#5298,10.);
#1443=VECTOR('',#5299,10.);
#1444=VECTOR('',#5300,10.);
#1445=VECTOR('',#5303,10.);
#1446=VECTOR('',#5304,10.);
#1447=VECTOR('',#5307,10.);
#1448=VECTOR('',#5308,10.);
#1449=VECTOR('',#5311,10.);
#1450=VECTOR('',#5312,10.);
#1451=VECTOR('',#5313,10.);
#1452=VECTOR('',#5314,10.);
#1453=VECTOR('',#5315,10.);
#1454=VECTOR('',#5316,10.);
#1455=VECTOR('',#5319,10.);
#1456=VECTOR('',#5320,10.);
#1457=VECTOR('',#5321,10.);
#1458=VECTOR('',#5322,10.);
#1459=VECTOR('',#5323,10.);
#1460=VECTOR('',#5324,10.);
#1461=VECTOR('',#5325,10.);
#1462=VECTOR('',#5326,10.);
#1463=VECTOR('',#5327,10.);
#1464=VECTOR('',#5328,10.);
#1465=VECTOR('',#5329,10.);
#1466=VECTOR('',#5330,10.);
#1467=VECTOR('',#5331,10.);
#1468=VECTOR('',#5332,10.);
#1469=VECTOR('',#5333,10.);
#1470=VECTOR('',#5334,10.);
#1471=VECTOR('',#5335,10.);
#1472=VECTOR('',#5336,10.);
#1473=VECTOR('',#5337,10.);
#1474=VECTOR('',#5338,10.);
#1475=VECTOR('',#5339,10.);
#1476=VECTOR('',#5340,10.);
#1477=VECTOR('',#5341,10.);
#1478=VECTOR('',#5342,10.);
#1479=VECTOR('',#5343,10.);
#1480=VECTOR('',#5346,10.);
#1481=VECTOR('',#5347,10.);
#1482=VECTOR('',#5348,10.);
#1483=VECTOR('',#5351,10.);
#1484=VECTOR('',#5352,10.);
#1485=VECTOR('',#5355,10.);
#1486=VECTOR('',#5356,10.);
#1487=VECTOR('',#5359,10.);
#1488=VECTOR('',#5360,10.);
#1489=VECTOR('',#5363,10.);
#1490=VECTOR('',#5364,10.);
#1491=VECTOR('',#5365,10.);
#1492=VECTOR('',#5368,10.);
#1493=VECTOR('',#5369,10.);
#1494=VECTOR('',#5370,10.);
#1495=VECTOR('',#5373,10.);
#1496=VECTOR('',#5374,10.);
#1497=VECTOR('',#5377,10.);
#1498=VECTOR('',#5380,10.);
#1499=VECTOR('',#5381,10.);
#1500=VECTOR('',#5384,10.);
#1501=VECTOR('',#5387,10.);
#1502=VECTOR('',#5388,10.);
#1503=VECTOR('',#5389,10.);
#1504=VECTOR('',#5392,10.);
#1505=VECTOR('',#5393,10.);
#1506=VECTOR('',#5396,10.);
#1507=VECTOR('',#5397,10.);
#1508=VECTOR('',#5400,10.);
#1509=VECTOR('',#5401,10.);
#1510=VECTOR('',#5402,10.);
#1511=VECTOR('',#5405,10.);
#1512=VECTOR('',#5406,10.);
#1513=VECTOR('',#5409,10.);
#1514=VECTOR('',#5410,10.);
#1515=VECTOR('',#5413,10.);
#1516=VECTOR('',#5414,10.);
#1517=VECTOR('',#5417,10.);
#1518=VECTOR('',#5418,10.);
#1519=VECTOR('',#5421,10.);
#1520=VECTOR('',#5424,10.);
#1521=VECTOR('',#5425,10.);
#1522=VECTOR('',#5426,10.);
#1523=VECTOR('',#5429,10.);
#1524=VECTOR('',#5430,10.);
#1525=VECTOR('',#5433,10.);
#1526=VECTOR('',#5434,10.);
#1527=VECTOR('',#5437,10.);
#1528=VECTOR('',#5438,10.);
#1529=VECTOR('',#5439,10.);
#1530=VECTOR('',#5442,10.);
#1531=VECTOR('',#5443,10.);
#1532=VECTOR('',#5444,10.);
#1533=VECTOR('',#5447,10.);
#1534=VECTOR('',#5448,10.);
#1535=VECTOR('',#5451,10.);
#1536=VECTOR('',#5454,10.);
#1537=VECTOR('',#5455,10.);
#1538=VECTOR('',#5458,10.);
#1539=VECTOR('',#5461,10.);
#1540=VECTOR('',#5462,10.);
#1541=VECTOR('',#5463,10.);
#1542=VECTOR('',#5466,10.);
#1543=VECTOR('',#5467,10.);
#1544=VECTOR('',#5470,10.);
#1545=VECTOR('',#5471,10.);
#1546=VECTOR('',#5474,10.);
#1547=VECTOR('',#5475,10.);
#1548=VECTOR('',#5476,10.);
#1549=VECTOR('',#5477,10.);
#1550=VECTOR('',#5480,10.);
#1551=VECTOR('',#5481,10.);
#1552=VECTOR('',#5482,10.);
#1553=VECTOR('',#5485,10.);
#1554=VECTOR('',#5486,10.);
#1555=VECTOR('',#5487,10.);
#1556=VECTOR('',#5490,10.);
#1557=VECTOR('',#5491,10.);
#1558=VECTOR('',#5494,10.);
#1559=VECTOR('',#5495,10.);
#1560=VECTOR('',#5498,10.);
#1561=VECTOR('',#5501,10.);
#1562=VECTOR('',#5502,10.);
#1563=VECTOR('',#5507,10.);
#1564=VECTOR('',#5508,10.);
#1565=VECTOR('',#5511,10.);
#1566=VECTOR('',#5512,10.);
#1567=VECTOR('',#5513,10.);
#1568=VECTOR('',#5514,10.);
#1569=VECTOR('',#5515,10.);
#1570=VECTOR('',#5516,10.);
#1571=VECTOR('',#5517,10.);
#1572=VECTOR('',#5518,10.);
#1573=VECTOR('',#5519,10.);
#1574=VECTOR('',#5520,10.);
#1575=VECTOR('',#5521,10.);
#1576=VECTOR('',#5522,10.);
#1577=VECTOR('',#5523,10.);
#1578=VECTOR('',#5524,10.);
#1579=VECTOR('',#5525,10.);
#1580=VECTOR('',#5526,10.);
#1581=VECTOR('',#5527,10.);
#1582=VECTOR('',#5528,10.);
#1583=VECTOR('',#5529,10.);
#1584=VECTOR('',#5530,10.);
#1585=VECTOR('',#5531,10.);
#1586=VECTOR('',#5532,10.);
#1587=VECTOR('',#5533,10.);
#1588=VECTOR('',#5534,10.);
#1589=VECTOR('',#5535,10.);
#1590=VECTOR('',#5538,10.);
#1591=VECTOR('',#5539,10.);
#1592=VECTOR('',#5542,10.);
#1593=VECTOR('',#5545,10.);
#1594=VECTOR('',#5548,10.);
#1595=VECTOR('',#5549,10.);
#1596=VECTOR('',#5552,10.);
#1597=VECTOR('',#5553,10.);
#1598=VECTOR('',#5556,10.);
#1599=VECTOR('',#5559,10.);
#1600=VECTOR('',#5562,10.);
#1601=VECTOR('',#5563,10.);
#1602=VECTOR('',#5564,10.);
#1603=VECTOR('',#5567,10.);
#1604=VECTOR('',#5568,10.);
#1605=VECTOR('',#5571,10.);
#1606=VECTOR('',#5572,10.);
#1607=VECTOR('',#5575,10.);
#1608=VECTOR('',#5578,10.);
#1609=VECTOR('',#5583,10.);
#1610=VECTOR('',#5584,10.);
#1611=VECTOR('',#5589,10.);
#1612=VECTOR('',#5590,10.);
#1613=VECTOR('',#5591,10.);
#1614=VECTOR('',#5594,10.);
#1615=VECTOR('',#5595,10.);
#1616=VECTOR('',#5598,10.);
#1617=VECTOR('',#5599,10.);
#1618=VECTOR('',#5602,10.);
#1619=VECTOR('',#5603,10.);
#1620=VECTOR('',#5606,10.);
#1621=VECTOR('',#5607,10.);
#1622=VECTOR('',#5610,10.);
#1623=VECTOR('',#5613,10.);
#1624=VECTOR('',#5616,10.);
#1625=VECTOR('',#5619,10.);
#1626=VECTOR('',#5620,10.);
#1627=VECTOR('',#5621,10.);
#1628=VECTOR('',#5624,10.);
#1629=VECTOR('',#5625,10.);
#1630=VECTOR('',#5628,10.);
#1631=VECTOR('',#5629,10.);
#1632=VECTOR('',#5632,10.);
#1633=VECTOR('',#5635,10.);
#1634=VECTOR('',#5640,10.);
#1635=VECTOR('',#5641,10.);
#1636=VECTOR('',#5646,10.);
#1637=VECTOR('',#5647,10.);
#1638=VECTOR('',#5648,10.);
#1639=VECTOR('',#5649,10.);
#1640=VECTOR('',#5652,10.);
#1641=VECTOR('',#5653,10.);
#1642=VECTOR('',#5654,10.);
#1643=VECTOR('',#5657,10.);
#1644=VECTOR('',#5658,10.);
#1645=VECTOR('',#5659,10.);
#1646=VECTOR('',#5662,10.);
#1647=VECTOR('',#5663,10.);
#1648=VECTOR('',#5664,10.);
#1649=VECTOR('',#5667,10.);
#1650=VECTOR('',#5668,10.);
#1651=VECTOR('',#5669,10.);
#1652=VECTOR('',#5672,10.);
#1653=VECTOR('',#5673,10.);
#1654=VECTOR('',#5676,10.);
#1655=VECTOR('',#5677,10.);
#1656=VECTOR('',#5678,10.);
#1657=VECTOR('',#5681,10.);
#1658=VECTOR('',#5682,10.);
#1659=VECTOR('',#5685,10.);
#1660=VECTOR('',#5686,10.);
#1661=VECTOR('',#5689,10.);
#1662=VECTOR('',#5690,10.);
#1663=VECTOR('',#5693,10.);
#1664=VECTOR('',#5694,10.);
#1665=VECTOR('',#5695,10.);
#1666=VECTOR('',#5696,10.);
#1667=VECTOR('',#5697,10.);
#1668=VECTOR('',#5698,10.);
#1669=VECTOR('',#5699,10.);
#1670=VECTOR('',#5700,10.);
#1671=VECTOR('',#5701,10.);
#1672=VECTOR('',#5702,10.);
#1673=VECTOR('',#5703,10.);
#1674=VECTOR('',#5704,10.);
#1675=VECTOR('',#5705,10.);
#1676=VECTOR('',#5706,10.);
#1677=VECTOR('',#5707,10.);
#1678=VECTOR('',#5708,10.);
#1679=VECTOR('',#5709,10.);
#1680=VECTOR('',#5710,10.);
#1681=VECTOR('',#5711,10.);
#1682=VECTOR('',#5712,10.);
#1683=VECTOR('',#5713,10.);
#1684=VECTOR('',#5714,10.);
#1685=VECTOR('',#5715,10.);
#1686=VECTOR('',#5716,10.);
#1687=VECTOR('',#5717,10.);
#1688=VECTOR('',#5718,10.);
#1689=VECTOR('',#5719,10.);
#1690=VECTOR('',#5720,10.);
#1691=VECTOR('',#5721,10.);
#1692=VECTOR('',#5724,10.);
#1693=VECTOR('',#5725,10.);
#1694=VECTOR('',#5726,10.);
#1695=VECTOR('',#5729,10.);
#1696=VECTOR('',#5730,10.);
#1697=VECTOR('',#5731,10.);
#1698=VECTOR('',#5734,10.);
#1699=VECTOR('',#5735,10.);
#1700=VECTOR('',#5738,10.);
#1701=VECTOR('',#5739,10.);
#1702=VECTOR('',#5742,10.);
#1703=VECTOR('',#5745,10.);
#1704=VECTOR('',#5748,10.);
#1705=VECTOR('',#5749,10.);
#1706=VECTOR('',#5750,10.);
#1707=VECTOR('',#5753,10.);
#1708=VECTOR('',#5754,10.);
#1709=VECTOR('',#5757,10.);
#1710=VECTOR('',#5758,10.);
#1711=VECTOR('',#5761,10.);
#1712=VECTOR('',#5762,10.);
#1713=VECTOR('',#5763,10.);
#1714=VECTOR('',#5766,10.);
#1715=VECTOR('',#5767,10.);
#1716=VECTOR('',#5768,10.);
#1717=VECTOR('',#5771,10.);
#1718=VECTOR('',#5774,10.);
#1719=VECTOR('',#5775,10.);
#1720=VECTOR('',#5776,10.);
#1721=VECTOR('',#5779,10.);
#1722=VECTOR('',#5780,10.);
#1723=VECTOR('',#5781,10.);
#1724=VECTOR('',#5784,10.);
#1725=VECTOR('',#5785,10.);
#1726=VECTOR('',#5788,10.);
#1727=VECTOR('',#5789,10.);
#1728=VECTOR('',#5794,10.);
#1729=VECTOR('',#5795,10.);
#1730=VECTOR('',#5798,10.);
#1731=VECTOR('',#5799,10.);
#1732=VECTOR('',#5800,10.);
#1733=VECTOR('',#5801,10.);
#1734=VECTOR('',#5802,10.);
#1735=VECTOR('',#5803,10.);
#1736=VECTOR('',#5804,10.);
#1737=VECTOR('',#5805,10.);
#1738=VECTOR('',#5806,10.);
#1739=VECTOR('',#5807,10.);
#1740=VECTOR('',#5808,10.);
#1741=VECTOR('',#5809,10.);
#1742=VECTOR('',#5810,10.);
#1743=VECTOR('',#5811,10.);
#1744=VECTOR('',#5812,10.);
#1745=VECTOR('',#5813,10.);
#1746=VECTOR('',#5814,10.);
#1747=VECTOR('',#5815,10.);
#1748=VECTOR('',#5816,10.);
#1749=VECTOR('',#5817,10.);
#1750=VECTOR('',#5818,10.);
#1751=VECTOR('',#5819,10.);
#1752=VECTOR('',#5820,10.);
#1753=VECTOR('',#5821,10.);
#1754=VECTOR('',#5822,10.);
#1755=VECTOR('',#5825,10.);
#1756=VECTOR('',#5826,10.);
#1757=VECTOR('',#5829,10.);
#1758=VECTOR('',#5830,10.);
#1759=VECTOR('',#5831,10.);
#1760=VECTOR('',#5834,10.);
#1761=VECTOR('',#5835,10.);
#1762=VECTOR('',#5838,10.);
#1763=VECTOR('',#5843,10.);
#1764=VECTOR('',#5846,10.);
#1765=VECTOR('',#5849,10.);
#1766=VECTOR('',#5852,10.);
#1767=VECTOR('',#5853,10.);
#1768=VECTOR('',#5854,10.);
#1769=VECTOR('',#5857,10.);
#1770=VECTOR('',#5858,10.);
#1771=VECTOR('',#5859,10.);
#1772=VECTOR('',#5862,10.);
#1773=VECTOR('',#5863,10.);
#1774=VECTOR('',#5866,10.);
#1775=VECTOR('',#5869,10.);
#1776=VECTOR('',#5870,10.);
#1777=VECTOR('',#5873,10.);
#1778=VECTOR('',#5876,10.);
#1779=VECTOR('',#5877,10.);
#1780=VECTOR('',#5878,10.);
#1781=VECTOR('',#5881,10.);
#1782=VECTOR('',#5882,10.);
#1783=VECTOR('',#5885,10.);
#1784=VECTOR('',#5886,10.);
#1785=VECTOR('',#5889,10.);
#1786=VECTOR('',#5890,10.);
#1787=VECTOR('',#5891,10.);
#1788=VECTOR('',#5894,10.);
#1789=VECTOR('',#5895,10.);
#1790=VECTOR('',#5898,10.);
#1791=VECTOR('',#5899,10.);
#1792=VECTOR('',#5902,10.);
#1793=VECTOR('',#5903,10.);
#1794=VECTOR('',#5906,10.);
#1795=VECTOR('',#5907,10.);
#1796=VECTOR('',#5908,10.);
#1797=VECTOR('',#5911,10.);
#1798=VECTOR('',#5912,10.);
#1799=VECTOR('',#5913,10.);
#1800=VECTOR('',#5916,10.);
#1801=VECTOR('',#5917,10.);
#1802=VECTOR('',#5920,10.);
#1803=VECTOR('',#5923,10.);
#1804=VECTOR('',#5924,10.);
#1805=VECTOR('',#5927,10.);
#1806=VECTOR('',#5930,10.);
#1807=VECTOR('',#5931,10.);
#1808=VECTOR('',#5932,10.);
#1809=VECTOR('',#5935,10.);
#1810=VECTOR('',#5936,10.);
#1811=VECTOR('',#5939,10.);
#1812=VECTOR('',#5940,10.);
#1813=VECTOR('',#5943,10.);
#1814=VECTOR('',#5944,10.);
#1815=VECTOR('',#5945,10.);
#1816=VECTOR('',#5948,10.);
#1817=VECTOR('',#5949,10.);
#1818=VECTOR('',#5952,10.);
#1819=VECTOR('',#5953,10.);
#1820=VECTOR('',#5956,10.);
#1821=VECTOR('',#5959,10.);
#1822=VECTOR('',#5964,10.);
#1823=VECTOR('',#5965,10.);
#1824=VECTOR('',#5970,10.);
#1825=VECTOR('',#5971,10.);
#1826=VECTOR('',#5972,10.);
#1827=VECTOR('',#5975,10.);
#1828=VECTOR('',#5976,10.);
#1829=VECTOR('',#5979,10.);
#1830=VECTOR('',#5980,10.);
#1831=VECTOR('',#5983,10.);
#1832=VECTOR('',#5984,10.);
#1833=VECTOR('',#5987,10.);
#1834=VECTOR('',#5988,10.);
#1835=VECTOR('',#5991,10.);
#1836=VECTOR('',#5994,10.);
#1837=VECTOR('',#5997,10.);
#1838=VECTOR('',#6000,10.);
#1839=VECTOR('',#6001,10.);
#1840=VECTOR('',#6002,10.);
#1841=VECTOR('',#6005,10.);
#1842=VECTOR('',#6006,10.);
#1843=VECTOR('',#6009,10.);
#1844=VECTOR('',#6010,10.);
#1845=VECTOR('',#6013,10.);
#1846=VECTOR('',#6016,10.);
#1847=VECTOR('',#6021,10.);
#1848=VECTOR('',#6022,10.);
#1849=VECTOR('',#6027,10.);
#1850=VECTOR('',#6046,10.);
#1851=VECTOR('',#6049,10.);
#1852=VECTOR('',#6060,10.);
#1853=VECTOR('',#6071,10.);
#1854=VECTOR('',#6078,10.);
#1855=VECTOR('',#6087,10.);
#1856=VECTOR('',#6090,10.);
#1857=VECTOR('',#6095,10.);
#1858=VECTOR('',#6096,10.);
#1859=VECTOR('',#6109,10.);
#1860=VECTOR('',#6110,10.);
#1861=VECTOR('',#6115,10.);
#1862=VECTOR('',#6116,10.);
#1863=VECTOR('',#6127,10.);
#1864=VECTOR('',#6138,10.);
#1865=VECTOR('',#6141,10.);
#1866=VECTOR('',#6156,10.);
#1867=VECTOR('',#6161,10.);
#1868=VECTOR('',#6166,10.);
#1869=VECTOR('',#6167,10.);
#1870=VECTOR('',#6168,10.);
#1871=VECTOR('',#6175,10.);
#1872=VECTOR('',#6178,10.);
#1873=VECTOR('',#6193,10.);
#1874=VECTOR('',#6208,10.);
#1875=VECTOR('',#6211,10.);
#1876=VECTOR('',#6222,10.);
#1877=VECTOR('',#6223,10.);
#1878=VECTOR('',#6226,10.);
#1879=VECTOR('',#6237,10.);
#1880=VECTOR('',#6238,10.);
#1881=VECTOR('',#6241,10.);
#1882=VECTOR('',#6248,10.);
#1883=VECTOR('',#6251,10.);
#1884=VECTOR('',#6258,10.);
#1885=VECTOR('',#6261,10.);
#1886=VECTOR('',#6262,10.);
#1887=VECTOR('',#6263,10.);
#1888=VECTOR('',#6266,10.);
#1889=VECTOR('',#6269,10.);
#1890=VECTOR('',#6270,10.);
#1891=VECTOR('',#6271,10.);
#1892=VECTOR('',#6280,10.);
#1893=VECTOR('',#6287,10.);
#1894=VECTOR('',#6292,10.);
#1895=VECTOR('',#6307,2.35);
#1896=VECTOR('',#6312,2.1);
#1897=VECTOR('',#6315,2.35);
#1898=VECTOR('',#6320,2.1);
#1899=VECTOR('',#6323,3.2);
#1900=VECTOR('',#6330,3.);
#1901=VECTOR('',#6333,3.2);
#1902=VECTOR('',#6340,3.);
#1903=VERTEX_POINT('',#6343);
#1904=VERTEX_POINT('',#6344);
#1905=VERTEX_POINT('',#6346);
#1906=VERTEX_POINT('',#6348);
#1907=VERTEX_POINT('',#6352);
#1908=VERTEX_POINT('',#6354);
#1909=VERTEX_POINT('',#6358);
#1910=VERTEX_POINT('',#6360);
#1911=VERTEX_POINT('',#6364);
#1912=VERTEX_POINT('',#6366);
#1913=VERTEX_POINT('',#6368);
#1914=VERTEX_POINT('',#6372);
#1915=VERTEX_POINT('',#6375);
#1916=VERTEX_POINT('',#6376);
#1917=VERTEX_POINT('',#6378);
#1918=VERTEX_POINT('',#6380);
#1919=VERTEX_POINT('',#6382);
#1920=VERTEX_POINT('',#6384);
#1921=VERTEX_POINT('',#6386);
#1922=VERTEX_POINT('',#6388);
#1923=VERTEX_POINT('',#6392);
#1924=VERTEX_POINT('',#6394);
#1925=VERTEX_POINT('',#6398);
#1926=VERTEX_POINT('',#6399);
#1927=VERTEX_POINT('',#6401);
#1928=VERTEX_POINT('',#6403);
#1929=VERTEX_POINT('',#6407);
#1930=VERTEX_POINT('',#6409);
#1931=VERTEX_POINT('',#6413);
#1932=VERTEX_POINT('',#6415);
#1933=VERTEX_POINT('',#6419);
#1934=VERTEX_POINT('',#6420);
#1935=VERTEX_POINT('',#6422);
#1936=VERTEX_POINT('',#6424);
#1937=VERTEX_POINT('',#6426);
#1938=VERTEX_POINT('',#6428);
#1939=VERTEX_POINT('',#6432);
#1940=VERTEX_POINT('',#6434);
#1941=VERTEX_POINT('',#6438);
#1942=VERTEX_POINT('',#6439);
#1943=VERTEX_POINT('',#6441);
#1944=VERTEX_POINT('',#6443);
#1945=VERTEX_POINT('',#6446);
#1946=VERTEX_POINT('',#6448);
#1947=VERTEX_POINT('',#6452);
#1948=VERTEX_POINT('',#6453);
#1949=VERTEX_POINT('',#6455);
#1950=VERTEX_POINT('',#6457);
#1951=VERTEX_POINT('',#6459);
#1952=VERTEX_POINT('',#6462);
#1953=VERTEX_POINT('',#6464);
#1954=VERTEX_POINT('',#6466);
#1955=VERTEX_POINT('',#6470);
#1956=VERTEX_POINT('',#6471);
#1957=VERTEX_POINT('',#6479);
#1958=VERTEX_POINT('',#6480);
#1959=VERTEX_POINT('',#6487);
#1960=VERTEX_POINT('',#6488);
#1961=VERTEX_POINT('',#6490);
#1962=VERTEX_POINT('',#6492);
#1963=VERTEX_POINT('',#6497);
#1964=VERTEX_POINT('',#6501);
#1965=VERTEX_POINT('',#6502);
#1966=VERTEX_POINT('',#6504);
#1967=VERTEX_POINT('',#6506);
#1968=VERTEX_POINT('',#6513);
#1969=VERTEX_POINT('',#6515);
#1970=VERTEX_POINT('',#6522);
#1971=VERTEX_POINT('',#6536);
#1972=VERTEX_POINT('',#6538);
#1973=VERTEX_POINT('',#6542);
#1974=VERTEX_POINT('',#6546);
#1975=VERTEX_POINT('',#6556);
#1976=VERTEX_POINT('',#6557);
#1977=VERTEX_POINT('',#6559);
#1978=VERTEX_POINT('',#6561);
#1979=VERTEX_POINT('',#6565);
#1980=VERTEX_POINT('',#6566);
#1981=VERTEX_POINT('',#6568);
#1982=VERTEX_POINT('',#6570);
#1983=VERTEX_POINT('',#6577);
#1984=VERTEX_POINT('',#6579);
#1985=VERTEX_POINT('',#6583);
#1986=VERTEX_POINT('',#6585);
#1987=VERTEX_POINT('',#6592);
#1988=VERTEX_POINT('',#6594);
#1989=VERTEX_POINT('',#6598);
#1990=VERTEX_POINT('',#6602);
#1991=VERTEX_POINT('',#6606);
#1992=VERTEX_POINT('',#6607);
#1993=VERTEX_POINT('',#6609);
#1994=VERTEX_POINT('',#6611);
#1995=VERTEX_POINT('',#6613);
#1996=VERTEX_POINT('',#6615);
#1997=VERTEX_POINT('',#6617);
#1998=VERTEX_POINT('',#6619);
#1999=VERTEX_POINT('',#6622);
#2000=VERTEX_POINT('',#6623);
#2001=VERTEX_POINT('',#6625);
#2002=VERTEX_POINT('',#6627);
#2003=VERTEX_POINT('',#6629);
#2004=VERTEX_POINT('',#6631);
#2005=VERTEX_POINT('',#6634);
#2006=VERTEX_POINT('',#6635);
#2007=VERTEX_POINT('',#6637);
#2008=VERTEX_POINT('',#6639);
#2009=VERTEX_POINT('',#6641);
#2010=VERTEX_POINT('',#6643);
#2011=VERTEX_POINT('',#6646);
#2012=VERTEX_POINT('',#6647);
#2013=VERTEX_POINT('',#6649);
#2014=VERTEX_POINT('',#6651);
#2015=VERTEX_POINT('',#6653);
#2016=VERTEX_POINT('',#6655);
#2017=VERTEX_POINT('',#6658);
#2018=VERTEX_POINT('',#6659);
#2019=VERTEX_POINT('',#6661);
#2020=VERTEX_POINT('',#6663);
#2021=VERTEX_POINT('',#6665);
#2022=VERTEX_POINT('',#6667);
#2023=VERTEX_POINT('',#6671);
#2024=VERTEX_POINT('',#6673);
#2025=VERTEX_POINT('',#6677);
#2026=VERTEX_POINT('',#6681);
#2027=VERTEX_POINT('',#6685);
#2028=VERTEX_POINT('',#6689);
#2029=VERTEX_POINT('',#6690);
#2030=VERTEX_POINT('',#6695);
#2031=VERTEX_POINT('',#6697);
#2032=VERTEX_POINT('',#6701);
#2033=VERTEX_POINT('',#6707);
#2034=VERTEX_POINT('',#6713);
#2035=VERTEX_POINT('',#6715);
#2036=VERTEX_POINT('',#6719);
#2037=VERTEX_POINT('',#6723);
#2038=VERTEX_POINT('',#6727);
#2039=VERTEX_POINT('',#6729);
#2040=VERTEX_POINT('',#6733);
#2041=VERTEX_POINT('',#6737);
#2042=VERTEX_POINT('',#6741);
#2043=VERTEX_POINT('',#6745);
#2044=VERTEX_POINT('',#6751);
#2045=VERTEX_POINT('',#6753);
#2046=VERTEX_POINT('',#6757);
#2047=VERTEX_POINT('',#6761);
#2048=VERTEX_POINT('',#6765);
#2049=VERTEX_POINT('',#6766);
#2050=VERTEX_POINT('',#6771);
#2051=VERTEX_POINT('',#6773);
#2052=VERTEX_POINT('',#6777);
#2053=VERTEX_POINT('',#6783);
#2054=VERTEX_POINT('',#6789);
#2055=VERTEX_POINT('',#6791);
#2056=VERTEX_POINT('',#6795);
#2057=VERTEX_POINT('',#6799);
#2058=VERTEX_POINT('',#6803);
#2059=VERTEX_POINT('',#6804);
#2060=VERTEX_POINT('',#6806);
#2061=VERTEX_POINT('',#6811);
#2062=VERTEX_POINT('',#6813);
#2063=VERTEX_POINT('',#6817);
#2064=VERTEX_POINT('',#6818);
#2065=VERTEX_POINT('',#6823);
#2066=VERTEX_POINT('',#6836);
#2067=VERTEX_POINT('',#6837);
#2068=VERTEX_POINT('',#6839);
#2069=VERTEX_POINT('',#6841);
#2070=VERTEX_POINT('',#6844);
#2071=VERTEX_POINT('',#6845);
#2072=VERTEX_POINT('',#6847);
#2073=VERTEX_POINT('',#6849);
#2074=VERTEX_POINT('',#6851);
#2075=VERTEX_POINT('',#6853);
#2076=VERTEX_POINT('',#6856);
#2077=VERTEX_POINT('',#6857);
#2078=VERTEX_POINT('',#6859);
#2079=VERTEX_POINT('',#6861);
#2080=VERTEX_POINT('',#6863);
#2081=VERTEX_POINT('',#6865);
#2082=VERTEX_POINT('',#6868);
#2083=VERTEX_POINT('',#6869);
#2084=VERTEX_POINT('',#6871);
#2085=VERTEX_POINT('',#6873);
#2086=VERTEX_POINT('',#6875);
#2087=VERTEX_POINT('',#6877);
#2088=VERTEX_POINT('',#6880);
#2089=VERTEX_POINT('',#6881);
#2090=VERTEX_POINT('',#6883);
#2091=VERTEX_POINT('',#6885);
#2092=VERTEX_POINT('',#6887);
#2093=VERTEX_POINT('',#6889);
#2094=VERTEX_POINT('',#6900);
#2095=VERTEX_POINT('',#6904);
#2096=VERTEX_POINT('',#6912);
#2097=VERTEX_POINT('',#6917);
#2098=VERTEX_POINT('',#6933);
#2099=VERTEX_POINT('',#6934);
#2100=VERTEX_POINT('',#6939);
#2101=VERTEX_POINT('',#6943);
#2102=VERTEX_POINT('',#6947);
#2103=VERTEX_POINT('',#6960);
#2104=VERTEX_POINT('',#6965);
#2105=VERTEX_POINT('',#6981);
#2106=VERTEX_POINT('',#6982);
#2107=VERTEX_POINT('',#6984);
#2108=VERTEX_POINT('',#6986);
#2109=VERTEX_POINT('',#6990);
#2110=VERTEX_POINT('',#6992);
#2111=VERTEX_POINT('',#6996);
#2112=VERTEX_POINT('',#6998);
#2113=VERTEX_POINT('',#7002);
#2114=VERTEX_POINT('',#7004);
#2115=VERTEX_POINT('',#7008);
#2116=VERTEX_POINT('',#7010);
#2117=VERTEX_POINT('',#7017);
#2118=VERTEX_POINT('',#7019);
#2119=VERTEX_POINT('',#7023);
#2120=VERTEX_POINT('',#7027);
#2121=VERTEX_POINT('',#7031);
#2122=VERTEX_POINT('',#7032);
#2123=VERTEX_POINT('',#7034);
#2124=VERTEX_POINT('',#7036);
#2125=VERTEX_POINT('',#7038);
#2126=VERTEX_POINT('',#7040);
#2127=VERTEX_POINT('',#7042);
#2128=VERTEX_POINT('',#7044);
#2129=VERTEX_POINT('',#7047);
#2130=VERTEX_POINT('',#7048);
#2131=VERTEX_POINT('',#7050);
#2132=VERTEX_POINT('',#7052);
#2133=VERTEX_POINT('',#7054);
#2134=VERTEX_POINT('',#7056);
#2135=VERTEX_POINT('',#7059);
#2136=VERTEX_POINT('',#7060);
#2137=VERTEX_POINT('',#7062);
#2138=VERTEX_POINT('',#7064);
#2139=VERTEX_POINT('',#7066);
#2140=VERTEX_POINT('',#7068);
#2141=VERTEX_POINT('',#7071);
#2142=VERTEX_POINT('',#7072);
#2143=VERTEX_POINT('',#7074);
#2144=VERTEX_POINT('',#7076);
#2145=VERTEX_POINT('',#7078);
#2146=VERTEX_POINT('',#7080);
#2147=VERTEX_POINT('',#7083);
#2148=VERTEX_POINT('',#7084);
#2149=VERTEX_POINT('',#7086);
#2150=VERTEX_POINT('',#7088);
#2151=VERTEX_POINT('',#7090);
#2152=VERTEX_POINT('',#7092);
#2153=VERTEX_POINT('',#7096);
#2154=VERTEX_POINT('',#7098);
#2155=VERTEX_POINT('',#7102);
#2156=VERTEX_POINT('',#7104);
#2157=VERTEX_POINT('',#7108);
#2158=VERTEX_POINT('',#7112);
#2159=VERTEX_POINT('',#7120);
#2160=VERTEX_POINT('',#7122);
#2161=VERTEX_POINT('',#7126);
#2162=VERTEX_POINT('',#7130);
#2163=VERTEX_POINT('',#7134);
#2164=VERTEX_POINT('',#7136);
#2165=VERTEX_POINT('',#7140);
#2166=VERTEX_POINT('',#7141);
#2167=VERTEX_POINT('',#7148);
#2168=VERTEX_POINT('',#7150);
#2169=VERTEX_POINT('',#7154);
#2170=VERTEX_POINT('',#7156);
#2171=VERTEX_POINT('',#7167);
#2172=VERTEX_POINT('',#7168);
#2173=VERTEX_POINT('',#7170);
#2174=VERTEX_POINT('',#7172);
#2175=VERTEX_POINT('',#7175);
#2176=VERTEX_POINT('',#7176);
#2177=VERTEX_POINT('',#7178);
#2178=VERTEX_POINT('',#7180);
#2179=VERTEX_POINT('',#7182);
#2180=VERTEX_POINT('',#7184);
#2181=VERTEX_POINT('',#7187);
#2182=VERTEX_POINT('',#7188);
#2183=VERTEX_POINT('',#7190);
#2184=VERTEX_POINT('',#7192);
#2185=VERTEX_POINT('',#7194);
#2186=VERTEX_POINT('',#7196);
#2187=VERTEX_POINT('',#7199);
#2188=VERTEX_POINT('',#7200);
#2189=VERTEX_POINT('',#7202);
#2190=VERTEX_POINT('',#7204);
#2191=VERTEX_POINT('',#7206);
#2192=VERTEX_POINT('',#7208);
#2193=VERTEX_POINT('',#7211);
#2194=VERTEX_POINT('',#7212);
#2195=VERTEX_POINT('',#7214);
#2196=VERTEX_POINT('',#7216);
#2197=VERTEX_POINT('',#7218);
#2198=VERTEX_POINT('',#7220);
#2199=VERTEX_POINT('',#7227);
#2200=VERTEX_POINT('',#7228);
#2201=VERTEX_POINT('',#7245);
#2202=VERTEX_POINT('',#7246);
#2203=VERTEX_POINT('',#7251);
#2204=VERTEX_POINT('',#7253);
#2205=VERTEX_POINT('',#7257);
#2206=VERTEX_POINT('',#7263);
#2207=VERTEX_POINT('',#7269);
#2208=VERTEX_POINT('',#7271);
#2209=VERTEX_POINT('',#7275);
#2210=VERTEX_POINT('',#7279);
#2211=VERTEX_POINT('',#7283);
#2212=VERTEX_POINT('',#7285);
#2213=VERTEX_POINT('',#7289);
#2214=VERTEX_POINT('',#7293);
#2215=VERTEX_POINT('',#7297);
#2216=VERTEX_POINT('',#7301);
#2217=VERTEX_POINT('',#7302);
#2218=VERTEX_POINT('',#7307);
#2219=VERTEX_POINT('',#7309);
#2220=VERTEX_POINT('',#7313);
#2221=VERTEX_POINT('',#7319);
#2222=VERTEX_POINT('',#7325);
#2223=VERTEX_POINT('',#7327);
#2224=VERTEX_POINT('',#7331);
#2225=VERTEX_POINT('',#7335);
#2226=VERTEX_POINT('',#7339);
#2227=VERTEX_POINT('',#7344);
#2228=VERTEX_POINT('',#7360);
#2229=VERTEX_POINT('',#7361);
#2230=VERTEX_POINT('',#7366);
#2231=VERTEX_POINT('',#7370);
#2232=VERTEX_POINT('',#7374);
#2233=VERTEX_POINT('',#7387);
#2234=VERTEX_POINT('',#7392);
#2235=VERTEX_POINT('',#7424);
#2236=VERTEX_POINT('',#7426);
#2237=VERTEX_POINT('',#7430);
#2238=VERTEX_POINT('',#7434);
#2239=VERTEX_POINT('',#7439);
#2240=VERTEX_POINT('',#7445);
#2241=VERTEX_POINT('',#7447);
#2242=VERTEX_POINT('',#7449);
#2243=VERTEX_POINT('',#7453);
#2244=VERTEX_POINT('',#7454);
#2245=VERTEX_POINT('',#7459);
#2246=VERTEX_POINT('',#7460);
#2247=VERTEX_POINT('',#7465);
#2248=VERTEX_POINT('',#7466);
#2249=VERTEX_POINT('',#7471);
#2250=VERTEX_POINT('',#7472);
#2251=VERTEX_POINT('',#7496);
#2252=VERTEX_POINT('',#7500);
#2253=VERTEX_POINT('',#7502);
#2254=VERTEX_POINT('',#7506);
#2255=VERTEX_POINT('',#7508);
#2256=VERTEX_POINT('',#7512);
#2257=VERTEX_POINT('',#7514);
#2258=VERTEX_POINT('',#7521);
#2259=VERTEX_POINT('',#7522);
#2260=VERTEX_POINT('',#7527);
#2261=VERTEX_POINT('',#7531);
#2262=VERTEX_POINT('',#7532);
#2263=VERTEX_POINT('',#7545);
#2264=VERTEX_POINT('',#7553);
#2265=VERTEX_POINT('',#7555);
#2266=VERTEX_POINT('',#7564);
#2267=VERTEX_POINT('',#7566);
#2268=VERTEX_POINT('',#7583);
#2269=VERTEX_POINT('',#7596);
#2270=VERTEX_POINT('',#7602);
#2271=VERTEX_POINT('',#7604);
#2272=VERTEX_POINT('',#7607);
#2273=VERTEX_POINT('',#7609);
#2274=VERTEX_POINT('',#7613);
#2275=VERTEX_POINT('',#7622);
#2276=VERTEX_POINT('',#7624);
#2277=VERTEX_POINT('',#7628);
#2278=VERTEX_POINT('',#7630);
#2279=VERTEX_POINT('',#7633);
#2280=VERTEX_POINT('',#7639);
#2281=VERTEX_POINT('',#7645);
#2282=VERTEX_POINT('',#7647);
#2283=VERTEX_POINT('',#7653);
#2284=VERTEX_POINT('',#7655);
#2285=EDGE_CURVE('',#1903,#1904,#739,.T.);
#2286=EDGE_CURVE('',#1904,#1905,#740,.T.);
#2287=EDGE_CURVE('',#1905,#1906,#741,.T.);
#2288=EDGE_CURVE('',#1906,#1903,#742,.T.);
#2289=EDGE_CURVE('',#1904,#1907,#743,.T.);
#2290=EDGE_CURVE('',#1907,#1908,#744,.T.);
#2291=EDGE_CURVE('',#1908,#1905,#745,.T.);
#2292=EDGE_CURVE('',#1906,#1909,#746,.T.);
#2293=EDGE_CURVE('',#1909,#1910,#747,.T.);
#2294=EDGE_CURVE('',#1910,#1903,#748,.T.);
#2295=EDGE_CURVE('',#1904,#1911,#749,.T.);
#2296=EDGE_CURVE('',#1911,#1912,#750,.T.);
#2297=EDGE_CURVE('',#1912,#1913,#751,.T.);
#2298=EDGE_CURVE('',#1907,#1913,#752,.T.);
#2299=EDGE_CURVE('',#1914,#1903,#753,.T.);
#2300=EDGE_CURVE('',#1914,#1911,#754,.T.);
#2301=EDGE_CURVE('',#1915,#1916,#755,.T.);
#2302=EDGE_CURVE('',#1917,#1915,#756,.T.);
#2303=EDGE_CURVE('',#1918,#1917,#757,.T.);
#2304=EDGE_CURVE('',#1919,#1918,#758,.T.);
#2305=EDGE_CURVE('',#1920,#1919,#759,.T.);
#2306=EDGE_CURVE('',#1921,#1920,#760,.T.);
#2307=EDGE_CURVE('',#1922,#1921,#761,.T.);
#2308=EDGE_CURVE('',#1916,#1922,#762,.T.);
#2309=EDGE_CURVE('',#1923,#1910,#763,.T.);
#2310=EDGE_CURVE('',#1923,#1924,#764,.T.);
#2311=EDGE_CURVE('',#1924,#1914,#765,.T.);
#2312=EDGE_CURVE('',#1925,#1926,#766,.T.);
#2313=EDGE_CURVE('',#1926,#1927,#767,.T.);
#2314=EDGE_CURVE('',#1927,#1928,#768,.T.);
#2315=EDGE_CURVE('',#1928,#1925,#769,.T.);
#2316=EDGE_CURVE('',#1926,#1929,#770,.T.);
#2317=EDGE_CURVE('',#1929,#1930,#771,.T.);
#2318=EDGE_CURVE('',#1930,#1927,#772,.T.);
#2319=EDGE_CURVE('',#1928,#1931,#773,.T.);
#2320=EDGE_CURVE('',#1931,#1932,#774,.T.);
#2321=EDGE_CURVE('',#1932,#1925,#775,.T.);
#2322=EDGE_CURVE('',#1933,#1934,#776,.T.);
#2323=EDGE_CURVE('',#1935,#1933,#75,.T.);
#2324=EDGE_CURVE('',#1936,#1935,#777,.T.);
#2325=EDGE_CURVE('',#1937,#1936,#778,.T.);
#2326=EDGE_CURVE('',#1938,#1937,#779,.T.);
#2327=EDGE_CURVE('',#1934,#1938,#780,.T.);
#2328=EDGE_CURVE('',#1909,#1908,#781,.T.);
#2329=EDGE_CURVE('',#1939,#1939,#76,.T.);
#2330=EDGE_CURVE('',#1940,#1940,#77,.T.);
#2331=EDGE_CURVE('',#1929,#1932,#782,.T.);
#2332=EDGE_CURVE('',#1941,#1942,#783,.T.);
#2333=EDGE_CURVE('',#1943,#1942,#784,.F.);
#2334=EDGE_CURVE('',#1944,#1943,#785,.F.);
#2335=EDGE_CURVE('',#1944,#1923,#786,.T.);
#2336=EDGE_CURVE('',#1913,#1945,#787,.T.);
#2337=EDGE_CURVE('',#1946,#1945,#788,.F.);
#2338=EDGE_CURVE('',#1941,#1946,#789,.F.);
#2339=EDGE_CURVE('',#1947,#1948,#790,.T.);
#2340=EDGE_CURVE('',#1949,#1948,#791,.F.);
#2341=EDGE_CURVE('',#1950,#1949,#792,.F.);
#2342=EDGE_CURVE('',#1950,#1951,#793,.T.);
#2343=EDGE_CURVE('',#1951,#1930,#794,.T.);
#2344=EDGE_CURVE('',#1931,#1952,#795,.T.);
#2345=EDGE_CURVE('',#1952,#1953,#796,.T.);
#2346=EDGE_CURVE('',#1954,#1953,#797,.F.);
#2347=EDGE_CURVE('',#1947,#1954,#798,.F.);
#2348=EDGE_CURVE('',#1955,#1956,#799,.T.);
#2349=EDGE_CURVE('',#1956,#1916,#800,.T.);
#2350=EDGE_CURVE('',#1922,#1955,#801,.T.);
#2351=EDGE_CURVE('',#1956,#1944,#802,.T.);
#2352=EDGE_CURVE('',#1915,#1943,#803,.T.);
#2353=EDGE_CURVE('',#1957,#1958,#804,.T.);
#2354=EDGE_CURVE('',#1958,#1921,#805,.T.);
#2355=EDGE_CURVE('',#1920,#1957,#806,.T.);
#2356=EDGE_CURVE('',#1958,#1955,#807,.T.);
#2357=EDGE_CURVE('',#1959,#1960,#808,.T.);
#2358=EDGE_CURVE('',#1960,#1961,#809,.T.);
#2359=EDGE_CURVE('',#1961,#1962,#810,.T.);
#2360=EDGE_CURVE('',#1962,#1959,#811,.T.);
#2361=EDGE_CURVE('',#1960,#1950,#812,.T.);
#2362=EDGE_CURVE('',#1963,#1949,#813,.T.);
#2363=EDGE_CURVE('',#1963,#1961,#814,.T.);
#2364=EDGE_CURVE('',#1964,#1965,#815,.T.);
#2365=EDGE_CURVE('',#1965,#1966,#816,.T.);
#2366=EDGE_CURVE('',#1966,#1967,#817,.T.);
#2367=EDGE_CURVE('',#1967,#1964,#818,.T.);
#2368=EDGE_CURVE('',#1962,#1966,#819,.T.);
#2369=EDGE_CURVE('',#1965,#1959,#820,.T.);
#2370=EDGE_CURVE('',#1954,#1968,#821,.T.);
#2371=EDGE_CURVE('',#1968,#1969,#822,.T.);
#2372=EDGE_CURVE('',#1969,#1947,#823,.T.);
#2373=EDGE_CURVE('',#1967,#1968,#824,.T.);
#2374=EDGE_CURVE('',#1953,#1964,#825,.T.);
#2375=EDGE_CURVE('',#1948,#1970,#826,.T.);
#2376=EDGE_CURVE('',#1970,#1963,#827,.T.);
#2377=EDGE_CURVE('',#1969,#1970,#828,.T.);
#2378=EDGE_CURVE('',#1946,#1919,#829,.T.);
#2379=EDGE_CURVE('',#1918,#1941,#830,.T.);
#2380=EDGE_CURVE('',#1945,#1957,#831,.T.);
#2381=EDGE_CURVE('',#1942,#1917,#832,.T.);
#2382=EDGE_CURVE('',#1971,#1927,#833,.T.);
#2383=EDGE_CURVE('',#1971,#1972,#834,.T.);
#2384=EDGE_CURVE('',#1928,#1972,#835,.T.);
#2385=EDGE_CURVE('',#1972,#1973,#836,.T.);
#2386=EDGE_CURVE('',#1973,#1952,#837,.T.);
#2387=EDGE_CURVE('',#1951,#1974,#838,.T.);
#2388=EDGE_CURVE('',#1974,#1971,#839,.T.);
#2389=EDGE_CURVE('',#1974,#1973,#840,.T.);
#2390=EDGE_CURVE('',#1924,#1912,#841,.T.);
#2391=EDGE_CURVE('',#1975,#1976,#842,.T.);
#2392=EDGE_CURVE('',#1976,#1977,#843,.T.);
#2393=EDGE_CURVE('',#1977,#1978,#844,.T.);
#2394=EDGE_CURVE('',#1975,#1978,#845,.T.);
#2395=EDGE_CURVE('',#1979,#1980,#846,.T.);
#2396=EDGE_CURVE('',#1980,#1981,#847,.T.);
#2397=EDGE_CURVE('',#1981,#1982,#848,.T.);
#2398=EDGE_CURVE('',#1982,#1979,#849,.T.);
#2399=EDGE_CURVE('',#1976,#1981,#850,.T.);
#2400=EDGE_CURVE('',#1980,#1977,#851,.T.);
#2401=EDGE_CURVE('',#1983,#1979,#852,.T.);
#2402=EDGE_CURVE('',#1982,#1984,#853,.T.);
#2403=EDGE_CURVE('',#1984,#1983,#854,.T.);
#2404=EDGE_CURVE('',#1985,#1983,#855,.T.);
#2405=EDGE_CURVE('',#1984,#1986,#856,.T.);
#2406=EDGE_CURVE('',#1986,#1985,#857,.T.);
#2407=EDGE_CURVE('',#1978,#1985,#858,.T.);
#2408=EDGE_CURVE('',#1986,#1975,#859,.T.);
#2409=EDGE_CURVE('',#1987,#1984,#860,.T.);
#2410=EDGE_CURVE('',#1988,#1987,#861,.T.);
#2411=EDGE_CURVE('',#1988,#1986,#862,.T.);
#2412=EDGE_CURVE('',#1989,#1982,#863,.T.);
#2413=EDGE_CURVE('',#1987,#1989,#864,.T.);
#2414=EDGE_CURVE('',#1990,#1981,#865,.T.);
#2415=EDGE_CURVE('',#1989,#1990,#866,.T.);
#2416=EDGE_CURVE('',#1991,#1992,#867,.T.);
#2417=EDGE_CURVE('',#1993,#1991,#868,.T.);
#2418=EDGE_CURVE('',#1994,#1993,#869,.T.);
#2419=EDGE_CURVE('',#1995,#1994,#870,.T.);
#2420=EDGE_CURVE('',#1996,#1995,#871,.T.);
#2421=EDGE_CURVE('',#1997,#1996,#872,.T.);
#2422=EDGE_CURVE('',#1998,#1997,#78,.T.);
#2423=EDGE_CURVE('',#1992,#1998,#873,.T.);
#2424=EDGE_CURVE('',#1999,#2000,#874,.T.);
#2425=EDGE_CURVE('',#2001,#1999,#875,.T.);
#2426=EDGE_CURVE('',#2002,#2001,#876,.T.);
#2427=EDGE_CURVE('',#2003,#2002,#877,.T.);
#2428=EDGE_CURVE('',#2004,#2003,#878,.T.);
#2429=EDGE_CURVE('',#2000,#2004,#879,.T.);
#2430=EDGE_CURVE('',#2005,#2006,#880,.T.);
#2431=EDGE_CURVE('',#2007,#2006,#881,.T.);
#2432=EDGE_CURVE('',#2008,#2007,#882,.T.);
#2433=EDGE_CURVE('',#2009,#2008,#883,.T.);
#2434=EDGE_CURVE('',#2010,#2009,#884,.T.);
#2435=EDGE_CURVE('',#2010,#2005,#885,.T.);
#2436=EDGE_CURVE('',#2011,#2012,#886,.T.);
#2437=EDGE_CURVE('',#2013,#2011,#887,.T.);
#2438=EDGE_CURVE('',#2014,#2013,#888,.T.);
#2439=EDGE_CURVE('',#2015,#2014,#889,.T.);
#2440=EDGE_CURVE('',#2016,#2015,#890,.T.);
#2441=EDGE_CURVE('',#2012,#2016,#891,.T.);
#2442=EDGE_CURVE('',#2017,#2018,#892,.T.);
#2443=EDGE_CURVE('',#2019,#2017,#893,.T.);
#2444=EDGE_CURVE('',#2020,#2019,#894,.T.);
#2445=EDGE_CURVE('',#2021,#2020,#895,.T.);
#2446=EDGE_CURVE('',#2022,#2021,#896,.T.);
#2447=EDGE_CURVE('',#2018,#2022,#897,.T.);
#2448=EDGE_CURVE('',#2006,#2023,#898,.F.);
#2449=EDGE_CURVE('',#2023,#2024,#899,.T.);
#2450=EDGE_CURVE('',#2024,#2007,#900,.T.);
#2451=EDGE_CURVE('',#2024,#2025,#901,.T.);
#2452=EDGE_CURVE('',#2025,#2008,#902,.T.);
#2453=EDGE_CURVE('',#2025,#2026,#903,.T.);
#2454=EDGE_CURVE('',#2026,#2009,#904,.T.);
#2455=EDGE_CURVE('',#2026,#2027,#905,.T.);
#2456=EDGE_CURVE('',#2027,#2010,#906,.F.);
#2457=EDGE_CURVE('',#2028,#2029,#907,.T.);
#2458=EDGE_CURVE('',#2029,#2021,#908,.T.);
#2459=EDGE_CURVE('',#2028,#2020,#909,.T.);
#2460=EDGE_CURVE('',#2018,#2030,#910,.T.);
#2461=EDGE_CURVE('',#2030,#2031,#911,.T.);
#2462=EDGE_CURVE('',#2031,#2017,#912,.T.);
#2463=EDGE_CURVE('',#2029,#2032,#913,.T.);
#2464=EDGE_CURVE('',#2032,#2022,#914,.T.);
#2465=EDGE_CURVE('',#2032,#2030,#915,.T.);
#2466=EDGE_CURVE('',#2031,#2033,#916,.T.);
#2467=EDGE_CURVE('',#2033,#2019,#917,.T.);
#2468=EDGE_CURVE('',#2033,#2028,#918,.T.);
#2469=EDGE_CURVE('',#2034,#2033,#919,.T.);
#2470=EDGE_CURVE('',#2035,#2034,#920,.T.);
#2471=EDGE_CURVE('',#2035,#2028,#921,.T.);
#2472=EDGE_CURVE('',#2036,#2031,#922,.T.);
#2473=EDGE_CURVE('',#2034,#2036,#923,.T.);
#2474=EDGE_CURVE('',#2037,#2030,#924,.T.);
#2475=EDGE_CURVE('',#2036,#2037,#925,.T.);
#2476=EDGE_CURVE('',#2000,#2038,#926,.T.);
#2477=EDGE_CURVE('',#2038,#2039,#927,.T.);
#2478=EDGE_CURVE('',#2039,#1999,#928,.T.);
#2479=EDGE_CURVE('',#2039,#2040,#929,.T.);
#2480=EDGE_CURVE('',#2040,#2001,#930,.T.);
#2481=EDGE_CURVE('',#2040,#2041,#931,.T.);
#2482=EDGE_CURVE('',#2041,#2002,#932,.T.);
#2483=EDGE_CURVE('',#2041,#2042,#933,.T.);
#2484=EDGE_CURVE('',#2042,#2003,#934,.T.);
#2485=EDGE_CURVE('',#2042,#2043,#935,.T.);
#2486=EDGE_CURVE('',#2043,#2004,#936,.T.);
#2487=EDGE_CURVE('',#2043,#2038,#937,.T.);
#2488=EDGE_CURVE('',#2044,#2040,#938,.T.);
#2489=EDGE_CURVE('',#2045,#2044,#939,.T.);
#2490=EDGE_CURVE('',#2045,#2041,#940,.T.);
#2491=EDGE_CURVE('',#2046,#2039,#941,.T.);
#2492=EDGE_CURVE('',#2044,#2046,#942,.T.);
#2493=EDGE_CURVE('',#2047,#2038,#943,.T.);
#2494=EDGE_CURVE('',#2046,#2047,#944,.T.);
#2495=EDGE_CURVE('',#2048,#2049,#945,.T.);
#2496=EDGE_CURVE('',#2049,#2015,#946,.T.);
#2497=EDGE_CURVE('',#2048,#2014,#947,.T.);
#2498=EDGE_CURVE('',#2012,#2050,#948,.T.);
#2499=EDGE_CURVE('',#2050,#2051,#949,.T.);
#2500=EDGE_CURVE('',#2051,#2011,#950,.T.);
#2501=EDGE_CURVE('',#2049,#2052,#951,.T.);
#2502=EDGE_CURVE('',#2052,#2016,#952,.T.);
#2503=EDGE_CURVE('',#2052,#2050,#953,.T.);
#2504=EDGE_CURVE('',#2051,#2053,#954,.T.);
#2505=EDGE_CURVE('',#2053,#2013,#955,.T.);
#2506=EDGE_CURVE('',#2053,#2048,#956,.T.);
#2507=EDGE_CURVE('',#2054,#2053,#957,.T.);
#2508=EDGE_CURVE('',#2055,#2054,#958,.T.);
#2509=EDGE_CURVE('',#2055,#2048,#959,.T.);
#2510=EDGE_CURVE('',#2056,#2051,#960,.T.);
#2511=EDGE_CURVE('',#2054,#2056,#961,.T.);
#2512=EDGE_CURVE('',#2057,#2050,#962,.T.);
#2513=EDGE_CURVE('',#2056,#2057,#963,.T.);
#2514=EDGE_CURVE('',#2058,#2059,#964,.T.);
#2515=EDGE_CURVE('',#2059,#2060,#965,.T.);
#2516=EDGE_CURVE('',#2060,#2055,#966,.T.);
#2517=EDGE_CURVE('',#2058,#2055,#967,.T.);
#2518=EDGE_CURVE('',#2059,#2061,#968,.T.);
#2519=EDGE_CURVE('',#2061,#2062,#969,.T.);
#2520=EDGE_CURVE('',#2062,#2060,#970,.T.);
#2521=EDGE_CURVE('',#2063,#2064,#971,.T.);
#2522=EDGE_CURVE('',#2064,#2056,#972,.T.);
#2523=EDGE_CURVE('',#2057,#2063,#973,.T.);
#2524=EDGE_CURVE('',#2064,#2065,#974,.T.);
#2525=EDGE_CURVE('',#2065,#2054,#975,.T.);
#2526=EDGE_CURVE('',#2061,#2063,#976,.T.);
#2527=EDGE_CURVE('',#2057,#2062,#977,.T.);
#2528=EDGE_CURVE('',#2065,#2058,#978,.T.);
#2529=EDGE_CURVE('',#2060,#2049,#979,.T.);
#2530=EDGE_CURVE('',#2062,#2052,#980,.T.);
#2531=EDGE_CURVE('',#2066,#2067,#981,.T.);
#2532=EDGE_CURVE('',#2068,#2066,#982,.T.);
#2533=EDGE_CURVE('',#2068,#2069,#79,.T.);
#2534=EDGE_CURVE('',#2067,#2069,#983,.T.);
#2535=EDGE_CURVE('',#2070,#2071,#984,.T.);
#2536=EDGE_CURVE('',#2072,#2070,#985,.T.);
#2537=EDGE_CURVE('',#2073,#2072,#986,.T.);
#2538=EDGE_CURVE('',#2074,#2073,#987,.T.);
#2539=EDGE_CURVE('',#2075,#2074,#988,.T.);
#2540=EDGE_CURVE('',#2071,#2075,#989,.T.);
#2541=EDGE_CURVE('',#2076,#2077,#990,.T.);
#2542=EDGE_CURVE('',#2078,#2076,#991,.T.);
#2543=EDGE_CURVE('',#2079,#2078,#992,.T.);
#2544=EDGE_CURVE('',#2080,#2079,#993,.T.);
#2545=EDGE_CURVE('',#2081,#2080,#994,.T.);
#2546=EDGE_CURVE('',#2077,#2081,#995,.T.);
#2547=EDGE_CURVE('',#2082,#2083,#996,.T.);
#2548=EDGE_CURVE('',#2083,#2084,#997,.T.);
#2549=EDGE_CURVE('',#2085,#2084,#998,.T.);
#2550=EDGE_CURVE('',#2086,#2085,#999,.T.);
#2551=EDGE_CURVE('',#2087,#2086,#1000,.T.);
#2552=EDGE_CURVE('',#2082,#2087,#1001,.T.);
#2553=EDGE_CURVE('',#2088,#2089,#1002,.T.);
#2554=EDGE_CURVE('',#2090,#2088,#1003,.T.);
#2555=EDGE_CURVE('',#2091,#2090,#1004,.T.);
#2556=EDGE_CURVE('',#2092,#2091,#1005,.T.);
#2557=EDGE_CURVE('',#2093,#2092,#1006,.T.);
#2558=EDGE_CURVE('',#2089,#2093,#1007,.T.);
#2559=EDGE_CURVE('',#2071,#2044,#1008,.T.);
#2560=EDGE_CURVE('',#2070,#2046,#1009,.T.);
#2561=EDGE_CURVE('',#2075,#2045,#1010,.T.);
#2562=EDGE_CURVE('',#2047,#2072,#1011,.T.);
#2563=EDGE_CURVE('',#2074,#2094,#1012,.T.);
#2564=EDGE_CURVE('',#2094,#2045,#1013,.T.);
#2565=EDGE_CURVE('',#2073,#2095,#1014,.T.);
#2566=EDGE_CURVE('',#2095,#2094,#1015,.T.);
#2567=EDGE_CURVE('',#2047,#2095,#1016,.T.);
#2568=EDGE_CURVE('',#2095,#2043,#1017,.T.);
#2569=EDGE_CURVE('',#2091,#2096,#1018,.T.);
#2570=EDGE_CURVE('',#2096,#2035,#1019,.T.);
#2571=EDGE_CURVE('',#2092,#2035,#1020,.T.);
#2572=EDGE_CURVE('',#2090,#2097,#1021,.T.);
#2573=EDGE_CURVE('',#2097,#2096,#1022,.T.);
#2574=EDGE_CURVE('',#2089,#2036,#1023,.T.);
#2575=EDGE_CURVE('',#2037,#2088,#1024,.T.);
#2576=EDGE_CURVE('',#2093,#2034,#1025,.T.);
#2577=EDGE_CURVE('',#2037,#2097,#1026,.T.);
#2578=EDGE_CURVE('',#2096,#2029,#1027,.T.);
#2579=EDGE_CURVE('',#2097,#2032,#1028,.T.);
#2580=EDGE_CURVE('',#2098,#2099,#1029,.T.);
#2581=EDGE_CURVE('',#2099,#2082,#1030,.F.);
#2582=EDGE_CURVE('',#2087,#2098,#1031,.T.);
#2583=EDGE_CURVE('',#2100,#2098,#1032,.T.);
#2584=EDGE_CURVE('',#2086,#2100,#1033,.T.);
#2585=EDGE_CURVE('',#2101,#2100,#1034,.T.);
#2586=EDGE_CURVE('',#2085,#2101,#1035,.T.);
#2587=EDGE_CURVE('',#2084,#2102,#1036,.F.);
#2588=EDGE_CURVE('',#2102,#2101,#1037,.T.);
#2589=EDGE_CURVE('',#2099,#2023,#1038,.T.);
#2590=EDGE_CURVE('',#2098,#2024,#1039,.T.);
#2591=EDGE_CURVE('',#2100,#2025,#1040,.T.);
#2592=EDGE_CURVE('',#2101,#2026,#1041,.T.);
#2593=EDGE_CURVE('',#2102,#2027,#1042,.T.);
#2594=EDGE_CURVE('',#2079,#2103,#1043,.T.);
#2595=EDGE_CURVE('',#2103,#1988,#1044,.T.);
#2596=EDGE_CURVE('',#2080,#1988,#1045,.T.);
#2597=EDGE_CURVE('',#2078,#2104,#1046,.T.);
#2598=EDGE_CURVE('',#2104,#2103,#1047,.T.);
#2599=EDGE_CURVE('',#2077,#1989,#1048,.T.);
#2600=EDGE_CURVE('',#1990,#2076,#1049,.T.);
#2601=EDGE_CURVE('',#2081,#1987,#1050,.T.);
#2602=EDGE_CURVE('',#1990,#2104,#1051,.T.);
#2603=EDGE_CURVE('',#2103,#1975,#1052,.T.);
#2604=EDGE_CURVE('',#2104,#1976,#1053,.T.);
#2605=EDGE_CURVE('',#2105,#2106,#1054,.T.);
#2606=EDGE_CURVE('',#2106,#2107,#1055,.T.);
#2607=EDGE_CURVE('',#2107,#2108,#1056,.T.);
#2608=EDGE_CURVE('',#2108,#2105,#1057,.T.);
#2609=EDGE_CURVE('',#2106,#2109,#1058,.T.);
#2610=EDGE_CURVE('',#2109,#2110,#1059,.T.);
#2611=EDGE_CURVE('',#2110,#2107,#1060,.T.);
#2612=EDGE_CURVE('',#2109,#2111,#1061,.T.);
#2613=EDGE_CURVE('',#2111,#2112,#1062,.T.);
#2614=EDGE_CURVE('',#2112,#2110,#1063,.T.);
#2615=EDGE_CURVE('',#2111,#2113,#1064,.T.);
#2616=EDGE_CURVE('',#2113,#2114,#1065,.T.);
#2617=EDGE_CURVE('',#2114,#2112,#1066,.T.);
#2618=EDGE_CURVE('',#2115,#2114,#1067,.T.);
#2619=EDGE_CURVE('',#2113,#2116,#1068,.T.);
#2620=EDGE_CURVE('',#2116,#2115,#1069,.T.);
#2621=EDGE_CURVE('',#2108,#2115,#1070,.T.);
#2622=EDGE_CURVE('',#2116,#2105,#1071,.T.);
#2623=EDGE_CURVE('',#2115,#2117,#1072,.T.);
#2624=EDGE_CURVE('',#2118,#2117,#1073,.T.);
#2625=EDGE_CURVE('',#2114,#2118,#1074,.T.);
#2626=EDGE_CURVE('',#2108,#2119,#1075,.T.);
#2627=EDGE_CURVE('',#2117,#2119,#1076,.T.);
#2628=EDGE_CURVE('',#2107,#2120,#1077,.T.);
#2629=EDGE_CURVE('',#2119,#2120,#1078,.T.);
#2630=EDGE_CURVE('',#2121,#2122,#1079,.T.);
#2631=EDGE_CURVE('',#2123,#2121,#1080,.T.);
#2632=EDGE_CURVE('',#2124,#2123,#80,.T.);
#2633=EDGE_CURVE('',#2125,#2124,#1081,.T.);
#2634=EDGE_CURVE('',#2126,#2125,#1082,.T.);
#2635=EDGE_CURVE('',#2127,#2126,#1083,.T.);
#2636=EDGE_CURVE('',#2128,#2127,#1084,.T.);
#2637=EDGE_CURVE('',#2122,#2128,#1085,.T.);
#2638=EDGE_CURVE('',#2129,#2130,#1086,.T.);
#2639=EDGE_CURVE('',#2131,#2129,#1087,.T.);
#2640=EDGE_CURVE('',#2132,#2131,#1088,.T.);
#2641=EDGE_CURVE('',#2133,#2132,#1089,.T.);
#2642=EDGE_CURVE('',#2134,#2133,#1090,.T.);
#2643=EDGE_CURVE('',#2130,#2134,#1091,.T.);
#2644=EDGE_CURVE('',#2135,#2136,#1092,.T.);
#2645=EDGE_CURVE('',#2137,#2135,#1093,.T.);
#2646=EDGE_CURVE('',#2138,#2137,#1094,.T.);
#2647=EDGE_CURVE('',#2139,#2138,#1095,.T.);
#2648=EDGE_CURVE('',#2140,#2139,#1096,.T.);
#2649=EDGE_CURVE('',#2136,#2140,#1097,.T.);
#2650=EDGE_CURVE('',#2141,#2142,#1098,.T.);
#2651=EDGE_CURVE('',#2142,#2143,#1099,.T.);
#2652=EDGE_CURVE('',#2144,#2143,#1100,.T.);
#2653=EDGE_CURVE('',#2145,#2144,#1101,.T.);
#2654=EDGE_CURVE('',#2146,#2145,#1102,.T.);
#2655=EDGE_CURVE('',#2141,#2146,#1103,.T.);
#2656=EDGE_CURVE('',#2147,#2148,#1104,.T.);
#2657=EDGE_CURVE('',#2149,#2147,#1105,.T.);
#2658=EDGE_CURVE('',#2150,#2149,#1106,.T.);
#2659=EDGE_CURVE('',#2151,#2150,#1107,.T.);
#2660=EDGE_CURVE('',#2152,#2151,#1108,.T.);
#2661=EDGE_CURVE('',#2148,#2152,#1109,.T.);
#2662=EDGE_CURVE('',#2131,#2153,#1110,.T.);
#2663=EDGE_CURVE('',#2153,#2154,#1111,.T.);
#2664=EDGE_CURVE('',#2132,#2154,#1112,.T.);
#2665=EDGE_CURVE('',#2130,#2155,#1113,.T.);
#2666=EDGE_CURVE('',#2155,#2156,#1114,.T.);
#2667=EDGE_CURVE('',#2156,#2129,#1115,.T.);
#2668=EDGE_CURVE('',#2134,#2157,#1116,.T.);
#2669=EDGE_CURVE('',#2157,#2155,#1117,.T.);
#2670=EDGE_CURVE('',#2158,#2157,#1118,.T.);
#2671=EDGE_CURVE('',#2133,#2158,#1119,.T.);
#2672=EDGE_CURVE('',#2154,#2158,#1120,.T.);
#2673=EDGE_CURVE('',#2156,#2153,#1121,.T.);
#2674=EDGE_CURVE('',#2153,#2159,#1122,.T.);
#2675=EDGE_CURVE('',#2160,#2159,#1123,.T.);
#2676=EDGE_CURVE('',#2154,#2160,#1124,.T.);
#2677=EDGE_CURVE('',#2156,#2161,#1125,.T.);
#2678=EDGE_CURVE('',#2159,#2161,#1126,.T.);
#2679=EDGE_CURVE('',#2155,#2162,#1127,.T.);
#2680=EDGE_CURVE('',#2161,#2162,#1128,.T.);
#2681=EDGE_CURVE('',#2159,#2163,#1129,.T.);
#2682=EDGE_CURVE('',#2163,#2164,#1130,.T.);
#2683=EDGE_CURVE('',#2160,#2164,#1131,.T.);
#2684=EDGE_CURVE('',#2165,#2166,#1132,.T.);
#2685=EDGE_CURVE('',#2166,#2161,#1133,.T.);
#2686=EDGE_CURVE('',#2162,#2165,#1134,.T.);
#2687=EDGE_CURVE('',#2166,#2163,#1135,.T.);
#2688=EDGE_CURVE('',#2167,#2165,#1136,.T.);
#2689=EDGE_CURVE('',#2162,#2168,#1137,.T.);
#2690=EDGE_CURVE('',#2168,#2167,#1138,.T.);
#2691=EDGE_CURVE('',#2169,#2167,#1139,.T.);
#2692=EDGE_CURVE('',#2168,#2170,#1140,.T.);
#2693=EDGE_CURVE('',#2170,#2169,#1141,.T.);
#2694=EDGE_CURVE('',#2164,#2169,#1142,.T.);
#2695=EDGE_CURVE('',#2170,#2160,#1143,.T.);
#2696=EDGE_CURVE('',#2158,#2170,#1144,.T.);
#2697=EDGE_CURVE('',#2157,#2168,#1145,.T.);
#2698=EDGE_CURVE('',#2171,#2172,#1146,.T.);
#2699=EDGE_CURVE('',#2173,#2171,#1147,.T.);
#2700=EDGE_CURVE('',#2173,#2174,#81,.T.);
#2701=EDGE_CURVE('',#2172,#2174,#1148,.T.);
#2702=EDGE_CURVE('',#2175,#2176,#1149,.T.);
#2703=EDGE_CURVE('',#2177,#2175,#1150,.T.);
#2704=EDGE_CURVE('',#2178,#2177,#1151,.T.);
#2705=EDGE_CURVE('',#2179,#2178,#1152,.T.);
#2706=EDGE_CURVE('',#2180,#2179,#1153,.T.);
#2707=EDGE_CURVE('',#2176,#2180,#1154,.T.);
#2708=EDGE_CURVE('',#2181,#2182,#1155,.T.);
#2709=EDGE_CURVE('',#2183,#2182,#1156,.T.);
#2710=EDGE_CURVE('',#2184,#2183,#1157,.T.);
#2711=EDGE_CURVE('',#2185,#2184,#1158,.T.);
#2712=EDGE_CURVE('',#2186,#2185,#1159,.T.);
#2713=EDGE_CURVE('',#2186,#2181,#1160,.T.);
#2714=EDGE_CURVE('',#2187,#2188,#1161,.T.);
#2715=EDGE_CURVE('',#2189,#2187,#1162,.T.);
#2716=EDGE_CURVE('',#2190,#2189,#1163,.T.);
#2717=EDGE_CURVE('',#2191,#2190,#1164,.T.);
#2718=EDGE_CURVE('',#2192,#2191,#1165,.T.);
#2719=EDGE_CURVE('',#2188,#2192,#1166,.T.);
#2720=EDGE_CURVE('',#2193,#2194,#1167,.T.);
#2721=EDGE_CURVE('',#2195,#2193,#1168,.T.);
#2722=EDGE_CURVE('',#2196,#2195,#1169,.T.);
#2723=EDGE_CURVE('',#2197,#2196,#1170,.T.);
#2724=EDGE_CURVE('',#2198,#2197,#1171,.T.);
#2725=EDGE_CURVE('',#2194,#2198,#1172,.T.);
#2726=EDGE_CURVE('',#2179,#2119,#1173,.T.);
#2727=EDGE_CURVE('',#2120,#2180,#1174,.T.);
#2728=EDGE_CURVE('',#2199,#2200,#1175,.T.);
#2729=EDGE_CURVE('',#2200,#2175,#1176,.T.);
#2730=EDGE_CURVE('',#2199,#2176,#1177,.T.);
#2731=EDGE_CURVE('',#2200,#2118,#1178,.T.);
#2732=EDGE_CURVE('',#2118,#2177,#1179,.T.);
#2733=EDGE_CURVE('',#2117,#2178,#1180,.T.);
#2734=EDGE_CURVE('',#2120,#2199,#1181,.T.);
#2735=EDGE_CURVE('',#2112,#2200,#1182,.T.);
#2736=EDGE_CURVE('',#2110,#2199,#1183,.T.);
#2737=EDGE_CURVE('',#2201,#2202,#1184,.T.);
#2738=EDGE_CURVE('',#2202,#2197,#1185,.T.);
#2739=EDGE_CURVE('',#2201,#2196,#1186,.T.);
#2740=EDGE_CURVE('',#2194,#2203,#1187,.T.);
#2741=EDGE_CURVE('',#2203,#2204,#1188,.T.);
#2742=EDGE_CURVE('',#2204,#2193,#1189,.T.);
#2743=EDGE_CURVE('',#2202,#2205,#1190,.T.);
#2744=EDGE_CURVE('',#2205,#2198,#1191,.T.);
#2745=EDGE_CURVE('',#2205,#2203,#1192,.T.);
#2746=EDGE_CURVE('',#2204,#2206,#1193,.T.);
#2747=EDGE_CURVE('',#2206,#2195,#1194,.T.);
#2748=EDGE_CURVE('',#2206,#2201,#1195,.T.);
#2749=EDGE_CURVE('',#2207,#2206,#1196,.T.);
#2750=EDGE_CURVE('',#2208,#2207,#1197,.T.);
#2751=EDGE_CURVE('',#2208,#2201,#1198,.T.);
#2752=EDGE_CURVE('',#2209,#2204,#1199,.T.);
#2753=EDGE_CURVE('',#2207,#2209,#1200,.T.);
#2754=EDGE_CURVE('',#2210,#2203,#1201,.T.);
#2755=EDGE_CURVE('',#2209,#2210,#1202,.T.);
#2756=EDGE_CURVE('',#2182,#2211,#1203,.F.);
#2757=EDGE_CURVE('',#2211,#2212,#1204,.T.);
#2758=EDGE_CURVE('',#2212,#2183,#1205,.T.);
#2759=EDGE_CURVE('',#2212,#2213,#1206,.T.);
#2760=EDGE_CURVE('',#2213,#2184,#1207,.T.);
#2761=EDGE_CURVE('',#2213,#2214,#1208,.T.);
#2762=EDGE_CURVE('',#2214,#2185,#1209,.T.);
#2763=EDGE_CURVE('',#2214,#2215,#1210,.T.);
#2764=EDGE_CURVE('',#2215,#2186,#1211,.F.);
#2765=EDGE_CURVE('',#2216,#2217,#1212,.T.);
#2766=EDGE_CURVE('',#2217,#2191,#1213,.T.);
#2767=EDGE_CURVE('',#2216,#2190,#1214,.T.);
#2768=EDGE_CURVE('',#2188,#2218,#1215,.T.);
#2769=EDGE_CURVE('',#2218,#2219,#1216,.T.);
#2770=EDGE_CURVE('',#2219,#2187,#1217,.T.);
#2771=EDGE_CURVE('',#2217,#2220,#1218,.T.);
#2772=EDGE_CURVE('',#2220,#2192,#1219,.T.);
#2773=EDGE_CURVE('',#2220,#2218,#1220,.T.);
#2774=EDGE_CURVE('',#2219,#2221,#1221,.T.);
#2775=EDGE_CURVE('',#2221,#2189,#1222,.T.);
#2776=EDGE_CURVE('',#2221,#2216,#1223,.T.);
#2777=EDGE_CURVE('',#2222,#2221,#1224,.T.);
#2778=EDGE_CURVE('',#2223,#2222,#1225,.T.);
#2779=EDGE_CURVE('',#2223,#2216,#1226,.T.);
#2780=EDGE_CURVE('',#2224,#2219,#1227,.T.);
#2781=EDGE_CURVE('',#2222,#2224,#1228,.T.);
#2782=EDGE_CURVE('',#2225,#2218,#1229,.T.);
#2783=EDGE_CURVE('',#2224,#2225,#1230,.T.);
#2784=EDGE_CURVE('',#2150,#2226,#1231,.T.);
#2785=EDGE_CURVE('',#2226,#2223,#1232,.T.);
#2786=EDGE_CURVE('',#2151,#2223,#1233,.T.);
#2787=EDGE_CURVE('',#2149,#2227,#1234,.T.);
#2788=EDGE_CURVE('',#2227,#2226,#1235,.T.);
#2789=EDGE_CURVE('',#2148,#2224,#1236,.T.);
#2790=EDGE_CURVE('',#2225,#2147,#1237,.T.);
#2791=EDGE_CURVE('',#2152,#2222,#1238,.T.);
#2792=EDGE_CURVE('',#2225,#2227,#1239,.T.);
#2793=EDGE_CURVE('',#2226,#2217,#1240,.T.);
#2794=EDGE_CURVE('',#2227,#2220,#1241,.T.);
#2795=EDGE_CURVE('',#2228,#2229,#1242,.T.);
#2796=EDGE_CURVE('',#2229,#2141,#1243,.F.);
#2797=EDGE_CURVE('',#2146,#2228,#1244,.T.);
#2798=EDGE_CURVE('',#2145,#2230,#1245,.T.);
#2799=EDGE_CURVE('',#2230,#2228,#1246,.T.);
#2800=EDGE_CURVE('',#2144,#2231,#1247,.T.);
#2801=EDGE_CURVE('',#2231,#2230,#1248,.T.);
#2802=EDGE_CURVE('',#2143,#2232,#1249,.F.);
#2803=EDGE_CURVE('',#2232,#2231,#1250,.T.);
#2804=EDGE_CURVE('',#2229,#2211,#1251,.T.);
#2805=EDGE_CURVE('',#2228,#2212,#1252,.T.);
#2806=EDGE_CURVE('',#2230,#2213,#1253,.T.);
#2807=EDGE_CURVE('',#2231,#2214,#1254,.T.);
#2808=EDGE_CURVE('',#2232,#2215,#1255,.T.);
#2809=EDGE_CURVE('',#2138,#2233,#1256,.T.);
#2810=EDGE_CURVE('',#2233,#2208,#1257,.T.);
#2811=EDGE_CURVE('',#2139,#2208,#1258,.T.);
#2812=EDGE_CURVE('',#2137,#2234,#1259,.T.);
#2813=EDGE_CURVE('',#2234,#2233,#1260,.T.);
#2814=EDGE_CURVE('',#2136,#2209,#1261,.T.);
#2815=EDGE_CURVE('',#2210,#2135,#1262,.T.);
#2816=EDGE_CURVE('',#2140,#2207,#1263,.T.);
#2817=EDGE_CURVE('',#2210,#2234,#1264,.T.);
#2818=EDGE_CURVE('',#2233,#2202,#1265,.T.);
#2819=EDGE_CURVE('',#2234,#2205,#1266,.T.);
#2820=EDGE_CURVE('',#2094,#2042,#1267,.T.);
#2821=EDGE_CURVE('',#2142,#2181,#1268,.T.);
#2822=EDGE_CURVE('',#2083,#2005,#1269,.T.);
#2823=EDGE_CURVE('',#2235,#1936,#82,.T.);
#2824=EDGE_CURVE('',#1935,#2236,#83,.T.);
#2825=EDGE_CURVE('',#2236,#2235,#1270,.T.);
#2826=EDGE_CURVE('',#1933,#2237,#84,.T.);
#2827=EDGE_CURVE('',#2237,#2236,#85,.T.);
#2828=EDGE_CURVE('',#1934,#2238,#86,.T.);
#2829=EDGE_CURVE('',#2238,#2237,#1271,.T.);
#2830=EDGE_CURVE('',#2238,#2121,#87,.T.);
#2831=EDGE_CURVE('',#2122,#2239,#88,.T.);
#2832=EDGE_CURVE('',#2239,#2238,#1272,.T.);
#2833=EDGE_CURVE('',#1934,#2121,#89,.T.);
#2834=EDGE_CURVE('',#2239,#2240,#90,.T.);
#2835=EDGE_CURVE('',#2240,#2241,#1273,.T.);
#2836=EDGE_CURVE('',#2241,#2242,#91,.T.);
#2837=EDGE_CURVE('',#2242,#2239,#1274,.T.);
#2838=EDGE_CURVE('',#2243,#2244,#92,.T.);
#2839=EDGE_CURVE('',#2244,#2242,#1275,.T.);
#2840=EDGE_CURVE('',#2241,#2243,#1276,.T.);
#2841=EDGE_CURVE('',#2245,#2246,#93,.T.);
#2842=EDGE_CURVE('',#2246,#2244,#94,.T.);
#2843=EDGE_CURVE('',#2243,#2245,#95,.T.);
#2844=EDGE_CURVE('',#2247,#2248,#96,.T.);
#2845=EDGE_CURVE('',#2248,#2246,#1277,.T.);
#2846=EDGE_CURVE('',#2245,#2247,#1278,.T.);
#2847=EDGE_CURVE('',#2249,#2250,#97,.T.);
#2848=EDGE_CURVE('',#2250,#2248,#1279,.T.);
#2849=EDGE_CURVE('',#2247,#2249,#1280,.T.);
#2850=EDGE_CURVE('',#2122,#2240,#98,.T.);
#2851=EDGE_CURVE('',#2250,#1991,#99,.T.);
#2852=EDGE_CURVE('',#1992,#2235,#100,.T.);
#2853=EDGE_CURVE('',#2235,#2250,#1281,.T.);
#2854=EDGE_CURVE('',#2249,#1991,#101,.T.);
#2855=EDGE_CURVE('',#1992,#1936,#102,.T.);
#2856=EDGE_CURVE('',#2236,#2246,#1282,.T.);
#2857=EDGE_CURVE('',#2237,#2244,#1283,.T.);
#2858=EDGE_CURVE('',#1938,#2123,#103,.T.);
#2859=EDGE_CURVE('',#1998,#1937,#104,.T.);
#2860=EDGE_CURVE('',#2128,#2251,#24,.T.);
#2861=EDGE_CURVE('',#2251,#2240,#1284,.T.);
#2862=EDGE_CURVE('',#2067,#2252,#25,.F.);
#2863=EDGE_CURVE('',#2252,#2253,#1285,.T.);
#2864=EDGE_CURVE('',#2253,#2066,#26,.F.);
#2865=EDGE_CURVE('',#2254,#2252,#1286,.T.);
#2866=EDGE_CURVE('',#2255,#2254,#1287,.T.);
#2867=EDGE_CURVE('',#2253,#2255,#1288,.T.);
#2868=EDGE_CURVE('',#2256,#2171,#27,.F.);
#2869=EDGE_CURVE('',#2172,#2257,#28,.F.);
#2870=EDGE_CURVE('',#2257,#2256,#1289,.T.);
#2871=EDGE_CURVE('',#2249,#2255,#1290,.T.);
#2872=EDGE_CURVE('',#2255,#1993,#29,.T.);
#2873=EDGE_CURVE('',#2258,#2259,#105,.F.);
#2874=EDGE_CURVE('',#1995,#2258,#106,.F.);
#2875=EDGE_CURVE('',#2259,#1995,#107,.F.);
#2876=EDGE_CURVE('',#2127,#2260,#30,.T.);
#2877=EDGE_CURVE('',#2260,#2251,#1291,.T.);
#2878=EDGE_CURVE('',#2261,#2262,#108,.F.);
#2879=EDGE_CURVE('',#1996,#2261,#109,.F.);
#2880=EDGE_CURVE('',#2262,#1996,#110,.F.);
#2881=EDGE_CURVE('',#1997,#2263,#111,.T.);
#2882=EDGE_CURVE('',#2263,#1937,#112,.T.);
#2883=EDGE_CURVE('',#2261,#2263,#1292,.T.);
#2884=EDGE_CURVE('',#2258,#2262,#1293,.T.);
#2885=EDGE_CURVE('',#2264,#2126,#113,.F.);
#2886=EDGE_CURVE('',#2265,#2264,#114,.F.);
#2887=EDGE_CURVE('',#2126,#2265,#115,.F.);
#2888=EDGE_CURVE('',#2264,#2258,#1294,.T.);
#2889=EDGE_CURVE('',#2259,#2265,#1295,.T.);
#2890=EDGE_CURVE('',#2265,#2260,#1296,.T.);
#2891=EDGE_CURVE('',#2266,#2125,#116,.F.);
#2892=EDGE_CURVE('',#2267,#2266,#117,.F.);
#2893=EDGE_CURVE('',#2125,#2267,#118,.F.);
#2894=EDGE_CURVE('',#2266,#2261,#1297,.T.);
#2895=EDGE_CURVE('',#2262,#2267,#1298,.T.);
#2896=EDGE_CURVE('',#2267,#2264,#1299,.T.);
#2897=EDGE_CURVE('',#2268,#2124,#119,.T.);
#2898=EDGE_CURVE('',#1938,#2268,#120,.T.);
#2899=EDGE_CURVE('',#2268,#2266,#1300,.T.);
#2900=EDGE_CURVE('',#2254,#2259,#1301,.T.);
#2901=EDGE_CURVE('',#1994,#2254,#31,.T.);
#2902=EDGE_CURVE('',#2263,#2268,#1302,.T.);
#2903=EDGE_CURVE('',#2251,#2257,#1303,.T.);
#2904=EDGE_CURVE('',#2269,#2174,#1304,.T.);
#2905=EDGE_CURVE('',#2269,#2241,#1305,.T.);
#2906=EDGE_CURVE('',#2256,#2260,#1306,.T.);
#2907=EDGE_CURVE('',#2270,#2069,#1307,.T.);
#2908=EDGE_CURVE('',#2271,#2270,#1308,.T.);
#2909=EDGE_CURVE('',#2173,#2271,#1309,.T.);
#2910=EDGE_CURVE('',#2272,#2272,#121,.T.);
#2911=EDGE_CURVE('',#2273,#2273,#122,.T.);
#2912=EDGE_CURVE('',#2068,#2274,#1310,.T.);
#2913=EDGE_CURVE('',#2274,#2270,#123,.T.);
#2914=EDGE_CURVE('',#2269,#2271,#124,.T.);
#2915=EDGE_CURVE('',#2274,#2269,#1311,.T.);
#2916=EDGE_CURVE('',#2247,#2274,#1312,.T.);
#2917=EDGE_CURVE('',#2275,#2275,#125,.T.);
#2918=EDGE_CURVE('',#2276,#2276,#126,.T.);
#2919=EDGE_CURVE('',#2277,#2277,#127,.T.);
#2920=EDGE_CURVE('',#2278,#2278,#128,.T.);
#2921=EDGE_CURVE('',#2273,#2279,#1313,.T.);
#2922=EDGE_CURVE('',#2279,#2279,#129,.T.);
#2923=EDGE_CURVE('',#2277,#2279,#1314,.T.);
#2924=EDGE_CURVE('',#2272,#2280,#1315,.T.);
#2925=EDGE_CURVE('',#2280,#2280,#130,.T.);
#2926=EDGE_CURVE('',#2278,#2280,#1316,.T.);
#2927=EDGE_CURVE('',#1940,#2281,#1317,.T.);
#2928=EDGE_CURVE('',#2281,#2282,#131,.T.);
#2929=EDGE_CURVE('',#2282,#2281,#132,.T.);
#2930=EDGE_CURVE('',#2282,#2276,#1318,.T.);
#2931=EDGE_CURVE('',#1939,#2283,#1319,.T.);
#2932=EDGE_CURVE('',#2283,#2284,#133,.T.);
#2933=EDGE_CURVE('',#2284,#2283,#134,.T.);
#2934=EDGE_CURVE('',#2284,#2275,#1320,.T.);
#2935=ORIENTED_EDGE('',*,*,#2285,.T.);
#2936=ORIENTED_EDGE('',*,*,#2286,.T.);
#2937=ORIENTED_EDGE('',*,*,#2287,.T.);
#2938=ORIENTED_EDGE('',*,*,#2288,.T.);
#2939=ORIENTED_EDGE('',*,*,#2289,.T.);
#2940=ORIENTED_EDGE('',*,*,#2290,.T.);
#2941=ORIENTED_EDGE('',*,*,#2291,.T.);
#2942=ORIENTED_EDGE('',*,*,#2286,.F.);
#2943=ORIENTED_EDGE('',*,*,#2292,.T.);
#2944=ORIENTED_EDGE('',*,*,#2293,.T.);
#2945=ORIENTED_EDGE('',*,*,#2294,.T.);
#2946=ORIENTED_EDGE('',*,*,#2288,.F.);
#2947=ORIENTED_EDGE('',*,*,#2289,.F.);
#2948=ORIENTED_EDGE('',*,*,#2295,.T.);
#2949=ORIENTED_EDGE('',*,*,#2296,.T.);
#2950=ORIENTED_EDGE('',*,*,#2297,.T.);
#2951=ORIENTED_EDGE('',*,*,#2298,.F.);
#2952=ORIENTED_EDGE('',*,*,#2285,.F.);
#2953=ORIENTED_EDGE('',*,*,#2299,.F.);
#2954=ORIENTED_EDGE('',*,*,#2300,.T.);
#2955=ORIENTED_EDGE('',*,*,#2295,.F.);
#2956=ORIENTED_EDGE('',*,*,#2301,.F.);
#2957=ORIENTED_EDGE('',*,*,#2302,.F.);
#2958=ORIENTED_EDGE('',*,*,#2303,.F.);
#2959=ORIENTED_EDGE('',*,*,#2304,.F.);
#2960=ORIENTED_EDGE('',*,*,#2305,.F.);
#2961=ORIENTED_EDGE('',*,*,#2306,.F.);
#2962=ORIENTED_EDGE('',*,*,#2307,.F.);
#2963=ORIENTED_EDGE('',*,*,#2308,.F.);
#2964=ORIENTED_EDGE('',*,*,#2294,.F.);
#2965=ORIENTED_EDGE('',*,*,#2309,.F.);
#2966=ORIENTED_EDGE('',*,*,#2310,.T.);
#2967=ORIENTED_EDGE('',*,*,#2311,.T.);
#2968=ORIENTED_EDGE('',*,*,#2299,.T.);
#2969=ORIENTED_EDGE('',*,*,#2312,.T.);
#2970=ORIENTED_EDGE('',*,*,#2313,.T.);
#2971=ORIENTED_EDGE('',*,*,#2314,.T.);
#2972=ORIENTED_EDGE('',*,*,#2315,.T.);
#2973=ORIENTED_EDGE('',*,*,#2316,.T.);
#2974=ORIENTED_EDGE('',*,*,#2317,.T.);
#2975=ORIENTED_EDGE('',*,*,#2318,.T.);
#2976=ORIENTED_EDGE('',*,*,#2313,.F.);
#2977=ORIENTED_EDGE('',*,*,#2319,.T.);
#2978=ORIENTED_EDGE('',*,*,#2320,.T.);
#2979=ORIENTED_EDGE('',*,*,#2321,.T.);
#2980=ORIENTED_EDGE('',*,*,#2315,.F.);
#2981=ORIENTED_EDGE('',*,*,#2322,.F.);
#2982=ORIENTED_EDGE('',*,*,#2323,.F.);
#2983=ORIENTED_EDGE('',*,*,#2324,.F.);
#2984=ORIENTED_EDGE('',*,*,#2325,.F.);
#2985=ORIENTED_EDGE('',*,*,#2326,.F.);
#2986=ORIENTED_EDGE('',*,*,#2327,.F.);
#2987=ORIENTED_EDGE('',*,*,#2328,.F.);
#2988=ORIENTED_EDGE('',*,*,#2292,.F.);
#2989=ORIENTED_EDGE('',*,*,#2287,.F.);
#2990=ORIENTED_EDGE('',*,*,#2291,.F.);
#2991=ORIENTED_EDGE('',*,*,#2329,.F.);
#2992=ORIENTED_EDGE('',*,*,#2330,.F.);
#2993=ORIENTED_EDGE('',*,*,#2331,.F.);
#2994=ORIENTED_EDGE('',*,*,#2316,.F.);
#2995=ORIENTED_EDGE('',*,*,#2312,.F.);
#2996=ORIENTED_EDGE('',*,*,#2321,.F.);
#2997=ORIENTED_EDGE('',*,*,#2332,.T.);
#2998=ORIENTED_EDGE('',*,*,#2333,.F.);
#2999=ORIENTED_EDGE('',*,*,#2334,.F.);
#3000=ORIENTED_EDGE('',*,*,#2335,.T.);
#3001=ORIENTED_EDGE('',*,*,#2309,.T.);
#3002=ORIENTED_EDGE('',*,*,#2293,.F.);
#3003=ORIENTED_EDGE('',*,*,#2328,.T.);
#3004=ORIENTED_EDGE('',*,*,#2290,.F.);
#3005=ORIENTED_EDGE('',*,*,#2298,.T.);
#3006=ORIENTED_EDGE('',*,*,#2336,.T.);
#3007=ORIENTED_EDGE('',*,*,#2337,.F.);
#3008=ORIENTED_EDGE('',*,*,#2338,.F.);
#3009=ORIENTED_EDGE('',*,*,#2339,.T.);
#3010=ORIENTED_EDGE('',*,*,#2340,.F.);
#3011=ORIENTED_EDGE('',*,*,#2341,.F.);
#3012=ORIENTED_EDGE('',*,*,#2342,.T.);
#3013=ORIENTED_EDGE('',*,*,#2343,.T.);
#3014=ORIENTED_EDGE('',*,*,#2317,.F.);
#3015=ORIENTED_EDGE('',*,*,#2331,.T.);
#3016=ORIENTED_EDGE('',*,*,#2320,.F.);
#3017=ORIENTED_EDGE('',*,*,#2344,.T.);
#3018=ORIENTED_EDGE('',*,*,#2345,.T.);
#3019=ORIENTED_EDGE('',*,*,#2346,.F.);
#3020=ORIENTED_EDGE('',*,*,#2347,.F.);
#3021=ORIENTED_EDGE('',*,*,#2348,.T.);
#3022=ORIENTED_EDGE('',*,*,#2349,.T.);
#3023=ORIENTED_EDGE('',*,*,#2308,.T.);
#3024=ORIENTED_EDGE('',*,*,#2350,.T.);
#3025=ORIENTED_EDGE('',*,*,#2349,.F.);
#3026=ORIENTED_EDGE('',*,*,#2351,.T.);
#3027=ORIENTED_EDGE('',*,*,#2334,.T.);
#3028=ORIENTED_EDGE('',*,*,#2352,.F.);
#3029=ORIENTED_EDGE('',*,*,#2301,.T.);
#3030=ORIENTED_EDGE('',*,*,#2353,.T.);
#3031=ORIENTED_EDGE('',*,*,#2354,.T.);
#3032=ORIENTED_EDGE('',*,*,#2306,.T.);
#3033=ORIENTED_EDGE('',*,*,#2355,.T.);
#3034=ORIENTED_EDGE('',*,*,#2350,.F.);
#3035=ORIENTED_EDGE('',*,*,#2307,.T.);
#3036=ORIENTED_EDGE('',*,*,#2354,.F.);
#3037=ORIENTED_EDGE('',*,*,#2356,.T.);
#3038=ORIENTED_EDGE('',*,*,#2357,.T.);
#3039=ORIENTED_EDGE('',*,*,#2358,.T.);
#3040=ORIENTED_EDGE('',*,*,#2359,.T.);
#3041=ORIENTED_EDGE('',*,*,#2360,.T.);
#3042=ORIENTED_EDGE('',*,*,#2358,.F.);
#3043=ORIENTED_EDGE('',*,*,#2361,.T.);
#3044=ORIENTED_EDGE('',*,*,#2341,.T.);
#3045=ORIENTED_EDGE('',*,*,#2362,.F.);
#3046=ORIENTED_EDGE('',*,*,#2363,.T.);
#3047=ORIENTED_EDGE('',*,*,#2364,.T.);
#3048=ORIENTED_EDGE('',*,*,#2365,.T.);
#3049=ORIENTED_EDGE('',*,*,#2366,.T.);
#3050=ORIENTED_EDGE('',*,*,#2367,.T.);
#3051=ORIENTED_EDGE('',*,*,#2360,.F.);
#3052=ORIENTED_EDGE('',*,*,#2368,.T.);
#3053=ORIENTED_EDGE('',*,*,#2365,.F.);
#3054=ORIENTED_EDGE('',*,*,#2369,.T.);
#3055=ORIENTED_EDGE('',*,*,#2370,.T.);
#3056=ORIENTED_EDGE('',*,*,#2371,.T.);
#3057=ORIENTED_EDGE('',*,*,#2372,.T.);
#3058=ORIENTED_EDGE('',*,*,#2347,.T.);
#3059=ORIENTED_EDGE('',*,*,#2367,.F.);
#3060=ORIENTED_EDGE('',*,*,#2373,.T.);
#3061=ORIENTED_EDGE('',*,*,#2370,.F.);
#3062=ORIENTED_EDGE('',*,*,#2346,.T.);
#3063=ORIENTED_EDGE('',*,*,#2374,.T.);
#3064=ORIENTED_EDGE('',*,*,#2375,.T.);
#3065=ORIENTED_EDGE('',*,*,#2376,.T.);
#3066=ORIENTED_EDGE('',*,*,#2362,.T.);
#3067=ORIENTED_EDGE('',*,*,#2340,.T.);
#3068=ORIENTED_EDGE('',*,*,#2372,.F.);
#3069=ORIENTED_EDGE('',*,*,#2377,.T.);
#3070=ORIENTED_EDGE('',*,*,#2375,.F.);
#3071=ORIENTED_EDGE('',*,*,#2339,.F.);
#3072=ORIENTED_EDGE('',*,*,#2378,.T.);
#3073=ORIENTED_EDGE('',*,*,#2304,.T.);
#3074=ORIENTED_EDGE('',*,*,#2379,.T.);
#3075=ORIENTED_EDGE('',*,*,#2338,.T.);
#3076=ORIENTED_EDGE('',*,*,#2355,.F.);
#3077=ORIENTED_EDGE('',*,*,#2305,.T.);
#3078=ORIENTED_EDGE('',*,*,#2378,.F.);
#3079=ORIENTED_EDGE('',*,*,#2337,.T.);
#3080=ORIENTED_EDGE('',*,*,#2380,.T.);
#3081=ORIENTED_EDGE('',*,*,#2381,.T.);
#3082=ORIENTED_EDGE('',*,*,#2302,.T.);
#3083=ORIENTED_EDGE('',*,*,#2352,.T.);
#3084=ORIENTED_EDGE('',*,*,#2333,.T.);
#3085=ORIENTED_EDGE('',*,*,#2379,.F.);
#3086=ORIENTED_EDGE('',*,*,#2303,.T.);
#3087=ORIENTED_EDGE('',*,*,#2381,.F.);
#3088=ORIENTED_EDGE('',*,*,#2332,.F.);
#3089=ORIENTED_EDGE('',*,*,#2314,.F.);
#3090=ORIENTED_EDGE('',*,*,#2382,.F.);
#3091=ORIENTED_EDGE('',*,*,#2383,.T.);
#3092=ORIENTED_EDGE('',*,*,#2384,.F.);
#3093=ORIENTED_EDGE('',*,*,#2363,.F.);
#3094=ORIENTED_EDGE('',*,*,#2376,.F.);
#3095=ORIENTED_EDGE('',*,*,#2377,.F.);
#3096=ORIENTED_EDGE('',*,*,#2371,.F.);
#3097=ORIENTED_EDGE('',*,*,#2373,.F.);
#3098=ORIENTED_EDGE('',*,*,#2366,.F.);
#3099=ORIENTED_EDGE('',*,*,#2368,.F.);
#3100=ORIENTED_EDGE('',*,*,#2359,.F.);
#3101=ORIENTED_EDGE('',*,*,#2319,.F.);
#3102=ORIENTED_EDGE('',*,*,#2384,.T.);
#3103=ORIENTED_EDGE('',*,*,#2385,.T.);
#3104=ORIENTED_EDGE('',*,*,#2386,.T.);
#3105=ORIENTED_EDGE('',*,*,#2344,.F.);
#3106=ORIENTED_EDGE('',*,*,#2318,.F.);
#3107=ORIENTED_EDGE('',*,*,#2343,.F.);
#3108=ORIENTED_EDGE('',*,*,#2387,.T.);
#3109=ORIENTED_EDGE('',*,*,#2388,.T.);
#3110=ORIENTED_EDGE('',*,*,#2382,.T.);
#3111=ORIENTED_EDGE('',*,*,#2385,.F.);
#3112=ORIENTED_EDGE('',*,*,#2383,.F.);
#3113=ORIENTED_EDGE('',*,*,#2388,.F.);
#3114=ORIENTED_EDGE('',*,*,#2389,.T.);
#3115=ORIENTED_EDGE('',*,*,#2342,.F.);
#3116=ORIENTED_EDGE('',*,*,#2361,.F.);
#3117=ORIENTED_EDGE('',*,*,#2357,.F.);
#3118=ORIENTED_EDGE('',*,*,#2369,.F.);
#3119=ORIENTED_EDGE('',*,*,#2364,.F.);
#3120=ORIENTED_EDGE('',*,*,#2374,.F.);
#3121=ORIENTED_EDGE('',*,*,#2345,.F.);
#3122=ORIENTED_EDGE('',*,*,#2386,.F.);
#3123=ORIENTED_EDGE('',*,*,#2389,.F.);
#3124=ORIENTED_EDGE('',*,*,#2387,.F.);
#3125=ORIENTED_EDGE('',*,*,#2296,.F.);
#3126=ORIENTED_EDGE('',*,*,#2300,.F.);
#3127=ORIENTED_EDGE('',*,*,#2311,.F.);
#3128=ORIENTED_EDGE('',*,*,#2390,.T.);
#3129=ORIENTED_EDGE('',*,*,#2335,.F.);
#3130=ORIENTED_EDGE('',*,*,#2351,.F.);
#3131=ORIENTED_EDGE('',*,*,#2348,.F.);
#3132=ORIENTED_EDGE('',*,*,#2356,.F.);
#3133=ORIENTED_EDGE('',*,*,#2353,.F.);
#3134=ORIENTED_EDGE('',*,*,#2380,.F.);
#3135=ORIENTED_EDGE('',*,*,#2336,.F.);
#3136=ORIENTED_EDGE('',*,*,#2297,.F.);
#3137=ORIENTED_EDGE('',*,*,#2390,.F.);
#3138=ORIENTED_EDGE('',*,*,#2310,.F.);
#3139=ORIENTED_EDGE('',*,*,#2391,.T.);
#3140=ORIENTED_EDGE('',*,*,#2392,.T.);
#3141=ORIENTED_EDGE('',*,*,#2393,.T.);
#3142=ORIENTED_EDGE('',*,*,#2394,.F.);
#3143=ORIENTED_EDGE('',*,*,#2395,.T.);
#3144=ORIENTED_EDGE('',*,*,#2396,.T.);
#3145=ORIENTED_EDGE('',*,*,#2397,.T.);
#3146=ORIENTED_EDGE('',*,*,#2398,.T.);
#3147=ORIENTED_EDGE('',*,*,#2399,.T.);
#3148=ORIENTED_EDGE('',*,*,#2396,.F.);
#3149=ORIENTED_EDGE('',*,*,#2400,.T.);
#3150=ORIENTED_EDGE('',*,*,#2392,.F.);
#3151=ORIENTED_EDGE('',*,*,#2401,.T.);
#3152=ORIENTED_EDGE('',*,*,#2398,.F.);
#3153=ORIENTED_EDGE('',*,*,#2402,.T.);
#3154=ORIENTED_EDGE('',*,*,#2403,.T.);
#3155=ORIENTED_EDGE('',*,*,#2404,.T.);
#3156=ORIENTED_EDGE('',*,*,#2403,.F.);
#3157=ORIENTED_EDGE('',*,*,#2405,.T.);
#3158=ORIENTED_EDGE('',*,*,#2406,.T.);
#3159=ORIENTED_EDGE('',*,*,#2407,.T.);
#3160=ORIENTED_EDGE('',*,*,#2406,.F.);
#3161=ORIENTED_EDGE('',*,*,#2408,.T.);
#3162=ORIENTED_EDGE('',*,*,#2394,.T.);
#3163=ORIENTED_EDGE('',*,*,#2405,.F.);
#3164=ORIENTED_EDGE('',*,*,#2409,.F.);
#3165=ORIENTED_EDGE('',*,*,#2410,.F.);
#3166=ORIENTED_EDGE('',*,*,#2411,.T.);
#3167=ORIENTED_EDGE('',*,*,#2402,.F.);
#3168=ORIENTED_EDGE('',*,*,#2412,.F.);
#3169=ORIENTED_EDGE('',*,*,#2413,.F.);
#3170=ORIENTED_EDGE('',*,*,#2409,.T.);
#3171=ORIENTED_EDGE('',*,*,#2397,.F.);
#3172=ORIENTED_EDGE('',*,*,#2414,.F.);
#3173=ORIENTED_EDGE('',*,*,#2415,.F.);
#3174=ORIENTED_EDGE('',*,*,#2412,.T.);
#3175=ORIENTED_EDGE('',*,*,#2416,.F.);
#3176=ORIENTED_EDGE('',*,*,#2417,.F.);
#3177=ORIENTED_EDGE('',*,*,#2418,.F.);
#3178=ORIENTED_EDGE('',*,*,#2419,.F.);
#3179=ORIENTED_EDGE('',*,*,#2420,.F.);
#3180=ORIENTED_EDGE('',*,*,#2421,.F.);
#3181=ORIENTED_EDGE('',*,*,#2422,.F.);
#3182=ORIENTED_EDGE('',*,*,#2423,.F.);
#3183=ORIENTED_EDGE('',*,*,#2424,.F.);
#3184=ORIENTED_EDGE('',*,*,#2425,.F.);
#3185=ORIENTED_EDGE('',*,*,#2426,.F.);
#3186=ORIENTED_EDGE('',*,*,#2427,.F.);
#3187=ORIENTED_EDGE('',*,*,#2428,.F.);
#3188=ORIENTED_EDGE('',*,*,#2429,.F.);
#3189=ORIENTED_EDGE('',*,*,#2430,.T.);
#3190=ORIENTED_EDGE('',*,*,#2431,.F.);
#3191=ORIENTED_EDGE('',*,*,#2432,.F.);
#3192=ORIENTED_EDGE('',*,*,#2433,.F.);
#3193=ORIENTED_EDGE('',*,*,#2434,.F.);
#3194=ORIENTED_EDGE('',*,*,#2435,.T.);
#3195=ORIENTED_EDGE('',*,*,#2436,.F.);
#3196=ORIENTED_EDGE('',*,*,#2437,.F.);
#3197=ORIENTED_EDGE('',*,*,#2438,.F.);
#3198=ORIENTED_EDGE('',*,*,#2439,.F.);
#3199=ORIENTED_EDGE('',*,*,#2440,.F.);
#3200=ORIENTED_EDGE('',*,*,#2441,.F.);
#3201=ORIENTED_EDGE('',*,*,#2442,.F.);
#3202=ORIENTED_EDGE('',*,*,#2443,.F.);
#3203=ORIENTED_EDGE('',*,*,#2444,.F.);
#3204=ORIENTED_EDGE('',*,*,#2445,.F.);
#3205=ORIENTED_EDGE('',*,*,#2446,.F.);
#3206=ORIENTED_EDGE('',*,*,#2447,.F.);
#3207=ORIENTED_EDGE('',*,*,#2395,.F.);
#3208=ORIENTED_EDGE('',*,*,#2401,.F.);
#3209=ORIENTED_EDGE('',*,*,#2404,.F.);
#3210=ORIENTED_EDGE('',*,*,#2407,.F.);
#3211=ORIENTED_EDGE('',*,*,#2393,.F.);
#3212=ORIENTED_EDGE('',*,*,#2400,.F.);
#3213=ORIENTED_EDGE('',*,*,#2431,.T.);
#3214=ORIENTED_EDGE('',*,*,#2448,.T.);
#3215=ORIENTED_EDGE('',*,*,#2449,.T.);
#3216=ORIENTED_EDGE('',*,*,#2450,.T.);
#3217=ORIENTED_EDGE('',*,*,#2451,.T.);
#3218=ORIENTED_EDGE('',*,*,#2452,.T.);
#3219=ORIENTED_EDGE('',*,*,#2432,.T.);
#3220=ORIENTED_EDGE('',*,*,#2450,.F.);
#3221=ORIENTED_EDGE('',*,*,#2453,.T.);
#3222=ORIENTED_EDGE('',*,*,#2454,.T.);
#3223=ORIENTED_EDGE('',*,*,#2433,.T.);
#3224=ORIENTED_EDGE('',*,*,#2452,.F.);
#3225=ORIENTED_EDGE('',*,*,#2455,.T.);
#3226=ORIENTED_EDGE('',*,*,#2456,.T.);
#3227=ORIENTED_EDGE('',*,*,#2434,.T.);
#3228=ORIENTED_EDGE('',*,*,#2454,.F.);
#3229=ORIENTED_EDGE('',*,*,#2457,.T.);
#3230=ORIENTED_EDGE('',*,*,#2458,.T.);
#3231=ORIENTED_EDGE('',*,*,#2445,.T.);
#3232=ORIENTED_EDGE('',*,*,#2459,.F.);
#3233=ORIENTED_EDGE('',*,*,#2442,.T.);
#3234=ORIENTED_EDGE('',*,*,#2460,.T.);
#3235=ORIENTED_EDGE('',*,*,#2461,.T.);
#3236=ORIENTED_EDGE('',*,*,#2462,.T.);
#3237=ORIENTED_EDGE('',*,*,#2463,.T.);
#3238=ORIENTED_EDGE('',*,*,#2464,.T.);
#3239=ORIENTED_EDGE('',*,*,#2446,.T.);
#3240=ORIENTED_EDGE('',*,*,#2458,.F.);
#3241=ORIENTED_EDGE('',*,*,#2447,.T.);
#3242=ORIENTED_EDGE('',*,*,#2464,.F.);
#3243=ORIENTED_EDGE('',*,*,#2465,.T.);
#3244=ORIENTED_EDGE('',*,*,#2460,.F.);
#3245=ORIENTED_EDGE('',*,*,#2443,.T.);
#3246=ORIENTED_EDGE('',*,*,#2462,.F.);
#3247=ORIENTED_EDGE('',*,*,#2466,.T.);
#3248=ORIENTED_EDGE('',*,*,#2467,.T.);
#3249=ORIENTED_EDGE('',*,*,#2444,.T.);
#3250=ORIENTED_EDGE('',*,*,#2467,.F.);
#3251=ORIENTED_EDGE('',*,*,#2468,.T.);
#3252=ORIENTED_EDGE('',*,*,#2459,.T.);
#3253=ORIENTED_EDGE('',*,*,#2468,.F.);
#3254=ORIENTED_EDGE('',*,*,#2469,.F.);
#3255=ORIENTED_EDGE('',*,*,#2470,.F.);
#3256=ORIENTED_EDGE('',*,*,#2471,.T.);
#3257=ORIENTED_EDGE('',*,*,#2466,.F.);
#3258=ORIENTED_EDGE('',*,*,#2472,.F.);
#3259=ORIENTED_EDGE('',*,*,#2473,.F.);
#3260=ORIENTED_EDGE('',*,*,#2469,.T.);
#3261=ORIENTED_EDGE('',*,*,#2461,.F.);
#3262=ORIENTED_EDGE('',*,*,#2474,.F.);
#3263=ORIENTED_EDGE('',*,*,#2475,.F.);
#3264=ORIENTED_EDGE('',*,*,#2472,.T.);
#3265=ORIENTED_EDGE('',*,*,#2424,.T.);
#3266=ORIENTED_EDGE('',*,*,#2476,.T.);
#3267=ORIENTED_EDGE('',*,*,#2477,.T.);
#3268=ORIENTED_EDGE('',*,*,#2478,.T.);
#3269=ORIENTED_EDGE('',*,*,#2479,.T.);
#3270=ORIENTED_EDGE('',*,*,#2480,.T.);
#3271=ORIENTED_EDGE('',*,*,#2425,.T.);
#3272=ORIENTED_EDGE('',*,*,#2478,.F.);
#3273=ORIENTED_EDGE('',*,*,#2481,.T.);
#3274=ORIENTED_EDGE('',*,*,#2482,.T.);
#3275=ORIENTED_EDGE('',*,*,#2426,.T.);
#3276=ORIENTED_EDGE('',*,*,#2480,.F.);
#3277=ORIENTED_EDGE('',*,*,#2427,.T.);
#3278=ORIENTED_EDGE('',*,*,#2482,.F.);
#3279=ORIENTED_EDGE('',*,*,#2483,.T.);
#3280=ORIENTED_EDGE('',*,*,#2484,.T.);
#3281=ORIENTED_EDGE('',*,*,#2428,.T.);
#3282=ORIENTED_EDGE('',*,*,#2484,.F.);
#3283=ORIENTED_EDGE('',*,*,#2485,.T.);
#3284=ORIENTED_EDGE('',*,*,#2486,.T.);
#3285=ORIENTED_EDGE('',*,*,#2429,.T.);
#3286=ORIENTED_EDGE('',*,*,#2486,.F.);
#3287=ORIENTED_EDGE('',*,*,#2487,.T.);
#3288=ORIENTED_EDGE('',*,*,#2476,.F.);
#3289=ORIENTED_EDGE('',*,*,#2481,.F.);
#3290=ORIENTED_EDGE('',*,*,#2488,.F.);
#3291=ORIENTED_EDGE('',*,*,#2489,.F.);
#3292=ORIENTED_EDGE('',*,*,#2490,.T.);
#3293=ORIENTED_EDGE('',*,*,#2479,.F.);
#3294=ORIENTED_EDGE('',*,*,#2491,.F.);
#3295=ORIENTED_EDGE('',*,*,#2492,.F.);
#3296=ORIENTED_EDGE('',*,*,#2488,.T.);
#3297=ORIENTED_EDGE('',*,*,#2477,.F.);
#3298=ORIENTED_EDGE('',*,*,#2493,.F.);
#3299=ORIENTED_EDGE('',*,*,#2494,.F.);
#3300=ORIENTED_EDGE('',*,*,#2491,.T.);
#3301=ORIENTED_EDGE('',*,*,#2495,.T.);
#3302=ORIENTED_EDGE('',*,*,#2496,.T.);
#3303=ORIENTED_EDGE('',*,*,#2439,.T.);
#3304=ORIENTED_EDGE('',*,*,#2497,.F.);
#3305=ORIENTED_EDGE('',*,*,#2436,.T.);
#3306=ORIENTED_EDGE('',*,*,#2498,.T.);
#3307=ORIENTED_EDGE('',*,*,#2499,.T.);
#3308=ORIENTED_EDGE('',*,*,#2500,.T.);
#3309=ORIENTED_EDGE('',*,*,#2501,.T.);
#3310=ORIENTED_EDGE('',*,*,#2502,.T.);
#3311=ORIENTED_EDGE('',*,*,#2440,.T.);
#3312=ORIENTED_EDGE('',*,*,#2496,.F.);
#3313=ORIENTED_EDGE('',*,*,#2441,.T.);
#3314=ORIENTED_EDGE('',*,*,#2502,.F.);
#3315=ORIENTED_EDGE('',*,*,#2503,.T.);
#3316=ORIENTED_EDGE('',*,*,#2498,.F.);
#3317=ORIENTED_EDGE('',*,*,#2437,.T.);
#3318=ORIENTED_EDGE('',*,*,#2500,.F.);
#3319=ORIENTED_EDGE('',*,*,#2504,.T.);
#3320=ORIENTED_EDGE('',*,*,#2505,.T.);
#3321=ORIENTED_EDGE('',*,*,#2438,.T.);
#3322=ORIENTED_EDGE('',*,*,#2505,.F.);
#3323=ORIENTED_EDGE('',*,*,#2506,.T.);
#3324=ORIENTED_EDGE('',*,*,#2497,.T.);
#3325=ORIENTED_EDGE('',*,*,#2506,.F.);
#3326=ORIENTED_EDGE('',*,*,#2507,.F.);
#3327=ORIENTED_EDGE('',*,*,#2508,.F.);
#3328=ORIENTED_EDGE('',*,*,#2509,.T.);
#3329=ORIENTED_EDGE('',*,*,#2504,.F.);
#3330=ORIENTED_EDGE('',*,*,#2510,.F.);
#3331=ORIENTED_EDGE('',*,*,#2511,.F.);
#3332=ORIENTED_EDGE('',*,*,#2507,.T.);
#3333=ORIENTED_EDGE('',*,*,#2499,.F.);
#3334=ORIENTED_EDGE('',*,*,#2512,.F.);
#3335=ORIENTED_EDGE('',*,*,#2513,.F.);
#3336=ORIENTED_EDGE('',*,*,#2510,.T.);
#3337=ORIENTED_EDGE('',*,*,#2514,.T.);
#3338=ORIENTED_EDGE('',*,*,#2515,.T.);
#3339=ORIENTED_EDGE('',*,*,#2516,.T.);
#3340=ORIENTED_EDGE('',*,*,#2517,.F.);
#3341=ORIENTED_EDGE('',*,*,#2518,.T.);
#3342=ORIENTED_EDGE('',*,*,#2519,.T.);
#3343=ORIENTED_EDGE('',*,*,#2520,.T.);
#3344=ORIENTED_EDGE('',*,*,#2515,.F.);
#3345=ORIENTED_EDGE('',*,*,#2521,.T.);
#3346=ORIENTED_EDGE('',*,*,#2522,.T.);
#3347=ORIENTED_EDGE('',*,*,#2513,.T.);
#3348=ORIENTED_EDGE('',*,*,#2523,.T.);
#3349=ORIENTED_EDGE('',*,*,#2511,.T.);
#3350=ORIENTED_EDGE('',*,*,#2522,.F.);
#3351=ORIENTED_EDGE('',*,*,#2524,.T.);
#3352=ORIENTED_EDGE('',*,*,#2525,.T.);
#3353=ORIENTED_EDGE('',*,*,#2526,.T.);
#3354=ORIENTED_EDGE('',*,*,#2523,.F.);
#3355=ORIENTED_EDGE('',*,*,#2527,.T.);
#3356=ORIENTED_EDGE('',*,*,#2519,.F.);
#3357=ORIENTED_EDGE('',*,*,#2508,.T.);
#3358=ORIENTED_EDGE('',*,*,#2525,.F.);
#3359=ORIENTED_EDGE('',*,*,#2528,.T.);
#3360=ORIENTED_EDGE('',*,*,#2517,.T.);
#3361=ORIENTED_EDGE('',*,*,#2501,.F.);
#3362=ORIENTED_EDGE('',*,*,#2529,.F.);
#3363=ORIENTED_EDGE('',*,*,#2520,.F.);
#3364=ORIENTED_EDGE('',*,*,#2530,.T.);
#3365=ORIENTED_EDGE('',*,*,#2503,.F.);
#3366=ORIENTED_EDGE('',*,*,#2530,.F.);
#3367=ORIENTED_EDGE('',*,*,#2527,.F.);
#3368=ORIENTED_EDGE('',*,*,#2512,.T.);
#3369=ORIENTED_EDGE('',*,*,#2531,.F.);
#3370=ORIENTED_EDGE('',*,*,#2532,.F.);
#3371=ORIENTED_EDGE('',*,*,#2533,.T.);
#3372=ORIENTED_EDGE('',*,*,#2534,.F.);
#3373=ORIENTED_EDGE('',*,*,#2535,.F.);
#3374=ORIENTED_EDGE('',*,*,#2536,.F.);
#3375=ORIENTED_EDGE('',*,*,#2537,.F.);
#3376=ORIENTED_EDGE('',*,*,#2538,.F.);
#3377=ORIENTED_EDGE('',*,*,#2539,.F.);
#3378=ORIENTED_EDGE('',*,*,#2540,.F.);
#3379=ORIENTED_EDGE('',*,*,#2541,.F.);
#3380=ORIENTED_EDGE('',*,*,#2542,.F.);
#3381=ORIENTED_EDGE('',*,*,#2543,.F.);
#3382=ORIENTED_EDGE('',*,*,#2544,.F.);
#3383=ORIENTED_EDGE('',*,*,#2545,.F.);
#3384=ORIENTED_EDGE('',*,*,#2546,.F.);
#3385=ORIENTED_EDGE('',*,*,#2547,.T.);
#3386=ORIENTED_EDGE('',*,*,#2548,.T.);
#3387=ORIENTED_EDGE('',*,*,#2549,.F.);
#3388=ORIENTED_EDGE('',*,*,#2550,.F.);
#3389=ORIENTED_EDGE('',*,*,#2551,.F.);
#3390=ORIENTED_EDGE('',*,*,#2552,.F.);
#3391=ORIENTED_EDGE('',*,*,#2553,.F.);
#3392=ORIENTED_EDGE('',*,*,#2554,.F.);
#3393=ORIENTED_EDGE('',*,*,#2555,.F.);
#3394=ORIENTED_EDGE('',*,*,#2556,.F.);
#3395=ORIENTED_EDGE('',*,*,#2557,.F.);
#3396=ORIENTED_EDGE('',*,*,#2558,.F.);
#3397=ORIENTED_EDGE('',*,*,#2521,.F.);
#3398=ORIENTED_EDGE('',*,*,#2526,.F.);
#3399=ORIENTED_EDGE('',*,*,#2518,.F.);
#3400=ORIENTED_EDGE('',*,*,#2514,.F.);
#3401=ORIENTED_EDGE('',*,*,#2528,.F.);
#3402=ORIENTED_EDGE('',*,*,#2524,.F.);
#3403=ORIENTED_EDGE('',*,*,#2535,.T.);
#3404=ORIENTED_EDGE('',*,*,#2559,.T.);
#3405=ORIENTED_EDGE('',*,*,#2492,.T.);
#3406=ORIENTED_EDGE('',*,*,#2560,.F.);
#3407=ORIENTED_EDGE('',*,*,#2540,.T.);
#3408=ORIENTED_EDGE('',*,*,#2561,.T.);
#3409=ORIENTED_EDGE('',*,*,#2489,.T.);
#3410=ORIENTED_EDGE('',*,*,#2559,.F.);
#3411=ORIENTED_EDGE('',*,*,#2494,.T.);
#3412=ORIENTED_EDGE('',*,*,#2562,.T.);
#3413=ORIENTED_EDGE('',*,*,#2536,.T.);
#3414=ORIENTED_EDGE('',*,*,#2560,.T.);
#3415=ORIENTED_EDGE('',*,*,#2539,.T.);
#3416=ORIENTED_EDGE('',*,*,#2563,.T.);
#3417=ORIENTED_EDGE('',*,*,#2564,.T.);
#3418=ORIENTED_EDGE('',*,*,#2561,.F.);
#3419=ORIENTED_EDGE('',*,*,#2538,.T.);
#3420=ORIENTED_EDGE('',*,*,#2565,.T.);
#3421=ORIENTED_EDGE('',*,*,#2566,.T.);
#3422=ORIENTED_EDGE('',*,*,#2563,.F.);
#3423=ORIENTED_EDGE('',*,*,#2567,.T.);
#3424=ORIENTED_EDGE('',*,*,#2565,.F.);
#3425=ORIENTED_EDGE('',*,*,#2537,.T.);
#3426=ORIENTED_EDGE('',*,*,#2562,.F.);
#3427=ORIENTED_EDGE('',*,*,#2487,.F.);
#3428=ORIENTED_EDGE('',*,*,#2568,.F.);
#3429=ORIENTED_EDGE('',*,*,#2567,.F.);
#3430=ORIENTED_EDGE('',*,*,#2493,.T.);
#3431=ORIENTED_EDGE('',*,*,#2556,.T.);
#3432=ORIENTED_EDGE('',*,*,#2569,.T.);
#3433=ORIENTED_EDGE('',*,*,#2570,.T.);
#3434=ORIENTED_EDGE('',*,*,#2571,.F.);
#3435=ORIENTED_EDGE('',*,*,#2555,.T.);
#3436=ORIENTED_EDGE('',*,*,#2572,.T.);
#3437=ORIENTED_EDGE('',*,*,#2573,.T.);
#3438=ORIENTED_EDGE('',*,*,#2569,.F.);
#3439=ORIENTED_EDGE('',*,*,#2553,.T.);
#3440=ORIENTED_EDGE('',*,*,#2574,.T.);
#3441=ORIENTED_EDGE('',*,*,#2475,.T.);
#3442=ORIENTED_EDGE('',*,*,#2575,.T.);
#3443=ORIENTED_EDGE('',*,*,#2473,.T.);
#3444=ORIENTED_EDGE('',*,*,#2574,.F.);
#3445=ORIENTED_EDGE('',*,*,#2558,.T.);
#3446=ORIENTED_EDGE('',*,*,#2576,.T.);
#3447=ORIENTED_EDGE('',*,*,#2554,.T.);
#3448=ORIENTED_EDGE('',*,*,#2575,.F.);
#3449=ORIENTED_EDGE('',*,*,#2577,.T.);
#3450=ORIENTED_EDGE('',*,*,#2572,.F.);
#3451=ORIENTED_EDGE('',*,*,#2470,.T.);
#3452=ORIENTED_EDGE('',*,*,#2576,.F.);
#3453=ORIENTED_EDGE('',*,*,#2557,.T.);
#3454=ORIENTED_EDGE('',*,*,#2571,.T.);
#3455=ORIENTED_EDGE('',*,*,#2463,.F.);
#3456=ORIENTED_EDGE('',*,*,#2578,.F.);
#3457=ORIENTED_EDGE('',*,*,#2573,.F.);
#3458=ORIENTED_EDGE('',*,*,#2579,.T.);
#3459=ORIENTED_EDGE('',*,*,#2465,.F.);
#3460=ORIENTED_EDGE('',*,*,#2579,.F.);
#3461=ORIENTED_EDGE('',*,*,#2577,.F.);
#3462=ORIENTED_EDGE('',*,*,#2474,.T.);
#3463=ORIENTED_EDGE('',*,*,#2580,.T.);
#3464=ORIENTED_EDGE('',*,*,#2581,.T.);
#3465=ORIENTED_EDGE('',*,*,#2552,.T.);
#3466=ORIENTED_EDGE('',*,*,#2582,.T.);
#3467=ORIENTED_EDGE('',*,*,#2583,.T.);
#3468=ORIENTED_EDGE('',*,*,#2582,.F.);
#3469=ORIENTED_EDGE('',*,*,#2551,.T.);
#3470=ORIENTED_EDGE('',*,*,#2584,.T.);
#3471=ORIENTED_EDGE('',*,*,#2585,.T.);
#3472=ORIENTED_EDGE('',*,*,#2584,.F.);
#3473=ORIENTED_EDGE('',*,*,#2550,.T.);
#3474=ORIENTED_EDGE('',*,*,#2586,.T.);
#3475=ORIENTED_EDGE('',*,*,#2549,.T.);
#3476=ORIENTED_EDGE('',*,*,#2587,.T.);
#3477=ORIENTED_EDGE('',*,*,#2588,.T.);
#3478=ORIENTED_EDGE('',*,*,#2586,.F.);
#3479=ORIENTED_EDGE('',*,*,#2449,.F.);
#3480=ORIENTED_EDGE('',*,*,#2589,.F.);
#3481=ORIENTED_EDGE('',*,*,#2580,.F.);
#3482=ORIENTED_EDGE('',*,*,#2590,.T.);
#3483=ORIENTED_EDGE('',*,*,#2451,.F.);
#3484=ORIENTED_EDGE('',*,*,#2590,.F.);
#3485=ORIENTED_EDGE('',*,*,#2583,.F.);
#3486=ORIENTED_EDGE('',*,*,#2591,.T.);
#3487=ORIENTED_EDGE('',*,*,#2453,.F.);
#3488=ORIENTED_EDGE('',*,*,#2591,.F.);
#3489=ORIENTED_EDGE('',*,*,#2585,.F.);
#3490=ORIENTED_EDGE('',*,*,#2592,.T.);
#3491=ORIENTED_EDGE('',*,*,#2455,.F.);
#3492=ORIENTED_EDGE('',*,*,#2592,.F.);
#3493=ORIENTED_EDGE('',*,*,#2588,.F.);
#3494=ORIENTED_EDGE('',*,*,#2593,.T.);
#3495=ORIENTED_EDGE('',*,*,#2544,.T.);
#3496=ORIENTED_EDGE('',*,*,#2594,.T.);
#3497=ORIENTED_EDGE('',*,*,#2595,.T.);
#3498=ORIENTED_EDGE('',*,*,#2596,.F.);
#3499=ORIENTED_EDGE('',*,*,#2543,.T.);
#3500=ORIENTED_EDGE('',*,*,#2597,.T.);
#3501=ORIENTED_EDGE('',*,*,#2598,.T.);
#3502=ORIENTED_EDGE('',*,*,#2594,.F.);
#3503=ORIENTED_EDGE('',*,*,#2541,.T.);
#3504=ORIENTED_EDGE('',*,*,#2599,.T.);
#3505=ORIENTED_EDGE('',*,*,#2415,.T.);
#3506=ORIENTED_EDGE('',*,*,#2600,.T.);
#3507=ORIENTED_EDGE('',*,*,#2413,.T.);
#3508=ORIENTED_EDGE('',*,*,#2599,.F.);
#3509=ORIENTED_EDGE('',*,*,#2546,.T.);
#3510=ORIENTED_EDGE('',*,*,#2601,.T.);
#3511=ORIENTED_EDGE('',*,*,#2542,.T.);
#3512=ORIENTED_EDGE('',*,*,#2600,.F.);
#3513=ORIENTED_EDGE('',*,*,#2602,.T.);
#3514=ORIENTED_EDGE('',*,*,#2597,.F.);
#3515=ORIENTED_EDGE('',*,*,#2410,.T.);
#3516=ORIENTED_EDGE('',*,*,#2601,.F.);
#3517=ORIENTED_EDGE('',*,*,#2545,.T.);
#3518=ORIENTED_EDGE('',*,*,#2596,.T.);
#3519=ORIENTED_EDGE('',*,*,#2391,.F.);
#3520=ORIENTED_EDGE('',*,*,#2603,.F.);
#3521=ORIENTED_EDGE('',*,*,#2598,.F.);
#3522=ORIENTED_EDGE('',*,*,#2604,.T.);
#3523=ORIENTED_EDGE('',*,*,#2399,.F.);
#3524=ORIENTED_EDGE('',*,*,#2604,.F.);
#3525=ORIENTED_EDGE('',*,*,#2602,.F.);
#3526=ORIENTED_EDGE('',*,*,#2414,.T.);
#3527=ORIENTED_EDGE('',*,*,#2605,.T.);
#3528=ORIENTED_EDGE('',*,*,#2606,.T.);
#3529=ORIENTED_EDGE('',*,*,#2607,.T.);
#3530=ORIENTED_EDGE('',*,*,#2608,.T.);
#3531=ORIENTED_EDGE('',*,*,#2609,.T.);
#3532=ORIENTED_EDGE('',*,*,#2610,.T.);
#3533=ORIENTED_EDGE('',*,*,#2611,.T.);
#3534=ORIENTED_EDGE('',*,*,#2606,.F.);
#3535=ORIENTED_EDGE('',*,*,#2612,.T.);
#3536=ORIENTED_EDGE('',*,*,#2613,.T.);
#3537=ORIENTED_EDGE('',*,*,#2614,.T.);
#3538=ORIENTED_EDGE('',*,*,#2610,.F.);
#3539=ORIENTED_EDGE('',*,*,#2615,.T.);
#3540=ORIENTED_EDGE('',*,*,#2616,.T.);
#3541=ORIENTED_EDGE('',*,*,#2617,.T.);
#3542=ORIENTED_EDGE('',*,*,#2613,.F.);
#3543=ORIENTED_EDGE('',*,*,#2618,.T.);
#3544=ORIENTED_EDGE('',*,*,#2616,.F.);
#3545=ORIENTED_EDGE('',*,*,#2619,.T.);
#3546=ORIENTED_EDGE('',*,*,#2620,.T.);
#3547=ORIENTED_EDGE('',*,*,#2621,.T.);
#3548=ORIENTED_EDGE('',*,*,#2620,.F.);
#3549=ORIENTED_EDGE('',*,*,#2622,.T.);
#3550=ORIENTED_EDGE('',*,*,#2608,.F.);
#3551=ORIENTED_EDGE('',*,*,#2618,.F.);
#3552=ORIENTED_EDGE('',*,*,#2623,.T.);
#3553=ORIENTED_EDGE('',*,*,#2624,.F.);
#3554=ORIENTED_EDGE('',*,*,#2625,.F.);
#3555=ORIENTED_EDGE('',*,*,#2621,.F.);
#3556=ORIENTED_EDGE('',*,*,#2626,.T.);
#3557=ORIENTED_EDGE('',*,*,#2627,.F.);
#3558=ORIENTED_EDGE('',*,*,#2623,.F.);
#3559=ORIENTED_EDGE('',*,*,#2607,.F.);
#3560=ORIENTED_EDGE('',*,*,#2628,.T.);
#3561=ORIENTED_EDGE('',*,*,#2629,.F.);
#3562=ORIENTED_EDGE('',*,*,#2626,.F.);
#3563=ORIENTED_EDGE('',*,*,#2630,.F.);
#3564=ORIENTED_EDGE('',*,*,#2631,.F.);
#3565=ORIENTED_EDGE('',*,*,#2632,.F.);
#3566=ORIENTED_EDGE('',*,*,#2633,.F.);
#3567=ORIENTED_EDGE('',*,*,#2634,.F.);
#3568=ORIENTED_EDGE('',*,*,#2635,.F.);
#3569=ORIENTED_EDGE('',*,*,#2636,.F.);
#3570=ORIENTED_EDGE('',*,*,#2637,.F.);
#3571=ORIENTED_EDGE('',*,*,#2638,.F.);
#3572=ORIENTED_EDGE('',*,*,#2639,.F.);
#3573=ORIENTED_EDGE('',*,*,#2640,.F.);
#3574=ORIENTED_EDGE('',*,*,#2641,.F.);
#3575=ORIENTED_EDGE('',*,*,#2642,.F.);
#3576=ORIENTED_EDGE('',*,*,#2643,.F.);
#3577=ORIENTED_EDGE('',*,*,#2644,.F.);
#3578=ORIENTED_EDGE('',*,*,#2645,.F.);
#3579=ORIENTED_EDGE('',*,*,#2646,.F.);
#3580=ORIENTED_EDGE('',*,*,#2647,.F.);
#3581=ORIENTED_EDGE('',*,*,#2648,.F.);
#3582=ORIENTED_EDGE('',*,*,#2649,.F.);
#3583=ORIENTED_EDGE('',*,*,#2650,.T.);
#3584=ORIENTED_EDGE('',*,*,#2651,.T.);
#3585=ORIENTED_EDGE('',*,*,#2652,.F.);
#3586=ORIENTED_EDGE('',*,*,#2653,.F.);
#3587=ORIENTED_EDGE('',*,*,#2654,.F.);
#3588=ORIENTED_EDGE('',*,*,#2655,.F.);
#3589=ORIENTED_EDGE('',*,*,#2656,.F.);
#3590=ORIENTED_EDGE('',*,*,#2657,.F.);
#3591=ORIENTED_EDGE('',*,*,#2658,.F.);
#3592=ORIENTED_EDGE('',*,*,#2659,.F.);
#3593=ORIENTED_EDGE('',*,*,#2660,.F.);
#3594=ORIENTED_EDGE('',*,*,#2661,.F.);
#3595=ORIENTED_EDGE('',*,*,#2605,.F.);
#3596=ORIENTED_EDGE('',*,*,#2622,.F.);
#3597=ORIENTED_EDGE('',*,*,#2619,.F.);
#3598=ORIENTED_EDGE('',*,*,#2615,.F.);
#3599=ORIENTED_EDGE('',*,*,#2612,.F.);
#3600=ORIENTED_EDGE('',*,*,#2609,.F.);
#3601=ORIENTED_EDGE('',*,*,#2640,.T.);
#3602=ORIENTED_EDGE('',*,*,#2662,.T.);
#3603=ORIENTED_EDGE('',*,*,#2663,.T.);
#3604=ORIENTED_EDGE('',*,*,#2664,.F.);
#3605=ORIENTED_EDGE('',*,*,#2638,.T.);
#3606=ORIENTED_EDGE('',*,*,#2665,.T.);
#3607=ORIENTED_EDGE('',*,*,#2666,.T.);
#3608=ORIENTED_EDGE('',*,*,#2667,.T.);
#3609=ORIENTED_EDGE('',*,*,#2643,.T.);
#3610=ORIENTED_EDGE('',*,*,#2668,.T.);
#3611=ORIENTED_EDGE('',*,*,#2669,.T.);
#3612=ORIENTED_EDGE('',*,*,#2665,.F.);
#3613=ORIENTED_EDGE('',*,*,#2670,.T.);
#3614=ORIENTED_EDGE('',*,*,#2668,.F.);
#3615=ORIENTED_EDGE('',*,*,#2642,.T.);
#3616=ORIENTED_EDGE('',*,*,#2671,.T.);
#3617=ORIENTED_EDGE('',*,*,#2672,.T.);
#3618=ORIENTED_EDGE('',*,*,#2671,.F.);
#3619=ORIENTED_EDGE('',*,*,#2641,.T.);
#3620=ORIENTED_EDGE('',*,*,#2664,.T.);
#3621=ORIENTED_EDGE('',*,*,#2639,.T.);
#3622=ORIENTED_EDGE('',*,*,#2667,.F.);
#3623=ORIENTED_EDGE('',*,*,#2673,.T.);
#3624=ORIENTED_EDGE('',*,*,#2662,.F.);
#3625=ORIENTED_EDGE('',*,*,#2663,.F.);
#3626=ORIENTED_EDGE('',*,*,#2674,.T.);
#3627=ORIENTED_EDGE('',*,*,#2675,.F.);
#3628=ORIENTED_EDGE('',*,*,#2676,.F.);
#3629=ORIENTED_EDGE('',*,*,#2673,.F.);
#3630=ORIENTED_EDGE('',*,*,#2677,.T.);
#3631=ORIENTED_EDGE('',*,*,#2678,.F.);
#3632=ORIENTED_EDGE('',*,*,#2674,.F.);
#3633=ORIENTED_EDGE('',*,*,#2666,.F.);
#3634=ORIENTED_EDGE('',*,*,#2679,.T.);
#3635=ORIENTED_EDGE('',*,*,#2680,.F.);
#3636=ORIENTED_EDGE('',*,*,#2677,.F.);
#3637=ORIENTED_EDGE('',*,*,#2675,.T.);
#3638=ORIENTED_EDGE('',*,*,#2681,.T.);
#3639=ORIENTED_EDGE('',*,*,#2682,.T.);
#3640=ORIENTED_EDGE('',*,*,#2683,.F.);
#3641=ORIENTED_EDGE('',*,*,#2684,.T.);
#3642=ORIENTED_EDGE('',*,*,#2685,.T.);
#3643=ORIENTED_EDGE('',*,*,#2680,.T.);
#3644=ORIENTED_EDGE('',*,*,#2686,.T.);
#3645=ORIENTED_EDGE('',*,*,#2678,.T.);
#3646=ORIENTED_EDGE('',*,*,#2685,.F.);
#3647=ORIENTED_EDGE('',*,*,#2687,.T.);
#3648=ORIENTED_EDGE('',*,*,#2681,.F.);
#3649=ORIENTED_EDGE('',*,*,#2688,.T.);
#3650=ORIENTED_EDGE('',*,*,#2686,.F.);
#3651=ORIENTED_EDGE('',*,*,#2689,.T.);
#3652=ORIENTED_EDGE('',*,*,#2690,.T.);
#3653=ORIENTED_EDGE('',*,*,#2691,.T.);
#3654=ORIENTED_EDGE('',*,*,#2690,.F.);
#3655=ORIENTED_EDGE('',*,*,#2692,.T.);
#3656=ORIENTED_EDGE('',*,*,#2693,.T.);
#3657=ORIENTED_EDGE('',*,*,#2694,.T.);
#3658=ORIENTED_EDGE('',*,*,#2693,.F.);
#3659=ORIENTED_EDGE('',*,*,#2695,.T.);
#3660=ORIENTED_EDGE('',*,*,#2683,.T.);
#3661=ORIENTED_EDGE('',*,*,#2670,.F.);
#3662=ORIENTED_EDGE('',*,*,#2696,.T.);
#3663=ORIENTED_EDGE('',*,*,#2692,.F.);
#3664=ORIENTED_EDGE('',*,*,#2697,.F.);
#3665=ORIENTED_EDGE('',*,*,#2669,.F.);
#3666=ORIENTED_EDGE('',*,*,#2697,.T.);
#3667=ORIENTED_EDGE('',*,*,#2689,.F.);
#3668=ORIENTED_EDGE('',*,*,#2679,.F.);
#3669=ORIENTED_EDGE('',*,*,#2698,.F.);
#3670=ORIENTED_EDGE('',*,*,#2699,.F.);
#3671=ORIENTED_EDGE('',*,*,#2700,.T.);
#3672=ORIENTED_EDGE('',*,*,#2701,.F.);
#3673=ORIENTED_EDGE('',*,*,#2702,.F.);
#3674=ORIENTED_EDGE('',*,*,#2703,.F.);
#3675=ORIENTED_EDGE('',*,*,#2704,.F.);
#3676=ORIENTED_EDGE('',*,*,#2705,.F.);
#3677=ORIENTED_EDGE('',*,*,#2706,.F.);
#3678=ORIENTED_EDGE('',*,*,#2707,.F.);
#3679=ORIENTED_EDGE('',*,*,#2708,.T.);
#3680=ORIENTED_EDGE('',*,*,#2709,.F.);
#3681=ORIENTED_EDGE('',*,*,#2710,.F.);
#3682=ORIENTED_EDGE('',*,*,#2711,.F.);
#3683=ORIENTED_EDGE('',*,*,#2712,.F.);
#3684=ORIENTED_EDGE('',*,*,#2713,.T.);
#3685=ORIENTED_EDGE('',*,*,#2714,.F.);
#3686=ORIENTED_EDGE('',*,*,#2715,.F.);
#3687=ORIENTED_EDGE('',*,*,#2716,.F.);
#3688=ORIENTED_EDGE('',*,*,#2717,.F.);
#3689=ORIENTED_EDGE('',*,*,#2718,.F.);
#3690=ORIENTED_EDGE('',*,*,#2719,.F.);
#3691=ORIENTED_EDGE('',*,*,#2720,.F.);
#3692=ORIENTED_EDGE('',*,*,#2721,.F.);
#3693=ORIENTED_EDGE('',*,*,#2722,.F.);
#3694=ORIENTED_EDGE('',*,*,#2723,.F.);
#3695=ORIENTED_EDGE('',*,*,#2724,.F.);
#3696=ORIENTED_EDGE('',*,*,#2725,.F.);
#3697=ORIENTED_EDGE('',*,*,#2684,.F.);
#3698=ORIENTED_EDGE('',*,*,#2688,.F.);
#3699=ORIENTED_EDGE('',*,*,#2691,.F.);
#3700=ORIENTED_EDGE('',*,*,#2694,.F.);
#3701=ORIENTED_EDGE('',*,*,#2682,.F.);
#3702=ORIENTED_EDGE('',*,*,#2687,.F.);
#3703=ORIENTED_EDGE('',*,*,#2706,.T.);
#3704=ORIENTED_EDGE('',*,*,#2726,.T.);
#3705=ORIENTED_EDGE('',*,*,#2629,.T.);
#3706=ORIENTED_EDGE('',*,*,#2727,.T.);
#3707=ORIENTED_EDGE('',*,*,#2728,.T.);
#3708=ORIENTED_EDGE('',*,*,#2729,.T.);
#3709=ORIENTED_EDGE('',*,*,#2702,.T.);
#3710=ORIENTED_EDGE('',*,*,#2730,.F.);
#3711=ORIENTED_EDGE('',*,*,#2731,.T.);
#3712=ORIENTED_EDGE('',*,*,#2732,.T.);
#3713=ORIENTED_EDGE('',*,*,#2703,.T.);
#3714=ORIENTED_EDGE('',*,*,#2729,.F.);
#3715=ORIENTED_EDGE('',*,*,#2704,.T.);
#3716=ORIENTED_EDGE('',*,*,#2732,.F.);
#3717=ORIENTED_EDGE('',*,*,#2624,.T.);
#3718=ORIENTED_EDGE('',*,*,#2733,.T.);
#3719=ORIENTED_EDGE('',*,*,#2705,.T.);
#3720=ORIENTED_EDGE('',*,*,#2733,.F.);
#3721=ORIENTED_EDGE('',*,*,#2627,.T.);
#3722=ORIENTED_EDGE('',*,*,#2726,.F.);
#3723=ORIENTED_EDGE('',*,*,#2707,.T.);
#3724=ORIENTED_EDGE('',*,*,#2727,.F.);
#3725=ORIENTED_EDGE('',*,*,#2734,.T.);
#3726=ORIENTED_EDGE('',*,*,#2730,.T.);
#3727=ORIENTED_EDGE('',*,*,#2617,.F.);
#3728=ORIENTED_EDGE('',*,*,#2625,.T.);
#3729=ORIENTED_EDGE('',*,*,#2731,.F.);
#3730=ORIENTED_EDGE('',*,*,#2735,.F.);
#3731=ORIENTED_EDGE('',*,*,#2614,.F.);
#3732=ORIENTED_EDGE('',*,*,#2735,.T.);
#3733=ORIENTED_EDGE('',*,*,#2728,.F.);
#3734=ORIENTED_EDGE('',*,*,#2736,.F.);
#3735=ORIENTED_EDGE('',*,*,#2737,.T.);
#3736=ORIENTED_EDGE('',*,*,#2738,.T.);
#3737=ORIENTED_EDGE('',*,*,#2723,.T.);
#3738=ORIENTED_EDGE('',*,*,#2739,.F.);
#3739=ORIENTED_EDGE('',*,*,#2720,.T.);
#3740=ORIENTED_EDGE('',*,*,#2740,.T.);
#3741=ORIENTED_EDGE('',*,*,#2741,.T.);
#3742=ORIENTED_EDGE('',*,*,#2742,.T.);
#3743=ORIENTED_EDGE('',*,*,#2743,.T.);
#3744=ORIENTED_EDGE('',*,*,#2744,.T.);
#3745=ORIENTED_EDGE('',*,*,#2724,.T.);
#3746=ORIENTED_EDGE('',*,*,#2738,.F.);
#3747=ORIENTED_EDGE('',*,*,#2725,.T.);
#3748=ORIENTED_EDGE('',*,*,#2744,.F.);
#3749=ORIENTED_EDGE('',*,*,#2745,.T.);
#3750=ORIENTED_EDGE('',*,*,#2740,.F.);
#3751=ORIENTED_EDGE('',*,*,#2721,.T.);
#3752=ORIENTED_EDGE('',*,*,#2742,.F.);
#3753=ORIENTED_EDGE('',*,*,#2746,.T.);
#3754=ORIENTED_EDGE('',*,*,#2747,.T.);
#3755=ORIENTED_EDGE('',*,*,#2722,.T.);
#3756=ORIENTED_EDGE('',*,*,#2747,.F.);
#3757=ORIENTED_EDGE('',*,*,#2748,.T.);
#3758=ORIENTED_EDGE('',*,*,#2739,.T.);
#3759=ORIENTED_EDGE('',*,*,#2748,.F.);
#3760=ORIENTED_EDGE('',*,*,#2749,.F.);
#3761=ORIENTED_EDGE('',*,*,#2750,.F.);
#3762=ORIENTED_EDGE('',*,*,#2751,.T.);
#3763=ORIENTED_EDGE('',*,*,#2746,.F.);
#3764=ORIENTED_EDGE('',*,*,#2752,.F.);
#3765=ORIENTED_EDGE('',*,*,#2753,.F.);
#3766=ORIENTED_EDGE('',*,*,#2749,.T.);
#3767=ORIENTED_EDGE('',*,*,#2741,.F.);
#3768=ORIENTED_EDGE('',*,*,#2754,.F.);
#3769=ORIENTED_EDGE('',*,*,#2755,.F.);
#3770=ORIENTED_EDGE('',*,*,#2752,.T.);
#3771=ORIENTED_EDGE('',*,*,#2709,.T.);
#3772=ORIENTED_EDGE('',*,*,#2756,.T.);
#3773=ORIENTED_EDGE('',*,*,#2757,.T.);
#3774=ORIENTED_EDGE('',*,*,#2758,.T.);
#3775=ORIENTED_EDGE('',*,*,#2759,.T.);
#3776=ORIENTED_EDGE('',*,*,#2760,.T.);
#3777=ORIENTED_EDGE('',*,*,#2710,.T.);
#3778=ORIENTED_EDGE('',*,*,#2758,.F.);
#3779=ORIENTED_EDGE('',*,*,#2761,.T.);
#3780=ORIENTED_EDGE('',*,*,#2762,.T.);
#3781=ORIENTED_EDGE('',*,*,#2711,.T.);
#3782=ORIENTED_EDGE('',*,*,#2760,.F.);
#3783=ORIENTED_EDGE('',*,*,#2763,.T.);
#3784=ORIENTED_EDGE('',*,*,#2764,.T.);
#3785=ORIENTED_EDGE('',*,*,#2712,.T.);
#3786=ORIENTED_EDGE('',*,*,#2762,.F.);
#3787=ORIENTED_EDGE('',*,*,#2765,.T.);
#3788=ORIENTED_EDGE('',*,*,#2766,.T.);
#3789=ORIENTED_EDGE('',*,*,#2717,.T.);
#3790=ORIENTED_EDGE('',*,*,#2767,.F.);
#3791=ORIENTED_EDGE('',*,*,#2714,.T.);
#3792=ORIENTED_EDGE('',*,*,#2768,.T.);
#3793=ORIENTED_EDGE('',*,*,#2769,.T.);
#3794=ORIENTED_EDGE('',*,*,#2770,.T.);
#3795=ORIENTED_EDGE('',*,*,#2771,.T.);
#3796=ORIENTED_EDGE('',*,*,#2772,.T.);
#3797=ORIENTED_EDGE('',*,*,#2718,.T.);
#3798=ORIENTED_EDGE('',*,*,#2766,.F.);
#3799=ORIENTED_EDGE('',*,*,#2719,.T.);
#3800=ORIENTED_EDGE('',*,*,#2772,.F.);
#3801=ORIENTED_EDGE('',*,*,#2773,.T.);
#3802=ORIENTED_EDGE('',*,*,#2768,.F.);
#3803=ORIENTED_EDGE('',*,*,#2715,.T.);
#3804=ORIENTED_EDGE('',*,*,#2770,.F.);
#3805=ORIENTED_EDGE('',*,*,#2774,.T.);
#3806=ORIENTED_EDGE('',*,*,#2775,.T.);
#3807=ORIENTED_EDGE('',*,*,#2716,.T.);
#3808=ORIENTED_EDGE('',*,*,#2775,.F.);
#3809=ORIENTED_EDGE('',*,*,#2776,.T.);
#3810=ORIENTED_EDGE('',*,*,#2767,.T.);
#3811=ORIENTED_EDGE('',*,*,#2776,.F.);
#3812=ORIENTED_EDGE('',*,*,#2777,.F.);
#3813=ORIENTED_EDGE('',*,*,#2778,.F.);
#3814=ORIENTED_EDGE('',*,*,#2779,.T.);
#3815=ORIENTED_EDGE('',*,*,#2774,.F.);
#3816=ORIENTED_EDGE('',*,*,#2780,.F.);
#3817=ORIENTED_EDGE('',*,*,#2781,.F.);
#3818=ORIENTED_EDGE('',*,*,#2777,.T.);
#3819=ORIENTED_EDGE('',*,*,#2769,.F.);
#3820=ORIENTED_EDGE('',*,*,#2782,.F.);
#3821=ORIENTED_EDGE('',*,*,#2783,.F.);
#3822=ORIENTED_EDGE('',*,*,#2780,.T.);
#3823=ORIENTED_EDGE('',*,*,#2659,.T.);
#3824=ORIENTED_EDGE('',*,*,#2784,.T.);
#3825=ORIENTED_EDGE('',*,*,#2785,.T.);
#3826=ORIENTED_EDGE('',*,*,#2786,.F.);
#3827=ORIENTED_EDGE('',*,*,#2658,.T.);
#3828=ORIENTED_EDGE('',*,*,#2787,.T.);
#3829=ORIENTED_EDGE('',*,*,#2788,.T.);
#3830=ORIENTED_EDGE('',*,*,#2784,.F.);
#3831=ORIENTED_EDGE('',*,*,#2656,.T.);
#3832=ORIENTED_EDGE('',*,*,#2789,.T.);
#3833=ORIENTED_EDGE('',*,*,#2783,.T.);
#3834=ORIENTED_EDGE('',*,*,#2790,.T.);
#3835=ORIENTED_EDGE('',*,*,#2781,.T.);
#3836=ORIENTED_EDGE('',*,*,#2789,.F.);
#3837=ORIENTED_EDGE('',*,*,#2661,.T.);
#3838=ORIENTED_EDGE('',*,*,#2791,.T.);
#3839=ORIENTED_EDGE('',*,*,#2657,.T.);
#3840=ORIENTED_EDGE('',*,*,#2790,.F.);
#3841=ORIENTED_EDGE('',*,*,#2792,.T.);
#3842=ORIENTED_EDGE('',*,*,#2787,.F.);
#3843=ORIENTED_EDGE('',*,*,#2778,.T.);
#3844=ORIENTED_EDGE('',*,*,#2791,.F.);
#3845=ORIENTED_EDGE('',*,*,#2660,.T.);
#3846=ORIENTED_EDGE('',*,*,#2786,.T.);
#3847=ORIENTED_EDGE('',*,*,#2771,.F.);
#3848=ORIENTED_EDGE('',*,*,#2793,.F.);
#3849=ORIENTED_EDGE('',*,*,#2788,.F.);
#3850=ORIENTED_EDGE('',*,*,#2794,.T.);
#3851=ORIENTED_EDGE('',*,*,#2773,.F.);
#3852=ORIENTED_EDGE('',*,*,#2794,.F.);
#3853=ORIENTED_EDGE('',*,*,#2792,.F.);
#3854=ORIENTED_EDGE('',*,*,#2782,.T.);
#3855=ORIENTED_EDGE('',*,*,#2795,.T.);
#3856=ORIENTED_EDGE('',*,*,#2796,.T.);
#3857=ORIENTED_EDGE('',*,*,#2655,.T.);
#3858=ORIENTED_EDGE('',*,*,#2797,.T.);
#3859=ORIENTED_EDGE('',*,*,#2654,.T.);
#3860=ORIENTED_EDGE('',*,*,#2798,.T.);
#3861=ORIENTED_EDGE('',*,*,#2799,.T.);
#3862=ORIENTED_EDGE('',*,*,#2797,.F.);
#3863=ORIENTED_EDGE('',*,*,#2653,.T.);
#3864=ORIENTED_EDGE('',*,*,#2800,.T.);
#3865=ORIENTED_EDGE('',*,*,#2801,.T.);
#3866=ORIENTED_EDGE('',*,*,#2798,.F.);
#3867=ORIENTED_EDGE('',*,*,#2652,.T.);
#3868=ORIENTED_EDGE('',*,*,#2802,.T.);
#3869=ORIENTED_EDGE('',*,*,#2803,.T.);
#3870=ORIENTED_EDGE('',*,*,#2800,.F.);
#3871=ORIENTED_EDGE('',*,*,#2757,.F.);
#3872=ORIENTED_EDGE('',*,*,#2804,.F.);
#3873=ORIENTED_EDGE('',*,*,#2795,.F.);
#3874=ORIENTED_EDGE('',*,*,#2805,.T.);
#3875=ORIENTED_EDGE('',*,*,#2759,.F.);
#3876=ORIENTED_EDGE('',*,*,#2805,.F.);
#3877=ORIENTED_EDGE('',*,*,#2799,.F.);
#3878=ORIENTED_EDGE('',*,*,#2806,.T.);
#3879=ORIENTED_EDGE('',*,*,#2761,.F.);
#3880=ORIENTED_EDGE('',*,*,#2806,.F.);
#3881=ORIENTED_EDGE('',*,*,#2801,.F.);
#3882=ORIENTED_EDGE('',*,*,#2807,.T.);
#3883=ORIENTED_EDGE('',*,*,#2763,.F.);
#3884=ORIENTED_EDGE('',*,*,#2807,.F.);
#3885=ORIENTED_EDGE('',*,*,#2803,.F.);
#3886=ORIENTED_EDGE('',*,*,#2808,.T.);
#3887=ORIENTED_EDGE('',*,*,#2647,.T.);
#3888=ORIENTED_EDGE('',*,*,#2809,.T.);
#3889=ORIENTED_EDGE('',*,*,#2810,.T.);
#3890=ORIENTED_EDGE('',*,*,#2811,.F.);
#3891=ORIENTED_EDGE('',*,*,#2646,.T.);
#3892=ORIENTED_EDGE('',*,*,#2812,.T.);
#3893=ORIENTED_EDGE('',*,*,#2813,.T.);
#3894=ORIENTED_EDGE('',*,*,#2809,.F.);
#3895=ORIENTED_EDGE('',*,*,#2644,.T.);
#3896=ORIENTED_EDGE('',*,*,#2814,.T.);
#3897=ORIENTED_EDGE('',*,*,#2755,.T.);
#3898=ORIENTED_EDGE('',*,*,#2815,.T.);
#3899=ORIENTED_EDGE('',*,*,#2753,.T.);
#3900=ORIENTED_EDGE('',*,*,#2814,.F.);
#3901=ORIENTED_EDGE('',*,*,#2649,.T.);
#3902=ORIENTED_EDGE('',*,*,#2816,.T.);
#3903=ORIENTED_EDGE('',*,*,#2645,.T.);
#3904=ORIENTED_EDGE('',*,*,#2815,.F.);
#3905=ORIENTED_EDGE('',*,*,#2817,.T.);
#3906=ORIENTED_EDGE('',*,*,#2812,.F.);
#3907=ORIENTED_EDGE('',*,*,#2750,.T.);
#3908=ORIENTED_EDGE('',*,*,#2816,.F.);
#3909=ORIENTED_EDGE('',*,*,#2648,.T.);
#3910=ORIENTED_EDGE('',*,*,#2811,.T.);
#3911=ORIENTED_EDGE('',*,*,#2743,.F.);
#3912=ORIENTED_EDGE('',*,*,#2818,.F.);
#3913=ORIENTED_EDGE('',*,*,#2813,.F.);
#3914=ORIENTED_EDGE('',*,*,#2819,.T.);
#3915=ORIENTED_EDGE('',*,*,#2745,.F.);
#3916=ORIENTED_EDGE('',*,*,#2819,.F.);
#3917=ORIENTED_EDGE('',*,*,#2817,.F.);
#3918=ORIENTED_EDGE('',*,*,#2754,.T.);
#3919=ORIENTED_EDGE('',*,*,#2483,.F.);
#3920=ORIENTED_EDGE('',*,*,#2490,.F.);
#3921=ORIENTED_EDGE('',*,*,#2564,.F.);
#3922=ORIENTED_EDGE('',*,*,#2820,.T.);
#3923=ORIENTED_EDGE('',*,*,#2485,.F.);
#3924=ORIENTED_EDGE('',*,*,#2820,.F.);
#3925=ORIENTED_EDGE('',*,*,#2566,.F.);
#3926=ORIENTED_EDGE('',*,*,#2568,.T.);
#3927=ORIENTED_EDGE('',*,*,#2611,.F.);
#3928=ORIENTED_EDGE('',*,*,#2736,.T.);
#3929=ORIENTED_EDGE('',*,*,#2734,.F.);
#3930=ORIENTED_EDGE('',*,*,#2628,.F.);
#3931=ORIENTED_EDGE('',*,*,#2737,.F.);
#3932=ORIENTED_EDGE('',*,*,#2751,.F.);
#3933=ORIENTED_EDGE('',*,*,#2810,.F.);
#3934=ORIENTED_EDGE('',*,*,#2818,.T.);
#3935=ORIENTED_EDGE('',*,*,#2457,.F.);
#3936=ORIENTED_EDGE('',*,*,#2471,.F.);
#3937=ORIENTED_EDGE('',*,*,#2570,.F.);
#3938=ORIENTED_EDGE('',*,*,#2578,.T.);
#3939=ORIENTED_EDGE('',*,*,#2672,.F.);
#3940=ORIENTED_EDGE('',*,*,#2676,.T.);
#3941=ORIENTED_EDGE('',*,*,#2695,.F.);
#3942=ORIENTED_EDGE('',*,*,#2696,.F.);
#3943=ORIENTED_EDGE('',*,*,#2495,.F.);
#3944=ORIENTED_EDGE('',*,*,#2509,.F.);
#3945=ORIENTED_EDGE('',*,*,#2516,.F.);
#3946=ORIENTED_EDGE('',*,*,#2529,.T.);
#3947=ORIENTED_EDGE('',*,*,#2765,.F.);
#3948=ORIENTED_EDGE('',*,*,#2779,.F.);
#3949=ORIENTED_EDGE('',*,*,#2785,.F.);
#3950=ORIENTED_EDGE('',*,*,#2793,.T.);
#3951=ORIENTED_EDGE('',*,*,#2408,.F.);
#3952=ORIENTED_EDGE('',*,*,#2411,.F.);
#3953=ORIENTED_EDGE('',*,*,#2595,.F.);
#3954=ORIENTED_EDGE('',*,*,#2603,.T.);
#3955=ORIENTED_EDGE('',*,*,#2713,.F.);
#3956=ORIENTED_EDGE('',*,*,#2764,.F.);
#3957=ORIENTED_EDGE('',*,*,#2808,.F.);
#3958=ORIENTED_EDGE('',*,*,#2802,.F.);
#3959=ORIENTED_EDGE('',*,*,#2651,.F.);
#3960=ORIENTED_EDGE('',*,*,#2821,.T.);
#3961=ORIENTED_EDGE('',*,*,#2435,.F.);
#3962=ORIENTED_EDGE('',*,*,#2456,.F.);
#3963=ORIENTED_EDGE('',*,*,#2593,.F.);
#3964=ORIENTED_EDGE('',*,*,#2587,.F.);
#3965=ORIENTED_EDGE('',*,*,#2548,.F.);
#3966=ORIENTED_EDGE('',*,*,#2822,.T.);
#3967=ORIENTED_EDGE('',*,*,#2708,.F.);
#3968=ORIENTED_EDGE('',*,*,#2821,.F.);
#3969=ORIENTED_EDGE('',*,*,#2650,.F.);
#3970=ORIENTED_EDGE('',*,*,#2796,.F.);
#3971=ORIENTED_EDGE('',*,*,#2804,.T.);
#3972=ORIENTED_EDGE('',*,*,#2756,.F.);
#3973=ORIENTED_EDGE('',*,*,#2430,.F.);
#3974=ORIENTED_EDGE('',*,*,#2822,.F.);
#3975=ORIENTED_EDGE('',*,*,#2547,.F.);
#3976=ORIENTED_EDGE('',*,*,#2581,.F.);
#3977=ORIENTED_EDGE('',*,*,#2589,.T.);
#3978=ORIENTED_EDGE('',*,*,#2448,.F.);
#3979=ORIENTED_EDGE('',*,*,#2823,.T.);
#3980=ORIENTED_EDGE('',*,*,#2324,.T.);
#3981=ORIENTED_EDGE('',*,*,#2824,.T.);
#3982=ORIENTED_EDGE('',*,*,#2825,.T.);
#3983=ORIENTED_EDGE('',*,*,#2826,.T.);
#3984=ORIENTED_EDGE('',*,*,#2827,.T.);
#3985=ORIENTED_EDGE('',*,*,#2824,.F.);
#3986=ORIENTED_EDGE('',*,*,#2323,.T.);
#3987=ORIENTED_EDGE('',*,*,#2828,.T.);
#3988=ORIENTED_EDGE('',*,*,#2829,.T.);
#3989=ORIENTED_EDGE('',*,*,#2826,.F.);
#3990=ORIENTED_EDGE('',*,*,#2322,.T.);
#3991=ORIENTED_EDGE('',*,*,#2830,.T.);
#3992=ORIENTED_EDGE('',*,*,#2630,.T.);
#3993=ORIENTED_EDGE('',*,*,#2831,.T.);
#3994=ORIENTED_EDGE('',*,*,#2832,.T.);
#3995=ORIENTED_EDGE('',*,*,#2830,.F.);
#3996=ORIENTED_EDGE('',*,*,#2828,.F.);
#3997=ORIENTED_EDGE('',*,*,#2833,.T.);
#3998=ORIENTED_EDGE('',*,*,#2834,.T.);
#3999=ORIENTED_EDGE('',*,*,#2835,.T.);
#4000=ORIENTED_EDGE('',*,*,#2836,.T.);
#4001=ORIENTED_EDGE('',*,*,#2837,.T.);
#4002=ORIENTED_EDGE('',*,*,#2838,.T.);
#4003=ORIENTED_EDGE('',*,*,#2839,.T.);
#4004=ORIENTED_EDGE('',*,*,#2836,.F.);
#4005=ORIENTED_EDGE('',*,*,#2840,.T.);
#4006=ORIENTED_EDGE('',*,*,#2841,.T.);
#4007=ORIENTED_EDGE('',*,*,#2842,.T.);
#4008=ORIENTED_EDGE('',*,*,#2838,.F.);
#4009=ORIENTED_EDGE('',*,*,#2843,.T.);
#4010=ORIENTED_EDGE('',*,*,#2844,.T.);
#4011=ORIENTED_EDGE('',*,*,#2845,.T.);
#4012=ORIENTED_EDGE('',*,*,#2841,.F.);
#4013=ORIENTED_EDGE('',*,*,#2846,.T.);
#4014=ORIENTED_EDGE('',*,*,#2847,.T.);
#4015=ORIENTED_EDGE('',*,*,#2848,.T.);
#4016=ORIENTED_EDGE('',*,*,#2844,.F.);
#4017=ORIENTED_EDGE('',*,*,#2849,.T.);
#4018=ORIENTED_EDGE('',*,*,#2834,.F.);
#4019=ORIENTED_EDGE('',*,*,#2831,.F.);
#4020=ORIENTED_EDGE('',*,*,#2850,.T.);
#4021=ORIENTED_EDGE('',*,*,#2851,.T.);
#4022=ORIENTED_EDGE('',*,*,#2416,.T.);
#4023=ORIENTED_EDGE('',*,*,#2852,.T.);
#4024=ORIENTED_EDGE('',*,*,#2853,.T.);
#4025=ORIENTED_EDGE('',*,*,#2851,.F.);
#4026=ORIENTED_EDGE('',*,*,#2847,.F.);
#4027=ORIENTED_EDGE('',*,*,#2854,.T.);
#4028=ORIENTED_EDGE('',*,*,#2823,.F.);
#4029=ORIENTED_EDGE('',*,*,#2852,.F.);
#4030=ORIENTED_EDGE('',*,*,#2855,.T.);
#4031=ORIENTED_EDGE('',*,*,#2845,.F.);
#4032=ORIENTED_EDGE('',*,*,#2848,.F.);
#4033=ORIENTED_EDGE('',*,*,#2853,.F.);
#4034=ORIENTED_EDGE('',*,*,#2825,.F.);
#4035=ORIENTED_EDGE('',*,*,#2856,.T.);
#4036=ORIENTED_EDGE('',*,*,#2842,.F.);
#4037=ORIENTED_EDGE('',*,*,#2856,.F.);
#4038=ORIENTED_EDGE('',*,*,#2827,.F.);
#4039=ORIENTED_EDGE('',*,*,#2857,.T.);
#4040=ORIENTED_EDGE('',*,*,#2833,.F.);
#4041=ORIENTED_EDGE('',*,*,#2327,.T.);
#4042=ORIENTED_EDGE('',*,*,#2858,.T.);
#4043=ORIENTED_EDGE('',*,*,#2631,.T.);
#4044=ORIENTED_EDGE('',*,*,#2855,.F.);
#4045=ORIENTED_EDGE('',*,*,#2423,.T.);
#4046=ORIENTED_EDGE('',*,*,#2859,.T.);
#4047=ORIENTED_EDGE('',*,*,#2325,.T.);
#4048=ORIENTED_EDGE('',*,*,#2839,.F.);
#4049=ORIENTED_EDGE('',*,*,#2857,.F.);
#4050=ORIENTED_EDGE('',*,*,#2829,.F.);
#4051=ORIENTED_EDGE('',*,*,#2832,.F.);
#4052=ORIENTED_EDGE('',*,*,#2837,.F.);
#4053=ORIENTED_EDGE('',*,*,#2850,.F.);
#4054=ORIENTED_EDGE('',*,*,#2637,.T.);
#4055=ORIENTED_EDGE('',*,*,#2860,.T.);
#4056=ORIENTED_EDGE('',*,*,#2861,.T.);
#4057=ORIENTED_EDGE('',*,*,#2862,.T.);
#4058=ORIENTED_EDGE('',*,*,#2863,.T.);
#4059=ORIENTED_EDGE('',*,*,#2864,.T.);
#4060=ORIENTED_EDGE('',*,*,#2531,.T.);
#4061=ORIENTED_EDGE('',*,*,#2863,.F.);
#4062=ORIENTED_EDGE('',*,*,#2865,.F.);
#4063=ORIENTED_EDGE('',*,*,#2866,.F.);
#4064=ORIENTED_EDGE('',*,*,#2867,.F.);
#4065=ORIENTED_EDGE('',*,*,#2868,.T.);
#4066=ORIENTED_EDGE('',*,*,#2698,.T.);
#4067=ORIENTED_EDGE('',*,*,#2869,.T.);
#4068=ORIENTED_EDGE('',*,*,#2870,.T.);
#4069=ORIENTED_EDGE('',*,*,#2854,.F.);
#4070=ORIENTED_EDGE('',*,*,#2871,.T.);
#4071=ORIENTED_EDGE('',*,*,#2872,.T.);
#4072=ORIENTED_EDGE('',*,*,#2417,.T.);
#4073=ORIENTED_EDGE('',*,*,#2873,.F.);
#4074=ORIENTED_EDGE('',*,*,#2874,.F.);
#4075=ORIENTED_EDGE('',*,*,#2875,.F.);
#4076=ORIENTED_EDGE('',*,*,#2636,.T.);
#4077=ORIENTED_EDGE('',*,*,#2876,.T.);
#4078=ORIENTED_EDGE('',*,*,#2877,.T.);
#4079=ORIENTED_EDGE('',*,*,#2860,.F.);
#4080=ORIENTED_EDGE('',*,*,#2878,.F.);
#4081=ORIENTED_EDGE('',*,*,#2879,.F.);
#4082=ORIENTED_EDGE('',*,*,#2880,.F.);
#4083=ORIENTED_EDGE('',*,*,#2881,.T.);
#4084=ORIENTED_EDGE('',*,*,#2882,.T.);
#4085=ORIENTED_EDGE('',*,*,#2859,.F.);
#4086=ORIENTED_EDGE('',*,*,#2422,.T.);
#4087=ORIENTED_EDGE('',*,*,#2879,.T.);
#4088=ORIENTED_EDGE('',*,*,#2883,.T.);
#4089=ORIENTED_EDGE('',*,*,#2881,.F.);
#4090=ORIENTED_EDGE('',*,*,#2421,.T.);
#4091=ORIENTED_EDGE('',*,*,#2874,.T.);
#4092=ORIENTED_EDGE('',*,*,#2884,.T.);
#4093=ORIENTED_EDGE('',*,*,#2880,.T.);
#4094=ORIENTED_EDGE('',*,*,#2420,.T.);
#4095=ORIENTED_EDGE('',*,*,#2885,.F.);
#4096=ORIENTED_EDGE('',*,*,#2886,.F.);
#4097=ORIENTED_EDGE('',*,*,#2887,.F.);
#4098=ORIENTED_EDGE('',*,*,#2886,.T.);
#4099=ORIENTED_EDGE('',*,*,#2888,.T.);
#4100=ORIENTED_EDGE('',*,*,#2873,.T.);
#4101=ORIENTED_EDGE('',*,*,#2889,.T.);
#4102=ORIENTED_EDGE('',*,*,#2635,.T.);
#4103=ORIENTED_EDGE('',*,*,#2887,.T.);
#4104=ORIENTED_EDGE('',*,*,#2890,.T.);
#4105=ORIENTED_EDGE('',*,*,#2876,.F.);
#4106=ORIENTED_EDGE('',*,*,#2891,.F.);
#4107=ORIENTED_EDGE('',*,*,#2892,.F.);
#4108=ORIENTED_EDGE('',*,*,#2893,.F.);
#4109=ORIENTED_EDGE('',*,*,#2892,.T.);
#4110=ORIENTED_EDGE('',*,*,#2894,.T.);
#4111=ORIENTED_EDGE('',*,*,#2878,.T.);
#4112=ORIENTED_EDGE('',*,*,#2895,.T.);
#4113=ORIENTED_EDGE('',*,*,#2885,.T.);
#4114=ORIENTED_EDGE('',*,*,#2634,.T.);
#4115=ORIENTED_EDGE('',*,*,#2893,.T.);
#4116=ORIENTED_EDGE('',*,*,#2896,.T.);
#4117=ORIENTED_EDGE('',*,*,#2897,.T.);
#4118=ORIENTED_EDGE('',*,*,#2632,.T.);
#4119=ORIENTED_EDGE('',*,*,#2858,.F.);
#4120=ORIENTED_EDGE('',*,*,#2898,.T.);
#4121=ORIENTED_EDGE('',*,*,#2891,.T.);
#4122=ORIENTED_EDGE('',*,*,#2633,.T.);
#4123=ORIENTED_EDGE('',*,*,#2897,.F.);
#4124=ORIENTED_EDGE('',*,*,#2899,.T.);
#4125=ORIENTED_EDGE('',*,*,#2900,.T.);
#4126=ORIENTED_EDGE('',*,*,#2875,.T.);
#4127=ORIENTED_EDGE('',*,*,#2419,.T.);
#4128=ORIENTED_EDGE('',*,*,#2901,.T.);
#4129=ORIENTED_EDGE('',*,*,#2866,.T.);
#4130=ORIENTED_EDGE('',*,*,#2901,.F.);
#4131=ORIENTED_EDGE('',*,*,#2418,.T.);
#4132=ORIENTED_EDGE('',*,*,#2872,.F.);
#4133=ORIENTED_EDGE('',*,*,#2898,.F.);
#4134=ORIENTED_EDGE('',*,*,#2326,.T.);
#4135=ORIENTED_EDGE('',*,*,#2882,.F.);
#4136=ORIENTED_EDGE('',*,*,#2902,.T.);
#4137=ORIENTED_EDGE('',*,*,#2835,.F.);
#4138=ORIENTED_EDGE('',*,*,#2861,.F.);
#4139=ORIENTED_EDGE('',*,*,#2903,.T.);
#4140=ORIENTED_EDGE('',*,*,#2869,.F.);
#4141=ORIENTED_EDGE('',*,*,#2701,.T.);
#4142=ORIENTED_EDGE('',*,*,#2904,.F.);
#4143=ORIENTED_EDGE('',*,*,#2905,.T.);
#4144=ORIENTED_EDGE('',*,*,#2870,.F.);
#4145=ORIENTED_EDGE('',*,*,#2903,.F.);
#4146=ORIENTED_EDGE('',*,*,#2877,.F.);
#4147=ORIENTED_EDGE('',*,*,#2906,.F.);
#4148=ORIENTED_EDGE('',*,*,#2890,.F.);
#4149=ORIENTED_EDGE('',*,*,#2889,.F.);
#4150=ORIENTED_EDGE('',*,*,#2900,.F.);
#4151=ORIENTED_EDGE('',*,*,#2865,.T.);
#4152=ORIENTED_EDGE('',*,*,#2862,.F.);
#4153=ORIENTED_EDGE('',*,*,#2534,.T.);
#4154=ORIENTED_EDGE('',*,*,#2907,.F.);
#4155=ORIENTED_EDGE('',*,*,#2908,.F.);
#4156=ORIENTED_EDGE('',*,*,#2909,.F.);
#4157=ORIENTED_EDGE('',*,*,#2699,.T.);
#4158=ORIENTED_EDGE('',*,*,#2868,.F.);
#4159=ORIENTED_EDGE('',*,*,#2906,.T.);
#4160=ORIENTED_EDGE('',*,*,#2910,.F.);
#4161=ORIENTED_EDGE('',*,*,#2911,.F.);
#4162=ORIENTED_EDGE('',*,*,#2884,.F.);
#4163=ORIENTED_EDGE('',*,*,#2888,.F.);
#4164=ORIENTED_EDGE('',*,*,#2896,.F.);
#4165=ORIENTED_EDGE('',*,*,#2895,.F.);
#4166=ORIENTED_EDGE('',*,*,#2533,.F.);
#4167=ORIENTED_EDGE('',*,*,#2912,.T.);
#4168=ORIENTED_EDGE('',*,*,#2913,.T.);
#4169=ORIENTED_EDGE('',*,*,#2907,.T.);
#4170=ORIENTED_EDGE('',*,*,#2914,.T.);
#4171=ORIENTED_EDGE('',*,*,#2908,.T.);
#4172=ORIENTED_EDGE('',*,*,#2913,.F.);
#4173=ORIENTED_EDGE('',*,*,#2915,.T.);
#4174=ORIENTED_EDGE('',*,*,#2700,.F.);
#4175=ORIENTED_EDGE('',*,*,#2909,.T.);
#4176=ORIENTED_EDGE('',*,*,#2914,.F.);
#4177=ORIENTED_EDGE('',*,*,#2904,.T.);
#4178=ORIENTED_EDGE('',*,*,#2840,.F.);
#4179=ORIENTED_EDGE('',*,*,#2905,.F.);
#4180=ORIENTED_EDGE('',*,*,#2915,.F.);
#4181=ORIENTED_EDGE('',*,*,#2916,.F.);
#4182=ORIENTED_EDGE('',*,*,#2846,.F.);
#4183=ORIENTED_EDGE('',*,*,#2843,.F.);
#4184=ORIENTED_EDGE('',*,*,#2917,.T.);
#4185=ORIENTED_EDGE('',*,*,#2918,.T.);
#4186=ORIENTED_EDGE('',*,*,#2849,.F.);
#4187=ORIENTED_EDGE('',*,*,#2916,.T.);
#4188=ORIENTED_EDGE('',*,*,#2912,.F.);
#4189=ORIENTED_EDGE('',*,*,#2532,.T.);
#4190=ORIENTED_EDGE('',*,*,#2864,.F.);
#4191=ORIENTED_EDGE('',*,*,#2867,.T.);
#4192=ORIENTED_EDGE('',*,*,#2871,.F.);
#4193=ORIENTED_EDGE('',*,*,#2899,.F.);
#4194=ORIENTED_EDGE('',*,*,#2902,.F.);
#4195=ORIENTED_EDGE('',*,*,#2883,.F.);
#4196=ORIENTED_EDGE('',*,*,#2894,.F.);
#4197=ORIENTED_EDGE('',*,*,#2919,.T.);
#4198=ORIENTED_EDGE('',*,*,#2920,.T.);
#4199=ORIENTED_EDGE('',*,*,#2911,.T.);
#4200=ORIENTED_EDGE('',*,*,#2921,.T.);
#4201=ORIENTED_EDGE('',*,*,#2922,.T.);
#4202=ORIENTED_EDGE('',*,*,#2921,.F.);
#4203=ORIENTED_EDGE('',*,*,#2919,.F.);
#4204=ORIENTED_EDGE('',*,*,#2923,.T.);
#4205=ORIENTED_EDGE('',*,*,#2922,.F.);
#4206=ORIENTED_EDGE('',*,*,#2923,.F.);
#4207=ORIENTED_EDGE('',*,*,#2910,.T.);
#4208=ORIENTED_EDGE('',*,*,#2924,.T.);
#4209=ORIENTED_EDGE('',*,*,#2925,.T.);
#4210=ORIENTED_EDGE('',*,*,#2924,.F.);
#4211=ORIENTED_EDGE('',*,*,#2920,.F.);
#4212=ORIENTED_EDGE('',*,*,#2926,.T.);
#4213=ORIENTED_EDGE('',*,*,#2925,.F.);
#4214=ORIENTED_EDGE('',*,*,#2926,.F.);
#4215=ORIENTED_EDGE('',*,*,#2330,.T.);
#4216=ORIENTED_EDGE('',*,*,#2927,.T.);
#4217=ORIENTED_EDGE('',*,*,#2928,.T.);
#4218=ORIENTED_EDGE('',*,*,#2929,.T.);
#4219=ORIENTED_EDGE('',*,*,#2927,.F.);
#4220=ORIENTED_EDGE('',*,*,#2928,.F.);
#4221=ORIENTED_EDGE('',*,*,#2929,.F.);
#4222=ORIENTED_EDGE('',*,*,#2930,.T.);
#4223=ORIENTED_EDGE('',*,*,#2918,.F.);
#4224=ORIENTED_EDGE('',*,*,#2930,.F.);
#4225=ORIENTED_EDGE('',*,*,#2329,.T.);
#4226=ORIENTED_EDGE('',*,*,#2931,.T.);
#4227=ORIENTED_EDGE('',*,*,#2932,.T.);
#4228=ORIENTED_EDGE('',*,*,#2933,.T.);
#4229=ORIENTED_EDGE('',*,*,#2931,.F.);
#4230=ORIENTED_EDGE('',*,*,#2932,.F.);
#4231=ORIENTED_EDGE('',*,*,#2933,.F.);
#4232=ORIENTED_EDGE('',*,*,#2934,.T.);
#4233=ORIENTED_EDGE('',*,*,#2917,.F.);
#4234=ORIENTED_EDGE('',*,*,#2934,.F.);
#4235=PLANE('',#4749);
#4236=PLANE('',#4750);
#4237=PLANE('',#4751);
#4238=PLANE('',#4752);
#4239=PLANE('',#4753);
#4240=PLANE('',#4754);
#4241=PLANE('',#4755);
#4242=PLANE('',#4756);
#4243=PLANE('',#4757);
#4244=PLANE('',#4758);
#4245=PLANE('',#4762);
#4246=PLANE('',#4763);
#4247=PLANE('',#4764);
#4248=PLANE('',#4765);
#4249=PLANE('',#4766);
#4250=PLANE('',#4767);
#4251=PLANE('',#4768);
#4252=PLANE('',#4769);
#4253=PLANE('',#4770);
#4254=PLANE('',#4771);
#4255=PLANE('',#4772);
#4256=PLANE('',#4773);
#4257=PLANE('',#4774);
#4258=PLANE('',#4775);
#4259=PLANE('',#4776);
#4260=PLANE('',#4777);
#4261=PLANE('',#4778);
#4262=PLANE('',#4779);
#4263=PLANE('',#4780);
#4264=PLANE('',#4781);
#4265=PLANE('',#4782);
#4266=PLANE('',#4783);
#4267=PLANE('',#4784);
#4268=PLANE('',#4785);
#4269=PLANE('',#4786);
#4270=PLANE('',#4787);
#4271=PLANE('',#4788);
#4272=PLANE('',#4789);
#4273=PLANE('',#4790);
#4274=PLANE('',#4791);
#4275=PLANE('',#4792);
#4276=PLANE('',#4793);
#4277=PLANE('',#4794);
#4278=PLANE('',#4795);
#4279=PLANE('',#4796);
#4280=PLANE('',#4798);
#4281=PLANE('',#4799);
#4282=PLANE('',#4800);
#4283=PLANE('',#4801);
#4284=PLANE('',#4802);
#4285=PLANE('',#4803);
#4286=PLANE('',#4804);
#4287=PLANE('',#4805);
#4288=PLANE('',#4806);
#4289=PLANE('',#4807);
#4290=PLANE('',#4808);
#4291=PLANE('',#4809);
#4292=PLANE('',#4810);
#4293=PLANE('',#4811);
#4294=PLANE('',#4812);
#4295=PLANE('',#4813);
#4296=PLANE('',#4814);
#4297=PLANE('',#4815);
#4298=PLANE('',#4816);
#4299=PLANE('',#4817);
#4300=PLANE('',#4818);
#4301=PLANE('',#4819);
#4302=PLANE('',#4820);
#4303=PLANE('',#4821);
#4304=PLANE('',#4822);
#4305=PLANE('',#4823);
#4306=PLANE('',#4824);
#4307=PLANE('',#4825);
#4308=PLANE('',#4826);
#4309=PLANE('',#4827);
#4310=PLANE('',#4828);
#4311=PLANE('',#4829);
#4312=PLANE('',#4830);
#4313=PLANE('',#4831);
#4314=PLANE('',#4832);
#4315=PLANE('',#4833);
#4316=PLANE('',#4834);
#4317=PLANE('',#4835);
#4318=PLANE('',#4836);
#4319=PLANE('',#4837);
#4320=PLANE('',#4839);
#4321=PLANE('',#4840);
#4322=PLANE('',#4841);
#4323=PLANE('',#4842);
#4324=PLANE('',#4843);
#4325=PLANE('',#4844);
#4326=PLANE('',#4845);
#4327=PLANE('',#4846);
#4328=PLANE('',#4847);
#4329=PLANE('',#4848);
#4330=PLANE('',#4849);
#4331=PLANE('',#4850);
#4332=PLANE('',#4851);
#4333=PLANE('',#4852);
#4334=PLANE('',#4853);
#4335=PLANE('',#4854);
#4336=PLANE('',#4855);
#4337=PLANE('',#4856);
#4338=PLANE('',#4857);
#4339=PLANE('',#4858);
#4340=PLANE('',#4859);
#4341=PLANE('',#4860);
#4342=PLANE('',#4861);
#4343=PLANE('',#4862);
#4344=PLANE('',#4863);
#4345=PLANE('',#4864);
#4346=PLANE('',#4865);
#4347=PLANE('',#4866);
#4348=PLANE('',#4867);
#4349=PLANE('',#4868);
#4350=PLANE('',#4869);
#4351=PLANE('',#4870);
#4352=PLANE('',#4871);
#4353=PLANE('',#4872);
#4354=PLANE('',#4873);
#4355=PLANE('',#4874);
#4356=PLANE('',#4875);
#4357=PLANE('',#4876);
#4358=PLANE('',#4877);
#4359=PLANE('',#4878);
#4360=PLANE('',#4879);
#4361=PLANE('',#4881);
#4362=PLANE('',#4882);
#4363=PLANE('',#4883);
#4364=PLANE('',#4884);
#4365=PLANE('',#4885);
#4366=PLANE('',#4886);
#4367=PLANE('',#4887);
#4368=PLANE('',#4888);
#4369=PLANE('',#4889);
#4370=PLANE('',#4890);
#4371=PLANE('',#4891);
#4372=PLANE('',#4892);
#4373=PLANE('',#4893);
#4374=PLANE('',#4894);
#4375=PLANE('',#4895);
#4376=PLANE('',#4896);
#4377=PLANE('',#4897);
#4378=PLANE('',#4898);
#4379=PLANE('',#4900);
#4380=PLANE('',#4901);
#4381=PLANE('',#4902);
#4382=PLANE('',#4903);
#4383=PLANE('',#4904);
#4384=PLANE('',#4905);
#4385=PLANE('',#4906);
#4386=PLANE('',#4907);
#4387=PLANE('',#4908);
#4388=PLANE('',#4909);
#4389=PLANE('',#4910);
#4390=PLANE('',#4911);
#4391=PLANE('',#4912);
#4392=PLANE('',#4913);
#4393=PLANE('',#4914);
#4394=PLANE('',#4915);
#4395=PLANE('',#4916);
#4396=PLANE('',#4917);
#4397=PLANE('',#4918);
#4398=PLANE('',#4919);
#4399=PLANE('',#4920);
#4400=PLANE('',#4921);
#4401=PLANE('',#4922);
#4402=PLANE('',#4923);
#4403=PLANE('',#4924);
#4404=PLANE('',#4925);
#4405=PLANE('',#4926);
#4406=PLANE('',#4927);
#4407=PLANE('',#4928);
#4408=PLANE('',#4929);
#4409=PLANE('',#4930);
#4410=PLANE('',#4931);
#4411=PLANE('',#4932);
#4412=PLANE('',#4933);
#4413=PLANE('',#4934);
#4414=PLANE('',#4935);
#4415=PLANE('',#4936);
#4416=PLANE('',#4937);
#4417=PLANE('',#4938);
#4418=PLANE('',#4939);
#4419=PLANE('',#4940);
#4420=PLANE('',#4941);
#4421=PLANE('',#4942);
#4422=PLANE('',#4943);
#4423=PLANE('',#4944);
#4424=PLANE('',#4945);
#4425=PLANE('',#4946);
#4426=PLANE('',#4947);
#4427=PLANE('',#4948);
#4428=PLANE('',#4949);
#4429=PLANE('',#4950);
#4430=PLANE('',#4951);
#4431=PLANE('',#4952);
#4432=PLANE('',#4953);
#4433=PLANE('',#4954);
#4434=PLANE('',#4955);
#4435=PLANE('',#4956);
#4436=PLANE('',#4957);
#4437=PLANE('',#4958);
#4438=PLANE('',#4959);
#4439=PLANE('',#4960);
#4440=PLANE('',#4961);
#4441=PLANE('',#4962);
#4442=PLANE('',#4963);
#4443=PLANE('',#4964);
#4444=PLANE('',#4965);
#4445=PLANE('',#4966);
#4446=PLANE('',#5002);
#4447=PLANE('',#5008);
#4448=PLANE('',#5014);
#4449=PLANE('',#5053);
#4450=PLANE('',#5054);
#4451=PLANE('',#5055);
#4452=PLANE('',#5058);
#4453=PLANE('',#5064);
#4454=PLANE('',#5067);
#4455=PLANE('',#5068);
#4456=ADVANCED_FACE('',(#167),#4235,.T.);
#4457=ADVANCED_FACE('',(#168),#4236,.T.);
#4458=ADVANCED_FACE('',(#169),#4237,.T.);
#4459=ADVANCED_FACE('',(#170),#4238,.T.);
#4460=ADVANCED_FACE('',(#171,#135),#4239,.T.);
#4461=ADVANCED_FACE('',(#172),#4240,.T.);
#4462=ADVANCED_FACE('',(#173),#4241,.T.);
#4463=ADVANCED_FACE('',(#174),#4242,.T.);
#4464=ADVANCED_FACE('',(#175),#4243,.T.);
#4465=ADVANCED_FACE('',(#176,#136,#137,#138,#139),#4244,.T.);
#4466=ADVANCED_FACE('',(#177),#4245,.T.);
#4467=ADVANCED_FACE('',(#178),#4246,.T.);
#4468=ADVANCED_FACE('',(#179),#4247,.T.);
#4469=ADVANCED_FACE('',(#180),#4248,.F.);
#4470=ADVANCED_FACE('',(#181),#4249,.T.);
#4471=ADVANCED_FACE('',(#182),#4250,.F.);
#4472=ADVANCED_FACE('',(#183),#4251,.T.);
#4473=ADVANCED_FACE('',(#184),#4252,.F.);
#4474=ADVANCED_FACE('',(#185),#4253,.T.);
#4475=ADVANCED_FACE('',(#186),#4254,.F.);
#4476=ADVANCED_FACE('',(#187),#4255,.T.);
#4477=ADVANCED_FACE('',(#188),#4256,.F.);
#4478=ADVANCED_FACE('',(#189),#4257,.T.);
#4479=ADVANCED_FACE('',(#190),#4258,.F.);
#4480=ADVANCED_FACE('',(#191),#4259,.T.);
#4481=ADVANCED_FACE('',(#192),#4260,.F.);
#4482=ADVANCED_FACE('',(#193),#4261,.T.);
#4483=ADVANCED_FACE('',(#194),#4262,.F.);
#4484=ADVANCED_FACE('',(#195,#140),#4263,.T.);
#4485=ADVANCED_FACE('',(#196),#4264,.T.);
#4486=ADVANCED_FACE('',(#197),#4265,.T.);
#4487=ADVANCED_FACE('',(#198),#4266,.T.);
#4488=ADVANCED_FACE('',(#199),#4267,.T.);
#4489=ADVANCED_FACE('',(#200),#4268,.T.);
#4490=ADVANCED_FACE('',(#201),#4269,.T.);
#4491=ADVANCED_FACE('',(#202),#4270,.T.);
#4492=ADVANCED_FACE('',(#203),#4271,.T.);
#4493=ADVANCED_FACE('',(#204),#4272,.T.);
#4494=ADVANCED_FACE('',(#205),#4273,.T.);
#4495=ADVANCED_FACE('',(#206),#4274,.T.);
#4496=ADVANCED_FACE('',(#207),#4275,.T.);
#4497=ADVANCED_FACE('',(#208),#4276,.F.);
#4498=ADVANCED_FACE('',(#209),#4277,.F.);
#4499=ADVANCED_FACE('',(#210),#4278,.F.);
#4500=ADVANCED_FACE('',(#211,#141,#142,#143,#144,#145),#4279,.F.);
#4501=ADVANCED_FACE('',(#212),#4280,.T.);
#4502=ADVANCED_FACE('',(#213),#4281,.T.);
#4503=ADVANCED_FACE('',(#214),#4282,.T.);
#4504=ADVANCED_FACE('',(#215),#4283,.T.);
#4505=ADVANCED_FACE('',(#216),#4284,.T.);
#4506=ADVANCED_FACE('',(#217),#4285,.T.);
#4507=ADVANCED_FACE('',(#218),#4286,.T.);
#4508=ADVANCED_FACE('',(#219),#4287,.T.);
#4509=ADVANCED_FACE('',(#220),#4288,.T.);
#4510=ADVANCED_FACE('',(#221),#4289,.T.);
#4511=ADVANCED_FACE('',(#222),#4290,.F.);
#4512=ADVANCED_FACE('',(#223),#4291,.F.);
#4513=ADVANCED_FACE('',(#224),#4292,.F.);
#4514=ADVANCED_FACE('',(#225),#4293,.T.);
#4515=ADVANCED_FACE('',(#226),#4294,.T.);
#4516=ADVANCED_FACE('',(#227),#4295,.T.);
#4517=ADVANCED_FACE('',(#228),#4296,.T.);
#4518=ADVANCED_FACE('',(#229),#4297,.T.);
#4519=ADVANCED_FACE('',(#230),#4298,.T.);
#4520=ADVANCED_FACE('',(#231),#4299,.F.);
#4521=ADVANCED_FACE('',(#232),#4300,.F.);
#4522=ADVANCED_FACE('',(#233),#4301,.F.);
#4523=ADVANCED_FACE('',(#234),#4302,.T.);
#4524=ADVANCED_FACE('',(#235),#4303,.T.);
#4525=ADVANCED_FACE('',(#236),#4304,.T.);
#4526=ADVANCED_FACE('',(#237),#4305,.T.);
#4527=ADVANCED_FACE('',(#238),#4306,.T.);
#4528=ADVANCED_FACE('',(#239),#4307,.T.);
#4529=ADVANCED_FACE('',(#240),#4308,.F.);
#4530=ADVANCED_FACE('',(#241),#4309,.F.);
#4531=ADVANCED_FACE('',(#242),#4310,.F.);
#4532=ADVANCED_FACE('',(#243),#4311,.T.);
#4533=ADVANCED_FACE('',(#244),#4312,.T.);
#4534=ADVANCED_FACE('',(#245),#4313,.T.);
#4535=ADVANCED_FACE('',(#246),#4314,.T.);
#4536=ADVANCED_FACE('',(#247),#4315,.T.);
#4537=ADVANCED_FACE('',(#248),#4316,.T.);
#4538=ADVANCED_FACE('',(#249),#4317,.F.);
#4539=ADVANCED_FACE('',(#250),#4318,.F.);
#4540=ADVANCED_FACE('',(#251,#146,#147,#148,#149,#150),#4319,.T.);
#4541=ADVANCED_FACE('',(#252),#4320,.T.);
#4542=ADVANCED_FACE('',(#253),#4321,.T.);
#4543=ADVANCED_FACE('',(#254),#4322,.T.);
#4544=ADVANCED_FACE('',(#255),#4323,.T.);
#4545=ADVANCED_FACE('',(#256),#4324,.T.);
#4546=ADVANCED_FACE('',(#257),#4325,.T.);
#4547=ADVANCED_FACE('',(#258),#4326,.F.);
#4548=ADVANCED_FACE('',(#259),#4327,.T.);
#4549=ADVANCED_FACE('',(#260),#4328,.T.);
#4550=ADVANCED_FACE('',(#261),#4329,.T.);
#4551=ADVANCED_FACE('',(#262),#4330,.T.);
#4552=ADVANCED_FACE('',(#263),#4331,.T.);
#4553=ADVANCED_FACE('',(#264),#4332,.T.);
#4554=ADVANCED_FACE('',(#265),#4333,.F.);
#4555=ADVANCED_FACE('',(#266),#4334,.F.);
#4556=ADVANCED_FACE('',(#267),#4335,.T.);
#4557=ADVANCED_FACE('',(#268),#4336,.T.);
#4558=ADVANCED_FACE('',(#269),#4337,.T.);
#4559=ADVANCED_FACE('',(#270),#4338,.T.);
#4560=ADVANCED_FACE('',(#271),#4339,.F.);
#4561=ADVANCED_FACE('',(#272),#4340,.F.);
#4562=ADVANCED_FACE('',(#273),#4341,.F.);
#4563=ADVANCED_FACE('',(#274),#4342,.F.);
#4564=ADVANCED_FACE('',(#275),#4343,.T.);
#4565=ADVANCED_FACE('',(#276),#4344,.T.);
#4566=ADVANCED_FACE('',(#277),#4345,.T.);
#4567=ADVANCED_FACE('',(#278),#4346,.T.);
#4568=ADVANCED_FACE('',(#279),#4347,.T.);
#4569=ADVANCED_FACE('',(#280),#4348,.T.);
#4570=ADVANCED_FACE('',(#281),#4349,.F.);
#4571=ADVANCED_FACE('',(#282),#4350,.F.);
#4572=ADVANCED_FACE('',(#283),#4351,.T.);
#4573=ADVANCED_FACE('',(#284),#4352,.T.);
#4574=ADVANCED_FACE('',(#285),#4353,.T.);
#4575=ADVANCED_FACE('',(#286),#4354,.T.);
#4576=ADVANCED_FACE('',(#287),#4355,.T.);
#4577=ADVANCED_FACE('',(#288),#4356,.T.);
#4578=ADVANCED_FACE('',(#289),#4357,.F.);
#4579=ADVANCED_FACE('',(#290),#4358,.F.);
#4580=ADVANCED_FACE('',(#291),#4359,.F.);
#4581=ADVANCED_FACE('',(#292,#151,#152,#153,#154,#155),#4360,.T.);
#4582=ADVANCED_FACE('',(#293),#4361,.T.);
#4583=ADVANCED_FACE('',(#294),#4362,.T.);
#4584=ADVANCED_FACE('',(#295),#4363,.T.);
#4585=ADVANCED_FACE('',(#296),#4364,.T.);
#4586=ADVANCED_FACE('',(#297),#4365,.T.);
#4587=ADVANCED_FACE('',(#298),#4366,.T.);
#4588=ADVANCED_FACE('',(#299),#4367,.F.);
#4589=ADVANCED_FACE('',(#300),#4368,.F.);
#4590=ADVANCED_FACE('',(#301),#4369,.F.);
#4591=ADVANCED_FACE('',(#302),#4370,.T.);
#4592=ADVANCED_FACE('',(#303),#4371,.T.);
#4593=ADVANCED_FACE('',(#304),#4372,.T.);
#4594=ADVANCED_FACE('',(#305),#4373,.T.);
#4595=ADVANCED_FACE('',(#306),#4374,.T.);
#4596=ADVANCED_FACE('',(#307),#4375,.T.);
#4597=ADVANCED_FACE('',(#308),#4376,.F.);
#4598=ADVANCED_FACE('',(#309),#4377,.F.);
#4599=ADVANCED_FACE('',(#310,#156,#157,#158,#159,#160),#4378,.F.);
#4600=ADVANCED_FACE('',(#311),#4379,.T.);
#4601=ADVANCED_FACE('',(#312),#4380,.T.);
#4602=ADVANCED_FACE('',(#313),#4381,.T.);
#4603=ADVANCED_FACE('',(#314),#4382,.T.);
#4604=ADVANCED_FACE('',(#315),#4383,.T.);
#4605=ADVANCED_FACE('',(#316),#4384,.T.);
#4606=ADVANCED_FACE('',(#317),#4385,.F.);
#4607=ADVANCED_FACE('',(#318),#4386,.F.);
#4608=ADVANCED_FACE('',(#319),#4387,.T.);
#4609=ADVANCED_FACE('',(#320),#4388,.T.);
#4610=ADVANCED_FACE('',(#321),#4389,.T.);
#4611=ADVANCED_FACE('',(#322),#4390,.T.);
#4612=ADVANCED_FACE('',(#323),#4391,.T.);
#4613=ADVANCED_FACE('',(#324),#4392,.T.);
#4614=ADVANCED_FACE('',(#325),#4393,.F.);
#4615=ADVANCED_FACE('',(#326),#4394,.F.);
#4616=ADVANCED_FACE('',(#327),#4395,.F.);
#4617=ADVANCED_FACE('',(#328),#4396,.T.);
#4618=ADVANCED_FACE('',(#329),#4397,.T.);
#4619=ADVANCED_FACE('',(#330),#4398,.T.);
#4620=ADVANCED_FACE('',(#331),#4399,.T.);
#4621=ADVANCED_FACE('',(#332),#4400,.T.);
#4622=ADVANCED_FACE('',(#333),#4401,.T.);
#4623=ADVANCED_FACE('',(#334),#4402,.T.);
#4624=ADVANCED_FACE('',(#335),#4403,.T.);
#4625=ADVANCED_FACE('',(#336),#4404,.T.);
#4626=ADVANCED_FACE('',(#337),#4405,.T.);
#4627=ADVANCED_FACE('',(#338),#4406,.F.);
#4628=ADVANCED_FACE('',(#339),#4407,.F.);
#4629=ADVANCED_FACE('',(#340),#4408,.F.);
#4630=ADVANCED_FACE('',(#341),#4409,.T.);
#4631=ADVANCED_FACE('',(#342),#4410,.T.);
#4632=ADVANCED_FACE('',(#343),#4411,.T.);
#4633=ADVANCED_FACE('',(#344),#4412,.T.);
#4634=ADVANCED_FACE('',(#345),#4413,.T.);
#4635=ADVANCED_FACE('',(#346),#4414,.T.);
#4636=ADVANCED_FACE('',(#347),#4415,.F.);
#4637=ADVANCED_FACE('',(#348),#4416,.F.);
#4638=ADVANCED_FACE('',(#349),#4417,.T.);
#4639=ADVANCED_FACE('',(#350),#4418,.T.);
#4640=ADVANCED_FACE('',(#351),#4419,.T.);
#4641=ADVANCED_FACE('',(#352),#4420,.T.);
#4642=ADVANCED_FACE('',(#353),#4421,.F.);
#4643=ADVANCED_FACE('',(#354),#4422,.F.);
#4644=ADVANCED_FACE('',(#355),#4423,.F.);
#4645=ADVANCED_FACE('',(#356),#4424,.F.);
#4646=ADVANCED_FACE('',(#357),#4425,.T.);
#4647=ADVANCED_FACE('',(#358),#4426,.T.);
#4648=ADVANCED_FACE('',(#359),#4427,.T.);
#4649=ADVANCED_FACE('',(#360),#4428,.T.);
#4650=ADVANCED_FACE('',(#361),#4429,.T.);
#4651=ADVANCED_FACE('',(#362),#4430,.T.);
#4652=ADVANCED_FACE('',(#363),#4431,.F.);
#4653=ADVANCED_FACE('',(#364),#4432,.F.);
#4654=ADVANCED_FACE('',(#365),#4433,.F.);
#4655=ADVANCED_FACE('',(#366),#4434,.F.);
#4656=ADVANCED_FACE('',(#367),#4435,.F.);
#4657=ADVANCED_FACE('',(#368),#4436,.F.);
#4658=ADVANCED_FACE('',(#369),#4437,.F.);
#4659=ADVANCED_FACE('',(#370),#4438,.F.);
#4660=ADVANCED_FACE('',(#371),#4439,.F.);
#4661=ADVANCED_FACE('',(#372),#4440,.F.);
#4662=ADVANCED_FACE('',(#373),#4441,.F.);
#4663=ADVANCED_FACE('',(#374),#4442,.F.);
#4664=ADVANCED_FACE('',(#375),#4443,.F.);
#4665=ADVANCED_FACE('',(#376),#4444,.F.);
#4666=ADVANCED_FACE('',(#377),#4445,.F.);
#4667=ADVANCED_FACE('',(#378),#42,.T.);
#4668=ADVANCED_FACE('',(#379),#40,.T.);
#4669=ADVANCED_FACE('',(#380),#43,.T.);
#4670=ADVANCED_FACE('',(#381),#44,.T.);
#4671=ADVANCED_FACE('',(#382),#32,.T.);
#4672=ADVANCED_FACE('',(#383),#45,.T.);
#4673=ADVANCED_FACE('',(#384),#46,.T.);
#4674=ADVANCED_FACE('',(#385),#41,.T.);
#4675=ADVANCED_FACE('',(#386),#47,.T.);
#4676=ADVANCED_FACE('',(#387),#48,.T.);
#4677=ADVANCED_FACE('',(#388),#33,.T.);
#4678=ADVANCED_FACE('',(#389),#49,.T.);
#4679=ADVANCED_FACE('',(#390),#34,.T.);
#4680=ADVANCED_FACE('',(#391),#35,.T.);
#4681=ADVANCED_FACE('',(#392),#4446,.T.);
#4682=ADVANCED_FACE('',(#393),#50,.T.);
#4683=ADVANCED_FACE('',(#394),#51,.T.);
#4684=ADVANCED_FACE('',(#395),#52,.T.);
#4685=ADVANCED_FACE('',(#396),#4447,.T.);
#4686=ADVANCED_FACE('',(#397),#53,.T.);
#4687=ADVANCED_FACE('',(#398),#54,.T.);
#4688=ADVANCED_FACE('',(#399),#4448,.T.);
#4689=ADVANCED_FACE('',(#400),#55,.T.);
#4690=ADVANCED_FACE('',(#401),#56,.T.);
#4691=ADVANCED_FACE('',(#402),#36,.T.);
#4692=ADVANCED_FACE('',(#403),#57,.T.);
#4693=ADVANCED_FACE('',(#404),#37,.T.);
#4694=ADVANCED_FACE('',(#405),#22,.F.);
#4695=ADVANCED_FACE('',(#406),#58,.T.);
#4696=ADVANCED_FACE('',(#407),#59,.T.);
#4697=ADVANCED_FACE('',(#408),#38,.T.);
#4698=ADVANCED_FACE('',(#409),#60,.T.);
#4699=ADVANCED_FACE('',(#410),#61,.T.);
#4700=ADVANCED_FACE('',(#411),#39,.T.);
#4701=ADVANCED_FACE('',(#412),#62,.T.);
#4702=ADVANCED_FACE('',(#413),#63,.T.);
#4703=ADVANCED_FACE('',(#414),#23,.F.);
#4704=ADVANCED_FACE('',(#415),#64,.T.);
#4705=ADVANCED_FACE('',(#416),#65,.T.);
#4706=ADVANCED_FACE('',(#417),#66,.T.);
#4707=ADVANCED_FACE('',(#418),#67,.T.);
#4708=ADVANCED_FACE('',(#419),#4449,.T.);
#4709=ADVANCED_FACE('',(#420),#4450,.F.);
#4710=ADVANCED_FACE('',(#421,#161,#162),#4451,.T.);
#4711=ADVANCED_FACE('',(#422),#4452,.T.);
#4712=ADVANCED_FACE('',(#423),#68,.F.);
#4713=ADVANCED_FACE('',(#424),#69,.F.);
#4714=ADVANCED_FACE('',(#425),#70,.F.);
#4715=ADVANCED_FACE('',(#426,#163,#164),#4453,.T.);
#4716=ADVANCED_FACE('',(#427),#4454,.T.);
#4717=ADVANCED_FACE('',(#428,#165,#166),#4455,.T.);
#4718=ADVANCED_FACE('',(#429),#18,.F.);
#4719=ADVANCED_FACE('',(#430),#71,.F.);
#4720=ADVANCED_FACE('',(#431),#19,.F.);
#4721=ADVANCED_FACE('',(#432),#72,.F.);
#4722=ADVANCED_FACE('',(#433),#20,.F.);
#4723=ADVANCED_FACE('',(#434),#73,.F.);
#4724=ADVANCED_FACE('',(#435),#21,.F.);
#4725=ADVANCED_FACE('',(#436),#74,.F.);
#4726=CLOSED_SHELL('',(#4456,#4457,#4458,#4459,#4460,#4461,#4462,#4463,
#4464,#4465,#4466,#4467,#4468,#4469,#4470,#4471,#4472,#4473,#4474,#4475,
#4476,#4477,#4478,#4479,#4480,#4481,#4482,#4483,#4484,#4485,#4486,#4487,
#4488,#4489,#4490,#4491,#4492,#4493,#4494,#4495,#4496,#4497,#4498,#4499,
#4500,#4501,#4502,#4503,#4504,#4505,#4506,#4507,#4508,#4509,#4510,#4511,
#4512,#4513,#4514,#4515,#4516,#4517,#4518,#4519,#4520,#4521,#4522,#4523,
#4524,#4525,#4526,#4527,#4528,#4529,#4530,#4531,#4532,#4533,#4534,#4535,
#4536,#4537,#4538,#4539,#4540,#4541,#4542,#4543,#4544,#4545,#4546,#4547,
#4548,#4549,#4550,#4551,#4552,#4553,#4554,#4555,#4556,#4557,#4558,#4559,
#4560,#4561,#4562,#4563,#4564,#4565,#4566,#4567,#4568,#4569,#4570,#4571,
#4572,#4573,#4574,#4575,#4576,#4577,#4578,#4579,#4580,#4581,#4582,#4583,
#4584,#4585,#4586,#4587,#4588,#4589,#4590,#4591,#4592,#4593,#4594,#4595,
#4596,#4597,#4598,#4599,#4600,#4601,#4602,#4603,#4604,#4605,#4606,#4607,
#4608,#4609,#4610,#4611,#4612,#4613,#4614,#4615,#4616,#4617,#4618,#4619,
#4620,#4621,#4622,#4623,#4624,#4625,#4626,#4627,#4628,#4629,#4630,#4631,
#4632,#4633,#4634,#4635,#4636,#4637,#4638,#4639,#4640,#4641,#4642,#4643,
#4644,#4645,#4646,#4647,#4648,#4649,#4650,#4651,#4652,#4653,#4654,#4655,
#4656,#4657,#4658,#4659,#4660,#4661,#4662,#4663,#4664,#4665,#4666,#4667,
#4668,#4669,#4670,#4671,#4672,#4673,#4674,#4675,#4676,#4677,#4678,#4679,
#4680,#4681,#4682,#4683,#4684,#4685,#4686,#4687,#4688,#4689,#4690,#4691,
#4692,#4693,#4694,#4695,#4696,#4697,#4698,#4699,#4700,#4701,#4702,#4703,
#4704,#4705,#4706,#4707,#4708,#4709,#4710,#4711,#4712,#4713,#4714,#4715,
#4716,#4717,#4718,#4719,#4720,#4721,#4722,#4723,#4724,#4725));
#4727=DERIVED_UNIT_ELEMENT(#4730,1.);
#4728=DERIVED_UNIT_ELEMENT(#7666,-3.);
#4729=DIMENSIONAL_EXPONENTS(0.,1.,0.,0.,0.,0.,0.);
#4730=(
CONVERSION_BASED_UNIT('gram',#4732)
MASS_UNIT()
NAMED_UNIT(#4729)
);
#4731=(
MASS_UNIT()
NAMED_UNIT(*)
SI_UNIT(.KILO.,.GRAM.)
);
#4732=MASS_MEASURE_WITH_UNIT(MASS_MEASURE(0.001),#4731);
#4733=DERIVED_UNIT((#4727,#4728));
#4734=MEASURE_REPRESENTATION_ITEM('density measure',
POSITIVE_RATIO_MEASURE(1.27),#4733);
#4735=PROPERTY_DEFINITION_REPRESENTATION(#4740,#4737);
#4736=PROPERTY_DEFINITION_REPRESENTATION(#4741,#4738);
#4737=REPRESENTATION('material name',(#4739),#7663);
#4738=REPRESENTATION('density',(#4734),#7663);
#4739=DESCRIPTIVE_REPRESENTATION_ITEM('PETG','PETG');
#4740=PROPERTY_DEFINITION('material property','material name',#7673);
#4741=PROPERTY_DEFINITION('material property','density of part',#7673);
#4742=DATE_TIME_ROLE('creation_date');
#4743=APPLIED_DATE_AND_TIME_ASSIGNMENT(#4744,#4742,(#7673));
#4744=DATE_AND_TIME(#4745,#4746);
#4745=CALENDAR_DATE(2026,20,7);
#4746=LOCAL_TIME(0,0,0.,#4747);
#4747=COORDINATED_UNIVERSAL_TIME_OFFSET(0,0,.BEHIND.);
#4748=AXIS2_PLACEMENT_3D('',#6341,#5085,#5086);
#4749=AXIS2_PLACEMENT_3D('',#6342,#5087,#5088);
#4750=AXIS2_PLACEMENT_3D('',#6351,#5093,#5094);
#4751=AXIS2_PLACEMENT_3D('',#6357,#5098,#5099);
#4752=AXIS2_PLACEMENT_3D('',#6363,#5103,#5104);
#4753=AXIS2_PLACEMENT_3D('',#6371,#5109,#5110);
#4754=AXIS2_PLACEMENT_3D('',#6391,#5121,#5122);
#4755=AXIS2_PLACEMENT_3D('',#6397,#5126,#5127);
#4756=AXIS2_PLACEMENT_3D('',#6406,#5132,#5133);
#4757=AXIS2_PLACEMENT_3D('',#6412,#5137,#5138);
#4758=AXIS2_PLACEMENT_3D('',#6418,#5142,#5143);
#4759=AXIS2_PLACEMENT_3D('',#6423,#5145,#5146);
#4760=AXIS2_PLACEMENT_3D('',#6433,#5152,#5153);
#4761=AXIS2_PLACEMENT_3D('',#6435,#5154,#5155);
#4762=AXIS2_PLACEMENT_3D('',#6437,#5157,#5158);
#4763=AXIS2_PLACEMENT_3D('',#6451,#5166,#5167);
#4764=AXIS2_PLACEMENT_3D('',#6469,#5177,#5178);
#4765=AXIS2_PLACEMENT_3D('',#6475,#5182,#5183);
#4766=AXIS2_PLACEMENT_3D('',#6478,#5186,#5187);
#4767=AXIS2_PLACEMENT_3D('',#6484,#5191,#5192);
#4768=AXIS2_PLACEMENT_3D('',#6486,#5194,#5195);
#4769=AXIS2_PLACEMENT_3D('',#6495,#5200,#5201);
#4770=AXIS2_PLACEMENT_3D('',#6500,#5205,#5206);
#4771=AXIS2_PLACEMENT_3D('',#6509,#5211,#5212);
#4772=AXIS2_PLACEMENT_3D('',#6512,#5215,#5216);
#4773=AXIS2_PLACEMENT_3D('',#6518,#5220,#5221);
#4774=AXIS2_PLACEMENT_3D('',#6521,#5224,#5225);
#4775=AXIS2_PLACEMENT_3D('',#6525,#5228,#5229);
#4776=AXIS2_PLACEMENT_3D('',#6527,#5231,#5232);
#4777=AXIS2_PLACEMENT_3D('',#6530,#5235,#5236);
#4778=AXIS2_PLACEMENT_3D('',#6532,#5238,#5239);
#4779=AXIS2_PLACEMENT_3D('',#6534,#5241,#5242);
#4780=AXIS2_PLACEMENT_3D('',#6535,#5243,#5244);
#4781=AXIS2_PLACEMENT_3D('',#6541,#5248,#5249);
#4782=AXIS2_PLACEMENT_3D('',#6545,#5252,#5253);
#4783=AXIS2_PLACEMENT_3D('',#6549,#5256,#5257);
#4784=AXIS2_PLACEMENT_3D('',#6551,#5259,#5260);
#4785=AXIS2_PLACEMENT_3D('',#6552,#5261,#5262);
#4786=AXIS2_PLACEMENT_3D('',#6554,#5264,#5265);
#4787=AXIS2_PLACEMENT_3D('',#6555,#5266,#5267);
#4788=AXIS2_PLACEMENT_3D('',#6564,#5272,#5273);
#4789=AXIS2_PLACEMENT_3D('',#6573,#5278,#5279);
#4790=AXIS2_PLACEMENT_3D('',#6576,#5282,#5283);
#4791=AXIS2_PLACEMENT_3D('',#6582,#5287,#5288);
#4792=AXIS2_PLACEMENT_3D('',#6588,#5292,#5293);
#4793=AXIS2_PLACEMENT_3D('',#6591,#5296,#5297);
#4794=AXIS2_PLACEMENT_3D('',#6597,#5301,#5302);
#4795=AXIS2_PLACEMENT_3D('',#6601,#5305,#5306);
#4796=AXIS2_PLACEMENT_3D('',#6605,#5309,#5310);
#4797=AXIS2_PLACEMENT_3D('',#6620,#5317,#5318);
#4798=AXIS2_PLACEMENT_3D('',#6670,#5344,#5345);
#4799=AXIS2_PLACEMENT_3D('',#6676,#5349,#5350);
#4800=AXIS2_PLACEMENT_3D('',#6680,#5353,#5354);
#4801=AXIS2_PLACEMENT_3D('',#6684,#5357,#5358);
#4802=AXIS2_PLACEMENT_3D('',#6688,#5361,#5362);
#4803=AXIS2_PLACEMENT_3D('',#6694,#5366,#5367);
#4804=AXIS2_PLACEMENT_3D('',#6700,#5371,#5372);
#4805=AXIS2_PLACEMENT_3D('',#6704,#5375,#5376);
#4806=AXIS2_PLACEMENT_3D('',#6706,#5378,#5379);
#4807=AXIS2_PLACEMENT_3D('',#6710,#5382,#5383);
#4808=AXIS2_PLACEMENT_3D('',#6712,#5385,#5386);
#4809=AXIS2_PLACEMENT_3D('',#6718,#5390,#5391);
#4810=AXIS2_PLACEMENT_3D('',#6722,#5394,#5395);
#4811=AXIS2_PLACEMENT_3D('',#6726,#5398,#5399);
#4812=AXIS2_PLACEMENT_3D('',#6732,#5403,#5404);
#4813=AXIS2_PLACEMENT_3D('',#6736,#5407,#5408);
#4814=AXIS2_PLACEMENT_3D('',#6740,#5411,#5412);
#4815=AXIS2_PLACEMENT_3D('',#6744,#5415,#5416);
#4816=AXIS2_PLACEMENT_3D('',#6748,#5419,#5420);
#4817=AXIS2_PLACEMENT_3D('',#6750,#5422,#5423);
#4818=AXIS2_PLACEMENT_3D('',#6756,#5427,#5428);
#4819=AXIS2_PLACEMENT_3D('',#6760,#5431,#5432);
#4820=AXIS2_PLACEMENT_3D('',#6764,#5435,#5436);
#4821=AXIS2_PLACEMENT_3D('',#6770,#5440,#5441);
#4822=AXIS2_PLACEMENT_3D('',#6776,#5445,#5446);
#4823=AXIS2_PLACEMENT_3D('',#6780,#5449,#5450);
#4824=AXIS2_PLACEMENT_3D('',#6782,#5452,#5453);
#4825=AXIS2_PLACEMENT_3D('',#6786,#5456,#5457);
#4826=AXIS2_PLACEMENT_3D('',#6788,#5459,#5460);
#4827=AXIS2_PLACEMENT_3D('',#6794,#5464,#5465);
#4828=AXIS2_PLACEMENT_3D('',#6798,#5468,#5469);
#4829=AXIS2_PLACEMENT_3D('',#6802,#5472,#5473);
#4830=AXIS2_PLACEMENT_3D('',#6810,#5478,#5479);
#4831=AXIS2_PLACEMENT_3D('',#6816,#5483,#5484);
#4832=AXIS2_PLACEMENT_3D('',#6822,#5488,#5489);
#4833=AXIS2_PLACEMENT_3D('',#6826,#5492,#5493);
#4834=AXIS2_PLACEMENT_3D('',#6829,#5496,#5497);
#4835=AXIS2_PLACEMENT_3D('',#6831,#5499,#5500);
#4836=AXIS2_PLACEMENT_3D('',#6834,#5503,#5504);
#4837=AXIS2_PLACEMENT_3D('',#6835,#5505,#5506);
#4838=AXIS2_PLACEMENT_3D('',#6842,#5509,#5510);
#4839=AXIS2_PLACEMENT_3D('',#6892,#5536,#5537);
#4840=AXIS2_PLACEMENT_3D('',#6895,#5540,#5541);
#4841=AXIS2_PLACEMENT_3D('',#6897,#5543,#5544);
#4842=AXIS2_PLACEMENT_3D('',#6899,#5546,#5547);
#4843=AXIS2_PLACEMENT_3D('',#6903,#5550,#5551);
#4844=AXIS2_PLACEMENT_3D('',#6907,#5554,#5555);
#4845=AXIS2_PLACEMENT_3D('',#6909,#5557,#5558);
#4846=AXIS2_PLACEMENT_3D('',#6911,#5560,#5561);
#4847=AXIS2_PLACEMENT_3D('',#6916,#5565,#5566);
#4848=AXIS2_PLACEMENT_3D('',#6920,#5569,#5570);
#4849=AXIS2_PLACEMENT_3D('',#6923,#5573,#5574);
#4850=AXIS2_PLACEMENT_3D('',#6925,#5576,#5577);
#4851=AXIS2_PLACEMENT_3D('',#6927,#5579,#5580);
#4852=AXIS2_PLACEMENT_3D('',#6928,#5581,#5582);
#4853=AXIS2_PLACEMENT_3D('',#6931,#5585,#5586);
#4854=AXIS2_PLACEMENT_3D('',#6932,#5587,#5588);
#4855=AXIS2_PLACEMENT_3D('',#6938,#5592,#5593);
#4856=AXIS2_PLACEMENT_3D('',#6942,#5596,#5597);
#4857=AXIS2_PLACEMENT_3D('',#6946,#5600,#5601);
#4858=AXIS2_PLACEMENT_3D('',#6950,#5604,#5605);
#4859=AXIS2_PLACEMENT_3D('',#6953,#5608,#5609);
#4860=AXIS2_PLACEMENT_3D('',#6955,#5611,#5612);
#4861=AXIS2_PLACEMENT_3D('',#6957,#5614,#5615);
#4862=AXIS2_PLACEMENT_3D('',#6959,#5617,#5618);
#4863=AXIS2_PLACEMENT_3D('',#6964,#5622,#5623);
#4864=AXIS2_PLACEMENT_3D('',#6968,#5626,#5627);
#4865=AXIS2_PLACEMENT_3D('',#6971,#5630,#5631);
#4866=AXIS2_PLACEMENT_3D('',#6973,#5633,#5634);
#4867=AXIS2_PLACEMENT_3D('',#6975,#5636,#5637);
#4868=AXIS2_PLACEMENT_3D('',#6976,#5638,#5639);
#4869=AXIS2_PLACEMENT_3D('',#6979,#5642,#5643);
#4870=AXIS2_PLACEMENT_3D('',#6980,#5644,#5645);
#4871=AXIS2_PLACEMENT_3D('',#6989,#5650,#5651);
#4872=AXIS2_PLACEMENT_3D('',#6995,#5655,#5656);
#4873=AXIS2_PLACEMENT_3D('',#7001,#5660,#5661);
#4874=AXIS2_PLACEMENT_3D('',#7007,#5665,#5666);
#4875=AXIS2_PLACEMENT_3D('',#7013,#5670,#5671);
#4876=AXIS2_PLACEMENT_3D('',#7016,#5674,#5675);
#4877=AXIS2_PLACEMENT_3D('',#7022,#5679,#5680);
#4878=AXIS2_PLACEMENT_3D('',#7026,#5683,#5684);
#4879=AXIS2_PLACEMENT_3D('',#7030,#5687,#5688);
#4880=AXIS2_PLACEMENT_3D('',#7037,#5691,#5692);
#4881=AXIS2_PLACEMENT_3D('',#7095,#5722,#5723);
#4882=AXIS2_PLACEMENT_3D('',#7101,#5727,#5728);
#4883=AXIS2_PLACEMENT_3D('',#7107,#5732,#5733);
#4884=AXIS2_PLACEMENT_3D('',#7111,#5736,#5737);
#4885=AXIS2_PLACEMENT_3D('',#7115,#5740,#5741);
#4886=AXIS2_PLACEMENT_3D('',#7117,#5743,#5744);
#4887=AXIS2_PLACEMENT_3D('',#7119,#5746,#5747);
#4888=AXIS2_PLACEMENT_3D('',#7125,#5751,#5752);
#4889=AXIS2_PLACEMENT_3D('',#7129,#5755,#5756);
#4890=AXIS2_PLACEMENT_3D('',#7133,#5759,#5760);
#4891=AXIS2_PLACEMENT_3D('',#7139,#5764,#5765);
#4892=AXIS2_PLACEMENT_3D('',#7145,#5769,#5770);
#4893=AXIS2_PLACEMENT_3D('',#7147,#5772,#5773);
#4894=AXIS2_PLACEMENT_3D('',#7153,#5777,#5778);
#4895=AXIS2_PLACEMENT_3D('',#7159,#5782,#5783);
#4896=AXIS2_PLACEMENT_3D('',#7162,#5786,#5787);
#4897=AXIS2_PLACEMENT_3D('',#7165,#5790,#5791);
#4898=AXIS2_PLACEMENT_3D('',#7166,#5792,#5793);
#4899=AXIS2_PLACEMENT_3D('',#7173,#5796,#5797);
#4900=AXIS2_PLACEMENT_3D('',#7223,#5823,#5824);
#4901=AXIS2_PLACEMENT_3D('',#7226,#5827,#5828);
#4902=AXIS2_PLACEMENT_3D('',#7232,#5832,#5833);
#4903=AXIS2_PLACEMENT_3D('',#7235,#5836,#5837);
#4904=AXIS2_PLACEMENT_3D('',#7237,#5839,#5840);
#4905=AXIS2_PLACEMENT_3D('',#7238,#5841,#5842);
#4906=AXIS2_PLACEMENT_3D('',#7240,#5844,#5845);
#4907=AXIS2_PLACEMENT_3D('',#7242,#5847,#5848);
#4908=AXIS2_PLACEMENT_3D('',#7244,#5850,#5851);
#4909=AXIS2_PLACEMENT_3D('',#7250,#5855,#5856);
#4910=AXIS2_PLACEMENT_3D('',#7256,#5860,#5861);
#4911=AXIS2_PLACEMENT_3D('',#7260,#5864,#5865);
#4912=AXIS2_PLACEMENT_3D('',#7262,#5867,#5868);
#4913=AXIS2_PLACEMENT_3D('',#7266,#5871,#5872);
#4914=AXIS2_PLACEMENT_3D('',#7268,#5874,#5875);
#4915=AXIS2_PLACEMENT_3D('',#7274,#5879,#5880);
#4916=AXIS2_PLACEMENT_3D('',#7278,#5883,#5884);
#4917=AXIS2_PLACEMENT_3D('',#7282,#5887,#5888);
#4918=AXIS2_PLACEMENT_3D('',#7288,#5892,#5893);
#4919=AXIS2_PLACEMENT_3D('',#7292,#5896,#5897);
#4920=AXIS2_PLACEMENT_3D('',#7296,#5900,#5901);
#4921=AXIS2_PLACEMENT_3D('',#7300,#5904,#5905);
#4922=AXIS2_PLACEMENT_3D('',#7306,#5909,#5910);
#4923=AXIS2_PLACEMENT_3D('',#7312,#5914,#5915);
#4924=AXIS2_PLACEMENT_3D('',#7316,#5918,#5919);
#4925=AXIS2_PLACEMENT_3D('',#7318,#5921,#5922);
#4926=AXIS2_PLACEMENT_3D('',#7322,#5925,#5926);
#4927=AXIS2_PLACEMENT_3D('',#7324,#5928,#5929);
#4928=AXIS2_PLACEMENT_3D('',#7330,#5933,#5934);
#4929=AXIS2_PLACEMENT_3D('',#7334,#5937,#5938);
#4930=AXIS2_PLACEMENT_3D('',#7338,#5941,#5942);
#4931=AXIS2_PLACEMENT_3D('',#7343,#5946,#5947);
#4932=AXIS2_PLACEMENT_3D('',#7347,#5950,#5951);
#4933=AXIS2_PLACEMENT_3D('',#7350,#5954,#5955);
#4934=AXIS2_PLACEMENT_3D('',#7352,#5957,#5958);
#4935=AXIS2_PLACEMENT_3D('',#7354,#5960,#5961);
#4936=AXIS2_PLACEMENT_3D('',#7355,#5962,#5963);
#4937=AXIS2_PLACEMENT_3D('',#7358,#5966,#5967);
#4938=AXIS2_PLACEMENT_3D('',#7359,#5968,#5969);
#4939=AXIS2_PLACEMENT_3D('',#7365,#5973,#5974);
#4940=AXIS2_PLACEMENT_3D('',#7369,#5977,#5978);
#4941=AXIS2_PLACEMENT_3D('',#7373,#5981,#5982);
#4942=AXIS2_PLACEMENT_3D('',#7377,#5985,#5986);
#4943=AXIS2_PLACEMENT_3D('',#7380,#5989,#5990);
#4944=AXIS2_PLACEMENT_3D('',#7382,#5992,#5993);
#4945=AXIS2_PLACEMENT_3D('',#7384,#5995,#5996);
#4946=AXIS2_PLACEMENT_3D('',#7386,#5998,#5999);
#4947=AXIS2_PLACEMENT_3D('',#7391,#6003,#6004);
#4948=AXIS2_PLACEMENT_3D('',#7395,#6007,#6008);
#4949=AXIS2_PLACEMENT_3D('',#7398,#6011,#6012);
#4950=AXIS2_PLACEMENT_3D('',#7400,#6014,#6015);
#4951=AXIS2_PLACEMENT_3D('',#7402,#6017,#6018);
#4952=AXIS2_PLACEMENT_3D('',#7403,#6019,#6020);
#4953=AXIS2_PLACEMENT_3D('',#7406,#6023,#6024);
#4954=AXIS2_PLACEMENT_3D('',#7407,#6025,#6026);
#4955=AXIS2_PLACEMENT_3D('',#7409,#6028,#6029);
#4956=AXIS2_PLACEMENT_3D('',#7410,#6030,#6031);
#4957=AXIS2_PLACEMENT_3D('',#7411,#6032,#6033);
#4958=AXIS2_PLACEMENT_3D('',#7412,#6034,#6035);
#4959=AXIS2_PLACEMENT_3D('',#7413,#6036,#6037);
#4960=AXIS2_PLACEMENT_3D('',#7414,#6038,#6039);
#4961=AXIS2_PLACEMENT_3D('',#7415,#6040,#6041);
#4962=AXIS2_PLACEMENT_3D('',#7416,#6042,#6043);
#4963=AXIS2_PLACEMENT_3D('',#7417,#6044,#6045);
#4964=AXIS2_PLACEMENT_3D('',#7419,#6047,#6048);
#4965=AXIS2_PLACEMENT_3D('',#7421,#6050,#6051);
#4966=AXIS2_PLACEMENT_3D('',#7422,#6052,#6053);
#4967=AXIS2_PLACEMENT_3D('',#7423,#6054,#6055);
#4968=AXIS2_PLACEMENT_3D('',#7425,#6056,#6057);
#4969=AXIS2_PLACEMENT_3D('',#7427,#6058,#6059);
#4970=AXIS2_PLACEMENT_3D('',#7429,#6061,#6062);
#4971=AXIS2_PLACEMENT_3D('',#7431,#6063,#6064);
#4972=AXIS2_PLACEMENT_3D('',#7432,#6065,#6066);
#4973=AXIS2_PLACEMENT_3D('',#7433,#6067,#6068);
#4974=AXIS2_PLACEMENT_3D('',#7435,#6069,#6070);
#4975=AXIS2_PLACEMENT_3D('',#7437,#6072,#6073);
#4976=AXIS2_PLACEMENT_3D('',#7438,#6074,#6075);
#4977=AXIS2_PLACEMENT_3D('',#7440,#6076,#6077);
#4978=AXIS2_PLACEMENT_3D('',#7442,#6079,#6080);
#4979=AXIS2_PLACEMENT_3D('',#7443,#6081,#6082);
#4980=AXIS2_PLACEMENT_3D('',#7444,#6083,#6084);
#4981=AXIS2_PLACEMENT_3D('',#7446,#6085,#6086);
#4982=AXIS2_PLACEMENT_3D('',#7450,#6088,#6089);
#4983=AXIS2_PLACEMENT_3D('',#7452,#6091,#6092);
#4984=AXIS2_PLACEMENT_3D('',#7455,#6093,#6094);
#4985=AXIS2_PLACEMENT_3D('',#7458,#6097,#6098);
#4986=AXIS2_PLACEMENT_3D('',#7461,#6099,#6100);
#4987=AXIS2_PLACEMENT_3D('',#7462,#6101,#6102);
#4988=AXIS2_PLACEMENT_3D('',#7463,#6103,#6104);
#4989=AXIS2_PLACEMENT_3D('',#7464,#6105,#6106);
#4990=AXIS2_PLACEMENT_3D('',#7467,#6107,#6108);
#4991=AXIS2_PLACEMENT_3D('',#7470,#6111,#6112);
#4992=AXIS2_PLACEMENT_3D('',#7473,#6113,#6114);
#4993=AXIS2_PLACEMENT_3D('',#7476,#6117,#6118);
#4994=AXIS2_PLACEMENT_3D('',#7477,#6119,#6120);
#4995=AXIS2_PLACEMENT_3D('',#7478,#6121,#6122);
#4996=AXIS2_PLACEMENT_3D('',#7479,#6123,#6124);
#4997=AXIS2_PLACEMENT_3D('',#7480,#6125,#6126);
#4998=AXIS2_PLACEMENT_3D('',#7482,#6128,#6129);
#4999=AXIS2_PLACEMENT_3D('',#7483,#6130,#6131);
#5000=AXIS2_PLACEMENT_3D('',#7484,#6132,#6133);
#5001=AXIS2_PLACEMENT_3D('',#7485,#6134,#6135);
#5002=AXIS2_PLACEMENT_3D('',#7486,#6136,#6137);
#5003=AXIS2_PLACEMENT_3D('',#7488,#6139,#6140);
#5004=AXIS2_PLACEMENT_3D('',#7490,#6142,#6143);
#5005=AXIS2_PLACEMENT_3D('',#7491,#6144,#6145);
#5006=AXIS2_PLACEMENT_3D('',#7492,#6146,#6147);
#5007=AXIS2_PLACEMENT_3D('',#7493,#6148,#6149);
#5008=AXIS2_PLACEMENT_3D('',#7494,#6150,#6151);
#5009=AXIS2_PLACEMENT_3D('',#7495,#6152,#6153);
#5010=AXIS2_PLACEMENT_3D('',#7497,#6154,#6155);
#5011=AXIS2_PLACEMENT_3D('',#7499,#6157,#6158);
#5012=AXIS2_PLACEMENT_3D('',#7501,#6159,#6160);
#5013=AXIS2_PLACEMENT_3D('',#7504,#6162,#6163);
#5014=AXIS2_PLACEMENT_3D('',#7505,#6164,#6165);
#5015=AXIS2_PLACEMENT_3D('',#7511,#6169,#6170);
#5016=AXIS2_PLACEMENT_3D('',#7513,#6171,#6172);
#5017=AXIS2_PLACEMENT_3D('',#7515,#6173,#6174);
#5018=AXIS2_PLACEMENT_3D('',#7517,#6176,#6177);
#5019=AXIS2_PLACEMENT_3D('',#7519,#6179,#6180);
#5020=AXIS2_PLACEMENT_3D('',#7520,#6181,#6182);
#5021=AXIS2_PLACEMENT_3D('',#7523,#6183,#6184);
#5022=AXIS2_PLACEMENT_3D('',#7524,#6185,#6186);
#5023=AXIS2_PLACEMENT_3D('',#7525,#6187,#6188);
#5024=AXIS2_PLACEMENT_3D('',#7526,#6189,#6190);
#5025=AXIS2_PLACEMENT_3D('',#7528,#6191,#6192);
#5026=AXIS2_PLACEMENT_3D('',#7530,#6194,#6195);
#5027=AXIS2_PLACEMENT_3D('',#7533,#6196,#6197);
#5028=AXIS2_PLACEMENT_3D('',#7534,#6198,#6199);
#5029=AXIS2_PLACEMENT_3D('',#7535,#6200,#6201);
#5030=AXIS2_PLACEMENT_3D('',#7546,#6202,#6203);
#5031=AXIS2_PLACEMENT_3D('',#7547,#6204,#6205);
#5032=AXIS2_PLACEMENT_3D('',#7548,#6206,#6207);
#5033=AXIS2_PLACEMENT_3D('',#7550,#6209,#6210);
#5034=AXIS2_PLACEMENT_3D('',#7552,#6212,#6213);
#5035=AXIS2_PLACEMENT_3D('',#7554,#6214,#6215);
#5036=AXIS2_PLACEMENT_3D('',#7556,#6216,#6217);
#5037=AXIS2_PLACEMENT_3D('',#7557,#6218,#6219);
#5038=AXIS2_PLACEMENT_3D('',#7558,#6220,#6221);
#5039=AXIS2_PLACEMENT_3D('',#7561,#6224,#6225);
#5040=AXIS2_PLACEMENT_3D('',#7563,#6227,#6228);
#5041=AXIS2_PLACEMENT_3D('',#7565,#6229,#6230);
#5042=AXIS2_PLACEMENT_3D('',#7567,#6231,#6232);
#5043=AXIS2_PLACEMENT_3D('',#7568,#6233,#6234);
#5044=AXIS2_PLACEMENT_3D('',#7569,#6235,#6236);
#5045=AXIS2_PLACEMENT_3D('',#7572,#6239,#6240);
#5046=AXIS2_PLACEMENT_3D('',#7584,#6242,#6243);
#5047=AXIS2_PLACEMENT_3D('',#7585,#6244,#6245);
#5048=AXIS2_PLACEMENT_3D('',#7586,#6246,#6247);
#5049=AXIS2_PLACEMENT_3D('',#7588,#6249,#6250);
#5050=AXIS2_PLACEMENT_3D('',#7590,#6252,#6253);
#5051=AXIS2_PLACEMENT_3D('',#7591,#6254,#6255);
#5052=AXIS2_PLACEMENT_3D('',#7592,#6256,#6257);
#5053=AXIS2_PLACEMENT_3D('',#7594,#6259,#6260);
#5054=AXIS2_PLACEMENT_3D('',#7599,#6264,#6265);
#5055=AXIS2_PLACEMENT_3D('',#7601,#6267,#6268);
#5056=AXIS2_PLACEMENT_3D('',#7608,#6272,#6273);
#5057=AXIS2_PLACEMENT_3D('',#7610,#6274,#6275);
#5058=AXIS2_PLACEMENT_3D('',#7611,#6276,#6277);
#5059=AXIS2_PLACEMENT_3D('',#7612,#6278,#6279);
#5060=AXIS2_PLACEMENT_3D('',#7615,#6281,#6282);
#5061=AXIS2_PLACEMENT_3D('',#7616,#6283,#6284);
#5062=AXIS2_PLACEMENT_3D('',#7617,#6285,#6286);
#5063=AXIS2_PLACEMENT_3D('',#7619,#6288,#6289);
#5064=AXIS2_PLACEMENT_3D('',#7620,#6290,#6291);
#5065=AXIS2_PLACEMENT_3D('',#7623,#6293,#6294);
#5066=AXIS2_PLACEMENT_3D('',#7625,#6295,#6296);
#5067=AXIS2_PLACEMENT_3D('',#7626,#6297,#6298);
#5068=AXIS2_PLACEMENT_3D('',#7627,#6299,#6300);
#5069=AXIS2_PLACEMENT_3D('',#7629,#6301,#6302);
#5070=AXIS2_PLACEMENT_3D('',#7631,#6303,#6304);
#5071=AXIS2_PLACEMENT_3D('',#7632,#6305,#6306);
#5072=AXIS2_PLACEMENT_3D('',#7635,#6308,#6309);
#5073=AXIS2_PLACEMENT_3D('',#7636,#6310,#6311);
#5074=AXIS2_PLACEMENT_3D('',#7638,#6313,#6314);
#5075=AXIS2_PLACEMENT_3D('',#7641,#6316,#6317);
#5076=AXIS2_PLACEMENT_3D('',#7642,#6318,#6319);
#5077=AXIS2_PLACEMENT_3D('',#7644,#6321,#6322);
#5078=AXIS2_PLACEMENT_3D('',#7648,#6324,#6325);
#5079=AXIS2_PLACEMENT_3D('',#7649,#6326,#6327);
#5080=AXIS2_PLACEMENT_3D('',#7650,#6328,#6329);
#5081=AXIS2_PLACEMENT_3D('',#7652,#6331,#6332);
#5082=AXIS2_PLACEMENT_3D('',#7656,#6334,#6335);
#5083=AXIS2_PLACEMENT_3D('',#7657,#6336,#6337);
#5084=AXIS2_PLACEMENT_3D('',#7658,#6338,#6339);
#5085=DIRECTION('axis',(0.,0.,1.));
#5086=DIRECTION('refdir',(1.,0.,0.));
#5087=DIRECTION('center_axis',(-1.14188542449729E-16,0.707106781186548,
-0.707106781186548));
#5088=DIRECTION('ref_axis',(-1.,0.,1.61486985400023E-16));
#5089=DIRECTION('',(-1.,0.,1.61486985400023E-16));
#5090=DIRECTION('',(-0.577350269189626,0.577350269189626,0.577350269189626));
#5091=DIRECTION('',(1.,0.,-1.61486985400023E-16));
#5092=DIRECTION('',(-0.577350269189626,-0.577350269189626,-0.577350269189626));
#5093=DIRECTION('center_axis',(-0.707106781186548,0.,-0.707106781186548));
#5094=DIRECTION('ref_axis',(-0.707106781186548,0.,0.707106781186548));
#5095=DIRECTION('',(0.,-1.,0.));
#5096=DIRECTION('',(-0.524114470903345,-0.67127344858814,0.524114470903345));
#5097=DIRECTION('',(0.,1.,0.));
#5098=DIRECTION('center_axis',(0.707106781186555,0.,-0.70710678118654));
#5099=DIRECTION('ref_axis',(-0.70710678118654,0.,-0.707106781186555));
#5100=DIRECTION('',(0.,-1.,0.));
#5101=DIRECTION('',(-0.524114470903336,0.671273448588144,-0.524114470903348));
#5102=DIRECTION('',(0.,1.,0.));
#5103=DIRECTION('center_axis',(-1.,0.,1.61486985400023E-16));
#5104=DIRECTION('ref_axis',(1.61486985400023E-16,0.,1.));
#5105=DIRECTION('',(-1.61486985400023E-16,0.,-1.));
#5106=DIRECTION('',(0.,-1.,0.));
#5107=DIRECTION('',(1.56665387756911E-16,-0.242535625036333,0.970142500145332));
#5108=DIRECTION('',(-9.93810624747989E-17,0.788205438016111,-0.615412209402634));
#5109=DIRECTION('center_axis',(0.,1.,0.));
#5110=DIRECTION('ref_axis',(-1.61486985400023E-16,0.,-1.));
#5111=DIRECTION('',(1.61486985400023E-16,0.,1.));
#5112=DIRECTION('',(-1.,0.,1.61486985400023E-16));
#5113=DIRECTION('',(-1.61486985400023E-16,0.,-1.));
#5114=DIRECTION('',(0.707106781186548,0.,-0.707106781186548));
#5115=DIRECTION('',(1.,0.,-1.61486985400023E-16));
#5116=DIRECTION('',(0.707106781186548,0.,0.707106781186548));
#5117=DIRECTION('',(1.61486985400023E-16,0.,1.));
#5118=DIRECTION('',(-0.707106781186548,0.,0.707106781186548));
#5119=DIRECTION('',(-1.,0.,1.61486985400023E-16));
#5120=DIRECTION('',(-0.707106781186555,0.,-0.70710678118654));
#5121=DIRECTION('center_axis',(1.,0.,-1.61486985400023E-16));
#5122=DIRECTION('ref_axis',(-1.61486985400023E-16,0.,-1.));
#5123=DIRECTION('',(9.93810624747989E-17,-0.788205438016111,0.615412209402634));
#5124=DIRECTION('',(-1.56665387756911E-16,0.242535625036333,-0.970142500145332));
#5125=DIRECTION('',(0.,1.,0.));
#5126=DIRECTION('center_axis',(-1.14188542449729E-16,-0.707106781186548,
-0.707106781186548));
#5127=DIRECTION('ref_axis',(-1.,0.,1.61486985400023E-16));
#5128=DIRECTION('',(-1.,0.,1.61486985400023E-16));
#5129=DIRECTION('',(0.57735026918963,0.57735026918963,-0.577350269189617));
#5130=DIRECTION('',(1.,0.,-1.61486985400023E-16));
#5131=DIRECTION('',(0.577350269189626,-0.577350269189626,0.577350269189626));
#5132=DIRECTION('center_axis',(-0.70710678118654,0.,-0.707106781186555));
#5133=DIRECTION('ref_axis',(-0.707106781186555,0.,0.70710678118654));
#5134=DIRECTION('',(0.,1.,0.));
#5135=DIRECTION('',(0.524114470903353,-0.671273448588136,-0.524114470903341));
#5136=DIRECTION('',(0.,-1.,0.));
#5137=DIRECTION('center_axis',(0.707106781186555,0.,-0.70710678118654));
#5138=DIRECTION('ref_axis',(-0.70710678118654,0.,-0.707106781186555));
#5139=DIRECTION('',(0.,1.,0.));
#5140=DIRECTION('',(0.524114470903336,0.671273448588144,0.524114470903348));
#5141=DIRECTION('',(0.,-1.,0.));
#5142=DIRECTION('center_axis',(-1.61486985400023E-16,0.,-1.));
#5143=DIRECTION('ref_axis',(-1.,0.,1.61486985400023E-16));
#5144=DIRECTION('',(-0.921734349397949,0.387821852323898,1.48848101423926E-16));
#5145=DIRECTION('center_axis',(1.61486985400023E-16,0.,1.));
#5146=DIRECTION('ref_axis',(1.,-8.88178419700125E-16,-1.61486985400023E-16));
#5147=DIRECTION('',(0.921734349397949,0.387821852323898,-1.48848101423926E-16));
#5148=DIRECTION('',(1.,0.,-1.61486985400023E-16));
#5149=DIRECTION('',(0.,-1.,0.));
#5150=DIRECTION('',(-1.,0.,1.61486985400023E-16));
#5151=DIRECTION('',(-1.,0.,1.61486985400023E-16));
#5152=DIRECTION('center_axis',(-1.61486985400023E-16,0.,-1.));
#5153=DIRECTION('ref_axis',(1.,0.,-1.61486985400023E-16));
#5154=DIRECTION('center_axis',(-1.61486985400023E-16,0.,-1.));
#5155=DIRECTION('ref_axis',(1.,0.,-1.61486985400023E-16));
#5156=DIRECTION('',(1.,0.,-1.61486985400023E-16));
#5157=DIRECTION('center_axis',(-1.27284920061126E-16,-0.615412209402634,
-0.788205438016111));
#5158=DIRECTION('ref_axis',(-1.,0.,1.61486985400023E-16));
#5159=DIRECTION('',(1.,0.,-1.61486985400023E-16));
#5160=DIRECTION('',(0.524114470903345,0.67127344858814,-0.524114470903345));
#5161=DIRECTION('',(-9.93810624747989E-17,0.788205438016111,-0.615412209402634));
#5162=DIRECTION('',(1.,0.,-1.61486985400023E-16));
#5163=DIRECTION('',(1.,0.,-1.61486985400023E-16));
#5164=DIRECTION('',(9.93810624747989E-17,-0.788205438016111,0.615412209402634));
#5165=DIRECTION('',(0.524114470903344,-0.67127344858814,0.524114470903344));
#5166=DIRECTION('center_axis',(-1.27284920061126E-16,0.615412209402634,
-0.788205438016111));
#5167=DIRECTION('ref_axis',(-1.,0.,1.61486985400023E-16));
#5168=DIRECTION('',(-1.,0.,1.61486985400023E-16));
#5169=DIRECTION('',(-0.524114470903353,-0.671273448588136,-0.524114470903341));
#5170=DIRECTION('',(-9.93810624747989E-17,-0.788205438016111,-0.615412209402634));
#5171=DIRECTION('',(-1.,0.,1.61486985400023E-16));
#5172=DIRECTION('',(9.93810624747989E-17,0.788205438016111,0.615412209402634));
#5173=DIRECTION('',(-9.93810624747989E-17,-0.788205438016111,-0.615412209402634));
#5174=DIRECTION('',(-1.,0.,1.61486985400023E-16));
#5175=DIRECTION('',(9.93810624747989E-17,0.788205438016111,0.615412209402634));
#5176=DIRECTION('',(-0.524114470903336,0.671273448588144,0.524114470903348));
#5177=DIRECTION('center_axis',(-0.70710678118654,0.,0.707106781186555));
#5178=DIRECTION('ref_axis',(0.707106781186555,0.,0.70710678118654));
#5179=DIRECTION('',(0.696310623822799,-0.174077655955696,0.696310623822784));
#5180=DIRECTION('',(0.,1.,0.));
#5181=DIRECTION('',(0.,-1.,0.));
#5182=DIRECTION('center_axis',(1.,0.,-1.61486985400023E-16));
#5183=DIRECTION('ref_axis',(-1.61486985400023E-16,0.,-1.));
#5184=DIRECTION('',(1.56665387756911E-16,-0.242535625036333,0.970142500145332));
#5185=DIRECTION('',(0.,-1.,0.));
#5186=DIRECTION('center_axis',(0.707106781186548,0.,0.707106781186548));
#5187=DIRECTION('ref_axis',(0.707106781186548,0.,-0.707106781186548));
#5188=DIRECTION('',(0.696310623822791,0.174077655955698,-0.696310623822791));
#5189=DIRECTION('',(0.,1.,0.));
#5190=DIRECTION('',(0.,-1.,0.));
#5191=DIRECTION('center_axis',(-1.61486985400023E-16,0.,-1.));
#5192=DIRECTION('ref_axis',(-1.,0.,1.61486985400023E-16));
#5193=DIRECTION('',(1.,0.,-1.61486985400023E-16));
#5194=DIRECTION('center_axis',(0.707106781186548,0.,0.707106781186548));
#5195=DIRECTION('ref_axis',(0.707106781186548,0.,-0.707106781186548));
#5196=DIRECTION('',(-0.696310623822791,0.174077655955698,0.696310623822791));
#5197=DIRECTION('',(0.,-1.,0.));
#5198=DIRECTION('',(0.707106781186548,0.,-0.707106781186548));
#5199=DIRECTION('',(0.,1.,0.));
#5200=DIRECTION('center_axis',(-1.,0.,1.61486985400023E-16));
#5201=DIRECTION('ref_axis',(-1.61486985400023E-16,0.,-1.));
#5202=DIRECTION('',(1.56665387756911E-16,0.242535625036333,0.970142500145332));
#5203=DIRECTION('',(0.,1.,0.));
#5204=DIRECTION('',(-1.61486985400023E-16,0.,-1.));
#5205=DIRECTION('center_axis',(-0.70710678118654,0.,0.707106781186555));
#5206=DIRECTION('ref_axis',(0.707106781186555,0.,0.70710678118654));
#5207=DIRECTION('',(-0.696310623822799,-0.174077655955696,-0.696310623822784));
#5208=DIRECTION('',(0.,-1.,0.));
#5209=DIRECTION('',(0.707106781186555,0.,0.70710678118654));
#5210=DIRECTION('',(0.,1.,0.));
#5211=DIRECTION('center_axis',(-1.61486985400023E-16,0.,-1.));
#5212=DIRECTION('ref_axis',(1.,0.,-1.61486985400023E-16));
#5213=DIRECTION('',(1.,0.,-1.61486985400023E-16));
#5214=DIRECTION('',(-1.,0.,1.61486985400023E-16));
#5215=DIRECTION('center_axis',(-0.707106781186555,0.,-0.70710678118654));
#5216=DIRECTION('ref_axis',(-0.70710678118654,0.,0.707106781186555));
#5217=DIRECTION('',(0.,-1.,0.));
#5218=DIRECTION('',(-0.70710678118654,0.,0.707106781186555));
#5219=DIRECTION('',(0.,1.,0.));
#5220=DIRECTION('center_axis',(1.,0.,-1.61486985400023E-16));
#5221=DIRECTION('ref_axis',(1.61486985400023E-16,0.,1.));
#5222=DIRECTION('',(1.61486985400023E-16,0.,1.));
#5223=DIRECTION('',(-1.56665387756911E-16,-0.242535625036333,-0.970142500145332));
#5224=DIRECTION('center_axis',(0.70710678118654,0.,-0.707106781186555));
#5225=DIRECTION('ref_axis',(-0.707106781186555,0.,-0.70710678118654));
#5226=DIRECTION('',(0.,-1.,0.));
#5227=DIRECTION('',(-0.707106781186555,0.,-0.70710678118654));
#5228=DIRECTION('center_axis',(1.61486985400023E-16,0.,1.));
#5229=DIRECTION('ref_axis',(-1.,0.,1.61486985400023E-16));
#5230=DIRECTION('',(-1.,0.,1.61486985400023E-16));
#5231=DIRECTION('center_axis',(0.707106781186548,0.,-0.707106781186548));
#5232=DIRECTION('ref_axis',(-0.707106781186548,0.,-0.707106781186548));
#5233=DIRECTION('',(0.,1.,0.));
#5234=DIRECTION('',(0.,-1.,0.));
#5235=DIRECTION('center_axis',(-1.,0.,1.61486985400023E-16));
#5236=DIRECTION('ref_axis',(1.61486985400023E-16,0.,1.));
#5237=DIRECTION('',(-1.56665387756911E-16,0.242535625036333,-0.970142500145332));
#5238=DIRECTION('center_axis',(-0.707106781186548,0.,-0.707106781186548));
#5239=DIRECTION('ref_axis',(-0.707106781186548,0.,0.707106781186548));
#5240=DIRECTION('',(0.,1.,0.));
#5241=DIRECTION('center_axis',(1.61486985400023E-16,0.,1.));
#5242=DIRECTION('ref_axis',(1.,0.,-1.61486985400023E-16));
#5243=DIRECTION('center_axis',(0.,-1.,0.));
#5244=DIRECTION('ref_axis',(-1.61486985400023E-16,0.,-1.));
#5245=DIRECTION('',(1.61486985400023E-16,0.,1.));
#5246=DIRECTION('',(1.,0.,-1.61486985400023E-16));
#5247=DIRECTION('',(-1.61486985400023E-16,0.,-1.));
#5248=DIRECTION('center_axis',(1.,0.,-1.61486985400023E-16));
#5249=DIRECTION('ref_axis',(1.61486985400023E-16,0.,1.));
#5250=DIRECTION('',(0.,1.,0.));
#5251=DIRECTION('',(1.56665387756911E-16,0.242535625036333,0.970142500145332));
#5252=DIRECTION('center_axis',(-1.,0.,1.61486985400023E-16));
#5253=DIRECTION('ref_axis',(-1.61486985400023E-16,0.,-1.));
#5254=DIRECTION('',(-1.56665387756911E-16,-0.242535625036333,-0.970142500145332));
#5255=DIRECTION('',(0.,-1.,0.));
#5256=DIRECTION('center_axis',(-1.61486985400023E-16,0.,-1.));
#5257=DIRECTION('ref_axis',(1.,0.,-1.61486985400023E-16));
#5258=DIRECTION('',(1.,0.,-1.61486985400023E-16));
#5259=DIRECTION('center_axis',(-3.91663469392277E-17,0.970142500145332,
-0.242535625036333));
#5260=DIRECTION('ref_axis',(1.56665387756911E-16,0.242535625036333,0.970142500145332));
#5261=DIRECTION('center_axis',(-1.61486985400023E-16,0.,-1.));
#5262=DIRECTION('ref_axis',(-1.,0.,1.61486985400023E-16));
#5263=DIRECTION('',(-1.,0.,1.61486985400023E-16));
#5264=DIRECTION('center_axis',(-3.91663469392277E-17,-0.970142500145332,
-0.242535625036333));
#5265=DIRECTION('ref_axis',(1.56665387756911E-16,-0.242535625036333,0.970142500145332));
#5266=DIRECTION('center_axis',(-0.707106781186544,-0.707106781186551,-1.04672830578918E-15));
#5267=DIRECTION('ref_axis',(-1.48029736616689E-15,0.,1.));
#5268=DIRECTION('',(1.48029736616689E-15,0.,-1.));
#5269=DIRECTION('',(0.67859834454585,-0.678598344545843,-0.281084637714822));
#5270=DIRECTION('',(-1.48029736616689E-15,0.,1.));
#5271=DIRECTION('',(0.577350269189632,-0.577350269189626,0.577350269189619));
#5272=DIRECTION('center_axis',(0.,-0.707106781186548,0.707106781186548));
#5273=DIRECTION('ref_axis',(1.,0.,0.));
#5274=DIRECTION('',(1.,0.,0.));
#5275=DIRECTION('',(-0.281084637714827,0.678598344545846,0.678598344545846));
#5276=DIRECTION('',(-1.,0.,0.));
#5277=DIRECTION('',(-0.577350269189628,-0.577350269189625,-0.577350269189625));
#5278=DIRECTION('center_axis',(-0.499999999999999,-0.707106781186549,0.499999999999999));
#5279=DIRECTION('ref_axis',(0.707106781186548,0.,0.707106781186547));
#5280=DIRECTION('',(-0.707106781186548,0.,-0.707106781186547));
#5281=DIRECTION('',(0.707106781186548,0.,0.707106781186547));
#5282=DIRECTION('center_axis',(0.707106781186546,-0.707106781186549,0.));
#5283=DIRECTION('ref_axis',(0.,0.,-1.));
#5284=DIRECTION('',(0.,0.,-1.));
#5285=DIRECTION('',(0.,0.,1.));
#5286=DIRECTION('',(-0.678598344545857,-0.678598344545835,0.281084637714825));
#5287=DIRECTION('center_axis',(0.499999999999991,-0.707106781186559,-0.499999999999992));
#5288=DIRECTION('ref_axis',(-0.707106781186548,0.,-0.707106781186547));
#5289=DIRECTION('',(-0.707106781186548,0.,-0.707106781186547));
#5290=DIRECTION('',(0.707106781186548,0.,0.707106781186547));
#5291=DIRECTION('',(-0.281084637714845,-0.678598344545838,0.678598344545846));
#5292=DIRECTION('center_axis',(0.,-0.707106781186544,-0.707106781186551));
#5293=DIRECTION('ref_axis',(-1.,0.,0.));
#5294=DIRECTION('',(-1.,0.,0.));
#5295=DIRECTION('',(1.,0.,0.));
#5296=DIRECTION('center_axis',(-0.707106781186547,0.,0.707106781186548));
#5297=DIRECTION('ref_axis',(-0.707106781186548,0.,-0.707106781186547));
#5298=DIRECTION('',(0.,-1.,0.));
#5299=DIRECTION('',(-0.707106781186548,0.,-0.707106781186547));
#5300=DIRECTION('',(0.,-1.,0.));
#5301=DIRECTION('center_axis',(-1.,0.,0.));
#5302=DIRECTION('ref_axis',(0.,0.,-1.));
#5303=DIRECTION('',(0.,-1.,0.));
#5304=DIRECTION('',(0.,0.,-1.));
#5305=DIRECTION('center_axis',(0.,0.,-1.));
#5306=DIRECTION('ref_axis',(1.,0.,0.));
#5307=DIRECTION('',(0.,-1.,0.));
#5308=DIRECTION('',(1.,0.,0.));
#5309=DIRECTION('center_axis',(0.,1.,0.));
#5310=DIRECTION('ref_axis',(0.,0.,1.));
#5311=DIRECTION('',(-1.61486985400023E-16,0.,-1.));
#5312=DIRECTION('',(1.,0.,0.));
#5313=DIRECTION('',(0.707106781186547,0.,-0.707106781186548));
#5314=DIRECTION('',(0.,0.,-1.));
#5315=DIRECTION('',(1.,0.,0.));
#5316=DIRECTION('',(1.22464679914735E-16,0.,1.));
#5317=DIRECTION('center_axis',(0.,1.,0.));
#5318=DIRECTION('ref_axis',(-0.707106781186546,0.,-0.707106781186549));
#5319=DIRECTION('',(-1.,0.,1.61486985400023E-16));
#5320=DIRECTION('',(-0.707106781186548,0.,-0.707106781186547));
#5321=DIRECTION('',(-1.,0.,0.));
#5322=DIRECTION('',(0.,0.,1.));
#5323=DIRECTION('',(0.707106781186547,0.,0.707106781186548));
#5324=DIRECTION('',(1.,0.,2.96059473233376E-15));
#5325=DIRECTION('',(0.,0.,-1.));
#5326=DIRECTION('',(2.96059473233376E-15,0.,1.));
#5327=DIRECTION('',(-0.707106781186548,0.,-0.707106781186547));
#5328=DIRECTION('',(-1.,0.,0.));
#5329=DIRECTION('',(-1.48029736616689E-15,0.,1.));
#5330=DIRECTION('',(0.707106781186547,0.,0.707106781186548));
#5331=DIRECTION('',(-1.,0.,0.));
#5332=DIRECTION('',(1.,0.,0.));
#5333=DIRECTION('',(0.,0.,-1.));
#5334=DIRECTION('',(-0.707106781186548,0.,-0.707106781186547));
#5335=DIRECTION('',(-1.,0.,0.));
#5336=DIRECTION('',(0.,0.,1.));
#5337=DIRECTION('',(0.707106781186547,0.,0.707106781186548));
#5338=DIRECTION('',(1.,0.,-2.96059473233374E-15));
#5339=DIRECTION('',(0.,0.,-1.));
#5340=DIRECTION('',(-0.707106781186549,0.,-0.707106781186546));
#5341=DIRECTION('',(-1.,0.,0.));
#5342=DIRECTION('',(-2.96059473233377E-15,0.,1.));
#5343=DIRECTION('',(0.707106781186547,0.,0.707106781186548));
#5344=DIRECTION('center_axis',(0.499999999999999,-0.707106781186549,-0.5));
#5345=DIRECTION('ref_axis',(-0.707106781186548,0.,-0.707106781186547));
#5346=DIRECTION('',(2.41731547646316E-15,-0.577350269189624,0.816496580927727));
#5347=DIRECTION('',(0.707106781186548,0.,0.707106781186547));
#5348=DIRECTION('',(-0.281084637714827,-0.678598344545846,0.678598344545846));
#5349=DIRECTION('center_axis',(0.,-0.707106781186548,-0.707106781186548));
#5350=DIRECTION('ref_axis',(-1.,0.,0.));
#5351=DIRECTION('',(1.,0.,0.));
#5352=DIRECTION('',(0.577350269189626,-0.577350269189626,0.577350269189626));
#5353=DIRECTION('center_axis',(-0.707106781186546,-0.707106781186549,-1.04672830578919E-15));
#5354=DIRECTION('ref_axis',(-1.48029736616689E-15,0.,1.));
#5355=DIRECTION('',(1.48029736616689E-15,0.,-1.));
#5356=DIRECTION('',(0.678598344545857,-0.678598344545838,-0.281084637714819));
#5357=DIRECTION('center_axis',(-0.499999999999998,-0.707106781186551,0.499999999999997));
#5358=DIRECTION('ref_axis',(0.707106781186547,0.,0.707106781186548));
#5359=DIRECTION('',(-0.707106781186547,0.,-0.707106781186548));
#5360=DIRECTION('',(-0.816496580927729,0.577350269189622,0.));
#5361=DIRECTION('center_axis',(0.,-0.707106781186548,-0.707106781186548));
#5362=DIRECTION('ref_axis',(-1.,0.,0.));
#5363=DIRECTION('',(1.,0.,0.));
#5364=DIRECTION('',(0.577350269189626,-0.577350269189626,0.577350269189626));
#5365=DIRECTION('',(-0.281084637714823,-0.678598344545839,0.678598344545854));
#5366=DIRECTION('center_axis',(2.09345661157836E-15,-0.707106781186548,
0.707106781186548));
#5367=DIRECTION('ref_axis',(1.,0.,-2.96059473233374E-15));
#5368=DIRECTION('',(-0.281084637714819,0.67859834454584,0.678598344545855));
#5369=DIRECTION('',(-1.,0.,2.96059473233374E-15));
#5370=DIRECTION('',(-0.577350269189624,-0.577350269189627,-0.577350269189627));
#5371=DIRECTION('center_axis',(-0.707106781186548,-0.707106781186548,-2.09345661157838E-15));
#5372=DIRECTION('ref_axis',(-2.96059473233377E-15,0.,1.));
#5373=DIRECTION('',(2.96059473233377E-15,0.,-1.));
#5374=DIRECTION('',(0.678598344545856,-0.678598344545841,-0.281084637714812));
#5375=DIRECTION('center_axis',(-0.499999999999994,-0.707106781186557,0.499999999999994));
#5376=DIRECTION('ref_axis',(0.707106781186547,0.,0.707106781186548));
#5377=DIRECTION('',(-0.707106781186547,0.,-0.707106781186548));
#5378=DIRECTION('center_axis',(0.70710678118655,-0.707106781186546,0.));
#5379=DIRECTION('ref_axis',(0.,0.,-1.));
#5380=DIRECTION('',(0.,0.,1.));
#5381=DIRECTION('',(-0.678598344545851,-0.67859834454584,0.281084637714827));
#5382=DIRECTION('center_axis',(0.499999999999993,-0.707106781186557,-0.499999999999995));
#5383=DIRECTION('ref_axis',(-0.707106781186549,0.,-0.707106781186546));
#5384=DIRECTION('',(0.707106781186549,0.,0.707106781186546));
#5385=DIRECTION('center_axis',(-0.707106781186546,0.,0.707106781186549));
#5386=DIRECTION('ref_axis',(-0.707106781186549,0.,-0.707106781186546));
#5387=DIRECTION('',(0.,-1.,0.));
#5388=DIRECTION('',(-0.707106781186549,0.,-0.707106781186546));
#5389=DIRECTION('',(0.,-1.,0.));
#5390=DIRECTION('center_axis',(-1.,0.,0.));
#5391=DIRECTION('ref_axis',(0.,0.,-1.));
#5392=DIRECTION('',(0.,-1.,0.));
#5393=DIRECTION('',(0.,0.,-1.));
#5394=DIRECTION('center_axis',(-2.96059473233374E-15,0.,-1.));
#5395=DIRECTION('ref_axis',(1.,0.,-2.96059473233374E-15));
#5396=DIRECTION('',(0.,-1.,0.));
#5397=DIRECTION('',(1.,0.,-2.96059473233374E-15));
#5398=DIRECTION('center_axis',(0.499999999999993,-0.707106781186557,-0.499999999999994));
#5399=DIRECTION('ref_axis',(-0.707106781186548,0.,-0.707106781186547));
#5400=DIRECTION('',(0.678598344545851,0.67859834454584,-0.281084637714827));
#5401=DIRECTION('',(0.707106781186548,0.,0.707106781186547));
#5402=DIRECTION('',(-0.281084637714826,-0.678598344545838,0.678598344545853));
#5403=DIRECTION('center_axis',(0.,-0.707106781186548,-0.707106781186548));
#5404=DIRECTION('ref_axis',(-1.,0.,0.));
#5405=DIRECTION('',(1.,0.,0.));
#5406=DIRECTION('',(0.577350269189626,-0.577350269189626,0.577350269189626));
#5407=DIRECTION('center_axis',(-0.707106781186548,-0.707106781186548,0.));
#5408=DIRECTION('ref_axis',(0.,0.,1.));
#5409=DIRECTION('',(0.,0.,-1.));
#5410=DIRECTION('',(0.678598344545846,-0.678598344545846,-0.281084637714823));
#5411=DIRECTION('center_axis',(-0.5,-0.707106781186549,0.499999999999999));
#5412=DIRECTION('ref_axis',(0.707106781186547,0.,0.707106781186548));
#5413=DIRECTION('',(-0.707106781186547,0.,-0.707106781186548));
#5414=DIRECTION('',(0.281084637714837,-0.678598344545851,-0.678598344545836));
#5415=DIRECTION('center_axis',(-2.0934566115784E-15,-0.70710678118654,0.707106781186555));
#5416=DIRECTION('ref_axis',(1.,0.,2.96059473233376E-15));
#5417=DIRECTION('',(-1.,0.,-2.96059473233376E-15));
#5418=DIRECTION('',(-0.577350269189624,-0.577350269189627,-0.577350269189627));
#5419=DIRECTION('center_axis',(0.70710678118655,-0.707106781186546,0.));
#5420=DIRECTION('ref_axis',(0.,0.,-1.));
#5421=DIRECTION('',(0.,0.,1.));
#5422=DIRECTION('center_axis',(1.,0.,0.));
#5423=DIRECTION('ref_axis',(0.,0.,1.));
#5424=DIRECTION('',(0.,-1.,0.));
#5425=DIRECTION('',(0.,0.,1.));
#5426=DIRECTION('',(0.,-1.,0.));
#5427=DIRECTION('center_axis',(0.,0.,1.));
#5428=DIRECTION('ref_axis',(-1.,0.,0.));
#5429=DIRECTION('',(0.,-1.,0.));
#5430=DIRECTION('',(-1.,0.,0.));
#5431=DIRECTION('center_axis',(-0.707106781186547,0.,0.707106781186548));
#5432=DIRECTION('ref_axis',(-0.707106781186548,0.,-0.707106781186547));
#5433=DIRECTION('',(0.,-1.,0.));
#5434=DIRECTION('',(-0.707106781186548,0.,-0.707106781186547));
#5435=DIRECTION('center_axis',(0.,-0.707106781186548,-0.707106781186548));
#5436=DIRECTION('ref_axis',(-1.,0.,0.));
#5437=DIRECTION('',(1.,0.,0.));
#5438=DIRECTION('',(0.57735026918963,-0.577350269189624,0.577350269189624));
#5439=DIRECTION('',(-0.281084637714826,-0.678598344545838,0.678598344545853));
#5440=DIRECTION('center_axis',(0.,-0.707106781186548,0.707106781186548));
#5441=DIRECTION('ref_axis',(1.,0.,0.));
#5442=DIRECTION('',(-0.281084637714851,0.678598344545841,0.678598344545841));
#5443=DIRECTION('',(-1.,0.,0.));
#5444=DIRECTION('',(-0.577350269189622,-0.577350269189628,-0.577350269189628));
#5445=DIRECTION('center_axis',(-0.707106781186544,-0.707106781186551,0.));
#5446=DIRECTION('ref_axis',(0.,0.,1.));
#5447=DIRECTION('',(0.,0.,-1.));
#5448=DIRECTION('',(0.678598344545852,-0.678598344545837,-0.281084637714834));
#5449=DIRECTION('center_axis',(-0.499999999999992,-0.70710678118656,0.499999999999991));
#5450=DIRECTION('ref_axis',(0.707106781186547,0.,0.707106781186548));
#5451=DIRECTION('',(-0.707106781186547,0.,-0.707106781186548));
#5452=DIRECTION('center_axis',(0.707106781186551,-0.707106781186544,0.));
#5453=DIRECTION('ref_axis',(0.,0.,-1.));
#5454=DIRECTION('',(0.,0.,1.));
#5455=DIRECTION('',(-0.678598344545853,-0.678598344545838,0.281084637714826));
#5456=DIRECTION('center_axis',(0.499999999999993,-0.707106781186557,-0.499999999999994));
#5457=DIRECTION('ref_axis',(-0.707106781186548,0.,-0.707106781186547));
#5458=DIRECTION('',(0.707106781186548,0.,0.707106781186547));
#5459=DIRECTION('center_axis',(-0.707106781186547,0.,0.707106781186548));
#5460=DIRECTION('ref_axis',(-0.707106781186548,0.,-0.707106781186547));
#5461=DIRECTION('',(0.,-1.,0.));
#5462=DIRECTION('',(-0.707106781186548,0.,-0.707106781186547));
#5463=DIRECTION('',(0.,-1.,0.));
#5464=DIRECTION('center_axis',(-1.,0.,0.));
#5465=DIRECTION('ref_axis',(0.,0.,-1.));
#5466=DIRECTION('',(0.,-1.,0.));
#5467=DIRECTION('',(0.,0.,-1.));
#5468=DIRECTION('center_axis',(0.,0.,-1.));
#5469=DIRECTION('ref_axis',(1.,0.,0.));
#5470=DIRECTION('',(0.,-1.,0.));
#5471=DIRECTION('',(1.,0.,0.));
#5472=DIRECTION('center_axis',(0.,0.707106781186548,-0.707106781186548));
#5473=DIRECTION('ref_axis',(-1.,0.,0.));
#5474=DIRECTION('',(1.,0.,0.));
#5475=DIRECTION('',(-0.577350269189626,-0.577350269189626,-0.577350269189626));
#5476=DIRECTION('',(-1.,0.,0.));
#5477=DIRECTION('',(0.281084637714816,-0.678598344545848,-0.678598344545848));
#5478=DIRECTION('center_axis',(-0.707106781186548,0.707106781186548,0.));
#5479=DIRECTION('ref_axis',(0.,0.,1.));
#5480=DIRECTION('',(0.,0.,-1.));
#5481=DIRECTION('',(-0.678598344545841,-0.678598344545841,0.281084637714851));
#5482=DIRECTION('',(0.,0.,1.));
#5483=DIRECTION('center_axis',(0.,0.707106781186548,0.707106781186548));
#5484=DIRECTION('ref_axis',(1.,0.,0.));
#5485=DIRECTION('',(-1.,0.,0.));
#5486=DIRECTION('',(0.577350269189626,-0.577350269189626,0.577350269189626));
#5487=DIRECTION('',(0.281084637714858,0.678598344545839,-0.678598344545839));
#5488=DIRECTION('center_axis',(0.707106781186548,0.707106781186548,0.));
#5489=DIRECTION('ref_axis',(0.,0.,-1.));
#5490=DIRECTION('',(0.,0.,1.));
#5491=DIRECTION('',(0.678598344545846,-0.678598344545846,-0.281084637714823));
#5492=DIRECTION('center_axis',(-0.49999999999999,0.707106781186563,0.499999999999989));
#5493=DIRECTION('ref_axis',(0.707106781186547,0.,0.707106781186548));
#5494=DIRECTION('',(-0.707106781186547,0.,-0.707106781186548));
#5495=DIRECTION('',(0.707106781186547,0.,0.707106781186548));
#5496=DIRECTION('center_axis',(0.499999999999999,0.707106781186549,-0.499999999999999));
#5497=DIRECTION('ref_axis',(-0.707106781186548,0.,-0.707106781186547));
#5498=DIRECTION('',(0.707106781186548,0.,0.707106781186547));
#5499=DIRECTION('center_axis',(1.,0.,0.));
#5500=DIRECTION('ref_axis',(0.,0.,1.));
#5501=DIRECTION('',(0.,-1.,0.));
#5502=DIRECTION('',(0.,-1.,0.));
#5503=DIRECTION('center_axis',(0.707106781186548,0.,-0.707106781186547));
#5504=DIRECTION('ref_axis',(0.707106781186547,0.,0.707106781186548));
#5505=DIRECTION('center_axis',(0.,1.,0.));
#5506=DIRECTION('ref_axis',(0.,0.,1.));
#5507=DIRECTION('',(-0.707106781186547,0.,0.707106781186548));
#5508=DIRECTION('',(1.,0.,0.));
#5509=DIRECTION('center_axis',(0.,1.,0.));
#5510=DIRECTION('ref_axis',(-0.707106781186546,0.,-0.707106781186549));
#5511=DIRECTION('',(0.,0.,-1.));
#5512=DIRECTION('',(1.,0.,0.));
#5513=DIRECTION('',(0.707106781186548,0.,0.707106781186547));
#5514=DIRECTION('',(0.,0.,1.));
#5515=DIRECTION('',(-1.,0.,-2.96059473233376E-15));
#5516=DIRECTION('',(-0.707106781186547,0.,-0.707106781186548));
#5517=DIRECTION('',(0.,0.,-1.));
#5518=DIRECTION('',(-1.,0.,0.));
#5519=DIRECTION('',(-0.707106781186548,0.,-0.707106781186547));
#5520=DIRECTION('',(1.48029736616689E-15,0.,-1.));
#5521=DIRECTION('',(1.,0.,0.));
#5522=DIRECTION('',(0.707106781186548,0.,0.707106781186547));
#5523=DIRECTION('',(0.,0.,1.));
#5524=DIRECTION('',(-2.96059473233376E-15,0.,-1.));
#5525=DIRECTION('',(1.,0.,0.));
#5526=DIRECTION('',(-0.707106781186547,0.,-0.707106781186548));
#5527=DIRECTION('',(1.48029736616689E-15,0.,-1.));
#5528=DIRECTION('',(1.,0.,0.));
#5529=DIRECTION('',(0.707106781186548,0.,0.707106781186547));
#5530=DIRECTION('',(-1.,0.,2.96059473233374E-15));
#5531=DIRECTION('',(-0.707106781186547,0.,-0.707106781186548));
#5532=DIRECTION('',(2.96059473233377E-15,0.,-1.));
#5533=DIRECTION('',(1.,0.,0.));
#5534=DIRECTION('',(0.707106781186549,0.,0.707106781186546));
#5535=DIRECTION('',(0.,0.,1.));
#5536=DIRECTION('center_axis',(0.,0.707106781186548,-0.707106781186548));
#5537=DIRECTION('ref_axis',(-1.,0.,0.));
#5538=DIRECTION('',(-0.577350269189626,-0.577350269189626,-0.577350269189626));
#5539=DIRECTION('',(0.281084637714816,-0.678598344545848,-0.678598344545848));
#5540=DIRECTION('center_axis',(-0.707106781186548,0.707106781186548,0.));
#5541=DIRECTION('ref_axis',(0.,0.,1.));
#5542=DIRECTION('',(-0.678598344545846,-0.678598344545846,0.281084637714823));
#5543=DIRECTION('center_axis',(0.499999999999999,0.707106781186549,-0.499999999999999));
#5544=DIRECTION('ref_axis',(-0.707106781186548,0.,-0.707106781186547));
#5545=DIRECTION('',(-0.678598344545844,0.678598344545848,0.281084637714824));
#5546=DIRECTION('center_axis',(-0.5,0.707106781186549,0.499999999999999));
#5547=DIRECTION('ref_axis',(0.707106781186547,0.,0.707106781186548));
#5548=DIRECTION('',(-0.281084637714823,-0.678598344545846,0.678598344545846));
#5549=DIRECTION('',(0.707106781186547,0.,0.707106781186548));
#5550=DIRECTION('center_axis',(-2.09345661157837E-15,0.707106781186548,
0.707106781186548));
#5551=DIRECTION('ref_axis',(1.,0.,2.96059473233376E-15));
#5552=DIRECTION('',(0.577350269189624,-0.577350269189627,0.577350269189627));
#5553=DIRECTION('',(1.,0.,2.96059473233376E-15));
#5554=DIRECTION('center_axis',(0.70710678118655,0.707106781186546,0.));
#5555=DIRECTION('ref_axis',(0.,0.,-1.));
#5556=DIRECTION('',(0.,0.,-1.));
#5557=DIRECTION('center_axis',(-1.,0.,0.));
#5558=DIRECTION('ref_axis',(0.,0.,-1.));
#5559=DIRECTION('',(0.,-1.,0.));
#5560=DIRECTION('center_axis',(0.,0.707106781186548,-0.707106781186548));
#5561=DIRECTION('ref_axis',(-1.,0.,0.));
#5562=DIRECTION('',(-0.577350269189622,-0.577350269189628,-0.577350269189628));
#5563=DIRECTION('',(-1.,0.,0.));
#5564=DIRECTION('',(0.281084637714823,-0.678598344545846,-0.678598344545846));
#5565=DIRECTION('center_axis',(-0.707106781186548,0.707106781186548,-2.09345661157838E-15));
#5566=DIRECTION('ref_axis',(-2.96059473233377E-15,0.,1.));
#5567=DIRECTION('',(-0.678598344545846,-0.678598344545846,0.281084637714823));
#5568=DIRECTION('',(-2.96059473233377E-15,0.,1.));
#5569=DIRECTION('center_axis',(2.09345661157836E-15,0.707106781186548,0.707106781186548));
#5570=DIRECTION('ref_axis',(1.,0.,-2.96059473233374E-15));
#5571=DIRECTION('',(0.577350269189625,-0.577350269189626,0.577350269189626));
#5572=DIRECTION('',(0.281084637714815,0.678598344545848,-0.678598344545848));
#5573=DIRECTION('center_axis',(0.707106781186548,0.707106781186547,0.));
#5574=DIRECTION('ref_axis',(0.,0.,-1.));
#5575=DIRECTION('',(0.678598344545846,-0.678598344545846,-0.281084637714823));
#5576=DIRECTION('center_axis',(-0.499999999999999,0.707106781186549,0.499999999999999));
#5577=DIRECTION('ref_axis',(0.707106781186547,0.,0.707106781186548));
#5578=DIRECTION('',(0.707106781186547,0.,0.707106781186548));
#5579=DIRECTION('center_axis',(0.499999999999998,0.707106781186549,-0.5));
#5580=DIRECTION('ref_axis',(-0.707106781186549,0.,-0.707106781186546));
#5581=DIRECTION('center_axis',(1.,0.,2.96059473233377E-15));
#5582=DIRECTION('ref_axis',(-2.96059473233377E-15,0.,1.));
#5583=DIRECTION('',(0.,-1.,0.));
#5584=DIRECTION('',(0.,-1.,0.));
#5585=DIRECTION('center_axis',(0.707106781186548,0.,-0.707106781186547));
#5586=DIRECTION('ref_axis',(0.707106781186547,0.,0.707106781186548));
#5587=DIRECTION('center_axis',(0.499999999999999,0.707106781186549,-0.5));
#5588=DIRECTION('ref_axis',(-0.707106781186548,0.,-0.707106781186547));
#5589=DIRECTION('',(-0.707106781186548,0.,-0.707106781186547));
#5590=DIRECTION('',(-2.41731547646316E-15,-0.577350269189624,-0.816496580927727));
#5591=DIRECTION('',(0.281084637714823,-0.678598344545846,-0.678598344545846));
#5592=DIRECTION('center_axis',(0.,0.707106781186548,-0.707106781186548));
#5593=DIRECTION('ref_axis',(-1.,0.,0.));
#5594=DIRECTION('',(-1.,0.,0.));
#5595=DIRECTION('',(-0.577350269189628,-0.577350269189625,-0.577350269189625));
#5596=DIRECTION('center_axis',(-0.707106781186546,0.707106781186549,-1.04672830578919E-15));
#5597=DIRECTION('ref_axis',(-1.48029736616689E-15,0.,1.));
#5598=DIRECTION('',(-1.48029736616689E-15,0.,1.));
#5599=DIRECTION('',(-0.67859834454585,-0.678598344545846,0.281084637714816));
#5600=DIRECTION('center_axis',(-0.499999999999999,0.707106781186549,0.499999999999999));
#5601=DIRECTION('ref_axis',(0.707106781186547,0.,0.707106781186548));
#5602=DIRECTION('',(0.816496580927727,0.577350269189625,0.));
#5603=DIRECTION('',(0.707106781186547,0.,0.707106781186548));
#5604=DIRECTION('center_axis',(-0.707106781186547,0.,0.707106781186548));
#5605=DIRECTION('ref_axis',(-0.707106781186548,0.,-0.707106781186547));
#5606=DIRECTION('',(0.,-1.,0.));
#5607=DIRECTION('',(0.,-1.,0.));
#5608=DIRECTION('center_axis',(0.,0.,1.));
#5609=DIRECTION('ref_axis',(-1.,0.,0.));
#5610=DIRECTION('',(0.,-1.,0.));
#5611=DIRECTION('center_axis',(1.,0.,1.48029736616689E-15));
#5612=DIRECTION('ref_axis',(-1.48029736616689E-15,0.,1.));
#5613=DIRECTION('',(0.,-1.,0.));
#5614=DIRECTION('center_axis',(0.707106781186548,0.,-0.707106781186547));
#5615=DIRECTION('ref_axis',(0.707106781186547,0.,0.707106781186548));
#5616=DIRECTION('',(0.,-1.,0.));
#5617=DIRECTION('center_axis',(0.,0.707106781186548,-0.707106781186548));
#5618=DIRECTION('ref_axis',(-1.,0.,0.));
#5619=DIRECTION('',(-0.577350269189624,-0.577350269189627,-0.577350269189627));
#5620=DIRECTION('',(-1.,0.,0.));
#5621=DIRECTION('',(0.281084637714837,-0.678598344545844,-0.678598344545844));
#5622=DIRECTION('center_axis',(-0.70710678118655,0.707106781186546,-1.04672830578919E-15));
#5623=DIRECTION('ref_axis',(-1.48029736616689E-15,0.,1.));
#5624=DIRECTION('',(-0.678598344545843,-0.678598344545847,0.281084637714831));
#5625=DIRECTION('',(-1.48029736616689E-15,0.,1.));
#5626=DIRECTION('center_axis',(0.,0.707106781186548,0.707106781186548));
#5627=DIRECTION('ref_axis',(1.,0.,0.));
#5628=DIRECTION('',(0.577350269189627,-0.577350269189625,0.577350269189625));
#5629=DIRECTION('',(0.281084637714823,0.678598344545846,-0.678598344545846));
#5630=DIRECTION('center_axis',(0.707106781186547,0.707106781186549,0.));
#5631=DIRECTION('ref_axis',(0.,0.,-1.));
#5632=DIRECTION('',(0.678598344545847,-0.678598344545843,-0.281084637714829));
#5633=DIRECTION('center_axis',(-0.499999999999999,0.707106781186549,0.499999999999999));
#5634=DIRECTION('ref_axis',(0.707106781186548,0.,0.707106781186547));
#5635=DIRECTION('',(0.707106781186548,0.,0.707106781186547));
#5636=DIRECTION('center_axis',(0.499999999999995,0.707106781186554,-0.499999999999996));
#5637=DIRECTION('ref_axis',(-0.707106781186548,0.,-0.707106781186547));
#5638=DIRECTION('center_axis',(1.,0.,1.48029736616689E-15));
#5639=DIRECTION('ref_axis',(-1.48029736616689E-15,0.,1.));
#5640=DIRECTION('',(0.,-1.,0.));
#5641=DIRECTION('',(0.,-1.,0.));
#5642=DIRECTION('center_axis',(0.707106781186547,0.,-0.707106781186548));
#5643=DIRECTION('ref_axis',(0.707106781186548,0.,0.707106781186547));
#5644=DIRECTION('center_axis',(0.499999999999999,0.707106781186549,-0.499999999999999));
#5645=DIRECTION('ref_axis',(-0.707106781186548,0.,-0.707106781186547));
#5646=DIRECTION('',(0.707106781186548,0.,0.707106781186547));
#5647=DIRECTION('',(0.281084637714823,-0.678598344545846,-0.678598344545846));
#5648=DIRECTION('',(-0.707106781186548,0.,-0.707106781186547));
#5649=DIRECTION('',(-0.678598344545844,0.678598344545848,0.281084637714824));
#5650=DIRECTION('center_axis',(0.,0.707106781186548,-0.707106781186548));
#5651=DIRECTION('ref_axis',(-1.,0.,0.));
#5652=DIRECTION('',(1.,0.,0.));
#5653=DIRECTION('',(-0.577350269189626,-0.577350269189626,-0.577350269189626));
#5654=DIRECTION('',(-1.,0.,0.));
#5655=DIRECTION('center_axis',(-0.707106781186548,0.707106781186548,0.));
#5656=DIRECTION('ref_axis',(0.,0.,1.));
#5657=DIRECTION('',(0.,0.,-1.));
#5658=DIRECTION('',(-0.678598344545846,-0.678598344545846,0.281084637714823));
#5659=DIRECTION('',(0.,0.,1.));
#5660=DIRECTION('center_axis',(-0.5,0.707106781186549,0.499999999999999));
#5661=DIRECTION('ref_axis',(0.707106781186547,0.,0.707106781186548));
#5662=DIRECTION('',(-0.707106781186547,0.,-0.707106781186548));
#5663=DIRECTION('',(-0.281084637714837,-0.678598344545851,0.678598344545836));
#5664=DIRECTION('',(0.707106781186547,0.,0.707106781186548));
#5665=DIRECTION('center_axis',(-2.0934566115784E-15,0.70710678118654,0.707106781186555));
#5666=DIRECTION('ref_axis',(1.,0.,2.96059473233376E-15));
#5667=DIRECTION('',(1.,0.,2.96059473233376E-15));
#5668=DIRECTION('',(-1.,0.,-2.96059473233376E-15));
#5669=DIRECTION('',(0.577350269189624,-0.577350269189627,0.577350269189627));
#5670=DIRECTION('center_axis',(0.70710678118655,0.707106781186546,0.));
#5671=DIRECTION('ref_axis',(0.,0.,-1.));
#5672=DIRECTION('',(0.,0.,-1.));
#5673=DIRECTION('',(0.,0.,1.));
#5674=DIRECTION('center_axis',(2.96059473233376E-15,0.,-1.));
#5675=DIRECTION('ref_axis',(1.,0.,2.96059473233376E-15));
#5676=DIRECTION('',(0.,-1.,0.));
#5677=DIRECTION('',(-1.,0.,-2.96059473233376E-15));
#5678=DIRECTION('',(0.,-1.,0.));
#5679=DIRECTION('center_axis',(-1.,0.,0.));
#5680=DIRECTION('ref_axis',(0.,0.,-1.));
#5681=DIRECTION('',(0.,-1.,0.));
#5682=DIRECTION('',(0.,0.,1.));
#5683=DIRECTION('center_axis',(-0.707106781186547,0.,0.707106781186548));
#5684=DIRECTION('ref_axis',(-0.707106781186548,0.,-0.707106781186547));
#5685=DIRECTION('',(0.,-1.,0.));
#5686=DIRECTION('',(0.707106781186548,0.,0.707106781186547));
#5687=DIRECTION('center_axis',(0.,1.,0.));
#5688=DIRECTION('ref_axis',(0.,0.,1.));
#5689=DIRECTION('',(1.61486985400023E-16,0.,1.));
#5690=DIRECTION('',(1.,0.,-1.61486985400023E-16));
#5691=DIRECTION('center_axis',(0.,-1.,0.));
#5692=DIRECTION('ref_axis',(-0.707106781186546,0.,-0.707106781186549));
#5693=DIRECTION('',(-1.22464679914735E-16,0.,-1.));
#5694=DIRECTION('',(-1.,0.,0.));
#5695=DIRECTION('',(0.,0.,1.));
#5696=DIRECTION('',(-0.707106781186547,0.,0.707106781186548));
#5697=DIRECTION('',(-1.,0.,0.));
#5698=DIRECTION('',(-1.,0.,0.));
#5699=DIRECTION('',(-0.707106781186547,0.,-0.707106781186548));
#5700=DIRECTION('',(0.,0.,-1.));
#5701=DIRECTION('',(1.,0.,0.));
#5702=DIRECTION('',(0.707106781186548,0.,0.707106781186547));
#5703=DIRECTION('',(0.,0.,1.));
#5704=DIRECTION('',(-1.,0.,2.96059473233374E-15));
#5705=DIRECTION('',(-0.707106781186547,0.,-0.707106781186548));
#5706=DIRECTION('',(2.96059473233377E-15,0.,-1.));
#5707=DIRECTION('',(1.,0.,0.));
#5708=DIRECTION('',(0.707106781186549,0.,0.707106781186546));
#5709=DIRECTION('',(0.,0.,1.));
#5710=DIRECTION('',(-2.96059473233376E-15,0.,-1.));
#5711=DIRECTION('',(1.,0.,0.));
#5712=DIRECTION('',(-0.707106781186547,0.,-0.707106781186548));
#5713=DIRECTION('',(1.48029736616689E-15,0.,-1.));
#5714=DIRECTION('',(1.,0.,0.));
#5715=DIRECTION('',(0.707106781186548,0.,0.707106781186547));
#5716=DIRECTION('',(-1.,0.,0.));
#5717=DIRECTION('',(-0.707106781186548,0.,-0.707106781186547));
#5718=DIRECTION('',(1.48029736616689E-15,0.,-1.));
#5719=DIRECTION('',(1.,0.,0.));
#5720=DIRECTION('',(0.707106781186548,0.,0.707106781186547));
#5721=DIRECTION('',(0.,0.,1.));
#5722=DIRECTION('center_axis',(-0.707106781186544,0.707106781186551,0.));
#5723=DIRECTION('ref_axis',(0.,0.,1.));
#5724=DIRECTION('',(-0.678598344545852,-0.678598344545837,0.281084637714834));
#5725=DIRECTION('',(0.,0.,1.));
#5726=DIRECTION('',(-0.57735026918963,-0.577350269189624,-0.577350269189624));
#5727=DIRECTION('center_axis',(0.,0.707106781186548,0.707106781186548));
#5728=DIRECTION('ref_axis',(1.,0.,0.));
#5729=DIRECTION('',(0.577350269189622,-0.577350269189628,0.577350269189628));
#5730=DIRECTION('',(1.,0.,0.));
#5731=DIRECTION('',(0.281084637714851,0.678598344545841,-0.678598344545841));
#5732=DIRECTION('center_axis',(0.707106781186551,0.707106781186544,0.));
#5733=DIRECTION('ref_axis',(0.,0.,-1.));
#5734=DIRECTION('',(0.678598344545846,-0.678598344545846,-0.281084637714823));
#5735=DIRECTION('',(0.,0.,-1.));
#5736=DIRECTION('center_axis',(0.499999999999999,0.707106781186549,-0.499999999999999));
#5737=DIRECTION('ref_axis',(-0.707106781186548,0.,-0.707106781186547));
#5738=DIRECTION('',(-0.707106781186548,0.,-0.707106781186547));
#5739=DIRECTION('',(0.281084637714823,-0.678598344545846,-0.678598344545846));
#5740=DIRECTION('center_axis',(0.,0.707106781186548,-0.707106781186548));
#5741=DIRECTION('ref_axis',(-1.,0.,0.));
#5742=DIRECTION('',(-1.,0.,0.));
#5743=DIRECTION('center_axis',(-0.499999999999992,0.70710678118656,0.499999999999991));
#5744=DIRECTION('ref_axis',(0.707106781186547,0.,0.707106781186548));
#5745=DIRECTION('',(0.707106781186547,0.,0.707106781186548));
#5746=DIRECTION('center_axis',(1.,0.,0.));
#5747=DIRECTION('ref_axis',(0.,0.,1.));
#5748=DIRECTION('',(0.,-1.,0.));
#5749=DIRECTION('',(0.,0.,-1.));
#5750=DIRECTION('',(0.,-1.,0.));
#5751=DIRECTION('center_axis',(0.707106781186548,0.,-0.707106781186547));
#5752=DIRECTION('ref_axis',(0.707106781186547,0.,0.707106781186548));
#5753=DIRECTION('',(0.,-1.,0.));
#5754=DIRECTION('',(-0.707106781186547,0.,-0.707106781186548));
#5755=DIRECTION('center_axis',(0.,0.,-1.));
#5756=DIRECTION('ref_axis',(1.,0.,0.));
#5757=DIRECTION('',(0.,-1.,0.));
#5758=DIRECTION('',(-1.,0.,0.));
#5759=DIRECTION('center_axis',(-0.707106781186548,-0.707106781186548,0.));
#5760=DIRECTION('ref_axis',(0.,0.,1.));
#5761=DIRECTION('',(0.678598344545841,-0.678598344545841,-0.281084637714851));
#5762=DIRECTION('',(0.,0.,1.));
#5763=DIRECTION('',(0.577350269189626,-0.577350269189626,0.577350269189626));
#5764=DIRECTION('center_axis',(0.,-0.707106781186548,0.707106781186548));
#5765=DIRECTION('ref_axis',(1.,0.,0.));
#5766=DIRECTION('',(1.,0.,0.));
#5767=DIRECTION('',(-0.281084637714858,0.678598344545839,0.678598344545839));
#5768=DIRECTION('',(-0.577350269189626,-0.577350269189626,-0.577350269189626));
#5769=DIRECTION('center_axis',(-0.49999999999999,-0.707106781186563,0.499999999999989));
#5770=DIRECTION('ref_axis',(0.707106781186547,0.,0.707106781186548));
#5771=DIRECTION('',(0.707106781186547,0.,0.707106781186548));
#5772=DIRECTION('center_axis',(0.707106781186548,-0.707106781186548,0.));
#5773=DIRECTION('ref_axis',(0.,0.,-1.));
#5774=DIRECTION('',(0.,0.,-1.));
#5775=DIRECTION('',(0.,0.,1.));
#5776=DIRECTION('',(-0.678598344545846,-0.678598344545846,0.281084637714823));
#5777=DIRECTION('center_axis',(0.499999999999999,-0.707106781186549,-0.499999999999999));
#5778=DIRECTION('ref_axis',(-0.707106781186548,0.,-0.707106781186547));
#5779=DIRECTION('',(-0.707106781186548,0.,-0.707106781186547));
#5780=DIRECTION('',(0.707106781186548,0.,0.707106781186547));
#5781=DIRECTION('',(-0.281084637714816,-0.678598344545848,0.678598344545848));
#5782=DIRECTION('center_axis',(0.,-0.707106781186548,-0.707106781186548));
#5783=DIRECTION('ref_axis',(-1.,0.,0.));
#5784=DIRECTION('',(-1.,0.,0.));
#5785=DIRECTION('',(1.,0.,0.));
#5786=DIRECTION('center_axis',(-0.707106781186547,0.,0.707106781186548));
#5787=DIRECTION('ref_axis',(-0.707106781186548,0.,-0.707106781186547));
#5788=DIRECTION('',(0.,-1.,0.));
#5789=DIRECTION('',(0.,-1.,0.));
#5790=DIRECTION('center_axis',(-1.,0.,0.));
#5791=DIRECTION('ref_axis',(0.,0.,-1.));
#5792=DIRECTION('center_axis',(0.,1.,0.));
#5793=DIRECTION('ref_axis',(0.,0.,1.));
#5794=DIRECTION('',(0.707106781186547,0.,-0.707106781186548));
#5795=DIRECTION('',(0.,0.,1.));
#5796=DIRECTION('center_axis',(0.,-1.,0.));
#5797=DIRECTION('ref_axis',(-0.707106781186546,0.,-0.707106781186549));
#5798=DIRECTION('',(-1.,0.,0.));
#5799=DIRECTION('',(0.,0.,1.));
#5800=DIRECTION('',(0.707106781186547,0.,0.707106781186548));
#5801=DIRECTION('',(1.,0.,2.96059473233376E-15));
#5802=DIRECTION('',(0.,0.,-1.));
#5803=DIRECTION('',(-0.707106781186548,0.,-0.707106781186547));
#5804=DIRECTION('',(-1.,0.,0.));
#5805=DIRECTION('',(2.96059473233376E-15,0.,1.));
#5806=DIRECTION('',(-0.707106781186548,0.,-0.707106781186547));
#5807=DIRECTION('',(-1.,0.,0.));
#5808=DIRECTION('',(-1.48029736616689E-15,0.,1.));
#5809=DIRECTION('',(0.707106781186547,0.,0.707106781186548));
#5810=DIRECTION('',(-1.,0.,0.));
#5811=DIRECTION('',(1.,0.,0.));
#5812=DIRECTION('',(0.,0.,-1.));
#5813=DIRECTION('',(-0.707106781186548,0.,-0.707106781186547));
#5814=DIRECTION('',(-1.,0.,0.));
#5815=DIRECTION('',(-1.48029736616689E-15,0.,1.));
#5816=DIRECTION('',(0.707106781186548,0.,0.707106781186547));
#5817=DIRECTION('',(1.,0.,-2.96059473233374E-15));
#5818=DIRECTION('',(0.,0.,-1.));
#5819=DIRECTION('',(-0.707106781186549,0.,-0.707106781186546));
#5820=DIRECTION('',(-1.,0.,0.));
#5821=DIRECTION('',(-2.96059473233377E-15,0.,1.));
#5822=DIRECTION('',(0.707106781186547,0.,0.707106781186548));
#5823=DIRECTION('center_axis',(0.499999999999999,-0.707106781186549,-0.499999999999999));
#5824=DIRECTION('ref_axis',(-0.707106781186548,0.,-0.707106781186547));
#5825=DIRECTION('',(0.678598344545844,0.678598344545848,-0.281084637714824));
#5826=DIRECTION('',(-0.281084637714816,-0.678598344545848,0.678598344545848));
#5827=DIRECTION('center_axis',(-0.707106781186548,-0.707106781186548,0.));
#5828=DIRECTION('ref_axis',(0.,0.,1.));
#5829=DIRECTION('',(0.,0.,-1.));
#5830=DIRECTION('',(0.678598344545846,-0.678598344545846,-0.281084637714823));
#5831=DIRECTION('',(0.577350269189626,-0.577350269189626,0.577350269189626));
#5832=DIRECTION('center_axis',(-0.5,-0.707106781186549,0.499999999999999));
#5833=DIRECTION('ref_axis',(0.707106781186547,0.,0.707106781186548));
#5834=DIRECTION('',(-0.707106781186547,0.,-0.707106781186548));
#5835=DIRECTION('',(0.281084637714823,-0.678598344545846,-0.678598344545846));
#5836=DIRECTION('center_axis',(-2.09345661157837E-15,-0.707106781186548,
0.707106781186548));
#5837=DIRECTION('ref_axis',(1.,0.,2.96059473233376E-15));
#5838=DIRECTION('',(-0.577350269189624,-0.577350269189627,-0.577350269189627));
#5839=DIRECTION('center_axis',(0.70710678118655,-0.707106781186546,0.));
#5840=DIRECTION('ref_axis',(0.,0.,-1.));
#5841=DIRECTION('center_axis',(0.,-0.707106781186548,-0.707106781186548));
#5842=DIRECTION('ref_axis',(-1.,0.,0.));
#5843=DIRECTION('',(1.,0.,0.));
#5844=DIRECTION('center_axis',(0.707106781186548,0.,-0.707106781186547));
#5845=DIRECTION('ref_axis',(0.707106781186547,0.,0.707106781186548));
#5846=DIRECTION('',(0.,-1.,0.));
#5847=DIRECTION('center_axis',(1.,0.,0.));
#5848=DIRECTION('ref_axis',(0.,0.,1.));
#5849=DIRECTION('',(0.,-1.,0.));
#5850=DIRECTION('center_axis',(0.,-0.707106781186548,-0.707106781186548));
#5851=DIRECTION('ref_axis',(-1.,0.,0.));
#5852=DIRECTION('',(1.,0.,0.));
#5853=DIRECTION('',(0.577350269189622,-0.577350269189628,0.577350269189628));
#5854=DIRECTION('',(-0.281084637714823,-0.678598344545846,0.678598344545846));
#5855=DIRECTION('center_axis',(2.09345661157836E-15,-0.707106781186548,
0.707106781186548));
#5856=DIRECTION('ref_axis',(1.,0.,-2.96059473233374E-15));
#5857=DIRECTION('',(-0.281084637714815,0.678598344545848,0.678598344545848));
#5858=DIRECTION('',(-1.,0.,2.96059473233374E-15));
#5859=DIRECTION('',(-0.577350269189625,-0.577350269189626,-0.577350269189626));
#5860=DIRECTION('center_axis',(-0.707106781186548,-0.707106781186548,-2.09345661157838E-15));
#5861=DIRECTION('ref_axis',(-2.96059473233377E-15,0.,1.));
#5862=DIRECTION('',(2.96059473233377E-15,0.,-1.));
#5863=DIRECTION('',(0.678598344545846,-0.678598344545846,-0.281084637714823));
#5864=DIRECTION('center_axis',(-0.499999999999999,-0.707106781186549,0.499999999999999));
#5865=DIRECTION('ref_axis',(0.707106781186547,0.,0.707106781186548));
#5866=DIRECTION('',(-0.707106781186547,0.,-0.707106781186548));
#5867=DIRECTION('center_axis',(0.707106781186548,-0.707106781186547,0.));
#5868=DIRECTION('ref_axis',(0.,0.,-1.));
#5869=DIRECTION('',(0.,0.,1.));
#5870=DIRECTION('',(-0.678598344545846,-0.678598344545846,0.281084637714823));
#5871=DIRECTION('center_axis',(0.499999999999998,-0.707106781186549,-0.5));
#5872=DIRECTION('ref_axis',(-0.707106781186549,0.,-0.707106781186546));
#5873=DIRECTION('',(0.707106781186549,0.,0.707106781186546));
#5874=DIRECTION('center_axis',(-0.707106781186546,0.,0.707106781186549));
#5875=DIRECTION('ref_axis',(-0.707106781186549,0.,-0.707106781186546));
#5876=DIRECTION('',(0.,-1.,0.));
#5877=DIRECTION('',(-0.707106781186549,0.,-0.707106781186546));
#5878=DIRECTION('',(0.,-1.,0.));
#5879=DIRECTION('center_axis',(-1.,0.,0.));
#5880=DIRECTION('ref_axis',(0.,0.,-1.));
#5881=DIRECTION('',(0.,-1.,0.));
#5882=DIRECTION('',(0.,0.,-1.));
#5883=DIRECTION('center_axis',(-2.96059473233374E-15,0.,-1.));
#5884=DIRECTION('ref_axis',(1.,0.,-2.96059473233374E-15));
#5885=DIRECTION('',(0.,-1.,0.));
#5886=DIRECTION('',(1.,0.,-2.96059473233374E-15));
#5887=DIRECTION('center_axis',(0.499999999999999,-0.707106781186549,-0.5));
#5888=DIRECTION('ref_axis',(-0.707106781186548,0.,-0.707106781186547));
#5889=DIRECTION('',(2.41731547646316E-15,-0.577350269189624,0.816496580927727));
#5890=DIRECTION('',(0.707106781186548,0.,0.707106781186547));
#5891=DIRECTION('',(-0.281084637714823,-0.678598344545846,0.678598344545846));
#5892=DIRECTION('center_axis',(0.,-0.707106781186548,-0.707106781186548));
#5893=DIRECTION('ref_axis',(-1.,0.,0.));
#5894=DIRECTION('',(1.,0.,0.));
#5895=DIRECTION('',(0.577350269189628,-0.577350269189625,0.577350269189625));
#5896=DIRECTION('center_axis',(-0.707106781186546,-0.707106781186549,-1.04672830578919E-15));
#5897=DIRECTION('ref_axis',(-1.48029736616689E-15,0.,1.));
#5898=DIRECTION('',(1.48029736616689E-15,0.,-1.));
#5899=DIRECTION('',(0.67859834454585,-0.678598344545846,-0.281084637714816));
#5900=DIRECTION('center_axis',(-0.499999999999999,-0.707106781186549,0.499999999999999));
#5901=DIRECTION('ref_axis',(0.707106781186547,0.,0.707106781186548));
#5902=DIRECTION('',(-0.707106781186547,0.,-0.707106781186548));
#5903=DIRECTION('',(-0.816496580927727,0.577350269189625,0.));
#5904=DIRECTION('center_axis',(0.,-0.707106781186548,-0.707106781186548));
#5905=DIRECTION('ref_axis',(-1.,0.,0.));
#5906=DIRECTION('',(1.,0.,0.));
#5907=DIRECTION('',(0.577350269189624,-0.577350269189627,0.577350269189627));
#5908=DIRECTION('',(-0.281084637714837,-0.678598344545844,0.678598344545844));
#5909=DIRECTION('center_axis',(0.,-0.707106781186548,0.707106781186548));
#5910=DIRECTION('ref_axis',(1.,0.,0.));
#5911=DIRECTION('',(-0.281084637714823,0.678598344545846,0.678598344545846));
#5912=DIRECTION('',(-1.,0.,0.));
#5913=DIRECTION('',(-0.577350269189627,-0.577350269189625,-0.577350269189625));
#5914=DIRECTION('center_axis',(-0.70710678118655,-0.707106781186546,-1.04672830578919E-15));
#5915=DIRECTION('ref_axis',(-1.48029736616689E-15,0.,1.));
#5916=DIRECTION('',(1.48029736616689E-15,0.,-1.));
#5917=DIRECTION('',(0.678598344545843,-0.678598344545847,-0.281084637714831));
#5918=DIRECTION('center_axis',(-0.499999999999999,-0.707106781186549,0.499999999999999));
#5919=DIRECTION('ref_axis',(0.707106781186548,0.,0.707106781186547));
#5920=DIRECTION('',(-0.707106781186548,0.,-0.707106781186547));
#5921=DIRECTION('center_axis',(0.707106781186547,-0.707106781186549,0.));
#5922=DIRECTION('ref_axis',(0.,0.,-1.));
#5923=DIRECTION('',(0.,0.,1.));
#5924=DIRECTION('',(-0.678598344545847,-0.678598344545843,0.281084637714829));
#5925=DIRECTION('center_axis',(0.499999999999995,-0.707106781186554,-0.499999999999996));
#5926=DIRECTION('ref_axis',(-0.707106781186548,0.,-0.707106781186547));
#5927=DIRECTION('',(0.707106781186548,0.,0.707106781186547));
#5928=DIRECTION('center_axis',(-0.707106781186547,0.,0.707106781186548));
#5929=DIRECTION('ref_axis',(-0.707106781186548,0.,-0.707106781186547));
#5930=DIRECTION('',(0.,-1.,0.));
#5931=DIRECTION('',(-0.707106781186548,0.,-0.707106781186547));
#5932=DIRECTION('',(0.,-1.,0.));
#5933=DIRECTION('center_axis',(-1.,0.,0.));
#5934=DIRECTION('ref_axis',(0.,0.,-1.));
#5935=DIRECTION('',(0.,-1.,0.));
#5936=DIRECTION('',(0.,0.,-1.));
#5937=DIRECTION('center_axis',(0.,0.,-1.));
#5938=DIRECTION('ref_axis',(1.,0.,0.));
#5939=DIRECTION('',(0.,-1.,0.));
#5940=DIRECTION('',(1.,0.,0.));
#5941=DIRECTION('center_axis',(0.,0.707106781186544,-0.707106781186551));
#5942=DIRECTION('ref_axis',(-1.,0.,0.));
#5943=DIRECTION('',(-0.577350269189632,-0.577350269189626,-0.577350269189619));
#5944=DIRECTION('',(-1.,0.,0.));
#5945=DIRECTION('',(0.281084637714842,-0.678598344545846,-0.678598344545839));
#5946=DIRECTION('center_axis',(-0.707106781186544,0.707106781186551,-1.04672830578918E-15));
#5947=DIRECTION('ref_axis',(-1.48029736616689E-15,0.,1.));
#5948=DIRECTION('',(-0.67859834454585,-0.678598344545843,0.281084637714822));
#5949=DIRECTION('',(-1.48029736616689E-15,0.,1.));
#5950=DIRECTION('center_axis',(0.,0.707106781186548,0.707106781186548));
#5951=DIRECTION('ref_axis',(1.,0.,0.));
#5952=DIRECTION('',(0.577350269189628,-0.577350269189625,0.577350269189625));
#5953=DIRECTION('',(0.281084637714827,0.678598344545846,-0.678598344545846));
#5954=DIRECTION('center_axis',(0.707106781186546,0.707106781186549,0.));
#5955=DIRECTION('ref_axis',(0.,0.,-1.));
#5956=DIRECTION('',(0.67859834454585,-0.678598344545843,-0.281084637714822));
#5957=DIRECTION('center_axis',(-0.499999999999999,0.707106781186549,0.499999999999999));
#5958=DIRECTION('ref_axis',(0.707106781186548,0.,0.707106781186547));
#5959=DIRECTION('',(0.707106781186548,0.,0.707106781186547));
#5960=DIRECTION('center_axis',(0.499999999999997,0.707106781186552,-0.499999999999998));
#5961=DIRECTION('ref_axis',(-0.707106781186548,0.,-0.707106781186547));
#5962=DIRECTION('center_axis',(1.,0.,1.48029736616689E-15));
#5963=DIRECTION('ref_axis',(-1.48029736616689E-15,0.,1.));
#5964=DIRECTION('',(0.,-1.,0.));
#5965=DIRECTION('',(0.,-1.,0.));
#5966=DIRECTION('center_axis',(0.707106781186547,0.,-0.707106781186548));
#5967=DIRECTION('ref_axis',(0.707106781186548,0.,0.707106781186547));
#5968=DIRECTION('center_axis',(0.499999999999999,0.707106781186549,-0.5));
#5969=DIRECTION('ref_axis',(-0.707106781186548,0.,-0.707106781186547));
#5970=DIRECTION('',(-0.707106781186548,0.,-0.707106781186547));
#5971=DIRECTION('',(-2.41731547646316E-15,-0.577350269189624,-0.816496580927727));
#5972=DIRECTION('',(0.281084637714827,-0.678598344545846,-0.678598344545846));
#5973=DIRECTION('center_axis',(0.,0.707106781186548,-0.707106781186548));
#5974=DIRECTION('ref_axis',(-1.,0.,0.));
#5975=DIRECTION('',(-0.577350269189626,-0.577350269189626,-0.577350269189626));
#5976=DIRECTION('',(-1.,0.,0.));
#5977=DIRECTION('center_axis',(-0.707106781186546,0.707106781186549,-1.04672830578919E-15));
#5978=DIRECTION('ref_axis',(-1.48029736616689E-15,0.,1.));
#5979=DIRECTION('',(-0.67859834454585,-0.678598344545846,0.281084637714816));
#5980=DIRECTION('',(-1.48029736616689E-15,0.,1.));
#5981=DIRECTION('center_axis',(-0.500000000000003,0.707106781186543,0.500000000000003));
#5982=DIRECTION('ref_axis',(0.707106781186547,0.,0.707106781186548));
#5983=DIRECTION('',(0.816496580927723,0.577350269189631,0.));
#5984=DIRECTION('',(0.707106781186547,0.,0.707106781186548));
#5985=DIRECTION('center_axis',(-0.707106781186547,0.,0.707106781186548));
#5986=DIRECTION('ref_axis',(-0.707106781186548,0.,-0.707106781186547));
#5987=DIRECTION('',(0.,-1.,0.));
#5988=DIRECTION('',(0.,-1.,0.));
#5989=DIRECTION('center_axis',(0.,0.,1.));
#5990=DIRECTION('ref_axis',(-1.,0.,0.));
#5991=DIRECTION('',(0.,-1.,0.));
#5992=DIRECTION('center_axis',(1.,0.,1.48029736616689E-15));
#5993=DIRECTION('ref_axis',(-1.48029736616689E-15,0.,1.));
#5994=DIRECTION('',(0.,-1.,0.));
#5995=DIRECTION('center_axis',(0.707106781186548,0.,-0.707106781186547));
#5996=DIRECTION('ref_axis',(0.707106781186547,0.,0.707106781186548));
#5997=DIRECTION('',(0.,-1.,0.));
#5998=DIRECTION('center_axis',(0.,0.707106781186548,-0.707106781186548));
#5999=DIRECTION('ref_axis',(-1.,0.,0.));
#6000=DIRECTION('',(-0.577350269189626,-0.577350269189626,-0.577350269189626));
#6001=DIRECTION('',(-1.,0.,0.));
#6002=DIRECTION('',(0.28108463771482,-0.678598344545847,-0.678598344545847));
#6003=DIRECTION('center_axis',(-0.707106781186548,0.707106781186548,-2.09345661157838E-15));
#6004=DIRECTION('ref_axis',(-2.96059473233377E-15,0.,1.));
#6005=DIRECTION('',(-0.678598344545849,-0.678598344545849,0.281084637714809));
#6006=DIRECTION('',(-2.96059473233377E-15,0.,1.));
#6007=DIRECTION('center_axis',(2.09345661157836E-15,0.707106781186548,0.707106781186548));
#6008=DIRECTION('ref_axis',(1.,0.,-2.96059473233374E-15));
#6009=DIRECTION('',(0.577350269189624,-0.577350269189627,0.577350269189627));
#6010=DIRECTION('',(0.281084637714816,0.678598344545848,-0.678598344545848));
#6011=DIRECTION('center_axis',(0.70710678118655,0.707106781186546,0.));
#6012=DIRECTION('ref_axis',(0.,0.,-1.));
#6013=DIRECTION('',(0.678598344545844,-0.678598344545848,-0.281084637714824));
#6014=DIRECTION('center_axis',(-0.499999999999999,0.707106781186549,0.499999999999999));
#6015=DIRECTION('ref_axis',(0.707106781186547,0.,0.707106781186548));
#6016=DIRECTION('',(0.707106781186547,0.,0.707106781186548));
#6017=DIRECTION('center_axis',(0.499999999999998,0.707106781186549,-0.5));
#6018=DIRECTION('ref_axis',(-0.707106781186549,0.,-0.707106781186546));
#6019=DIRECTION('center_axis',(1.,0.,2.96059473233377E-15));
#6020=DIRECTION('ref_axis',(-2.96059473233377E-15,0.,1.));
#6021=DIRECTION('',(0.,-1.,0.));
#6022=DIRECTION('',(0.,-1.,0.));
#6023=DIRECTION('center_axis',(0.707106781186548,0.,-0.707106781186547));
#6024=DIRECTION('ref_axis',(0.707106781186547,0.,0.707106781186548));
#6025=DIRECTION('center_axis',(0.707106781186548,0.,-0.707106781186547));
#6026=DIRECTION('ref_axis',(0.707106781186547,0.,0.707106781186548));
#6027=DIRECTION('',(0.,-1.,0.));
#6028=DIRECTION('center_axis',(2.96059473233376E-15,0.,-1.));
#6029=DIRECTION('ref_axis',(1.,0.,2.96059473233376E-15));
#6030=DIRECTION('center_axis',(0.,0.,1.));
#6031=DIRECTION('ref_axis',(-1.,0.,0.));
#6032=DIRECTION('center_axis',(0.,0.,1.));
#6033=DIRECTION('ref_axis',(-1.,0.,0.));
#6034=DIRECTION('center_axis',(0.,0.,1.));
#6035=DIRECTION('ref_axis',(-1.,0.,0.));
#6036=DIRECTION('center_axis',(0.,0.,1.));
#6037=DIRECTION('ref_axis',(-1.,0.,0.));
#6038=DIRECTION('center_axis',(0.,0.,1.));
#6039=DIRECTION('ref_axis',(-1.,0.,0.));
#6040=DIRECTION('center_axis',(0.,0.,1.));
#6041=DIRECTION('ref_axis',(-1.,0.,0.));
#6042=DIRECTION('center_axis',(0.,0.,1.));
#6043=DIRECTION('ref_axis',(-1.,0.,0.));
#6044=DIRECTION('center_axis',(0.,0.,-1.));
#6045=DIRECTION('ref_axis',(1.,0.,0.));
#6046=DIRECTION('',(0.,-1.,0.));
#6047=DIRECTION('center_axis',(0.,0.,-1.));
#6048=DIRECTION('ref_axis',(1.,0.,0.));
#6049=DIRECTION('',(0.,-1.,0.));
#6050=DIRECTION('center_axis',(-1.,0.,2.96059473233376E-15));
#6051=DIRECTION('ref_axis',(-2.96059473233376E-15,0.,-1.));
#6052=DIRECTION('center_axis',(-1.,0.,2.96059473233376E-15));
#6053=DIRECTION('ref_axis',(-2.96059473233376E-15,0.,-1.));
#6054=DIRECTION('center_axis',(0.921734349397949,0.387821852323898,-1.48848101423926E-16));
#6055=DIRECTION('ref_axis',(0.274231461670561,-0.651764608911863,-0.707106781186543));
#6056=DIRECTION('center_axis',(0.921734349397947,0.387821852323904,8.72485651569442E-15));
#6057=DIRECTION('ref_axis',(0.387821852323904,-0.921734349397947,0.));
#6058=DIRECTION('center_axis',(-0.921734349397953,-0.387821852323888,0.));
#6059=DIRECTION('ref_axis',(0.,0.,-1.));
#6060=DIRECTION('',(-0.921734349397949,-0.387821852323898,1.48848101423926E-16));
#6061=DIRECTION('center_axis',(1.61486985400023E-16,0.,1.));
#6062=DIRECTION('ref_axis',(1.,0.,0.));
#6063=DIRECTION('center_axis',(0.921734349397953,-0.387821852323889,0.));
#6064=DIRECTION('ref_axis',(0.,0.,-1.));
#6065=DIRECTION('center_axis',(-1.61486985400023E-16,0.,-1.));
#6066=DIRECTION('ref_axis',(1.,-8.88178419700125E-16,-1.57281595155231E-16));
#6067=DIRECTION('center_axis',(-0.921734349397949,0.387821852323898,1.48848101423926E-16));
#6068=DIRECTION('ref_axis',(0.27423146167055,0.651764608911864,-0.707106781186547));
#6069=DIRECTION('center_axis',(0.921734349397947,-0.387821852323904,-8.18664557831594E-15));
#6070=DIRECTION('ref_axis',(-8.88178419700128E-15,0.,-1.));
#6071=DIRECTION('',(0.921734349397949,-0.387821852323898,-1.48848101423926E-16));
#6072=DIRECTION('center_axis',(1.61486985400023E-16,0.,1.));
#6073=DIRECTION('ref_axis',(0.197820184260927,0.980238325459157,0.));
#6074=DIRECTION('center_axis',(0.,0.,1.));
#6075=DIRECTION('ref_axis',(0.387821852323901,0.921734349397948,0.));
#6076=DIRECTION('center_axis',(0.,0.,-1.));
#6077=DIRECTION('ref_axis',(0.,1.,0.));
#6078=DIRECTION('',(-1.61486985400023E-16,0.,-1.));
#6079=DIRECTION('center_axis',(-0.984350892120152,0.156321672342727,-0.0813440590223633));
#6080=DIRECTION('ref_axis',(0.176219525542038,0.87320276884738,-0.454382661745592));
#6081=DIRECTION('center_axis',(1.,0.,-1.61486985400023E-16));
#6082=DIRECTION('ref_axis',(0.,0.707106781186548,-0.707106781186548));
#6083=DIRECTION('center_axis',(0.921734349397949,-0.387821852323898,0.));
#6084=DIRECTION('ref_axis',(0.274231461670562,0.651764608911861,0.707106781186544));
#6085=DIRECTION('center_axis',(0.921734349397951,-0.387821852323894,0.));
#6086=DIRECTION('ref_axis',(0.387821852323894,0.921734349397951,0.));
#6087=DIRECTION('',(0.921734349397949,-0.387821852323898,0.));
#6088=DIRECTION('center_axis',(-0.921734349397951,0.387821852323894,0.));
#6089=DIRECTION('ref_axis',(0.,0.,1.));
#6090=DIRECTION('',(-0.921734349397949,0.387821852323898,0.));
#6091=DIRECTION('center_axis',(0.921734349397949,-0.387821852323898,0.));
#6092=DIRECTION('ref_axis',(0.274231461670562,0.651764608911861,0.707106781186544));
#6093=DIRECTION('center_axis',(-0.921734349397954,0.387821852323886,0.));
#6094=DIRECTION('ref_axis',(0.,0.,1.));
#6095=DIRECTION('',(-0.921734349397949,0.387821852323898,0.));
#6096=DIRECTION('',(0.921734349397949,-0.387821852323898,0.));
#6097=DIRECTION('center_axis',(0.,0.,-1.));
#6098=DIRECTION('ref_axis',(1.,-1.8947806286936E-15,0.));
#6099=DIRECTION('center_axis',(0.921734349397947,0.387821852323904,0.));
#6100=DIRECTION('ref_axis',(0.,0.,1.));
#6101=DIRECTION('center_axis',(0.,0.,1.));
#6102=DIRECTION('ref_axis',(1.,-8.88178419700125E-16,0.));
#6103=DIRECTION('center_axis',(0.,0.,-1.));
#6104=DIRECTION('ref_axis',(1.,-8.88178419700125E-16,0.));
#6105=DIRECTION('center_axis',(-0.921734349397949,-0.387821852323898,0.));
#6106=DIRECTION('ref_axis',(0.274231461670557,-0.651764608911861,0.707106781186547));
#6107=DIRECTION('center_axis',(0.921734349397946,0.387821852323906,9.90892057792705E-15));
#6108=DIRECTION('ref_axis',(-8.88178419700128E-15,-4.44089209850064E-15,
1.));
#6109=DIRECTION('',(0.921734349397949,0.387821852323898,0.));
#6110=DIRECTION('',(-0.921734349397949,-0.387821852323898,0.));
#6111=DIRECTION('center_axis',(-0.921734349397949,-0.387821852323898,0.));
#6112=DIRECTION('ref_axis',(0.274231461670557,-0.651764608911861,0.707106781186547));
#6113=DIRECTION('center_axis',(0.921734349397949,0.387821852323898,8.07900339084027E-15));
#6114=DIRECTION('ref_axis',(-8.88178419700128E-15,2.7755575615629E-16,1.));
#6115=DIRECTION('',(0.921734349397949,0.387821852323898,0.));
#6116=DIRECTION('',(-0.921734349397949,-0.387821852323898,0.));
#6117=DIRECTION('center_axis',(-0.984350892120151,0.156321672342735,0.0813440590223638));
#6118=DIRECTION('ref_axis',(0.176219525542045,0.873202768847379,0.454382661745591));
#6119=DIRECTION('center_axis',(1.,0.,0.));
#6120=DIRECTION('ref_axis',(0.,0.707106781186548,0.707106781186548));
#6121=DIRECTION('center_axis',(-1.61486985400023E-16,0.,-1.));
#6122=DIRECTION('ref_axis',(0.197820184260918,-0.980238325459159,0.));
#6123=DIRECTION('center_axis',(0.,0.,-1.));
#6124=DIRECTION('ref_axis',(0.387821852323897,-0.921734349397949,0.));
#6125=DIRECTION('center_axis',(0.,0.,1.));
#6126=DIRECTION('ref_axis',(0.,-1.,0.));
#6127=DIRECTION('',(1.61486985400023E-16,0.,1.));
#6128=DIRECTION('center_axis',(-0.984350892120153,-0.156321672342723,0.0813440590223563));
#6129=DIRECTION('ref_axis',(0.176219525542031,-0.873202768847381,0.454382661745591));
#6130=DIRECTION('center_axis',(1.,0.,0.));
#6131=DIRECTION('ref_axis',(0.,-0.707106781186549,0.707106781186546));
#6132=DIRECTION('center_axis',(-0.984350892120152,-0.156321672342726,-0.0813440590223633));
#6133=DIRECTION('ref_axis',(0.176219525542038,-0.873202768847377,-0.454382661745597));
#6134=DIRECTION('center_axis',(1.,0.,-1.61486985400023E-16));
#6135=DIRECTION('ref_axis',(0.,-0.707106781186549,-0.707106781186546));
#6136=DIRECTION('center_axis',(0.387821852323898,-0.921734349397949,-6.26281818040391E-17));
#6137=DIRECTION('ref_axis',(0.921734349397949,0.387821852323898,-1.48848101423926E-16));
#6138=DIRECTION('',(1.61486985400023E-16,0.,1.));
#6139=DIRECTION('center_axis',(1.61486985400023E-16,0.,1.));
#6140=DIRECTION('ref_axis',(1.,-1.01064309961486E-15,-1.61486985400023E-16));
#6141=DIRECTION('',(1.61486985400023E-16,0.,1.));
#6142=DIRECTION('center_axis',(-1.,0.,1.61486985400023E-16));
#6143=DIRECTION('ref_axis',(0.,0.707106781186548,-0.707106781186548));
#6144=DIRECTION('center_axis',(1.,0.,-2.77555756156293E-16));
#6145=DIRECTION('ref_axis',(-2.77555756156293E-16,0.,-1.));
#6146=DIRECTION('center_axis',(-1.,0.,1.61486985400023E-16));
#6147=DIRECTION('ref_axis',(0.,-0.707106781186549,-0.707106781186546));
#6148=DIRECTION('center_axis',(1.,0.,-2.7755575615629E-16));
#6149=DIRECTION('ref_axis',(0.,-1.,0.));
#6150=DIRECTION('center_axis',(0.387821852323898,0.921734349397949,-6.26281818040391E-17));
#6151=DIRECTION('ref_axis',(-0.921734349397949,0.387821852323898,1.48848101423926E-16));
#6152=DIRECTION('center_axis',(1.,0.,0.));
#6153=DIRECTION('ref_axis',(0.,0.707106781186548,0.707106781186548));
#6154=DIRECTION('center_axis',(0.923879532511285,-4.10284931589583E-15,
-0.382683432365095));
#6155=DIRECTION('ref_axis',(-0.382683432365095,-9.90515446280873E-15,-0.923879532511285));
#6156=DIRECTION('',(1.,0.,0.));
#6157=DIRECTION('center_axis',(0.707106781186547,0.,-0.707106781186548));
#6158=DIRECTION('ref_axis',(0.5,0.707106781186548,0.5));
#6159=DIRECTION('center_axis',(-1.,0.,0.));
#6160=DIRECTION('ref_axis',(6.93889390390722E-17,-4.9065389333868E-17,1.));
#6161=DIRECTION('',(0.707106781186547,0.,-0.707106781186548));
#6162=DIRECTION('center_axis',(0.,0.,-1.));
#6163=DIRECTION('ref_axis',(1.,-2.4532694666934E-16,0.));
#6164=DIRECTION('center_axis',(0.707106781186548,0.,0.707106781186547));
#6165=DIRECTION('ref_axis',(0.707106781186547,0.,-0.707106781186548));
#6166=DIRECTION('',(0.,1.,0.));
#6167=DIRECTION('',(-0.707106781186547,0.,0.707106781186548));
#6168=DIRECTION('',(0.,-1.,0.));
#6169=DIRECTION('center_axis',(0.707106781186547,0.,-0.707106781186548));
#6170=DIRECTION('ref_axis',(0.5,-0.707106781186547,0.5));
#6171=DIRECTION('center_axis',(-1.,0.,0.));
#6172=DIRECTION('ref_axis',(0.,1.96261557335472E-16,1.));
#6173=DIRECTION('center_axis',(0.,0.,-1.));
#6174=DIRECTION('ref_axis',(1.,1.96261557335472E-16,-3.46944695195362E-17));
#6175=DIRECTION('',(-0.707106781186547,0.,0.707106781186548));
#6176=DIRECTION('center_axis',(1.,0.,0.));
#6177=DIRECTION('ref_axis',(0.,-0.707106781186549,0.707106781186546));
#6178=DIRECTION('',(-1.,0.,0.));
#6179=DIRECTION('center_axis',(0.923879532511285,4.10284931589582E-15,-0.382683432365095));
#6180=DIRECTION('ref_axis',(-0.382683432365095,9.9051544628087E-15,-0.923879532511285));
#6181=DIRECTION('center_axis',(-0.408248290463862,-0.816496580927725,-0.408248290463866));
#6182=DIRECTION('ref_axis',(0.577350269189623,-0.577350269189627,0.577350269189628));
#6183=DIRECTION('center_axis',(0.,-1.,0.));
#6184=DIRECTION('ref_axis',(0.,0.,1.));
#6185=DIRECTION('center_axis',(1.,0.,4.44089209850062E-15));
#6186=DIRECTION('ref_axis',(0.,-1.,0.));
#6187=DIRECTION('center_axis',(0.,0.,1.));
#6188=DIRECTION('ref_axis',(1.,0.,0.));
#6189=DIRECTION('center_axis',(-0.707106781186547,0.,0.707106781186548));
#6190=DIRECTION('ref_axis',(0.500000000000003,0.707106781186546,0.5));
#6191=DIRECTION('center_axis',(0.38268343236509,-4.95257723140446E-15,-0.923879532511287));
#6192=DIRECTION('ref_axis',(0.923879532511287,1.19565791207568E-14,0.38268343236509));
#6193=DIRECTION('',(0.707106781186547,0.,-0.707106781186548));
#6194=DIRECTION('center_axis',(-0.408248290463861,-0.408248290463859,-0.816496580927729));
#6195=DIRECTION('ref_axis',(-0.577350269189629,-0.577350269189626,0.577350269189622));
#6196=DIRECTION('center_axis',(0.,-1.,0.));
#6197=DIRECTION('ref_axis',(-1.,0.,1.38777878078145E-16));
#6198=DIRECTION('center_axis',(0.,0.,1.));
#6199=DIRECTION('ref_axis',(0.,-1.,0.));
#6200=DIRECTION('center_axis',(-1.,0.,0.));
#6201=DIRECTION('ref_axis',(0.,0.,1.));
#6202=DIRECTION('center_axis',(0.,0.,-1.));
#6203=DIRECTION('ref_axis',(0.,-1.,0.));
#6204=DIRECTION('center_axis',(0.,-1.,0.));
#6205=DIRECTION('ref_axis',(-0.707106781186546,0.,-0.707106781186549));
#6206=DIRECTION('center_axis',(1.22464679914735E-16,0.,1.));
#6207=DIRECTION('ref_axis',(-0.707106781186548,-0.707106781186547,0.));
#6208=DIRECTION('',(-1.22464679914735E-16,0.,-1.));
#6209=DIRECTION('center_axis',(1.,0.,0.));
#6210=DIRECTION('ref_axis',(0.,-0.707106781186547,0.707106781186548));
#6211=DIRECTION('',(-1.,0.,0.));
#6212=DIRECTION('center_axis',(0.408248290463865,0.40824829046386,-0.816496580927727));
#6213=DIRECTION('ref_axis',(0.577350269189627,0.577350269189624,0.577350269189627));
#6214=DIRECTION('center_axis',(1.,0.,0.));
#6215=DIRECTION('ref_axis',(0.,0.,1.));
#6216=DIRECTION('center_axis',(0.,1.,0.));
#6217=DIRECTION('ref_axis',(1.,0.,0.));
#6218=DIRECTION('center_axis',(0.,0.,1.));
#6219=DIRECTION('ref_axis',(0.,1.,0.));
#6220=DIRECTION('center_axis',(0.,1.,0.));
#6221=DIRECTION('ref_axis',(0.707106781186547,0.,0.707106781186548));
#6222=DIRECTION('',(0.,-1.,0.));
#6223=DIRECTION('',(0.,1.,0.));
#6224=DIRECTION('center_axis',(0.,0.,-1.));
#6225=DIRECTION('ref_axis',(0.707106781186549,0.707106781186546,0.));
#6226=DIRECTION('',(0.,0.,-1.));
#6227=DIRECTION('center_axis',(-0.408248290463861,-0.816496580927727,0.408248290463863));
#6228=DIRECTION('ref_axis',(-0.577350269189626,0.577350269189622,0.577350269189629));
#6229=DIRECTION('center_axis',(0.,0.,1.));
#6230=DIRECTION('ref_axis',(-1.,0.,0.));
#6231=DIRECTION('center_axis',(0.,1.,0.));
#6232=DIRECTION('ref_axis',(0.,0.,1.));
#6233=DIRECTION('center_axis',(-1.,0.,4.44089209850062E-15));
#6234=DIRECTION('ref_axis',(0.,1.,0.));
#6235=DIRECTION('center_axis',(0.,1.,0.));
#6236=DIRECTION('ref_axis',(-0.707106781186547,0.,0.707106781186548));
#6237=DIRECTION('',(0.,-1.,0.));
#6238=DIRECTION('',(0.,1.,0.));
#6239=DIRECTION('center_axis',(1.,0.,0.));
#6240=DIRECTION('ref_axis',(0.,0.707106781186546,0.707106781186549));
#6241=DIRECTION('',(1.,0.,0.));
#6242=DIRECTION('center_axis',(0.,0.,-1.));
#6243=DIRECTION('ref_axis',(-1.,0.,0.));
#6244=DIRECTION('center_axis',(0.,1.,0.));
#6245=DIRECTION('ref_axis',(-0.707106781186546,0.,-0.707106781186549));
#6246=DIRECTION('center_axis',(1.22464679914735E-16,0.,1.));
#6247=DIRECTION('ref_axis',(-0.707106781186548,0.707106781186547,0.));
#6248=DIRECTION('',(1.22464679914735E-16,0.,1.));
#6249=DIRECTION('center_axis',(0.,0.,-1.));
#6250=DIRECTION('ref_axis',(0.707106781186546,-0.707106781186549,0.));
#6251=DIRECTION('',(0.,0.,1.));
#6252=DIRECTION('center_axis',(-0.382683432365095,8.49727915508625E-16,
0.923879532511284));
#6253=DIRECTION('ref_axis',(0.923879532511285,-2.05142465794791E-15,0.382683432365095));
#6254=DIRECTION('center_axis',(-0.707106781186547,0.,0.707106781186548));
#6255=DIRECTION('ref_axis',(0.500000000000002,-0.707106781186547,0.499999999999999));
#6256=DIRECTION('center_axis',(0.,1.,0.));
#6257=DIRECTION('ref_axis',(-0.707106781186546,0.,-0.707106781186549));
#6258=DIRECTION('',(0.,1.,0.));
#6259=DIRECTION('center_axis',(0.,0.,1.));
#6260=DIRECTION('ref_axis',(1.,0.,0.));
#6261=DIRECTION('',(0.,-1.,0.));
#6262=DIRECTION('',(0.,1.,0.));
#6263=DIRECTION('',(1.,0.,0.));
#6264=DIRECTION('center_axis',(-0.707106781186548,0.,-0.707106781186547));
#6265=DIRECTION('ref_axis',(0.707106781186547,0.,-0.707106781186548));
#6266=DIRECTION('',(0.,1.,0.));
#6267=DIRECTION('center_axis',(1.,0.,0.));
#6268=DIRECTION('ref_axis',(0.,0.,-1.));
#6269=DIRECTION('',(0.,-1.,0.));
#6270=DIRECTION('',(0.,-1.,0.));
#6271=DIRECTION('',(0.,-1.,0.));
#6272=DIRECTION('center_axis',(1.,0.,0.));
#6273=DIRECTION('ref_axis',(0.,0.,1.));
#6274=DIRECTION('center_axis',(1.,0.,0.));
#6275=DIRECTION('ref_axis',(0.,0.,1.));
#6276=DIRECTION('center_axis',(0.,0.,1.));
#6277=DIRECTION('ref_axis',(1.,0.,0.));
#6278=DIRECTION('center_axis',(0.,1.,0.));
#6279=DIRECTION('ref_axis',(-0.707106781186546,0.,-0.707106781186549));
#6280=DIRECTION('',(0.,1.,0.));
#6281=DIRECTION('center_axis',(0.,1.,0.));
#6282=DIRECTION('ref_axis',(0.,0.,-1.));
#6283=DIRECTION('center_axis',(0.,1.,0.));
#6284=DIRECTION('ref_axis',(-0.707106781186546,0.,-0.707106781186549));
#6285=DIRECTION('center_axis',(0.,1.,0.));
#6286=DIRECTION('ref_axis',(1.11022302462516E-15,0.,-1.));
#6287=DIRECTION('',(0.,1.,0.));
#6288=DIRECTION('center_axis',(0.,1.,0.));
#6289=DIRECTION('ref_axis',(-0.707106781186546,0.,-0.707106781186549));
#6290=DIRECTION('center_axis',(0.,0.,1.));
#6291=DIRECTION('ref_axis',(1.,0.,0.));
#6292=DIRECTION('',(-1.,0.,0.));
#6293=DIRECTION('center_axis',(0.,0.,-1.));
#6294=DIRECTION('ref_axis',(-1.,0.,1.61486985400023E-16));
#6295=DIRECTION('center_axis',(0.,0.,-1.));
#6296=DIRECTION('ref_axis',(-1.,0.,1.61486985400023E-16));
#6297=DIRECTION('center_axis',(0.,0.,1.));
#6298=DIRECTION('ref_axis',(1.,0.,0.));
#6299=DIRECTION('center_axis',(-1.,0.,1.22464679914735E-16));
#6300=DIRECTION('ref_axis',(1.22464679914735E-16,0.,1.));
#6301=DIRECTION('center_axis',(1.,0.,-1.22464679914735E-16));
#6302=DIRECTION('ref_axis',(1.22464679914735E-16,0.,1.));
#6303=DIRECTION('center_axis',(1.,0.,-1.22464679914735E-16));
#6304=DIRECTION('ref_axis',(1.22464679914735E-16,0.,1.));
#6305=DIRECTION('center_axis',(1.,0.,0.));
#6306=DIRECTION('ref_axis',(5.47182612384987E-17,0.,1.));
#6307=DIRECTION('',(-0.707106781186552,-8.65956056235488E-17,0.707106781186543));
#6308=DIRECTION('center_axis',(-1.,0.,0.));
#6309=DIRECTION('ref_axis',(1.22464679914735E-16,0.,1.));
#6310=DIRECTION('center_axis',(-1.,0.,1.22464679914735E-16));
#6311=DIRECTION('ref_axis',(1.22464679914735E-16,0.,1.));
#6312=DIRECTION('',(1.,0.,-1.22464679914735E-16));
#6313=DIRECTION('center_axis',(1.,0.,0.));
#6314=DIRECTION('ref_axis',(5.47182612384987E-17,0.,1.));
#6315=DIRECTION('',(-0.707106781186552,-8.65956056235488E-17,0.707106781186543));
#6316=DIRECTION('center_axis',(-1.,0.,0.));
#6317=DIRECTION('ref_axis',(1.22464679914735E-16,0.,1.));
#6318=DIRECTION('center_axis',(-1.,0.,1.22464679914735E-16));
#6319=DIRECTION('ref_axis',(1.22464679914735E-16,0.,1.));
#6320=DIRECTION('',(1.,0.,-1.22464679914735E-16));
#6321=DIRECTION('center_axis',(0.,0.,-1.));
#6322=DIRECTION('ref_axis',(1.,0.,-1.61486985400023E-16));
#6323=DIRECTION('',(0.707106781186524,-8.65956056235464E-17,0.707106781186571));
#6324=DIRECTION('center_axis',(1.61486985400023E-16,0.,1.));
#6325=DIRECTION('ref_axis',(1.,0.,-1.61486985400023E-16));
#6326=DIRECTION('center_axis',(1.61486985400023E-16,0.,1.));
#6327=DIRECTION('ref_axis',(1.,0.,-1.61486985400023E-16));
#6328=DIRECTION('center_axis',(-1.61486985400023E-16,0.,-1.));
#6329=DIRECTION('ref_axis',(-1.,0.,1.61486985400023E-16));
#6330=DIRECTION('',(1.61486985400023E-16,0.,1.));
#6331=DIRECTION('center_axis',(0.,0.,-1.));
#6332=DIRECTION('ref_axis',(1.,0.,-1.61486985400023E-16));
#6333=DIRECTION('',(0.707106781186532,-8.65956056235474E-17,0.707106781186563));
#6334=DIRECTION('center_axis',(1.61486985400023E-16,0.,1.));
#6335=DIRECTION('ref_axis',(1.,0.,-1.61486985400023E-16));
#6336=DIRECTION('center_axis',(1.61486985400023E-16,0.,1.));
#6337=DIRECTION('ref_axis',(1.,0.,-1.61486985400023E-16));
#6338=DIRECTION('center_axis',(-1.61486985400023E-16,0.,-1.));
#6339=DIRECTION('ref_axis',(-1.,0.,1.61486985400023E-16));
#6340=DIRECTION('',(1.61486985400023E-16,0.,1.));
#6341=CARTESIAN_POINT('',(0.,0.,0.));
#6342=CARTESIAN_POINT('Origin',(87.,46.2,-60.2));
#6343=CARTESIAN_POINT('',(57.,46.,-60.4));
#6344=CARTESIAN_POINT('',(47.,46.,-60.4));
#6345=CARTESIAN_POINT('',(87.,46.,-60.4));
#6346=CARTESIAN_POINT('',(46.6,46.4,-60.));
#6347=CARTESIAN_POINT('',(47.,46.,-60.4));
#6348=CARTESIAN_POINT('',(57.4,46.4,-60.));
#6349=CARTESIAN_POINT('',(87.,46.4,-60.));
#6350=CARTESIAN_POINT('',(57.4,46.4,-60.));
#6351=CARTESIAN_POINT('Origin',(46.8,20.45,-60.2));
#6352=CARTESIAN_POINT('',(47.,42.5123105625617,-60.4));
#6353=CARTESIAN_POINT('',(47.,20.45,-60.4));
#6354=CARTESIAN_POINT('',(46.6,42.,-60.));
#6355=CARTESIAN_POINT('',(48.7647171091437,44.7725185999312,-62.1647171091437));
#6356=CARTESIAN_POINT('',(46.6,20.45,-60.));
#6357=CARTESIAN_POINT('Origin',(57.2,20.45,-60.2));
#6358=CARTESIAN_POINT('',(57.4,42.,-60.));
#6359=CARTESIAN_POINT('',(57.4,20.45,-60.));
#6360=CARTESIAN_POINT('',(57.,42.5123105625618,-60.4));
#6361=CARTESIAN_POINT('',(64.8496421422164,32.458674108093,-52.5503578577835));
#6362=CARTESIAN_POINT('',(57.,20.45,-60.4));
#6363=CARTESIAN_POINT('Origin',(47.,40.9,-51.));
#6364=CARTESIAN_POINT('',(47.,46.,-64.));
#6365=CARTESIAN_POINT('',(47.,46.,-57.5));
#6366=CARTESIAN_POINT('',(47.,45.,-64.));
#6367=CARTESIAN_POINT('',(47.,42.95,-64.));
#6368=CARTESIAN_POINT('',(47.,44.4850712500727,-61.9402850002907));
#6369=CARTESIAN_POINT('',(47.,41.725,-50.9));
#6370=CARTESIAN_POINT('',(47.,40.0967498903062,-58.5139872188645));
#6371=CARTESIAN_POINT('Origin',(64.,46.,-64.));
#6372=CARTESIAN_POINT('',(57.,46.,-64.));
#6373=CARTESIAN_POINT('',(57.,46.,-64.));
#6374=CARTESIAN_POINT('',(64.,46.,-64.));
#6375=CARTESIAN_POINT('',(55.,46.,-61.4));
#6376=CARTESIAN_POINT('',(55.,46.,-62.6));
#6377=CARTESIAN_POINT('',(55.,46.,-63.5));
#6378=CARTESIAN_POINT('',(54.6,46.,-61.));
#6379=CARTESIAN_POINT('',(57.8,46.,-64.2));
#6380=CARTESIAN_POINT('',(49.4,46.,-61.));
#6381=CARTESIAN_POINT('',(59.5,46.,-61.));
#6382=CARTESIAN_POINT('',(49.,46.,-61.4));
#6383=CARTESIAN_POINT('',(52.2,46.,-58.2));
#6384=CARTESIAN_POINT('',(49.,46.,-62.6));
#6385=CARTESIAN_POINT('',(49.,46.,-62.5));
#6386=CARTESIAN_POINT('',(49.4,46.,-63.));
#6387=CARTESIAN_POINT('',(53.2,46.,-66.8));
#6388=CARTESIAN_POINT('',(54.6,46.,-63.));
#6389=CARTESIAN_POINT('',(56.5,46.,-63.));
#6390=CARTESIAN_POINT('',(56.8,46.,-60.8));
#6391=CARTESIAN_POINT('Origin',(57.,40.9,-64.));
#6392=CARTESIAN_POINT('',(57.,44.4850712500727,-61.9402850002907));
#6393=CARTESIAN_POINT('',(57.,43.2497130157785,-60.9757464374964));
#6394=CARTESIAN_POINT('',(57.,45.,-64.));
#6395=CARTESIAN_POINT('',(57.,43.2544117647059,-57.0176470588235));
#6396=CARTESIAN_POINT('',(57.,42.95,-64.));
#6397=CARTESIAN_POINT('Origin',(75.,15.8,-60.2));
#6398=CARTESIAN_POINT('',(57.4,15.6,-60.));
#6399=CARTESIAN_POINT('',(46.6,15.6,-60.));
#6400=CARTESIAN_POINT('',(75.,15.6,-60.));
#6401=CARTESIAN_POINT('',(47.,16.,-60.4));
#6402=CARTESIAN_POINT('',(46.6,15.6,-60.));
#6403=CARTESIAN_POINT('',(57.,16.,-60.4));
#6404=CARTESIAN_POINT('',(75.,16.,-60.4));
#6405=CARTESIAN_POINT('',(57.,16.,-60.4));
#6406=CARTESIAN_POINT('Origin',(46.8,10.55,-60.2));
#6407=CARTESIAN_POINT('',(46.6,20.,-60.));
#6408=CARTESIAN_POINT('',(46.6,10.55,-60.));
#6409=CARTESIAN_POINT('',(47.,19.4876894374382,-60.4));
#6410=CARTESIAN_POINT('',(52.5698152267248,12.3540015070172,-65.9698152267246));
#6411=CARTESIAN_POINT('',(47.,10.55,-60.4));
#6412=CARTESIAN_POINT('Origin',(57.2,10.55,-60.2));
#6413=CARTESIAN_POINT('',(57.,19.4876894374382,-60.4));
#6414=CARTESIAN_POINT('',(57.,10.55,-60.4));
#6415=CARTESIAN_POINT('',(57.4,20.,-60.));
#6416=CARTESIAN_POINT('',(57.7481922813121,20.4459564587966,-59.6518077186879));
#6417=CARTESIAN_POINT('',(57.4,10.55,-60.));
#6418=CARTESIAN_POINT('Origin',(110.,0.,-60.));
#6419=CARTESIAN_POINT('',(90.4295059325346,43.9042808915713,-60.));
#6420=CARTESIAN_POINT('',(49.798191746718,61.,-60.));
#6421=CARTESIAN_POINT('',(106.590198770664,37.1046321257263,-60.));
#6422=CARTESIAN_POINT('',(90.4295059325346,18.0957191084287,-60.));
#6423=CARTESIAN_POINT('Origin',(85.,31.,-60.));
#6424=CARTESIAN_POINT('',(49.798191746718,1.,-60.));
#6425=CARTESIAN_POINT('',(75.1000044734779,11.6457960314202,-60.));
#6426=CARTESIAN_POINT('',(1.99999999999999,1.,-60.));
#6427=CARTESIAN_POINT('',(82.5,1.,-60.));
#6428=CARTESIAN_POINT('',(1.99999999999999,61.,-60.));
#6429=CARTESIAN_POINT('',(1.99999999999999,0.,-60.));
#6430=CARTESIAN_POINT('',(82.5,61.,-60.));
#6431=CARTESIAN_POINT('',(87.,42.,-60.));
#6432=CARTESIAN_POINT('',(81.6,31.,-60.));
#6433=CARTESIAN_POINT('Origin',(85.,31.,-60.));
#6434=CARTESIAN_POINT('',(26.6,31.,-60.));
#6435=CARTESIAN_POINT('Origin',(30.,31.,-60.));
#6436=CARTESIAN_POINT('',(75.,20.,-60.));
#6437=CARTESIAN_POINT('Origin',(87.,43.2425356250363,-60.9701425001454));
#6438=CARTESIAN_POINT('',(49.4,43.2807764064044,-61.));
#6439=CARTESIAN_POINT('',(54.6,43.2807764064044,-61.));
#6440=CARTESIAN_POINT('',(71.,43.2807764064044,-61.));
#6441=CARTESIAN_POINT('',(55.,43.7930869689662,-61.4));
#6442=CARTESIAN_POINT('',(58.6753788748764,48.5004255165052,-65.0753788748765));
#6443=CARTESIAN_POINT('',(55.,44.4850712500727,-61.9402850002907));
#6444=CARTESIAN_POINT('',(55.,43.0071773907422,-60.7863803437555));
#6445=CARTESIAN_POINT('',(87.,44.4850712500727,-61.9402850002907));
#6446=CARTESIAN_POINT('',(49.,44.4850712500727,-61.9402850002907));
#6447=CARTESIAN_POINT('',(87.,44.4850712500727,-61.9402850002907));
#6448=CARTESIAN_POINT('',(49.,43.7930869689662,-61.4));
#6449=CARTESIAN_POINT('',(49.,42.5221061406695,-60.4076481562736));
#6450=CARTESIAN_POINT('',(54.9389803764838,36.1865810246669,-55.4610196235162));
#6451=CARTESIAN_POINT('Origin',(75.,18.7574643749637,-60.9701425001453));
#6452=CARTESIAN_POINT('',(54.6,18.7192235935956,-61.));
#6453=CARTESIAN_POINT('',(49.4,18.7192235935956,-61.));
#6454=CARTESIAN_POINT('',(62.,18.7192235935956,-61.));
#6455=CARTESIAN_POINT('',(49.,18.2069130310338,-61.4));
#6456=CARTESIAN_POINT('',(53.2908045048222,23.7024742053037,-57.1091954951779));
#6457=CARTESIAN_POINT('',(49.,17.5149287499273,-61.9402850002907));
#6458=CARTESIAN_POINT('',(49.,18.9928226092578,-60.7863803437554));
#6459=CARTESIAN_POINT('',(47.,17.5149287499273,-61.9402850002907));
#6460=CARTESIAN_POINT('',(75.,17.5149287499273,-61.9402850002907));
#6461=CARTESIAN_POINT('',(47.,18.7502869842215,-60.9757464374964));
#6462=CARTESIAN_POINT('',(57.,17.5149287499273,-61.9402850002907));
#6463=CARTESIAN_POINT('',(57.,21.9032501096938,-58.5139872188645));
#6464=CARTESIAN_POINT('',(55.,17.5149287499273,-61.9402850002907));
#6465=CARTESIAN_POINT('',(75.,17.5149287499273,-61.9402850002907));
#6466=CARTESIAN_POINT('',(55.,18.2069130310338,-61.4));
#6467=CARTESIAN_POINT('',(55.,19.4778938593305,-60.4076481562736));
#6468=CARTESIAN_POINT('',(57.0272030032146,15.6105192535243,-63.4272030032147));
#6469=CARTESIAN_POINT('Origin',(54.8,40.9,-62.8));
#6470=CARTESIAN_POINT('',(54.6,44.75,-63.));
#6471=CARTESIAN_POINT('',(55.,44.65,-62.6));
#6472=CARTESIAN_POINT('',(60.3,43.325,-57.3000000000001));
#6473=CARTESIAN_POINT('',(55.,40.9,-62.6));
#6474=CARTESIAN_POINT('',(54.6,40.9,-63.));
#6475=CARTESIAN_POINT('Origin',(55.,40.9,-63.));
#6476=CARTESIAN_POINT('',(55.,43.1367647058823,-56.5470588235294));
#6477=CARTESIAN_POINT('',(55.,40.9,-61.4));
#6478=CARTESIAN_POINT('Origin',(49.2,40.9,-62.8));
#6479=CARTESIAN_POINT('',(49.,44.65,-62.6));
#6480=CARTESIAN_POINT('',(49.4,44.75,-63.));
#6481=CARTESIAN_POINT('',(49.5181818181818,44.7795454545454,-63.1181818181818));
#6482=CARTESIAN_POINT('',(49.4,40.9,-63.));
#6483=CARTESIAN_POINT('',(49.,40.9,-62.6));
#6484=CARTESIAN_POINT('Origin',(49.,40.9,-63.));
#6485=CARTESIAN_POINT('',(56.5,44.75,-63.));
#6486=CARTESIAN_POINT('Origin',(49.2,21.1,-62.8));
#6487=CARTESIAN_POINT('',(49.4,17.25,-63.));
#6488=CARTESIAN_POINT('',(49.,17.35,-62.6));
#6489=CARTESIAN_POINT('',(43.7,18.675,-57.3));
#6490=CARTESIAN_POINT('',(49.,16.,-62.6));
#6491=CARTESIAN_POINT('',(49.,21.1,-62.6));
#6492=CARTESIAN_POINT('',(49.4,16.,-63.));
#6493=CARTESIAN_POINT('',(47.2,16.,-60.8));
#6494=CARTESIAN_POINT('',(49.4,21.1,-63.));
#6495=CARTESIAN_POINT('Origin',(49.,21.1,-63.));
#6496=CARTESIAN_POINT('',(49.,18.8632352941177,-56.5470588235294));
#6497=CARTESIAN_POINT('',(49.,16.,-61.4));
#6498=CARTESIAN_POINT('',(49.,21.1,-61.4));
#6499=CARTESIAN_POINT('',(49.,16.,-63.5));
#6500=CARTESIAN_POINT('Origin',(54.8,21.1,-62.8));
#6501=CARTESIAN_POINT('',(55.,17.35,-62.6));
#6502=CARTESIAN_POINT('',(54.6,17.25,-63.));
#6503=CARTESIAN_POINT('',(54.4818181818181,17.2204545454545,-63.1181818181819));
#6504=CARTESIAN_POINT('',(54.6,16.,-63.));
#6505=CARTESIAN_POINT('',(54.6,21.1,-63.));
#6506=CARTESIAN_POINT('',(55.,16.,-62.6));
#6507=CARTESIAN_POINT('',(50.7999999999999,16.,-66.8));
#6508=CARTESIAN_POINT('',(55.,21.1,-62.6));
#6509=CARTESIAN_POINT('Origin',(55.,21.1,-63.));
#6510=CARTESIAN_POINT('',(47.5,16.,-63.));
#6511=CARTESIAN_POINT('',(47.5,17.25,-63.));
#6512=CARTESIAN_POINT('Origin',(54.8,21.1,-61.2));
#6513=CARTESIAN_POINT('',(55.,16.,-61.4));
#6514=CARTESIAN_POINT('',(55.,21.1,-61.4));
#6515=CARTESIAN_POINT('',(54.6,16.,-61.));
#6516=CARTESIAN_POINT('',(51.8000000000001,16.,-58.2));
#6517=CARTESIAN_POINT('',(54.6,21.1,-61.));
#6518=CARTESIAN_POINT('Origin',(55.,21.1,-61.));
#6519=CARTESIAN_POINT('',(55.,16.,-62.5));
#6520=CARTESIAN_POINT('',(55.,19.0985294117647,-55.6058823529412));
#6521=CARTESIAN_POINT('Origin',(49.2,21.1,-61.2));
#6522=CARTESIAN_POINT('',(49.4,16.,-61.));
#6523=CARTESIAN_POINT('',(49.4,21.1,-61.));
#6524=CARTESIAN_POINT('',(46.1999999999999,16.,-64.2));
#6525=CARTESIAN_POINT('Origin',(49.,21.1,-61.));
#6526=CARTESIAN_POINT('',(44.5,16.,-61.));
#6527=CARTESIAN_POINT('Origin',(49.2,40.9,-61.2));
#6528=CARTESIAN_POINT('',(49.,40.9,-61.4));
#6529=CARTESIAN_POINT('',(49.4,40.9,-61.));
#6530=CARTESIAN_POINT('Origin',(49.,40.9,-61.));
#6531=CARTESIAN_POINT('',(49.,42.9014705882353,-55.6058823529412));
#6532=CARTESIAN_POINT('Origin',(54.8,40.9,-61.2));
#6533=CARTESIAN_POINT('',(54.6,40.9,-61.));
#6534=CARTESIAN_POINT('Origin',(55.,40.9,-61.));
#6535=CARTESIAN_POINT('Origin',(40.,16.,-64.));
#6536=CARTESIAN_POINT('',(47.,16.,-64.));
#6537=CARTESIAN_POINT('',(47.,16.,-64.));
#6538=CARTESIAN_POINT('',(57.,16.,-64.));
#6539=CARTESIAN_POINT('',(40.,16.,-64.));
#6540=CARTESIAN_POINT('',(57.,16.,-57.5));
#6541=CARTESIAN_POINT('Origin',(57.,21.1,-51.));
#6542=CARTESIAN_POINT('',(57.,17.,-64.));
#6543=CARTESIAN_POINT('',(57.,19.05,-64.));
#6544=CARTESIAN_POINT('',(57.,20.275,-50.9));
#6545=CARTESIAN_POINT('Origin',(47.,21.1,-64.));
#6546=CARTESIAN_POINT('',(47.,17.,-64.));
#6547=CARTESIAN_POINT('',(47.,18.7455882352941,-57.0176470588235));
#6548=CARTESIAN_POINT('',(47.,19.05,-64.));
#6549=CARTESIAN_POINT('Origin',(40.,17.,-64.));
#6550=CARTESIAN_POINT('',(40.,17.,-64.));
#6551=CARTESIAN_POINT('Origin',(40.,20.25,-51.));
#6552=CARTESIAN_POINT('Origin',(64.,45.,-64.));
#6553=CARTESIAN_POINT('',(64.,45.,-64.));
#6554=CARTESIAN_POINT('Origin',(64.,41.75,-51.));
#6555=CARTESIAN_POINT('Origin',(10.7413136504,0.2,-31.3298460688847));
#6556=CARTESIAN_POINT('',(10.5413136504,0.4,-29.6596921377693));
#6557=CARTESIAN_POINT('',(10.5413136504,0.4,-32.6596921377693));
#6558=CARTESIAN_POINT('',(10.5413136504,0.4,-31.3298460688847));
#6559=CARTESIAN_POINT('',(10.9413136504,0.,-32.8253775627185));
#6560=CARTESIAN_POINT('',(10.5413136504,0.4,-32.6596921377693));
#6561=CARTESIAN_POINT('',(10.9413136504,0.,-29.2596921377693));
#6562=CARTESIAN_POINT('',(10.9413136504,0.,-31.3298460688847));
#6563=CARTESIAN_POINT('',(10.5413136504,0.4,-29.6596921377693));
#6564=CARTESIAN_POINT('Origin',(30.9192388155425,0.2,-33.5625281570843));
#6565=CARTESIAN_POINT('',(6.43847763108503,0.,-33.7625281570843));
#6566=CARTESIAN_POINT('',(10.0041630560343,0.,-33.7625281570843));
#6567=CARTESIAN_POINT('',(30.9192388155425,0.,-33.7625281570843));
#6568=CARTESIAN_POINT('',(9.83847763108502,0.4,-33.3625281570843));
#6569=CARTESIAN_POINT('',(10.0041630560343,0.,-33.7625281570843));
#6570=CARTESIAN_POINT('',(6.83847763108503,0.4,-33.3625281570843));
#6571=CARTESIAN_POINT('',(30.9192388155425,0.4,-33.3625281570843));
#6572=CARTESIAN_POINT('',(6.83847763108503,0.4,-33.3625281570843));
#6573=CARTESIAN_POINT('Origin',(22.1109116188221,0.2,-21.3729368818218));
#6574=CARTESIAN_POINT('',(21.9694902625848,0.4,-21.2315155255845));
#6575=CARTESIAN_POINT('',(22.2523329750595,0.,-21.5143582380591));
#6576=CARTESIAN_POINT('Origin',(6.63847763108503,0.2,-30.1812640785421));
#6577=CARTESIAN_POINT('',(6.43847763108503,0.,-30.196842732135));
#6578=CARTESIAN_POINT('',(6.43847763108503,0.,-30.1812640785421));
#6579=CARTESIAN_POINT('',(6.83847763108503,0.399999999999991,-30.3625281570843));
#6580=CARTESIAN_POINT('',(6.83847763108503,0.4,-30.1812640785421));
#6581=CARTESIAN_POINT('',(6.83847763108503,0.399999999999991,-30.3625281570843));
#6582=CARTESIAN_POINT('Origin',(19.179486916005,0.199999999999996,-17.7386761596897));
#6583=CARTESIAN_POINT('',(7.37562822545073,0.,-29.2596921377693));
#6584=CARTESIAN_POINT('',(19.0380655597677,0.,-17.5972548034524));
#6585=CARTESIAN_POINT('',(7.54131365039999,0.4,-29.6596921377693));
#6586=CARTESIAN_POINT('',(19.3209082722423,0.399999999999991,-17.880097515927));
#6587=CARTESIAN_POINT('',(7.54131365039999,0.399999999999991,-29.6596921377693));
#6588=CARTESIAN_POINT('Origin',(32.7706568252,0.2,-29.4596921377693));
#6589=CARTESIAN_POINT('',(32.7706568252,0.,-29.2596921377693));
#6590=CARTESIAN_POINT('',(32.7706568252,0.4,-29.6596921377693));
#6591=CARTESIAN_POINT('Origin',(7.54131365039999,62.,-29.6596921377693));
#6592=CARTESIAN_POINT('',(6.83847763108503,9.6,-30.3625281570843));
#6593=CARTESIAN_POINT('',(6.83847763108503,62.,-30.3625281570843));
#6594=CARTESIAN_POINT('',(7.54131365039999,9.6,-29.6596921377693));
#6595=CARTESIAN_POINT('',(9.32090827224232,9.6,-27.880097515927));
#6596=CARTESIAN_POINT('',(7.54131365039999,62.,-29.6596921377693));
#6597=CARTESIAN_POINT('Origin',(6.83847763108503,62.,-30.3625281570843));
#6598=CARTESIAN_POINT('',(6.83847763108503,9.6,-33.3625281570843));
#6599=CARTESIAN_POINT('',(6.83847763108503,62.,-33.3625281570843));
#6600=CARTESIAN_POINT('',(6.83847763108503,9.6,-33.9312640785421));
#6601=CARTESIAN_POINT('Origin',(6.83847763108503,62.,-33.3625281570843));
#6602=CARTESIAN_POINT('',(9.83847763108502,9.6,-33.3625281570843));
#6603=CARTESIAN_POINT('',(9.83847763108502,62.,-33.3625281570843));
#6604=CARTESIAN_POINT('',(14.6692388155425,9.6,-33.3625281570843));
#6605=CARTESIAN_POINT('Origin',(55.,0.,-30.));
#6606=CARTESIAN_POINT('',(49.798191746718,0.,-56.));
#6607=CARTESIAN_POINT('',(49.798191746718,0.,-59.));
#6608=CARTESIAN_POINT('',(49.798191746718,0.,-45.));
#6609=CARTESIAN_POINT('',(39.5857864376269,0.,-56.));
#6610=CARTESIAN_POINT('',(30.,0.,-56.));
#6611=CARTESIAN_POINT('',(4.,0.,-20.4142135623731));
#6612=CARTESIAN_POINT('',(19.2928932188134,0.,-35.7071067811865));
#6613=CARTESIAN_POINT('',(4.,0.,-1.));
#6614=CARTESIAN_POINT('',(4.,0.,-15.));
#6615=CARTESIAN_POINT('',(1.,0.,-1.));
#6616=CARTESIAN_POINT('',(27.5,0.,-1.));
#6617=CARTESIAN_POINT('',(0.999999999999993,0.,-58.));
#6618=CARTESIAN_POINT('',(0.999999999999996,0.,-45.));
#6619=CARTESIAN_POINT('',(1.99999999999999,0.,-59.));
#6620=CARTESIAN_POINT('Origin',(1.99999999999999,0.,-58.));
#6621=CARTESIAN_POINT('',(82.5,0.,-59.));
#6622=CARTESIAN_POINT('',(22.2248706303683,0.,-44.1089345426868));
#6623=CARTESIAN_POINT('',(16.3379725676967,0.,-49.9958326053584));
#6624=CARTESIAN_POINT('',(33.8873079646852,0.,-32.4464972083699));
#6625=CARTESIAN_POINT('',(25.7905560553175,0.,-44.1089345426868));
#6626=CARTESIAN_POINT('',(40.1952780276587,0.,-44.1089345426868));
#6627=CARTESIAN_POINT('',(25.7905560553175,0.,-47.674619967636));
#6628=CARTESIAN_POINT('',(25.7905560553175,0.,-38.7544672713434));
#6629=CARTESIAN_POINT('',(19.903657992646,0.,-53.5615180303076));
#6630=CARTESIAN_POINT('',(34.626701645824,0.,-38.8384743771295));
#6631=CARTESIAN_POINT('',(16.3379725676967,0.,-53.5615180303076));
#6632=CARTESIAN_POINT('',(35.8689862838484,0.,-53.5615180303075));
#6633=CARTESIAN_POINT('',(16.3379725676967,0.,-40.0807590151538));
#6634=CARTESIAN_POINT('',(6.83847763108504,0.,-43.2620230936959));
#6635=CARTESIAN_POINT('',(6.83847763108505,0.,-39.6963376687467));
#6636=CARTESIAN_POINT('',(6.83847763108506,0.,-35.1310115468479));
#6637=CARTESIAN_POINT('',(12.3253756937566,0.,-34.2094396060752));
#6638=CARTESIAN_POINT('',(23.9878130280736,0.,-22.5470022717582));
#6639=CARTESIAN_POINT('',(15.8910611187058,0.,-34.2094396060752));
#6640=CARTESIAN_POINT('',(35.2455305593529,0.,-34.2094396060752));
#6641=CARTESIAN_POINT('',(15.8910611187058,0.,-37.7751250310244));
#6642=CARTESIAN_POINT('',(15.8910611187058,0.,-33.8047198030376));
#6643=CARTESIAN_POINT('',(10.4041630560343,0.,-43.2620230936959));
#6644=CARTESIAN_POINT('',(24.7272067092124,0.,-28.9389794405178));
#6645=CARTESIAN_POINT('',(30.9192388155425,0.,-43.2620230936959));
#6646=CARTESIAN_POINT('',(26.2374675043084,0.,-53.5615180303076));
#6647=CARTESIAN_POINT('',(29.8031529292576,0.,-53.5615180303076));
#6648=CARTESIAN_POINT('',(40.8187337521542,0.,-53.5615180303076));
#6649=CARTESIAN_POINT('',(26.2374675043084,0.,-49.9958326053584));
#6650=CARTESIAN_POINT('',(26.2374675043084,0.,-40.0807590151538));
#6651=CARTESIAN_POINT('',(27.1746180986741,0.,-49.0586820109927));
#6652=CARTESIAN_POINT('',(38.837055432991,0.,-37.3962446766757));
#6653=CARTESIAN_POINT('',(30.7403035236233,0.,-49.0586820109927));
#6654=CARTESIAN_POINT('',(42.6701517618117,0.,-49.0586820109927));
#6655=CARTESIAN_POINT('',(30.7403035236233,0.,-52.6243674359419));
#6656=CARTESIAN_POINT('',(30.7403035236233,0.,-41.2293410054963));
#6657=CARTESIAN_POINT('',(42.0513228482828,0.,-41.3133481112824));
#6658=CARTESIAN_POINT('',(6.43420686921343,0.,-53.5657887921792));
#6659=CARTESIAN_POINT('',(9.99989229416267,0.,-53.5657887921792));
#6660=CARTESIAN_POINT('',(30.9171034346067,0.,-53.5657887921792));
#6661=CARTESIAN_POINT('',(6.43420686921343,0.,-50.0001033672299));
#6662=CARTESIAN_POINT('',(6.43420686921343,0.,-40.0828943960896));
#6663=CARTESIAN_POINT('',(17.2751231620624,0.,-39.159187074381));
#6664=CARTESIAN_POINT('',(28.9375604963794,0.,-27.4967497400641));
#6665=CARTESIAN_POINT('',(20.8408085870116,0.,-39.159187074381));
#6666=CARTESIAN_POINT('',(37.7204042935058,0.,-39.159187074381));
#6667=CARTESIAN_POINT('',(20.8408085870117,0.,-42.7248724993302));
#6668=CARTESIAN_POINT('',(20.8408085870116,0.,-36.2795935371905));
#6669=CARTESIAN_POINT('',(27.1999450624295,0.,-36.3657360239124));
#6670=CARTESIAN_POINT('Origin',(24.1292343843109,0.2,-22.6884236279955));
#6671=CARTESIAN_POINT('',(6.83847763108504,0.4,-40.2620230936959));
#6672=CARTESIAN_POINT('',(6.83847763108502,6.49119621598224,-48.8762753934137));
#6673=CARTESIAN_POINT('',(12.4910611187058,0.4,-34.6094396060752));
#6674=CARTESIAN_POINT('',(24.2706557405482,0.4,-22.8298449842328));
#6675=CARTESIAN_POINT('',(12.4910611187058,0.4,-34.6094396060752));
#6676=CARTESIAN_POINT('Origin',(35.2455305593529,0.2,-34.4094396060752));
#6677=CARTESIAN_POINT('',(15.4910611187058,0.4,-34.6094396060752));
#6678=CARTESIAN_POINT('',(35.2455305593529,0.4,-34.6094396060752));
#6679=CARTESIAN_POINT('',(15.4910611187058,0.4,-34.6094396060752));
#6680=CARTESIAN_POINT('Origin',(15.6910611187058,0.2,-33.8047198030376));
#6681=CARTESIAN_POINT('',(15.4910611187058,0.399999999999991,-37.6094396060751));
#6682=CARTESIAN_POINT('',(15.4910611187058,0.4,-33.8047198030376));
#6683=CARTESIAN_POINT('',(15.4910611187058,0.399999999999991,-37.6094396060751));
#6684=CARTESIAN_POINT('Origin',(24.5857853529751,0.199999999999996,-28.7975580842805));
#6685=CARTESIAN_POINT('',(9.83847763108503,0.399999999999991,-43.2620230936959));
#6686=CARTESIAN_POINT('',(24.4443639967378,0.399999999999991,-28.6561367280432));
#6687=CARTESIAN_POINT('',(-0.717871916569548,7.86446634972203,-43.2620230936959));
#6688=CARTESIAN_POINT('Origin',(37.7204042935058,0.2,-39.359187074381));
#6689=CARTESIAN_POINT('',(17.4408085870117,0.4,-39.559187074381));
#6690=CARTESIAN_POINT('',(20.4408085870116,0.4,-39.559187074381));
#6691=CARTESIAN_POINT('',(37.7204042935058,0.4,-39.559187074381));
#6692=CARTESIAN_POINT('',(20.4408085870116,0.4,-39.559187074381));
#6693=CARTESIAN_POINT('',(17.4408085870117,0.399999999999991,-39.559187074381));
#6694=CARTESIAN_POINT('Origin',(30.9171034346067,0.2,-53.3657887921792));
#6695=CARTESIAN_POINT('',(9.83420686921344,0.4,-53.1657887921792));
#6696=CARTESIAN_POINT('',(9.99989229416267,0.,-53.5657887921792));
#6697=CARTESIAN_POINT('',(6.83420686921343,0.4,-53.1657887921792));
#6698=CARTESIAN_POINT('',(30.9171034346067,0.4,-53.1657887921792));
#6699=CARTESIAN_POINT('',(6.83420686921343,0.4,-53.1657887921792));
#6700=CARTESIAN_POINT('Origin',(20.6408085870116,0.2,-36.2795935371905));
#6701=CARTESIAN_POINT('',(20.4408085870117,0.399999999999991,-42.559187074381));
#6702=CARTESIAN_POINT('',(20.4408085870116,0.4,-36.2795935371905));
#6703=CARTESIAN_POINT('',(20.4408085870117,0.399999999999991,-42.559187074381));
#6704=CARTESIAN_POINT('Origin',(27.0585237061922,0.199999999999996,-36.2243146676751));
#6705=CARTESIAN_POINT('',(26.9171023499549,0.399999999999991,-36.0828933114378));
#6706=CARTESIAN_POINT('Origin',(6.63420686921343,0.2,-40.0828943960896));
#6707=CARTESIAN_POINT('',(6.83420686921343,0.399999999999991,-50.1657887921792));
#6708=CARTESIAN_POINT('',(6.83420686921343,0.4,-40.0828943960896));
#6709=CARTESIAN_POINT('',(6.83420686921343,0.399999999999991,-50.1657887921792));
#6710=CARTESIAN_POINT('Origin',(29.0789818526167,0.199999999999996,-27.6381710963014));
#6711=CARTESIAN_POINT('',(29.220403208854,0.399999999999991,-27.7795924525387));
#6712=CARTESIAN_POINT('Origin',(17.4408085870117,62.,-39.559187074381));
#6713=CARTESIAN_POINT('',(6.83420686921343,9.6,-50.1657887921792));
#6714=CARTESIAN_POINT('',(6.83420686921343,62.,-50.1657887921792));
#6715=CARTESIAN_POINT('',(17.4408085870117,9.6,-39.559187074381));
#6716=CARTESIAN_POINT('',(19.220403208854,9.6,-37.7795924525387));
#6717=CARTESIAN_POINT('',(17.4408085870117,62.,-39.559187074381));
#6718=CARTESIAN_POINT('Origin',(6.83420686921343,62.,-50.1657887921792));
#6719=CARTESIAN_POINT('',(6.83420686921343,9.6,-53.1657887921792));
#6720=CARTESIAN_POINT('',(6.83420686921343,62.,-53.1657887921792));
#6721=CARTESIAN_POINT('',(6.83420686921343,9.6,-43.8328943960896));
#6722=CARTESIAN_POINT('Origin',(6.83420686921343,62.,-53.1657887921792));
#6723=CARTESIAN_POINT('',(9.83420686921344,9.6,-53.1657887921792));
#6724=CARTESIAN_POINT('',(9.83420686921344,62.,-53.1657887921792));
#6725=CARTESIAN_POINT('',(14.6671034346067,9.6,-53.1657887921792));
#6726=CARTESIAN_POINT('Origin',(34.0287293209225,0.199999999999996,-32.5879185646072));
#6727=CARTESIAN_POINT('',(16.7379725676967,0.399999999999991,-50.1615180303076));
#6728=CARTESIAN_POINT('',(16.3379725676967,0.,-49.9958326053584));
#6729=CARTESIAN_POINT('',(22.3905560553175,0.4,-44.5089345426868));
#6730=CARTESIAN_POINT('',(34.1701506771598,0.399999999999991,-32.7293399208445));
#6731=CARTESIAN_POINT('',(22.3905560553175,0.399999999999991,-44.5089345426868));
#6732=CARTESIAN_POINT('Origin',(40.1952780276587,0.2,-44.3089345426868));
#6733=CARTESIAN_POINT('',(25.3905560553175,0.4,-44.5089345426868));
#6734=CARTESIAN_POINT('',(40.1952780276587,0.4,-44.5089345426868));
#6735=CARTESIAN_POINT('',(25.3905560553175,0.4,-44.5089345426868));
#6736=CARTESIAN_POINT('Origin',(25.5905560553175,0.2,-38.7544672713434));
#6737=CARTESIAN_POINT('',(25.3905560553175,0.4,-47.5089345426868));
#6738=CARTESIAN_POINT('',(25.3905560553175,0.4,-38.7544672713434));
#6739=CARTESIAN_POINT('',(25.3905560553175,0.4,-47.5089345426868));
#6740=CARTESIAN_POINT('Origin',(34.4852802895867,0.2,-38.6970530208922));
#6741=CARTESIAN_POINT('',(19.7379725676967,0.4,-53.1615180303076));
#6742=CARTESIAN_POINT('',(34.3438589333494,0.4,-38.5556316646549));
#6743=CARTESIAN_POINT('',(19.7379725676967,0.4,-53.1615180303076));
#6744=CARTESIAN_POINT('Origin',(35.8689862838484,0.2,-53.3615180303075));
#6745=CARTESIAN_POINT('',(16.7379725676967,0.4,-53.1615180303076));
#6746=CARTESIAN_POINT('',(35.8689862838484,0.4,-53.1615180303075));
#6747=CARTESIAN_POINT('',(16.7379725676967,0.4,-53.1615180303076));
#6748=CARTESIAN_POINT('Origin',(16.5379725676967,0.2,-40.0807590151538));
#6749=CARTESIAN_POINT('',(16.7379725676967,0.4,-40.0807590151538));
#6750=CARTESIAN_POINT('Origin',(25.3905560553175,62.,-47.5089345426868));
#6751=CARTESIAN_POINT('',(25.3905560553175,9.6,-44.5089345426868));
#6752=CARTESIAN_POINT('',(25.3905560553175,62.,-44.5089345426868));
#6753=CARTESIAN_POINT('',(25.3905560553175,9.6,-47.5089345426868));
#6754=CARTESIAN_POINT('',(25.3905560553175,9.6,-42.5044672713434));
#6755=CARTESIAN_POINT('',(25.3905560553175,62.,-47.5089345426868));
#6756=CARTESIAN_POINT('Origin',(25.3905560553175,62.,-44.5089345426868));
#6757=CARTESIAN_POINT('',(22.3905560553175,9.6,-44.5089345426868));
#6758=CARTESIAN_POINT('',(22.3905560553175,62.,-44.5089345426868));
#6759=CARTESIAN_POINT('',(23.9452780276587,9.6,-44.5089345426868));
#6760=CARTESIAN_POINT('Origin',(22.3905560553175,62.,-44.5089345426868));
#6761=CARTESIAN_POINT('',(16.7379725676967,9.6,-50.1615180303076));
#6762=CARTESIAN_POINT('',(16.7379725676967,62.,-50.1615180303076));
#6763=CARTESIAN_POINT('',(24.1701506771598,9.6,-42.7293399208445));
#6764=CARTESIAN_POINT('Origin',(42.6701517618117,0.2,-49.2586820109927));
#6765=CARTESIAN_POINT('',(27.3403035236233,0.4,-49.4586820109927));
#6766=CARTESIAN_POINT('',(30.3403035236233,0.4,-49.4586820109927));
#6767=CARTESIAN_POINT('',(42.6701517618117,0.4,-49.4586820109927));
#6768=CARTESIAN_POINT('',(30.3403035236233,0.4,-49.4586820109927));
#6769=CARTESIAN_POINT('',(27.3403035236233,0.399999999999991,-49.4586820109927));
#6770=CARTESIAN_POINT('Origin',(40.8187337521542,0.2,-53.3615180303076));
#6771=CARTESIAN_POINT('',(29.6374675043084,0.4,-53.1615180303076));
#6772=CARTESIAN_POINT('',(29.8031529292576,0.,-53.5615180303076));
#6773=CARTESIAN_POINT('',(26.6374675043084,0.4,-53.1615180303076));
#6774=CARTESIAN_POINT('',(40.8187337521542,0.4,-53.1615180303076));
#6775=CARTESIAN_POINT('',(26.6374675043084,0.4,-53.1615180303076));
#6776=CARTESIAN_POINT('Origin',(30.5403035236233,0.2,-41.2293410054963));
#6777=CARTESIAN_POINT('',(30.3403035236233,0.4,-52.4586820109926));
#6778=CARTESIAN_POINT('',(30.3403035236233,0.4,-41.2293410054963));
#6779=CARTESIAN_POINT('',(30.3403035236233,0.4,-52.4586820109926));
#6780=CARTESIAN_POINT('Origin',(41.9099014920455,0.2,-41.1719267550451));
#6781=CARTESIAN_POINT('',(41.7684801358082,0.4,-41.0305053988078));
#6782=CARTESIAN_POINT('Origin',(26.4374675043084,0.2,-40.0807590151538));
#6783=CARTESIAN_POINT('',(26.6374675043084,0.399999999999991,-50.1615180303076));
#6784=CARTESIAN_POINT('',(26.6374675043084,0.4,-40.0807590151538));
#6785=CARTESIAN_POINT('',(26.6374675043084,0.399999999999991,-50.1615180303076));
#6786=CARTESIAN_POINT('Origin',(38.9784767892284,0.199999999999996,-37.537666032913));
#6787=CARTESIAN_POINT('',(39.1198981454657,0.399999999999991,-37.6790873891503));
#6788=CARTESIAN_POINT('Origin',(27.3403035236233,62.,-49.4586820109927));
#6789=CARTESIAN_POINT('',(26.6374675043084,9.6,-50.1615180303076));
#6790=CARTESIAN_POINT('',(26.6374675043084,62.,-50.1615180303076));
#6791=CARTESIAN_POINT('',(27.3403035236233,9.6,-49.4586820109927));
#6792=CARTESIAN_POINT('',(29.1198981454657,9.6,-47.6790873891503));
#6793=CARTESIAN_POINT('',(27.3403035236233,62.,-49.4586820109927));
#6794=CARTESIAN_POINT('Origin',(26.6374675043084,62.,-50.1615180303076));
#6795=CARTESIAN_POINT('',(26.6374675043084,9.6,-53.1615180303076));
#6796=CARTESIAN_POINT('',(26.6374675043084,62.,-53.1615180303076));
#6797=CARTESIAN_POINT('',(26.6374675043084,9.6,-43.8307590151538));
#6798=CARTESIAN_POINT('Origin',(26.6374675043084,62.,-53.1615180303076));
#6799=CARTESIAN_POINT('',(29.6374675043084,9.6,-53.1615180303076));
#6800=CARTESIAN_POINT('',(29.6374675043084,62.,-53.1615180303076));
#6801=CARTESIAN_POINT('',(24.5687337521542,9.6,-53.1615180303076));
#6802=CARTESIAN_POINT('Origin',(26.4201517618117,9.8,-49.2586820109927));
#6803=CARTESIAN_POINT('',(27.1746180986741,10.,-49.0586820109927));
#6804=CARTESIAN_POINT('',(30.7403035236233,10.,-49.0586820109927));
#6805=CARTESIAN_POINT('',(26.4201517618117,10.,-49.0586820109927));
#6806=CARTESIAN_POINT('',(30.3403035236233,9.6,-49.4586820109927));
#6807=CARTESIAN_POINT('',(30.7403035236233,10.,-49.0586820109927));
#6808=CARTESIAN_POINT('',(26.4201517618117,9.6,-49.4586820109927));
#6809=CARTESIAN_POINT('',(27.1746180986741,10.,-49.0586820109927));
#6810=CARTESIAN_POINT('Origin',(30.5403035236233,9.8,-44.9793410054963));
#6811=CARTESIAN_POINT('',(30.7403035236233,10.,-52.6243674359419));
#6812=CARTESIAN_POINT('',(30.7403035236233,10.,-44.9793410054963));
#6813=CARTESIAN_POINT('',(30.3403035236233,9.6,-52.4586820109926));
#6814=CARTESIAN_POINT('',(30.7403035236233,10.,-52.6243674359419));
#6815=CARTESIAN_POINT('',(30.3403035236233,9.6,-44.9793410054963));
#6816=CARTESIAN_POINT('Origin',(24.5687337521542,9.8,-53.3615180303076));
#6817=CARTESIAN_POINT('',(29.8031529292576,10.,-53.5615180303076));
#6818=CARTESIAN_POINT('',(26.2374675043084,10.,-53.5615180303076));
#6819=CARTESIAN_POINT('',(24.5687337521542,10.,-53.5615180303076));
#6820=CARTESIAN_POINT('',(26.2374675043084,10.,-53.5615180303076));
#6821=CARTESIAN_POINT('',(29.6374675043084,9.6,-53.1615180303076));
#6822=CARTESIAN_POINT('Origin',(26.4374675043084,9.8,-43.8307590151538));
#6823=CARTESIAN_POINT('',(26.2374675043084,10.,-49.9958326053584));
#6824=CARTESIAN_POINT('',(26.2374675043084,10.,-43.8307590151538));
#6825=CARTESIAN_POINT('',(26.2374675043084,10.,-49.9958326053584));
#6826=CARTESIAN_POINT('Origin',(31.9099014920455,9.8,-51.1719267550451));
#6827=CARTESIAN_POINT('',(32.0513228482828,10.,-51.3133481112824));
#6828=CARTESIAN_POINT('',(31.7684801358082,9.6,-51.0305053988078));
#6829=CARTESIAN_POINT('Origin',(28.9784767892283,9.8,-47.537666032913));
#6830=CARTESIAN_POINT('',(28.837055432991,10.,-47.3962446766757));
#6831=CARTESIAN_POINT('Origin',(30.3403035236233,62.,-52.4586820109926));
#6832=CARTESIAN_POINT('',(30.3403035236233,62.,-49.4586820109927));
#6833=CARTESIAN_POINT('',(30.3403035236233,62.,-52.4586820109926));
#6834=CARTESIAN_POINT('Origin',(29.6374675043084,62.,-53.1615180303076));
#6835=CARTESIAN_POINT('Origin',(22.5,10.,-37.5));
#6836=CARTESIAN_POINT('',(38.5857864376269,10.,-55.));
#6837=CARTESIAN_POINT('',(5.,10.,-21.4142135623731));
#6838=CARTESIAN_POINT('',(13.0428932188135,10.,-29.4571067811865));
#6839=CARTESIAN_POINT('',(7.,10.,-55.));
#6840=CARTESIAN_POINT('',(13.75,10.,-55.));
#6841=CARTESIAN_POINT('',(5.,10.,-53.));
#6842=CARTESIAN_POINT('Origin',(7.,10.,-53.));
#6843=CARTESIAN_POINT('',(5.,10.,-18.75));
#6844=CARTESIAN_POINT('',(22.2248706303683,10.,-44.1089345426868));
#6845=CARTESIAN_POINT('',(25.7905560553175,10.,-44.1089345426868));
#6846=CARTESIAN_POINT('',(23.9452780276587,10.,-44.1089345426868));
#6847=CARTESIAN_POINT('',(16.3379725676967,10.,-49.9958326053584));
#6848=CARTESIAN_POINT('',(23.8873079646852,10.,-42.4464972083699));
#6849=CARTESIAN_POINT('',(16.3379725676967,10.,-53.5615180303076));
#6850=CARTESIAN_POINT('',(16.3379725676967,10.,-43.8307590151538));
#6851=CARTESIAN_POINT('',(19.9036579926459,10.,-53.5615180303076));
#6852=CARTESIAN_POINT('',(19.6189862838484,10.,-53.5615180303076));
#6853=CARTESIAN_POINT('',(25.7905560553175,10.,-47.674619967636));
#6854=CARTESIAN_POINT('',(24.626701645824,10.,-48.8384743771295));
#6855=CARTESIAN_POINT('',(25.7905560553175,10.,-42.5044672713434));
#6856=CARTESIAN_POINT('',(10.0041630560343,10.,-33.7625281570843));
#6857=CARTESIAN_POINT('',(6.43847763108503,10.,-33.7625281570843));
#6858=CARTESIAN_POINT('',(14.6692388155425,10.,-33.7625281570843));
#6859=CARTESIAN_POINT('',(10.9413136504,10.,-32.8253775627185));
#6860=CARTESIAN_POINT('',(12.2523329750594,10.,-31.5143582380591));
#6861=CARTESIAN_POINT('',(10.9413136504,10.,-29.2596921377693));
#6862=CARTESIAN_POINT('',(10.9413136504,10.,-35.0798460688847));
#6863=CARTESIAN_POINT('',(7.37562822545074,10.,-29.2596921377693));
#6864=CARTESIAN_POINT('',(16.5206568252,10.,-29.2596921377693));
#6865=CARTESIAN_POINT('',(6.43847763108503,10.,-30.196842732135));
#6866=CARTESIAN_POINT('',(9.0380655597677,10.,-27.5972548034524));
#6867=CARTESIAN_POINT('',(6.43847763108503,10.,-33.9312640785421));
#6868=CARTESIAN_POINT('',(6.83847763108505,10.,-39.6963376687467));
#6869=CARTESIAN_POINT('',(6.83847763108504,10.,-43.2620230936959));
#6870=CARTESIAN_POINT('',(6.83847763108505,10.,-38.8810115468479));
#6871=CARTESIAN_POINT('',(10.4041630560343,10.,-43.2620230936959));
#6872=CARTESIAN_POINT('',(14.6692388155425,10.,-43.2620230936959));
#6873=CARTESIAN_POINT('',(15.8910611187058,10.,-37.7751250310244));
#6874=CARTESIAN_POINT('',(14.7272067092124,10.,-38.9389794405178));
#6875=CARTESIAN_POINT('',(15.8910611187058,10.,-34.2094396060752));
#6876=CARTESIAN_POINT('',(15.8910611187058,10.,-37.5547198030376));
#6877=CARTESIAN_POINT('',(12.3253756937566,10.,-34.2094396060752));
#6878=CARTESIAN_POINT('',(18.9955305593529,10.,-34.2094396060752));
#6879=CARTESIAN_POINT('',(13.9878130280735,10.,-32.5470022717582));
#6880=CARTESIAN_POINT('',(9.99989229416267,10.,-53.5657887921792));
#6881=CARTESIAN_POINT('',(6.43420686921343,10.,-53.5657887921792));
#6882=CARTESIAN_POINT('',(14.6671034346067,10.,-53.5657887921792));
#6883=CARTESIAN_POINT('',(20.8408085870117,10.,-42.7248724993302));
#6884=CARTESIAN_POINT('',(17.1999450624295,10.,-46.3657360239124));
#6885=CARTESIAN_POINT('',(20.8408085870116,10.,-39.159187074381));
#6886=CARTESIAN_POINT('',(20.8408085870116,10.,-40.0295935371905));
#6887=CARTESIAN_POINT('',(17.2751231620624,10.,-39.159187074381));
#6888=CARTESIAN_POINT('',(21.4704042935058,10.,-39.159187074381));
#6889=CARTESIAN_POINT('',(6.43420686921343,10.,-50.0001033672299));
#6890=CARTESIAN_POINT('',(18.9375604963794,10.,-37.496749740064));
#6891=CARTESIAN_POINT('',(6.43420686921343,10.,-43.8328943960896));
#6892=CARTESIAN_POINT('Origin',(23.9452780276587,9.8,-44.3089345426868));
#6893=CARTESIAN_POINT('',(25.7905560553175,10.,-44.1089345426868));
#6894=CARTESIAN_POINT('',(22.2248706303683,10.,-44.1089345426868));
#6895=CARTESIAN_POINT('Origin',(25.5905560553175,9.8,-42.5044672713434));
#6896=CARTESIAN_POINT('',(25.7905560553175,10.,-47.674619967636));
#6897=CARTESIAN_POINT('Origin',(24.0287293209225,9.8,-42.5879185646072));
#6898=CARTESIAN_POINT('',(16.7379725676967,9.6,-50.1615180303076));
#6899=CARTESIAN_POINT('Origin',(24.4852802895867,9.8,-48.6970530208922));
#6900=CARTESIAN_POINT('',(19.7379725676967,9.6,-53.1615180303076));
#6901=CARTESIAN_POINT('',(19.9036579926459,10.,-53.5615180303076));
#6902=CARTESIAN_POINT('',(24.3438589333494,9.6,-48.5556316646549));
#6903=CARTESIAN_POINT('Origin',(19.6189862838484,9.8,-53.3615180303076));
#6904=CARTESIAN_POINT('',(16.7379725676967,9.6,-53.1615180303076));
#6905=CARTESIAN_POINT('',(16.3379725676967,10.,-53.5615180303076));
#6906=CARTESIAN_POINT('',(19.6189862838484,9.6,-53.1615180303076));
#6907=CARTESIAN_POINT('Origin',(16.5379725676967,9.8,-43.8307590151538));
#6908=CARTESIAN_POINT('',(16.7379725676967,9.6,-43.8307590151538));
#6909=CARTESIAN_POINT('Origin',(16.7379725676967,62.,-50.1615180303076));
#6910=CARTESIAN_POINT('',(16.7379725676967,62.,-53.1615180303076));
#6911=CARTESIAN_POINT('Origin',(21.4704042935058,9.8,-39.359187074381));
#6912=CARTESIAN_POINT('',(20.4408085870116,9.6,-39.559187074381));
#6913=CARTESIAN_POINT('',(20.8408085870116,10.,-39.159187074381));
#6914=CARTESIAN_POINT('',(21.4704042935058,9.6,-39.559187074381));
#6915=CARTESIAN_POINT('',(17.2751231620624,10.,-39.159187074381));
#6916=CARTESIAN_POINT('Origin',(20.6408085870116,9.8,-40.0295935371905));
#6917=CARTESIAN_POINT('',(20.4408085870117,9.6,-42.559187074381));
#6918=CARTESIAN_POINT('',(20.8408085870117,10.,-42.7248724993302));
#6919=CARTESIAN_POINT('',(20.4408085870116,9.6,-40.0295935371905));
#6920=CARTESIAN_POINT('Origin',(14.6671034346067,9.8,-53.3657887921792));
#6921=CARTESIAN_POINT('',(6.43420686921343,10.,-53.5657887921792));
#6922=CARTESIAN_POINT('',(9.83420686921344,9.6,-53.1657887921792));
#6923=CARTESIAN_POINT('Origin',(6.63420686921343,9.8,-43.8328943960896));
#6924=CARTESIAN_POINT('',(6.43420686921343,10.,-50.0001033672299));
#6925=CARTESIAN_POINT('Origin',(17.0585237061922,9.8,-46.2243146676751));
#6926=CARTESIAN_POINT('',(16.9171023499549,9.6,-46.0828933114377));
#6927=CARTESIAN_POINT('Origin',(19.0789818526167,9.8,-37.6381710963013));
#6928=CARTESIAN_POINT('Origin',(20.4408085870117,62.,-42.559187074381));
#6929=CARTESIAN_POINT('',(20.4408085870116,62.,-39.559187074381));
#6930=CARTESIAN_POINT('',(20.4408085870117,62.,-42.559187074381));
#6931=CARTESIAN_POINT('Origin',(9.83420686921344,62.,-53.1657887921792));
#6932=CARTESIAN_POINT('Origin',(14.1292343843109,9.8,-32.6884236279955));
#6933=CARTESIAN_POINT('',(12.4910611187058,9.6,-34.6094396060752));
#6934=CARTESIAN_POINT('',(6.83847763108504,9.6,-40.2620230936959));
#6935=CARTESIAN_POINT('',(14.2706557405482,9.6,-32.8298449842328));
#6936=CARTESIAN_POINT('',(6.83847763108509,20.1517811800625,-25.3395510416583));
#6937=CARTESIAN_POINT('',(12.3253756937566,10.,-34.2094396060752));
#6938=CARTESIAN_POINT('Origin',(18.9955305593529,9.8,-34.4094396060752));
#6939=CARTESIAN_POINT('',(15.4910611187058,9.6,-34.6094396060752));
#6940=CARTESIAN_POINT('',(18.9955305593529,9.6,-34.6094396060752));
#6941=CARTESIAN_POINT('',(15.8910611187058,10.,-34.2094396060752));
#6942=CARTESIAN_POINT('Origin',(15.6910611187058,9.8,-37.5547198030376));
#6943=CARTESIAN_POINT('',(15.4910611187058,9.6,-37.6094396060751));
#6944=CARTESIAN_POINT('',(15.4910611187058,9.6,-37.5547198030376));
#6945=CARTESIAN_POINT('',(15.8910611187058,10.,-37.7751250310244));
#6946=CARTESIAN_POINT('Origin',(14.5857853529751,9.8,-38.7975580842805));
#6947=CARTESIAN_POINT('',(9.83847763108503,9.6,-43.2620230936959));
#6948=CARTESIAN_POINT('',(22.8188524351858,18.7785110463226,-43.2620230936959));
#6949=CARTESIAN_POINT('',(14.4443639967378,9.6,-38.6561367280432));
#6950=CARTESIAN_POINT('Origin',(12.4910611187058,62.,-34.6094396060752));
#6951=CARTESIAN_POINT('',(6.83847763108504,62.,-40.2620230936959));
#6952=CARTESIAN_POINT('',(12.4910611187058,62.,-34.6094396060752));
#6953=CARTESIAN_POINT('Origin',(15.4910611187058,62.,-34.6094396060752));
#6954=CARTESIAN_POINT('',(15.4910611187058,62.,-34.6094396060752));
#6955=CARTESIAN_POINT('Origin',(15.4910611187058,62.,-37.6094396060751));
#6956=CARTESIAN_POINT('',(15.4910611187058,62.,-37.6094396060751));
#6957=CARTESIAN_POINT('Origin',(9.83847763108504,62.,-43.2620230936959));
#6958=CARTESIAN_POINT('',(9.83847763108503,62.,-43.2620230936959));
#6959=CARTESIAN_POINT('Origin',(16.5206568252,9.8,-29.4596921377693));
#6960=CARTESIAN_POINT('',(10.5413136504,9.6,-29.6596921377693));
#6961=CARTESIAN_POINT('',(10.9413136504,10.,-29.2596921377693));
#6962=CARTESIAN_POINT('',(16.5206568252,9.6,-29.6596921377693));
#6963=CARTESIAN_POINT('',(7.37562822545074,10.,-29.2596921377693));
#6964=CARTESIAN_POINT('Origin',(10.7413136504,9.8,-35.0798460688847));
#6965=CARTESIAN_POINT('',(10.5413136504,9.6,-32.6596921377693));
#6966=CARTESIAN_POINT('',(10.9413136504,10.,-32.8253775627185));
#6967=CARTESIAN_POINT('',(10.5413136504,9.6,-35.0798460688847));
#6968=CARTESIAN_POINT('Origin',(14.6692388155425,9.8,-33.5625281570843));
#6969=CARTESIAN_POINT('',(6.43847763108503,10.,-33.7625281570843));
#6970=CARTESIAN_POINT('',(9.83847763108502,9.6,-33.3625281570843));
#6971=CARTESIAN_POINT('Origin',(6.63847763108503,9.8,-33.9312640785421));
#6972=CARTESIAN_POINT('',(6.43847763108503,10.,-30.196842732135));
#6973=CARTESIAN_POINT('Origin',(12.1109116188221,9.8,-31.3729368818218));
#6974=CARTESIAN_POINT('',(11.9694902625848,9.6,-31.2315155255845));
#6975=CARTESIAN_POINT('Origin',(9.17948691600501,9.8,-27.7386761596897));
#6976=CARTESIAN_POINT('Origin',(10.5413136504,62.,-32.6596921377693));
#6977=CARTESIAN_POINT('',(10.5413136504,62.,-29.6596921377693));
#6978=CARTESIAN_POINT('',(10.5413136504,62.,-32.6596921377693));
#6979=CARTESIAN_POINT('Origin',(9.83847763108502,62.,-33.3625281570843));
#6980=CARTESIAN_POINT('Origin',(34.0287293209225,61.8,-32.5879185646072));
#6981=CARTESIAN_POINT('',(16.3379725676967,62.,-49.9958326053584));
#6982=CARTESIAN_POINT('',(22.2248706303683,62.,-44.1089345426868));
#6983=CARTESIAN_POINT('',(33.8873079646852,62.,-32.4464972083699));
#6984=CARTESIAN_POINT('',(22.3905560553175,61.6,-44.5089345426868));
#6985=CARTESIAN_POINT('',(22.2248706303683,62.,-44.1089345426868));
#6986=CARTESIAN_POINT('',(16.7379725676967,61.6,-50.1615180303076));
#6987=CARTESIAN_POINT('',(34.1701506771598,61.6,-32.7293399208445));
#6988=CARTESIAN_POINT('',(16.7379725676967,61.6,-50.1615180303076));
#6989=CARTESIAN_POINT('Origin',(40.1952780276587,61.8,-44.3089345426868));
#6990=CARTESIAN_POINT('',(25.7905560553175,62.,-44.1089345426868));
#6991=CARTESIAN_POINT('',(40.1952780276587,62.,-44.1089345426868));
#6992=CARTESIAN_POINT('',(25.3905560553175,61.6,-44.5089345426868));
#6993=CARTESIAN_POINT('',(25.7905560553175,62.,-44.1089345426868));
#6994=CARTESIAN_POINT('',(40.1952780276587,61.6,-44.5089345426868));
#6995=CARTESIAN_POINT('Origin',(25.5905560553175,61.8,-38.7544672713434));
#6996=CARTESIAN_POINT('',(25.7905560553175,62.,-47.674619967636));
#6997=CARTESIAN_POINT('',(25.7905560553175,62.,-38.7544672713434));
#6998=CARTESIAN_POINT('',(25.3905560553175,61.6,-47.5089345426868));
#6999=CARTESIAN_POINT('',(25.7905560553175,62.,-47.674619967636));
#7000=CARTESIAN_POINT('',(25.3905560553175,61.6,-38.7544672713434));
#7001=CARTESIAN_POINT('Origin',(34.4852802895867,61.8,-38.6970530208922));
#7002=CARTESIAN_POINT('',(19.903657992646,62.,-53.5615180303076));
#7003=CARTESIAN_POINT('',(34.626701645824,62.,-38.8384743771295));
#7004=CARTESIAN_POINT('',(19.7379725676967,61.6,-53.1615180303076));
#7005=CARTESIAN_POINT('',(19.903657992646,62.,-53.5615180303076));
#7006=CARTESIAN_POINT('',(34.3438589333494,61.6,-38.5556316646549));
#7007=CARTESIAN_POINT('Origin',(35.8689862838484,61.8,-53.3615180303075));
#7008=CARTESIAN_POINT('',(16.7379725676967,61.6,-53.1615180303076));
#7009=CARTESIAN_POINT('',(35.8689862838484,61.6,-53.1615180303075));
#7010=CARTESIAN_POINT('',(16.3379725676967,62.,-53.5615180303076));
#7011=CARTESIAN_POINT('',(35.8689862838484,62.,-53.5615180303075));
#7012=CARTESIAN_POINT('',(16.3379725676967,62.,-53.5615180303076));
#7013=CARTESIAN_POINT('Origin',(16.5379725676967,61.8,-40.0807590151538));
#7014=CARTESIAN_POINT('',(16.7379725676967,61.6,-40.0807590151538));
#7015=CARTESIAN_POINT('',(16.3379725676967,62.,-40.0807590151538));
#7016=CARTESIAN_POINT('Origin',(16.7379725676967,62.,-53.1615180303076));
#7017=CARTESIAN_POINT('',(16.7379725676967,52.4,-53.1615180303076));
#7018=CARTESIAN_POINT('',(16.7379725676967,62.,-53.1615180303076));
#7019=CARTESIAN_POINT('',(19.7379725676967,52.4,-53.1615180303076));
#7020=CARTESIAN_POINT('',(19.6189862838484,52.4,-53.1615180303076));
#7021=CARTESIAN_POINT('',(19.7379725676967,62.,-53.1615180303076));
#7022=CARTESIAN_POINT('Origin',(16.7379725676967,62.,-50.1615180303076));
#7023=CARTESIAN_POINT('',(16.7379725676967,52.4,-50.1615180303076));
#7024=CARTESIAN_POINT('',(16.7379725676967,62.,-50.1615180303076));
#7025=CARTESIAN_POINT('',(16.7379725676967,52.4,-43.8307590151538));
#7026=CARTESIAN_POINT('Origin',(22.3905560553175,62.,-44.5089345426868));
#7027=CARTESIAN_POINT('',(22.3905560553175,52.4,-44.5089345426868));
#7028=CARTESIAN_POINT('',(22.3905560553175,62.,-44.5089345426868));
#7029=CARTESIAN_POINT('',(24.1701506771598,52.4,-42.7293399208445));
#7030=CARTESIAN_POINT('Origin',(55.,62.,-30.));
#7031=CARTESIAN_POINT('',(49.798191746718,62.,-59.));
#7032=CARTESIAN_POINT('',(49.798191746718,62.,-56.));
#7033=CARTESIAN_POINT('',(49.798191746718,62.,-45.));
#7034=CARTESIAN_POINT('',(1.99999999999999,62.,-59.));
#7035=CARTESIAN_POINT('',(82.5,62.,-59.));
#7036=CARTESIAN_POINT('',(0.999999999999993,62.,-58.));
#7037=CARTESIAN_POINT('Origin',(1.99999999999999,62.,-58.));
#7038=CARTESIAN_POINT('',(0.999999999999997,62.,-0.999999999999996));
#7039=CARTESIAN_POINT('',(0.999999999999992,62.,-45.));
#7040=CARTESIAN_POINT('',(4.,62.,-1.));
#7041=CARTESIAN_POINT('',(27.5,62.,-1.));
#7042=CARTESIAN_POINT('',(4.,62.,-20.4142135623731));
#7043=CARTESIAN_POINT('',(4.,62.,-15.));
#7044=CARTESIAN_POINT('',(39.5857864376269,62.,-56.));
#7045=CARTESIAN_POINT('',(19.2928932188134,62.,-35.7071067811865));
#7046=CARTESIAN_POINT('',(30.,62.,-56.));
#7047=CARTESIAN_POINT('',(29.8031529292576,62.,-53.5615180303076));
#7048=CARTESIAN_POINT('',(26.2374675043084,62.,-53.5615180303076));
#7049=CARTESIAN_POINT('',(40.8187337521542,62.,-53.5615180303076));
#7050=CARTESIAN_POINT('',(30.7403035236233,62.,-52.6243674359419));
#7051=CARTESIAN_POINT('',(42.0513228482828,62.,-41.3133481112824));
#7052=CARTESIAN_POINT('',(30.7403035236233,62.,-49.0586820109927));
#7053=CARTESIAN_POINT('',(30.7403035236233,62.,-41.2293410054963));
#7054=CARTESIAN_POINT('',(27.1746180986741,62.,-49.0586820109927));
#7055=CARTESIAN_POINT('',(42.6701517618117,62.,-49.0586820109927));
#7056=CARTESIAN_POINT('',(26.2374675043084,62.,-49.9958326053584));
#7057=CARTESIAN_POINT('',(38.837055432991,62.,-37.3962446766757));
#7058=CARTESIAN_POINT('',(26.2374675043084,62.,-40.0807590151538));
#7059=CARTESIAN_POINT('',(9.99989229416268,62.,-53.5657887921792));
#7060=CARTESIAN_POINT('',(6.43420686921343,62.,-53.5657887921792));
#7061=CARTESIAN_POINT('',(30.9171034346067,62.,-53.5657887921792));
#7062=CARTESIAN_POINT('',(20.8408085870117,62.,-42.7248724993302));
#7063=CARTESIAN_POINT('',(27.1999450624295,62.,-36.3657360239124));
#7064=CARTESIAN_POINT('',(20.8408085870116,62.,-39.159187074381));
#7065=CARTESIAN_POINT('',(20.8408085870116,62.,-36.2795935371905));
#7066=CARTESIAN_POINT('',(17.2751231620624,62.,-39.159187074381));
#7067=CARTESIAN_POINT('',(37.7204042935058,62.,-39.159187074381));
#7068=CARTESIAN_POINT('',(6.43420686921343,62.,-50.0001033672299));
#7069=CARTESIAN_POINT('',(28.9375604963794,62.,-27.4967497400641));
#7070=CARTESIAN_POINT('',(6.43420686921343,62.,-40.0828943960896));
#7071=CARTESIAN_POINT('',(6.83847763108505,62.,-39.6963376687467));
#7072=CARTESIAN_POINT('',(6.83847763108504,62.,-43.2620230936959));
#7073=CARTESIAN_POINT('',(6.83847763108506,62.,-35.1310115468479));
#7074=CARTESIAN_POINT('',(10.4041630560343,62.,-43.2620230936959));
#7075=CARTESIAN_POINT('',(30.9192388155425,62.,-43.2620230936959));
#7076=CARTESIAN_POINT('',(15.8910611187058,62.,-37.7751250310244));
#7077=CARTESIAN_POINT('',(24.7272067092124,62.,-28.9389794405178));
#7078=CARTESIAN_POINT('',(15.8910611187058,62.,-34.2094396060752));
#7079=CARTESIAN_POINT('',(15.8910611187058,62.,-33.8047198030376));
#7080=CARTESIAN_POINT('',(12.3253756937566,62.,-34.2094396060752));
#7081=CARTESIAN_POINT('',(35.2455305593529,62.,-34.2094396060752));
#7082=CARTESIAN_POINT('',(23.9878130280736,62.,-22.5470022717582));
#7083=CARTESIAN_POINT('',(10.0041630560343,62.,-33.7625281570843));
#7084=CARTESIAN_POINT('',(6.43847763108503,62.,-33.7625281570843));
#7085=CARTESIAN_POINT('',(30.9192388155425,62.,-33.7625281570843));
#7086=CARTESIAN_POINT('',(10.9413136504,62.,-32.8253775627185));
#7087=CARTESIAN_POINT('',(22.2523329750595,62.,-21.5143582380591));
#7088=CARTESIAN_POINT('',(10.9413136504,62.,-29.2596921377693));
#7089=CARTESIAN_POINT('',(10.9413136504,62.,-31.3298460688847));
#7090=CARTESIAN_POINT('',(7.37562822545073,62.,-29.2596921377693));
#7091=CARTESIAN_POINT('',(32.7706568252,62.,-29.2596921377693));
#7092=CARTESIAN_POINT('',(6.43847763108502,62.,-30.196842732135));
#7093=CARTESIAN_POINT('',(19.0380655597677,62.,-17.5972548034524));
#7094=CARTESIAN_POINT('',(6.43847763108503,62.,-30.1812640785421));
#7095=CARTESIAN_POINT('Origin',(30.5403035236233,61.8,-41.2293410054963));
#7096=CARTESIAN_POINT('',(30.3403035236233,61.6,-52.4586820109926));
#7097=CARTESIAN_POINT('',(30.7403035236233,62.,-52.6243674359419));
#7098=CARTESIAN_POINT('',(30.3403035236233,61.6,-49.4586820109927));
#7099=CARTESIAN_POINT('',(30.3403035236233,61.6,-41.2293410054963));
#7100=CARTESIAN_POINT('',(30.7403035236233,62.,-49.0586820109927));
#7101=CARTESIAN_POINT('Origin',(40.8187337521542,61.8,-53.3615180303076));
#7102=CARTESIAN_POINT('',(26.6374675043084,61.6,-53.1615180303076));
#7103=CARTESIAN_POINT('',(26.2374675043084,62.,-53.5615180303076));
#7104=CARTESIAN_POINT('',(29.6374675043084,61.6,-53.1615180303076));
#7105=CARTESIAN_POINT('',(40.8187337521542,61.6,-53.1615180303076));
#7106=CARTESIAN_POINT('',(29.6374675043084,61.6,-53.1615180303076));
#7107=CARTESIAN_POINT('Origin',(26.4374675043084,61.8,-40.0807590151538));
#7108=CARTESIAN_POINT('',(26.6374675043084,61.6,-50.1615180303076));
#7109=CARTESIAN_POINT('',(26.2374675043084,62.,-49.9958326053584));
#7110=CARTESIAN_POINT('',(26.6374675043084,61.6,-40.0807590151538));
#7111=CARTESIAN_POINT('Origin',(38.9784767892284,61.8,-37.537666032913));
#7112=CARTESIAN_POINT('',(27.3403035236233,61.6,-49.4586820109927));
#7113=CARTESIAN_POINT('',(39.1198981454657,61.6,-37.6790873891503));
#7114=CARTESIAN_POINT('',(27.1746180986741,62.,-49.0586820109927));
#7115=CARTESIAN_POINT('Origin',(42.6701517618117,61.8,-49.2586820109927));
#7116=CARTESIAN_POINT('',(42.6701517618117,61.6,-49.4586820109927));
#7117=CARTESIAN_POINT('Origin',(41.9099014920455,61.8,-41.1719267550451));
#7118=CARTESIAN_POINT('',(41.7684801358082,61.6,-41.0305053988078));
#7119=CARTESIAN_POINT('Origin',(30.3403035236233,62.,-52.4586820109926));
#7120=CARTESIAN_POINT('',(30.3403035236233,52.4,-52.4586820109926));
#7121=CARTESIAN_POINT('',(30.3403035236233,62.,-52.4586820109926));
#7122=CARTESIAN_POINT('',(30.3403035236233,52.4,-49.4586820109927));
#7123=CARTESIAN_POINT('',(30.3403035236233,52.4,-44.9793410054963));
#7124=CARTESIAN_POINT('',(30.3403035236233,62.,-49.4586820109927));
#7125=CARTESIAN_POINT('Origin',(29.6374675043084,62.,-53.1615180303076));
#7126=CARTESIAN_POINT('',(29.6374675043084,52.4,-53.1615180303076));
#7127=CARTESIAN_POINT('',(29.6374675043084,62.,-53.1615180303076));
#7128=CARTESIAN_POINT('',(31.7684801358082,52.4,-51.0305053988078));
#7129=CARTESIAN_POINT('Origin',(26.6374675043084,62.,-53.1615180303076));
#7130=CARTESIAN_POINT('',(26.6374675043084,52.4,-53.1615180303076));
#7131=CARTESIAN_POINT('',(26.6374675043084,62.,-53.1615180303076));
#7132=CARTESIAN_POINT('',(24.5687337521542,52.4,-53.1615180303076));
#7133=CARTESIAN_POINT('Origin',(30.5403035236233,52.2,-44.9793410054963));
#7134=CARTESIAN_POINT('',(30.7403035236233,52.,-52.6243674359419));
#7135=CARTESIAN_POINT('',(30.3403035236233,52.4,-52.4586820109926));
#7136=CARTESIAN_POINT('',(30.7403035236233,52.,-49.0586820109927));
#7137=CARTESIAN_POINT('',(30.7403035236233,52.,-44.9793410054963));
#7138=CARTESIAN_POINT('',(30.3403035236233,52.4,-49.4586820109927));
#7139=CARTESIAN_POINT('Origin',(24.5687337521542,52.2,-53.3615180303076));
#7140=CARTESIAN_POINT('',(26.2374675043084,52.,-53.5615180303076));
#7141=CARTESIAN_POINT('',(29.8031529292576,52.,-53.5615180303076));
#7142=CARTESIAN_POINT('',(24.5687337521542,52.,-53.5615180303076));
#7143=CARTESIAN_POINT('',(29.8031529292576,52.,-53.5615180303076));
#7144=CARTESIAN_POINT('',(26.6374675043084,52.4,-53.1615180303076));
#7145=CARTESIAN_POINT('Origin',(31.9099014920455,52.2,-51.1719267550451));
#7146=CARTESIAN_POINT('',(32.0513228482828,52.,-51.3133481112824));
#7147=CARTESIAN_POINT('Origin',(26.4374675043084,52.2,-43.8307590151538));
#7148=CARTESIAN_POINT('',(26.2374675043084,52.,-49.9958326053584));
#7149=CARTESIAN_POINT('',(26.2374675043084,52.,-43.8307590151538));
#7150=CARTESIAN_POINT('',(26.6374675043084,52.4,-50.1615180303076));
#7151=CARTESIAN_POINT('',(26.6374675043084,52.4,-43.8307590151538));
#7152=CARTESIAN_POINT('',(26.6374675043084,52.4,-50.1615180303076));
#7153=CARTESIAN_POINT('Origin',(28.9784767892283,52.2,-47.537666032913));
#7154=CARTESIAN_POINT('',(27.1746180986741,52.,-49.0586820109927));
#7155=CARTESIAN_POINT('',(28.837055432991,52.,-47.3962446766757));
#7156=CARTESIAN_POINT('',(27.3403035236233,52.4,-49.4586820109927));
#7157=CARTESIAN_POINT('',(29.1198981454657,52.4,-47.6790873891503));
#7158=CARTESIAN_POINT('',(27.3403035236233,52.4,-49.4586820109927));
#7159=CARTESIAN_POINT('Origin',(26.4201517618117,52.2,-49.2586820109927));
#7160=CARTESIAN_POINT('',(26.4201517618117,52.,-49.0586820109927));
#7161=CARTESIAN_POINT('',(26.4201517618117,52.4,-49.4586820109927));
#7162=CARTESIAN_POINT('Origin',(27.3403035236233,62.,-49.4586820109927));
#7163=CARTESIAN_POINT('',(27.3403035236233,62.,-49.4586820109927));
#7164=CARTESIAN_POINT('',(26.6374675043084,62.,-50.1615180303076));
#7165=CARTESIAN_POINT('Origin',(26.6374675043084,62.,-50.1615180303076));
#7166=CARTESIAN_POINT('Origin',(22.5,52.,-37.5));
#7167=CARTESIAN_POINT('',(5.,52.,-21.4142135623731));
#7168=CARTESIAN_POINT('',(38.5857864376269,52.,-55.));
#7169=CARTESIAN_POINT('',(13.0428932188135,52.,-29.4571067811865));
#7170=CARTESIAN_POINT('',(5.,52.,-53.));
#7171=CARTESIAN_POINT('',(5.,52.,-18.75));
#7172=CARTESIAN_POINT('',(7.,52.,-55.));
#7173=CARTESIAN_POINT('Origin',(7.,52.,-53.));
#7174=CARTESIAN_POINT('',(13.75,52.,-55.));
#7175=CARTESIAN_POINT('',(25.7905560553175,52.,-47.674619967636));
#7176=CARTESIAN_POINT('',(25.7905560553175,52.,-44.1089345426868));
#7177=CARTESIAN_POINT('',(25.7905560553175,52.,-42.5044672713434));
#7178=CARTESIAN_POINT('',(19.9036579926459,52.,-53.5615180303076));
#7179=CARTESIAN_POINT('',(24.626701645824,52.,-48.8384743771295));
#7180=CARTESIAN_POINT('',(16.3379725676967,52.,-53.5615180303076));
#7181=CARTESIAN_POINT('',(19.6189862838484,52.,-53.5615180303076));
#7182=CARTESIAN_POINT('',(16.3379725676967,52.,-49.9958326053584));
#7183=CARTESIAN_POINT('',(16.3379725676967,52.,-43.8307590151538));
#7184=CARTESIAN_POINT('',(22.2248706303683,52.,-44.1089345426868));
#7185=CARTESIAN_POINT('',(23.8873079646852,52.,-42.4464972083699));
#7186=CARTESIAN_POINT('',(23.9452780276587,52.,-44.1089345426868));
#7187=CARTESIAN_POINT('',(6.83847763108504,52.,-43.2620230936959));
#7188=CARTESIAN_POINT('',(6.83847763108505,52.,-39.6963376687467));
#7189=CARTESIAN_POINT('',(6.83847763108505,52.,-38.8810115468479));
#7190=CARTESIAN_POINT('',(12.3253756937566,52.,-34.2094396060752));
#7191=CARTESIAN_POINT('',(13.9878130280735,52.,-32.5470022717582));
#7192=CARTESIAN_POINT('',(15.8910611187058,52.,-34.2094396060752));
#7193=CARTESIAN_POINT('',(18.9955305593529,52.,-34.2094396060752));
#7194=CARTESIAN_POINT('',(15.8910611187058,52.,-37.7751250310244));
#7195=CARTESIAN_POINT('',(15.8910611187058,52.,-37.5547198030376));
#7196=CARTESIAN_POINT('',(10.4041630560343,52.,-43.2620230936959));
#7197=CARTESIAN_POINT('',(14.7272067092124,52.,-38.9389794405178));
#7198=CARTESIAN_POINT('',(14.6692388155425,52.,-43.2620230936959));
#7199=CARTESIAN_POINT('',(6.43847763108503,52.,-33.7625281570843));
#7200=CARTESIAN_POINT('',(10.0041630560343,52.,-33.7625281570843));
#7201=CARTESIAN_POINT('',(14.6692388155425,52.,-33.7625281570843));
#7202=CARTESIAN_POINT('',(6.43847763108503,52.,-30.196842732135));
#7203=CARTESIAN_POINT('',(6.43847763108503,52.,-33.9312640785421));
#7204=CARTESIAN_POINT('',(7.37562822545074,52.,-29.2596921377693));
#7205=CARTESIAN_POINT('',(9.0380655597677,52.,-27.5972548034524));
#7206=CARTESIAN_POINT('',(10.9413136504,52.,-29.2596921377693));
#7207=CARTESIAN_POINT('',(16.5206568252,52.,-29.2596921377693));
#7208=CARTESIAN_POINT('',(10.9413136504,52.,-32.8253775627185));
#7209=CARTESIAN_POINT('',(10.9413136504,52.,-35.0798460688847));
#7210=CARTESIAN_POINT('',(12.2523329750594,52.,-31.5143582380591));
#7211=CARTESIAN_POINT('',(6.43420686921343,52.,-53.5657887921792));
#7212=CARTESIAN_POINT('',(9.99989229416267,52.,-53.5657887921792));
#7213=CARTESIAN_POINT('',(14.6671034346067,52.,-53.5657887921792));
#7214=CARTESIAN_POINT('',(6.43420686921343,52.,-50.0001033672299));
#7215=CARTESIAN_POINT('',(6.43420686921343,52.,-43.8328943960896));
#7216=CARTESIAN_POINT('',(17.2751231620624,52.,-39.159187074381));
#7217=CARTESIAN_POINT('',(18.9375604963794,52.,-37.496749740064));
#7218=CARTESIAN_POINT('',(20.8408085870116,52.,-39.159187074381));
#7219=CARTESIAN_POINT('',(21.4704042935058,52.,-39.159187074381));
#7220=CARTESIAN_POINT('',(20.8408085870117,52.,-42.7248724993302));
#7221=CARTESIAN_POINT('',(20.8408085870116,52.,-40.0295935371905));
#7222=CARTESIAN_POINT('',(17.1999450624295,52.,-46.3657360239124));
#7223=CARTESIAN_POINT('Origin',(24.0287293209225,52.2,-42.5879185646072));
#7224=CARTESIAN_POINT('',(16.3379725676967,52.,-49.9958326053584));
#7225=CARTESIAN_POINT('',(22.3905560553175,52.4,-44.5089345426868));
#7226=CARTESIAN_POINT('Origin',(25.5905560553175,52.2,-42.5044672713434));
#7227=CARTESIAN_POINT('',(25.3905560553175,52.4,-44.5089345426868));
#7228=CARTESIAN_POINT('',(25.3905560553175,52.4,-47.5089345426868));
#7229=CARTESIAN_POINT('',(25.3905560553175,52.4,-42.5044672713434));
#7230=CARTESIAN_POINT('',(25.3905560553175,52.4,-47.5089345426868));
#7231=CARTESIAN_POINT('',(25.3905560553175,52.4,-44.5089345426868));
#7232=CARTESIAN_POINT('Origin',(24.4852802895867,52.2,-48.6970530208922));
#7233=CARTESIAN_POINT('',(24.3438589333494,52.4,-48.5556316646549));
#7234=CARTESIAN_POINT('',(19.7379725676967,52.4,-53.1615180303076));
#7235=CARTESIAN_POINT('Origin',(19.6189862838484,52.2,-53.3615180303076));
#7236=CARTESIAN_POINT('',(16.7379725676967,52.4,-53.1615180303076));
#7237=CARTESIAN_POINT('Origin',(16.5379725676967,52.2,-43.8307590151538));
#7238=CARTESIAN_POINT('Origin',(23.9452780276587,52.2,-44.3089345426868));
#7239=CARTESIAN_POINT('',(23.9452780276587,52.4,-44.5089345426868));
#7240=CARTESIAN_POINT('Origin',(19.7379725676967,62.,-53.1615180303076));
#7241=CARTESIAN_POINT('',(25.3905560553175,62.,-47.5089345426868));
#7242=CARTESIAN_POINT('Origin',(25.3905560553175,62.,-47.5089345426868));
#7243=CARTESIAN_POINT('',(25.3905560553175,62.,-44.5089345426868));
#7244=CARTESIAN_POINT('Origin',(21.4704042935058,52.2,-39.359187074381));
#7245=CARTESIAN_POINT('',(17.4408085870117,52.4,-39.559187074381));
#7246=CARTESIAN_POINT('',(20.4408085870116,52.4,-39.559187074381));
#7247=CARTESIAN_POINT('',(21.4704042935058,52.4,-39.559187074381));
#7248=CARTESIAN_POINT('',(20.4408085870116,52.4,-39.559187074381));
#7249=CARTESIAN_POINT('',(17.4408085870117,52.4,-39.559187074381));
#7250=CARTESIAN_POINT('Origin',(14.6671034346067,52.2,-53.3657887921792));
#7251=CARTESIAN_POINT('',(9.83420686921344,52.4,-53.1657887921792));
#7252=CARTESIAN_POINT('',(9.99989229416267,52.,-53.5657887921792));
#7253=CARTESIAN_POINT('',(6.83420686921343,52.4,-53.1657887921792));
#7254=CARTESIAN_POINT('',(14.6671034346067,52.4,-53.1657887921792));
#7255=CARTESIAN_POINT('',(6.83420686921343,52.4,-53.1657887921792));
#7256=CARTESIAN_POINT('Origin',(20.6408085870116,52.2,-40.0295935371905));
#7257=CARTESIAN_POINT('',(20.4408085870117,52.4,-42.559187074381));
#7258=CARTESIAN_POINT('',(20.4408085870116,52.4,-40.0295935371905));
#7259=CARTESIAN_POINT('',(20.4408085870117,52.4,-42.559187074381));
#7260=CARTESIAN_POINT('Origin',(17.0585237061922,52.2,-46.2243146676751));
#7261=CARTESIAN_POINT('',(16.9171023499549,52.4,-46.0828933114377));
#7262=CARTESIAN_POINT('Origin',(6.63420686921343,52.2,-43.8328943960896));
#7263=CARTESIAN_POINT('',(6.83420686921343,52.4,-50.1657887921792));
#7264=CARTESIAN_POINT('',(6.83420686921343,52.4,-43.8328943960896));
#7265=CARTESIAN_POINT('',(6.83420686921343,52.4,-50.1657887921792));
#7266=CARTESIAN_POINT('Origin',(19.0789818526167,52.2,-37.6381710963013));
#7267=CARTESIAN_POINT('',(19.220403208854,52.4,-37.7795924525387));
#7268=CARTESIAN_POINT('Origin',(17.4408085870117,62.,-39.559187074381));
#7269=CARTESIAN_POINT('',(6.83420686921343,61.6,-50.1657887921792));
#7270=CARTESIAN_POINT('',(6.83420686921343,62.,-50.1657887921792));
#7271=CARTESIAN_POINT('',(17.4408085870117,61.6,-39.559187074381));
#7272=CARTESIAN_POINT('',(29.220403208854,61.6,-27.7795924525387));
#7273=CARTESIAN_POINT('',(17.4408085870117,62.,-39.559187074381));
#7274=CARTESIAN_POINT('Origin',(6.83420686921343,62.,-50.1657887921792));
#7275=CARTESIAN_POINT('',(6.83420686921343,61.6,-53.1657887921792));
#7276=CARTESIAN_POINT('',(6.83420686921343,62.,-53.1657887921792));
#7277=CARTESIAN_POINT('',(6.83420686921343,61.6,-40.0828943960896));
#7278=CARTESIAN_POINT('Origin',(6.83420686921343,62.,-53.1657887921792));
#7279=CARTESIAN_POINT('',(9.83420686921344,61.6,-53.1657887921792));
#7280=CARTESIAN_POINT('',(9.83420686921344,62.,-53.1657887921792));
#7281=CARTESIAN_POINT('',(30.9171034346067,61.6,-53.1657887921792));
#7282=CARTESIAN_POINT('Origin',(14.1292343843109,52.2,-32.6884236279955));
#7283=CARTESIAN_POINT('',(6.83847763108504,52.4,-40.2620230936959));
#7284=CARTESIAN_POINT('',(6.83847763108505,52.1815521532708,-39.9530911861803));
#7285=CARTESIAN_POINT('',(12.4910611187058,52.4,-34.6094396060752));
#7286=CARTESIAN_POINT('',(14.2706557405482,52.4,-32.8298449842328));
#7287=CARTESIAN_POINT('',(12.4910611187058,52.4,-34.6094396060752));
#7288=CARTESIAN_POINT('Origin',(18.9955305593529,52.2,-34.4094396060752));
#7289=CARTESIAN_POINT('',(15.4910611187058,52.4,-34.6094396060752));
#7290=CARTESIAN_POINT('',(18.9955305593529,52.4,-34.6094396060752));
#7291=CARTESIAN_POINT('',(15.4910611187058,52.4,-34.6094396060752));
#7292=CARTESIAN_POINT('Origin',(15.6910611187058,52.2,-37.5547198030376));
#7293=CARTESIAN_POINT('',(15.4910611187058,52.4,-37.6094396060751));
#7294=CARTESIAN_POINT('',(15.4910611187058,52.4,-37.5547198030376));
#7295=CARTESIAN_POINT('',(15.4910611187058,52.4,-37.6094396060751));
#7296=CARTESIAN_POINT('Origin',(14.5857853529751,52.2,-38.7975580842805));
#7297=CARTESIAN_POINT('',(9.83847763108503,52.4,-43.2620230936959));
#7298=CARTESIAN_POINT('',(14.4443639967378,52.4,-38.6561367280432));
#7299=CARTESIAN_POINT('',(8.20531229066388,53.5548222870107,-43.2620230936959));
#7300=CARTESIAN_POINT('Origin',(16.5206568252,52.2,-29.4596921377693));
#7301=CARTESIAN_POINT('',(7.54131365039999,52.4,-29.6596921377693));
#7302=CARTESIAN_POINT('',(10.5413136504,52.4,-29.6596921377693));
#7303=CARTESIAN_POINT('',(16.5206568252,52.4,-29.6596921377693));
#7304=CARTESIAN_POINT('',(10.5413136504,52.4,-29.6596921377693));
#7305=CARTESIAN_POINT('',(7.54131365039999,52.4,-29.6596921377693));
#7306=CARTESIAN_POINT('Origin',(14.6692388155425,52.2,-33.5625281570843));
#7307=CARTESIAN_POINT('',(9.83847763108502,52.4,-33.3625281570843));
#7308=CARTESIAN_POINT('',(10.0041630560343,52.,-33.7625281570843));
#7309=CARTESIAN_POINT('',(6.83847763108503,52.4,-33.3625281570843));
#7310=CARTESIAN_POINT('',(14.6692388155425,52.4,-33.3625281570843));
#7311=CARTESIAN_POINT('',(6.83847763108503,52.4,-33.3625281570843));
#7312=CARTESIAN_POINT('Origin',(10.7413136504,52.2,-35.0798460688847));
#7313=CARTESIAN_POINT('',(10.5413136504,52.4,-32.6596921377693));
#7314=CARTESIAN_POINT('',(10.5413136504,52.4,-35.0798460688847));
#7315=CARTESIAN_POINT('',(10.5413136504,52.4,-32.6596921377693));
#7316=CARTESIAN_POINT('Origin',(12.1109116188221,52.2,-31.3729368818218));
#7317=CARTESIAN_POINT('',(11.9694902625848,52.4,-31.2315155255845));
#7318=CARTESIAN_POINT('Origin',(6.63847763108503,52.2,-33.9312640785421));
#7319=CARTESIAN_POINT('',(6.83847763108503,52.4,-30.3625281570843));
#7320=CARTESIAN_POINT('',(6.83847763108503,52.4,-33.9312640785421));
#7321=CARTESIAN_POINT('',(6.83847763108503,52.4,-30.3625281570843));
#7322=CARTESIAN_POINT('Origin',(9.17948691600501,52.2,-27.7386761596897));
#7323=CARTESIAN_POINT('',(9.32090827224232,52.4,-27.880097515927));
#7324=CARTESIAN_POINT('Origin',(7.54131365039999,62.,-29.6596921377693));
#7325=CARTESIAN_POINT('',(6.83847763108503,61.6,-30.3625281570843));
#7326=CARTESIAN_POINT('',(6.83847763108503,62.,-30.3625281570843));
#7327=CARTESIAN_POINT('',(7.54131365039999,61.6,-29.6596921377693));
#7328=CARTESIAN_POINT('',(19.3209082722423,61.6,-17.880097515927));
#7329=CARTESIAN_POINT('',(7.54131365039999,62.,-29.6596921377693));
#7330=CARTESIAN_POINT('Origin',(6.83847763108503,62.,-30.3625281570843));
#7331=CARTESIAN_POINT('',(6.83847763108503,61.6,-33.3625281570843));
#7332=CARTESIAN_POINT('',(6.83847763108503,62.,-33.3625281570843));
#7333=CARTESIAN_POINT('',(6.83847763108503,61.6,-30.1812640785421));
#7334=CARTESIAN_POINT('Origin',(6.83847763108503,62.,-33.3625281570843));
#7335=CARTESIAN_POINT('',(9.83847763108502,61.6,-33.3625281570843));
#7336=CARTESIAN_POINT('',(9.83847763108502,62.,-33.3625281570843));
#7337=CARTESIAN_POINT('',(30.9192388155425,61.6,-33.3625281570843));
#7338=CARTESIAN_POINT('Origin',(32.7706568252,61.8,-29.4596921377693));
#7339=CARTESIAN_POINT('',(10.5413136504,61.6,-29.6596921377693));
#7340=CARTESIAN_POINT('',(10.9413136504,62.,-29.2596921377693));
#7341=CARTESIAN_POINT('',(32.7706568252,61.6,-29.6596921377693));
#7342=CARTESIAN_POINT('',(7.37562822545073,62.,-29.2596921377693));
#7343=CARTESIAN_POINT('Origin',(10.7413136504,61.8,-31.3298460688847));
#7344=CARTESIAN_POINT('',(10.5413136504,61.6,-32.6596921377693));
#7345=CARTESIAN_POINT('',(10.9413136504,62.,-32.8253775627185));
#7346=CARTESIAN_POINT('',(10.5413136504,61.6,-31.3298460688847));
#7347=CARTESIAN_POINT('Origin',(30.9192388155425,61.8,-33.5625281570843));
#7348=CARTESIAN_POINT('',(6.43847763108503,62.,-33.7625281570843));
#7349=CARTESIAN_POINT('',(9.83847763108502,61.6,-33.3625281570843));
#7350=CARTESIAN_POINT('Origin',(6.63847763108503,61.8,-30.1812640785421));
#7351=CARTESIAN_POINT('',(6.43847763108502,62.,-30.196842732135));
#7352=CARTESIAN_POINT('Origin',(22.1109116188221,61.8,-21.3729368818218));
#7353=CARTESIAN_POINT('',(21.9694902625848,61.6,-21.2315155255845));
#7354=CARTESIAN_POINT('Origin',(19.179486916005,61.8,-17.7386761596897));
#7355=CARTESIAN_POINT('Origin',(10.5413136504,62.,-32.6596921377693));
#7356=CARTESIAN_POINT('',(10.5413136504,62.,-29.6596921377693));
#7357=CARTESIAN_POINT('',(10.5413136504,62.,-32.6596921377693));
#7358=CARTESIAN_POINT('Origin',(9.83847763108502,62.,-33.3625281570843));
#7359=CARTESIAN_POINT('Origin',(24.1292343843109,61.8,-22.6884236279955));
#7360=CARTESIAN_POINT('',(12.4910611187058,61.6,-34.6094396060752));
#7361=CARTESIAN_POINT('',(6.83847763108504,61.6,-40.2620230936959));
#7362=CARTESIAN_POINT('',(24.2706557405482,61.6,-22.8298449842328));
#7363=CARTESIAN_POINT('',(6.83847763108506,65.842137117351,-34.2627352488918));
#7364=CARTESIAN_POINT('',(12.3253756937566,62.,-34.2094396060752));
#7365=CARTESIAN_POINT('Origin',(35.2455305593529,61.8,-34.4094396060752));
#7366=CARTESIAN_POINT('',(15.4910611187058,61.6,-34.6094396060752));
#7367=CARTESIAN_POINT('',(15.8910611187058,62.,-34.2094396060752));
#7368=CARTESIAN_POINT('',(35.2455305593529,61.6,-34.6094396060752));
#7369=CARTESIAN_POINT('Origin',(15.6910611187058,61.8,-33.8047198030376));
#7370=CARTESIAN_POINT('',(15.4910611187058,61.6,-37.6094396060751));
#7371=CARTESIAN_POINT('',(15.8910611187058,62.,-37.7751250310244));
#7372=CARTESIAN_POINT('',(15.4910611187058,61.6,-33.8047198030376));
#7373=CARTESIAN_POINT('Origin',(24.5857853529751,61.8,-28.7975580842805));
#7374=CARTESIAN_POINT('',(9.83847763108503,61.6,-43.2620230936959));
#7375=CARTESIAN_POINT('',(13.8956682279523,64.4688669836112,-43.2620230936959));
#7376=CARTESIAN_POINT('',(24.4443639967378,61.6,-28.6561367280432));
#7377=CARTESIAN_POINT('Origin',(12.4910611187058,62.,-34.6094396060752));
#7378=CARTESIAN_POINT('',(6.83847763108504,62.,-40.2620230936959));
#7379=CARTESIAN_POINT('',(12.4910611187058,62.,-34.6094396060752));
#7380=CARTESIAN_POINT('Origin',(15.4910611187058,62.,-34.6094396060752));
#7381=CARTESIAN_POINT('',(15.4910611187058,62.,-34.6094396060752));
#7382=CARTESIAN_POINT('Origin',(15.4910611187058,62.,-37.6094396060751));
#7383=CARTESIAN_POINT('',(15.4910611187058,62.,-37.6094396060751));
#7384=CARTESIAN_POINT('Origin',(9.83847763108504,62.,-43.2620230936959));
#7385=CARTESIAN_POINT('',(9.83847763108503,62.,-43.2620230936959));
#7386=CARTESIAN_POINT('Origin',(37.7204042935058,61.8,-39.359187074381));
#7387=CARTESIAN_POINT('',(20.4408085870116,61.6,-39.559187074381));
#7388=CARTESIAN_POINT('',(20.8408085870116,62.,-39.159187074381));
#7389=CARTESIAN_POINT('',(37.7204042935058,61.6,-39.559187074381));
#7390=CARTESIAN_POINT('',(17.2751231620624,62.,-39.159187074381));
#7391=CARTESIAN_POINT('Origin',(20.6408085870116,61.8,-36.2795935371905));
#7392=CARTESIAN_POINT('',(20.4408085870117,61.6,-42.559187074381));
#7393=CARTESIAN_POINT('',(20.8408085870117,62.,-42.7248724993302));
#7394=CARTESIAN_POINT('',(20.4408085870116,61.6,-36.2795935371905));
#7395=CARTESIAN_POINT('Origin',(30.9171034346067,61.8,-53.3657887921792));
#7396=CARTESIAN_POINT('',(6.43420686921343,62.,-53.5657887921792));
#7397=CARTESIAN_POINT('',(9.83420686921344,61.6,-53.1657887921792));
#7398=CARTESIAN_POINT('Origin',(6.63420686921343,61.8,-40.0828943960896));
#7399=CARTESIAN_POINT('',(6.43420686921343,62.,-50.0001033672299));
#7400=CARTESIAN_POINT('Origin',(27.0585237061922,61.8,-36.2243146676751));
#7401=CARTESIAN_POINT('',(26.9171023499549,61.6,-36.0828933114378));
#7402=CARTESIAN_POINT('Origin',(29.0789818526167,61.8,-27.6381710963014));
#7403=CARTESIAN_POINT('Origin',(20.4408085870117,62.,-42.559187074381));
#7404=CARTESIAN_POINT('',(20.4408085870116,62.,-39.559187074381));
#7405=CARTESIAN_POINT('',(20.4408085870117,62.,-42.559187074381));
#7406=CARTESIAN_POINT('Origin',(9.83420686921344,62.,-53.1657887921792));
#7407=CARTESIAN_POINT('Origin',(19.7379725676967,62.,-53.1615180303076));
#7408=CARTESIAN_POINT('',(19.7379725676967,62.,-53.1615180303076));
#7409=CARTESIAN_POINT('Origin',(16.7379725676967,62.,-53.1615180303076));
#7410=CARTESIAN_POINT('Origin',(25.3905560553175,62.,-44.5089345426868));
#7411=CARTESIAN_POINT('Origin',(20.4408085870116,62.,-39.559187074381));
#7412=CARTESIAN_POINT('Origin',(20.4408085870116,62.,-39.559187074381));
#7413=CARTESIAN_POINT('Origin',(30.3403035236233,62.,-49.4586820109927));
#7414=CARTESIAN_POINT('Origin',(30.3403035236233,62.,-49.4586820109927));
#7415=CARTESIAN_POINT('Origin',(10.5413136504,62.,-29.6596921377693));
#7416=CARTESIAN_POINT('Origin',(10.5413136504,62.,-29.6596921377693));
#7417=CARTESIAN_POINT('Origin',(6.83847763108504,62.,-43.2620230936959));
#7418=CARTESIAN_POINT('',(6.83847763108504,62.,-43.2620230936959));
#7419=CARTESIAN_POINT('Origin',(6.83847763108504,62.,-43.2620230936959));
#7420=CARTESIAN_POINT('',(6.83847763108504,62.,-43.2620230936959));
#7421=CARTESIAN_POINT('Origin',(6.83847763108504,62.,-40.2620230936959));
#7422=CARTESIAN_POINT('Origin',(6.83847763108504,62.,-40.2620230936959));
#7423=CARTESIAN_POINT('Origin',(75.1000044734779,11.6457960314202,-59.));
#7424=CARTESIAN_POINT('',(50.1860135990419,0.0782656506020504,-59.));
#7425=CARTESIAN_POINT('Origin',(49.798191746718,0.999999999999999,-59.));
#7426=CARTESIAN_POINT('',(90.8173277848584,17.1739847590308,-59.));
#7427=CARTESIAN_POINT('Origin',(90.4295059325346,18.0957191084287,-59.));
#7428=CARTESIAN_POINT('',(75.4878263258018,10.7240616820223,-59.));
#7429=CARTESIAN_POINT('Origin',(85.,31.,-59.));
#7430=CARTESIAN_POINT('',(90.8173277848585,44.8260152409692,-59.));
#7431=CARTESIAN_POINT('Origin',(90.4295059325346,43.9042808915713,-59.));
#7432=CARTESIAN_POINT('Origin',(85.,31.,-59.));
#7433=CARTESIAN_POINT('Origin',(106.590198770664,37.1046321257263,-59.));
#7434=CARTESIAN_POINT('',(50.1860135990419,61.921734349398,-59.));
#7435=CARTESIAN_POINT('Origin',(49.798191746718,61.,-59.));
#7436=CARTESIAN_POINT('',(106.978020622987,38.0263664751242,-59.));
#7437=CARTESIAN_POINT('Origin',(49.798191746718,61.,-45.));
#7438=CARTESIAN_POINT('Origin',(49.798191746718,61.,-59.));
#7439=CARTESIAN_POINT('',(50.1860135990419,61.921734349398,-56.));
#7440=CARTESIAN_POINT('Origin',(49.798191746718,61.,-56.));
#7441=CARTESIAN_POINT('',(50.1860135990419,61.921734349398,-45.));
#7442=CARTESIAN_POINT('Origin',(49.798191746718,61.,-59.));
#7443=CARTESIAN_POINT('Origin',(49.798191746718,61.,-59.));
#7444=CARTESIAN_POINT('Origin',(61.9865027005103,55.8717400692652,-56.));
#7445=CARTESIAN_POINT('',(49.798191746718,61.,-55.));
#7446=CARTESIAN_POINT('Origin',(49.798191746718,61.,-56.));
#7447=CARTESIAN_POINT('',(76.1509311430421,49.9120241497272,-55.));
#7448=CARTESIAN_POINT('',(61.9865027005103,55.8717400692652,-55.));
#7449=CARTESIAN_POINT('',(76.538752995366,50.8337584991252,-56.));
#7450=CARTESIAN_POINT('Origin',(76.1509311430421,49.9120241497272,-56.));
#7451=CARTESIAN_POINT('',(62.3743245528342,56.7934744186632,-56.));
#7452=CARTESIAN_POINT('Origin',(61.9865027005103,55.8717400692652,-56.));
#7453=CARTESIAN_POINT('',(90.4295059325346,43.9042808915713,-55.));
#7454=CARTESIAN_POINT('',(90.8173277848585,44.8260152409692,-56.));
#7455=CARTESIAN_POINT('Origin',(90.4295059325346,43.9042808915713,-56.));
#7456=CARTESIAN_POINT('',(62.3743245528342,56.7934744186632,-56.));
#7457=CARTESIAN_POINT('',(61.9865027005103,55.8717400692652,-55.));
#7458=CARTESIAN_POINT('Origin',(85.,31.,-56.));
#7459=CARTESIAN_POINT('',(90.4295059325345,18.0957191084287,-55.));
#7460=CARTESIAN_POINT('',(90.8173277848584,17.1739847590308,-56.));
#7461=CARTESIAN_POINT('Origin',(90.4295059325345,18.0957191084287,-56.));
#7462=CARTESIAN_POINT('Origin',(85.,31.,-56.));
#7463=CARTESIAN_POINT('Origin',(85.,31.,-55.));
#7464=CARTESIAN_POINT('Origin',(30.4963084033247,-7.12131191211875,-56.));
#7465=CARTESIAN_POINT('',(71.2309202355532,10.0178699191632,-55.));
#7466=CARTESIAN_POINT('',(71.6187420878771,9.09613556976525,-56.));
#7467=CARTESIAN_POINT('Origin',(71.2309202355532,10.0178699191632,-56.));
#7468=CARTESIAN_POINT('',(30.8841302556486,-8.0430462615167,-56.));
#7469=CARTESIAN_POINT('',(30.4963084033247,-7.12131191211875,-55.));
#7470=CARTESIAN_POINT('Origin',(30.4963084033247,-7.12131191211875,-56.));
#7471=CARTESIAN_POINT('',(49.798191746718,1.,-55.));
#7472=CARTESIAN_POINT('',(50.186013599042,0.0782656506020529,-56.));
#7473=CARTESIAN_POINT('Origin',(49.7981917467181,1.,-56.));
#7474=CARTESIAN_POINT('',(30.8841302556486,-8.0430462615167,-56.));
#7475=CARTESIAN_POINT('',(30.4963084033247,-7.12131191211875,-55.));
#7476=CARTESIAN_POINT('Origin',(49.798191746718,61.,-56.));
#7477=CARTESIAN_POINT('Origin',(49.798191746718,61.,-56.));
#7478=CARTESIAN_POINT('Origin',(49.798191746718,1.,-45.));
#7479=CARTESIAN_POINT('Origin',(49.798191746718,1.,-56.));
#7480=CARTESIAN_POINT('Origin',(49.798191746718,1.,-59.));
#7481=CARTESIAN_POINT('',(50.1860135990419,0.0782656506020504,-45.));
#7482=CARTESIAN_POINT('Origin',(49.7981917467181,1.,-56.));
#7483=CARTESIAN_POINT('Origin',(49.7981917467181,1.,-56.));
#7484=CARTESIAN_POINT('Origin',(49.798191746718,1.,-59.));
#7485=CARTESIAN_POINT('Origin',(49.798191746718,1.,-59.));
#7486=CARTESIAN_POINT('Origin',(50.,-4.44089209850063E-15,-60.));
#7487=CARTESIAN_POINT('',(90.8173277848584,17.1739847590308,-60.));
#7488=CARTESIAN_POINT('Origin',(85.,31.,-60.));
#7489=CARTESIAN_POINT('',(90.8173277848585,44.8260152409692,-60.));
#7490=CARTESIAN_POINT('Origin',(82.5,61.,-59.));
#7491=CARTESIAN_POINT('Origin',(1.99999999999999,61.,-59.));
#7492=CARTESIAN_POINT('Origin',(82.5,1.,-59.));
#7493=CARTESIAN_POINT('Origin',(1.99999999999999,1.,-59.));
#7494=CARTESIAN_POINT('Origin',(90.8173277848585,44.8260152409692,-60.));
#7495=CARTESIAN_POINT('Origin',(30.,61.,-56.));
#7496=CARTESIAN_POINT('',(40.,61.,-55.));
#7497=CARTESIAN_POINT('Origin',(39.5857864376269,61.,-56.));
#7498=CARTESIAN_POINT('',(30.,61.,-55.));
#7499=CARTESIAN_POINT('Origin',(13.0428932188135,9.,-29.4571067811865));
#7500=CARTESIAN_POINT('',(5.,9.,-20.));
#7501=CARTESIAN_POINT('Origin',(5.,9.,-21.4142135623731));
#7502=CARTESIAN_POINT('',(40.,9.,-55.));
#7503=CARTESIAN_POINT('',(13.75,9.,-28.75));
#7504=CARTESIAN_POINT('Origin',(38.5857864376269,9.,-55.));
#7505=CARTESIAN_POINT('Origin',(5.,0.,-20.));
#7506=CARTESIAN_POINT('',(5.,1.,-20.));
#7507=CARTESIAN_POINT('',(5.,0.,-20.));
#7508=CARTESIAN_POINT('',(40.,1.,-55.));
#7509=CARTESIAN_POINT('',(20.,1.,-35.));
#7510=CARTESIAN_POINT('',(40.,0.,-55.));
#7511=CARTESIAN_POINT('Origin',(13.0428932188135,53.,-29.4571067811865));
#7512=CARTESIAN_POINT('',(5.,53.,-20.));
#7513=CARTESIAN_POINT('Origin',(5.,53.,-21.4142135623731));
#7514=CARTESIAN_POINT('',(40.,53.,-55.));
#7515=CARTESIAN_POINT('Origin',(38.5857864376269,53.,-55.));
#7516=CARTESIAN_POINT('',(13.75,53.,-28.75));
#7517=CARTESIAN_POINT('Origin',(30.,1.,-56.));
#7518=CARTESIAN_POINT('',(30.,1.,-55.));
#7519=CARTESIAN_POINT('Origin',(39.5857864376269,1.,-56.));
#7520=CARTESIAN_POINT('Origin',(4.,1.,-1.));
#7521=CARTESIAN_POINT('',(4.,1.,0.));
#7522=CARTESIAN_POINT('',(5.,1.,-1.));
#7523=CARTESIAN_POINT('Origin',(4.,1.,-1.));
#7524=CARTESIAN_POINT('Origin',(4.,1.,-1.));
#7525=CARTESIAN_POINT('Origin',(4.,1.,-1.));
#7526=CARTESIAN_POINT('Origin',(19.2928932188134,61.,-35.7071067811865));
#7527=CARTESIAN_POINT('',(5.,61.,-20.));
#7528=CARTESIAN_POINT('Origin',(4.,61.,-20.4142135623731));
#7529=CARTESIAN_POINT('',(20.,61.,-35.));
#7530=CARTESIAN_POINT('Origin',(1.,1.,-0.999999999999996));
#7531=CARTESIAN_POINT('',(-1.6266920687743E-16,1.,-0.999999999999996));
#7532=CARTESIAN_POINT('',(1.,1.,0.));
#7533=CARTESIAN_POINT('Origin',(1.,1.,-1.));
#7534=CARTESIAN_POINT('Origin',(1.,1.,-0.999999999999996));
#7535=CARTESIAN_POINT('Origin',(1.,1.,-1.));
#7536=CARTESIAN_POINT('Ctrl Pts',(1.99999999999999,0.,-59.));
#7537=CARTESIAN_POINT('Ctrl Pts',(0.999999999999997,0.,-59.));
#7538=CARTESIAN_POINT('Ctrl Pts',(0.999999999999996,0.,-58.));
#7539=CARTESIAN_POINT('Ctrl Pts',(1.99999999999999,-3.76374109028078E-15,
-60.));
#7540=CARTESIAN_POINT('Ctrl Pts',(5.55111512312578E-16,-3.76374109028078E-15,
-60.));
#7541=CARTESIAN_POINT('Ctrl Pts',(0.,-3.7470027081099E-15,-58.));
#7542=CARTESIAN_POINT('Ctrl Pts',(1.99999999999999,1.,-60.));
#7543=CARTESIAN_POINT('Ctrl Pts',(5.55111512312578E-16,1.,-60.));
#7544=CARTESIAN_POINT('Ctrl Pts',(0.,1.,-58.));
#7545=CARTESIAN_POINT('',(-6.93889390390723E-15,1.,-58.));
#7546=CARTESIAN_POINT('Origin',(0.999999999999993,1.,-58.));
#7547=CARTESIAN_POINT('Origin',(1.99999999999999,1.,-58.));
#7548=CARTESIAN_POINT('Origin',(0.999999999999996,1.,-45.));
#7549=CARTESIAN_POINT('',(-5.55111512312578E-15,1.,-45.));
#7550=CARTESIAN_POINT('Origin',(27.5,1.,-1.));
#7551=CARTESIAN_POINT('',(27.5,1.,0.));
#7552=CARTESIAN_POINT('Origin',(4.,61.,-1.));
#7553=CARTESIAN_POINT('',(4.,61.,0.));
#7554=CARTESIAN_POINT('Origin',(4.,61.,-1.));
#7555=CARTESIAN_POINT('',(5.,61.,-1.));
#7556=CARTESIAN_POINT('Origin',(4.,61.,-1.));
#7557=CARTESIAN_POINT('Origin',(4.,61.,-1.));
#7558=CARTESIAN_POINT('Origin',(4.,0.,-1.));
#7559=CARTESIAN_POINT('',(4.,0.,0.));
#7560=CARTESIAN_POINT('',(5.,0.,-1.));
#7561=CARTESIAN_POINT('Origin',(4.,61.,-15.));
#7562=CARTESIAN_POINT('',(5.,61.,-15.));
#7563=CARTESIAN_POINT('Origin',(1.,61.,-1.));
#7564=CARTESIAN_POINT('',(-1.38777878078145E-16,61.,-1.));
#7565=CARTESIAN_POINT('Origin',(0.999999999999997,61.,-0.999999999999996));
#7566=CARTESIAN_POINT('',(1.,61.,0.));
#7567=CARTESIAN_POINT('Origin',(1.,61.,-1.));
#7568=CARTESIAN_POINT('Origin',(0.999999999999996,61.,-1.));
#7569=CARTESIAN_POINT('Origin',(1.,0.,-1.));
#7570=CARTESIAN_POINT('',(-1.38777878078145E-16,0.,-1.));
#7571=CARTESIAN_POINT('',(1.,0.,0.));
#7572=CARTESIAN_POINT('Origin',(27.5,61.,-1.));
#7573=CARTESIAN_POINT('',(27.5,61.,0.));
#7574=CARTESIAN_POINT('Ctrl Pts',(0.999999999999996,62.,-58.));
#7575=CARTESIAN_POINT('Ctrl Pts',(0.999999999999997,62.,-59.));
#7576=CARTESIAN_POINT('Ctrl Pts',(1.99999999999999,62.,-59.));
#7577=CARTESIAN_POINT('Ctrl Pts',(0.,62.,-58.));
#7578=CARTESIAN_POINT('Ctrl Pts',(5.55111512312578E-16,62.,-60.));
#7579=CARTESIAN_POINT('Ctrl Pts',(1.99999999999999,62.,-60.));
#7580=CARTESIAN_POINT('Ctrl Pts',(0.,61.,-58.));
#7581=CARTESIAN_POINT('Ctrl Pts',(5.55111512312578E-16,61.,-60.));
#7582=CARTESIAN_POINT('Ctrl Pts',(1.99999999999999,61.,-60.));
#7583=CARTESIAN_POINT('',(-6.93889390390723E-15,61.,-58.));
#7584=CARTESIAN_POINT('Origin',(0.999999999999993,61.,-58.));
#7585=CARTESIAN_POINT('Origin',(1.99999999999999,61.,-58.));
#7586=CARTESIAN_POINT('Origin',(0.999999999999992,61.,-45.));
#7587=CARTESIAN_POINT('',(-5.55111512312578E-15,61.,-45.));
#7588=CARTESIAN_POINT('Origin',(4.,1.,-15.));
#7589=CARTESIAN_POINT('',(5.,1.,-15.));
#7590=CARTESIAN_POINT('Origin',(4.,1.,-20.4142135623731));
#7591=CARTESIAN_POINT('Origin',(19.2928932188134,1.,-35.7071067811865));
#7592=CARTESIAN_POINT('Origin',(1.99999999999999,0.,-58.));
#7593=CARTESIAN_POINT('',(-6.93889390390723E-15,0.,-58.));
#7594=CARTESIAN_POINT('Origin',(5.,0.,-55.));
#7595=CARTESIAN_POINT('',(40.,31.,-55.));
#7596=CARTESIAN_POINT('',(7.,49.9120241497272,-55.));
#7597=CARTESIAN_POINT('',(7.,0.,-55.));
#7598=CARTESIAN_POINT('',(57.5,49.9120241497272,-55.));
#7599=CARTESIAN_POINT('Origin',(5.,62.,-20.));
#7600=CARTESIAN_POINT('',(5.,31.,-20.));
#7601=CARTESIAN_POINT('Origin',(5.,0.,0.));
#7602=CARTESIAN_POINT('',(5.,10.0178699191632,-53.));
#7603=CARTESIAN_POINT('',(5.,0.,-53.));
#7604=CARTESIAN_POINT('',(5.,49.9120241497272,-53.));
#7605=CARTESIAN_POINT('',(5.,0.,-53.));
#7606=CARTESIAN_POINT('',(5.,0.,-53.));
#7607=CARTESIAN_POINT('',(5.,52.5,-15.6));
#7608=CARTESIAN_POINT('Origin',(5.,52.5,-13.));
#7609=CARTESIAN_POINT('',(5.,9.5,-15.6));
#7610=CARTESIAN_POINT('Origin',(5.,9.5,-13.));
#7611=CARTESIAN_POINT('Origin',(0.,0.,0.));
#7612=CARTESIAN_POINT('Origin',(7.,0.,-53.));
#7613=CARTESIAN_POINT('',(7.,10.0178699191632,-55.));
#7614=CARTESIAN_POINT('',(7.,0.,-55.));
#7615=CARTESIAN_POINT('Origin',(7.,10.0178699191632,-53.));
#7616=CARTESIAN_POINT('Origin',(7.,0.,-53.));
#7617=CARTESIAN_POINT('Origin',(7.,49.9120241497272,-53.));
#7618=CARTESIAN_POINT('',(7.,0.,-55.));
#7619=CARTESIAN_POINT('Origin',(7.,0.,-53.));
#7620=CARTESIAN_POINT('Origin',(5.,0.,-55.));
#7621=CARTESIAN_POINT('',(5.,10.0178699191632,-55.));
#7622=CARTESIAN_POINT('',(88.,31.,-55.));
#7623=CARTESIAN_POINT('Origin',(85.,31.,-55.));
#7624=CARTESIAN_POINT('',(33.,31.,-55.));
#7625=CARTESIAN_POINT('Origin',(30.,31.,-55.));
#7626=CARTESIAN_POINT('Origin',(5.,0.,-55.));
#7627=CARTESIAN_POINT('Origin',(-7.34788079488412E-15,0.,-60.));
#7628=CARTESIAN_POINT('',(-1.77635683940025E-14,9.5,-15.1));
#7629=CARTESIAN_POINT('Origin',(0.,9.5,-13.));
#7630=CARTESIAN_POINT('',(-1.77635683940025E-14,52.5,-15.1));
#7631=CARTESIAN_POINT('Origin',(0.,52.5,-13.));
#7632=CARTESIAN_POINT('Origin',(4.75,9.5,-13.));
#7633=CARTESIAN_POINT('',(4.49999999999999,9.5,-15.1));
#7634=CARTESIAN_POINT('',(4.75,9.5,-15.35));
#7635=CARTESIAN_POINT('Origin',(4.49999999999999,9.5,-13.));
#7636=CARTESIAN_POINT('Origin',(139.79985693841,9.5,-13.));
#7637=CARTESIAN_POINT('',(139.79985693841,9.5,-15.1));
#7638=CARTESIAN_POINT('Origin',(4.75,52.5,-13.));
#7639=CARTESIAN_POINT('',(4.49999999999999,52.5,-15.1));
#7640=CARTESIAN_POINT('',(4.75,52.5,-15.35));
#7641=CARTESIAN_POINT('Origin',(4.49999999999999,52.5,-13.));
#7642=CARTESIAN_POINT('Origin',(139.79985693841,52.5,-13.));
#7643=CARTESIAN_POINT('',(139.79985693841,52.5,-15.1));
#7644=CARTESIAN_POINT('Origin',(30.,31.,-59.8));
#7645=CARTESIAN_POINT('',(27.,31.,-59.6));
#7646=CARTESIAN_POINT('',(26.8,31.,-59.8));
#7647=CARTESIAN_POINT('',(33.,31.,-59.6));
#7648=CARTESIAN_POINT('Origin',(30.,31.,-59.6));
#7649=CARTESIAN_POINT('Origin',(30.,31.,-59.6));
#7650=CARTESIAN_POINT('Origin',(30.,31.,79.7998569384103));
#7651=CARTESIAN_POINT('',(33.,31.,79.7998569384103));
#7652=CARTESIAN_POINT('Origin',(85.,31.,-59.8));
#7653=CARTESIAN_POINT('',(82.,31.,-59.6));
#7654=CARTESIAN_POINT('',(81.8,31.,-59.8));
#7655=CARTESIAN_POINT('',(88.,31.,-59.6));
#7656=CARTESIAN_POINT('Origin',(85.,31.,-59.6));
#7657=CARTESIAN_POINT('Origin',(85.,31.,-59.6));
#7658=CARTESIAN_POINT('Origin',(85.,31.,79.7998569384103));
#7659=CARTESIAN_POINT('',(88.,31.,79.7998569384103));
#7660=CARTESIAN_POINT('',(0.,62.,0.));
#7661=UNCERTAINTY_MEASURE_WITH_UNIT(LENGTH_MEASURE(0.01),#7665,
'DISTANCE_ACCURACY_VALUE',
'Maximum model space distance between geometric entities at asserted c
onnectivities');
#7662=UNCERTAINTY_MEASURE_WITH_UNIT(LENGTH_MEASURE(0.01),#7665,
'DISTANCE_ACCURACY_VALUE',
'Maximum model space distance between geometric entities at asserted c
onnectivities');
#7663=(
GEOMETRIC_REPRESENTATION_CONTEXT(3)
GLOBAL_UNCERTAINTY_ASSIGNED_CONTEXT((#7661))
GLOBAL_UNIT_ASSIGNED_CONTEXT((#7665,#7667,#7668))
REPRESENTATION_CONTEXT('','3D')
);
#7664=(
GEOMETRIC_REPRESENTATION_CONTEXT(3)
GLOBAL_UNCERTAINTY_ASSIGNED_CONTEXT((#7662))
GLOBAL_UNIT_ASSIGNED_CONTEXT((#7665,#7667,#7668))
REPRESENTATION_CONTEXT('','3D')
);
#7665=(
LENGTH_UNIT()
NAMED_UNIT(*)
SI_UNIT(.MILLI.,.METRE.)
);
#7666=(
LENGTH_UNIT()
NAMED_UNIT(*)
SI_UNIT(.CENTI.,.METRE.)
);
#7667=(
NAMED_UNIT(*)
PLANE_ANGLE_UNIT()
SI_UNIT($,.RADIAN.)
);
#7668=(
NAMED_UNIT(*)
SI_UNIT($,.STERADIAN.)
SOLID_ANGLE_UNIT()
);
#7669=SHAPE_DEFINITION_REPRESENTATION(#7670,#7671);
#7670=PRODUCT_DEFINITION_SHAPE('',$,#7673);
#7671=SHAPE_REPRESENTATION('',(#4748),#7663);
#7672=PRODUCT_DEFINITION_CONTEXT('part definition',#7677,'design');
#7673=PRODUCT_DEFINITION('1','1',#7674,#7672);
#7674=PRODUCT_DEFINITION_FORMATION('',$,#7679);
#7675=PRODUCT_RELATED_PRODUCT_CATEGORY('1','1',(#7679));
#7676=APPLICATION_PROTOCOL_DEFINITION('international standard',
'automotive_design',2009,#7677);
#7677=APPLICATION_CONTEXT(
'Core Data for Automotive Mechanical Design Process');
#7678=PRODUCT_CONTEXT('part definition',#7677,'mechanical');
#7679=PRODUCT('1','1',$,(#7678));
#7680=PRESENTATION_STYLE_ASSIGNMENT((#7682));
#7681=PRESENTATION_STYLE_ASSIGNMENT((#7683));
#7682=SURFACE_STYLE_USAGE(.BOTH.,#7686);
#7683=SURFACE_STYLE_USAGE(.BOTH.,#7687);
#7684=SURFACE_STYLE_RENDERING_WITH_PROPERTIES($,#7694,(#7685));
#7685=SURFACE_STYLE_TRANSPARENT(0.);
#7686=SURFACE_SIDE_STYLE('',(#7688,#7684));
#7687=SURFACE_SIDE_STYLE('',(#7689));
#7688=SURFACE_STYLE_FILL_AREA(#7690);
#7689=SURFACE_STYLE_FILL_AREA(#7691);
#7690=FILL_AREA_STYLE('',(#7692));
#7691=FILL_AREA_STYLE('',(#7693));
#7692=FILL_AREA_STYLE_COLOUR('',#7694);
#7693=FILL_AREA_STYLE_COLOUR('',#7695);
#7694=COLOUR_RGB('',1.,0.501960784313725,0.);
#7695=COLOUR_RGB('',1.,1.,0.);
ENDSEC;
END-ISO-10303-21;
