ISO-10303-21;
HEADER;
/* Generated by software containing ST-Developer
 * from STEP Tools, Inc. (www.steptools.com) 
 */

FILE_DESCRIPTION(
/* description */ (''),
/* implementation_level */ '2;1');

FILE_NAME(
/* name */ 'hamulec_v2.stp',
/* time_stamp */ '2026-08-05T20:40:45+02:00',
/* author */ ('wojta'),
/* organization */ (''),
/* preprocessor_version */ 'ST-DEVELOPER v20',
/* originating_system */ 'Autodesk Inventor 2025',
/* authorisation */ '');

FILE_SCHEMA (('AUTOMOTIVE_DESIGN { 1 0 10303 214 3 1 1 }'));
ENDSEC;

DATA;
#10=MECHANICAL_DESIGN_GEOMETRIC_PRESENTATION_REPRESENTATION('',(#31,#32,
#33,#34,#35,#36,#37,#38,#39,#40,#41,#42,#43,#44,#45,#46),#3374);
#11=GEOMETRICALLY_BOUNDED_WIREFRAME_SHAPE_REPRESENTATION('',(#12),#3373);
#12=GEOMETRIC_CURVE_SET('Szkic1',(#16,#17,#18,#19,#20,#21,#22,#23,#24,#25,
#26,#27,#28,#29,#30,#3364,#3365,#3366,#3367,#3368,#3369,#3370));
#13=SHAPE_REPRESENTATION_RELATIONSHIP('SRR','None',#3381,#15);
#14=SHAPE_REPRESENTATION_RELATIONSHIP('SRR','None',#3381,#11);
#15=ADVANCED_BREP_SHAPE_REPRESENTATION('',(#47),#3373);
#16=POLYLINE('',(#3334,#3335));
#17=POLYLINE('',(#3336,#3337));
#18=POLYLINE('',(#3338,#3339));
#19=POLYLINE('',(#3340,#3341));
#20=POLYLINE('',(#3342,#3343));
#21=POLYLINE('',(#3344,#3345));
#22=POLYLINE('',(#3346,#3347));
#23=POLYLINE('',(#3348,#3349));
#24=POLYLINE('',(#3350,#3351));
#25=POLYLINE('',(#3352,#3353));
#26=POLYLINE('',(#3354,#3355));
#27=POLYLINE('',(#3356,#3357));
#28=POLYLINE('',(#3358,#3359));
#29=POLYLINE('',(#3360,#3361));
#30=POLYLINE('',(#3362,#3363));
#31=STYLED_ITEM('',(#3390),#47);
#32=STYLED_ITEM('',(#3391),#16);
#33=STYLED_ITEM('',(#3391),#17);
#34=STYLED_ITEM('',(#3391),#18);
#35=STYLED_ITEM('',(#3391),#19);
#36=STYLED_ITEM('',(#3391),#20);
#37=STYLED_ITEM('',(#3391),#21);
#38=STYLED_ITEM('',(#3391),#22);
#39=STYLED_ITEM('',(#3391),#23);
#40=STYLED_ITEM('',(#3391),#24);
#41=STYLED_ITEM('',(#3391),#25);
#42=STYLED_ITEM('',(#3391),#26);
#43=STYLED_ITEM('',(#3391),#27);
#44=STYLED_ITEM('',(#3391),#28);
#45=STYLED_ITEM('',(#3391),#29);
#46=STYLED_ITEM('',(#3391),#30);
#47=MANIFOLD_SOLID_BREP('Bry\X2\0142\X0\a1',#1868);
#48=CONICAL_SURFACE('',#1919,8.45,0.785398163397448);
#49=CONICAL_SURFACE('',#1922,8.45,0.785398163397437);
#50=CONICAL_SURFACE('',#1928,5.1,0.785398163397449);
#51=CONICAL_SURFACE('',#1932,5.1,0.785398163397438);
#52=ELLIPSE('',#1916,2.82842712474619,2.);
#53=ELLIPSE('',#1917,2.82842712474619,2.);
#54=ELLIPSE('',#1947,2.82842712474619,2.);
#55=ELLIPSE('',#1948,2.8284271247462,2.);
#56=CIRCLE('',#1913,8.65);
#57=CIRCLE('',#1914,8.64999999999999);
#58=CIRCLE('',#1920,8.25);
#59=CIRCLE('',#1923,8.25);
#60=CIRCLE('',#1927,8.25);
#61=CIRCLE('',#1929,4.9);
#62=CIRCLE('',#1930,5.3);
#63=CIRCLE('',#1933,4.9);
#64=CIRCLE('',#1934,5.29999999999999);
#65=CIRCLE('',#1938,4.9);
#66=CIRCLE('',#1940,8.25);
#67=CIRCLE('',#1945,4.9);
#68=CYLINDRICAL_SURFACE('',#1910,2.);
#69=CYLINDRICAL_SURFACE('',#1915,2.);
#70=CYLINDRICAL_SURFACE('',#1926,8.25);
#71=CYLINDRICAL_SURFACE('',#1937,4.9);
#72=CYLINDRICAL_SURFACE('',#1942,8.25);
#73=CYLINDRICAL_SURFACE('',#1944,4.9);
#74=CYLINDRICAL_SURFACE('',#1946,2.);
#75=B_SPLINE_CURVE_WITH_KNOTS('',3,(#2662,#2663,#2664,#2665,#2666,#2667,
#2668,#2669,#2670,#2671,#2672,#2673,#2674,#2675,#2676,#2677,#2678,#2679,
#2680,#2681,#2682,#2683,#2684,#2685,#2686,#2687,#2688,#2689,#2690,#2691,
#2692,#2693,#2694,#2695,#2696,#2697,#2698,#2699,#2700,#2701,#2702,#2703,
#2704,#2705,#2706,#2707,#2708,#2709,#2710,#2711,#2712,#2713,#2714,#2715,
#2716,#2717,#2718,#2719,#2720,#2721,#2722),.UNSPECIFIED.,.F.,.F.,(4,3,3,
3,3,3,3,3,3,3,3,3,3,3,3,3,3,3,3,3,4),(0.,0.0405300048077126,0.0828238876135974,
0.127458886682601,0.175483503848493,0.230136309825874,0.32636927109764,
0.379221076734567,0.426424268769758,0.471114151834009,0.531736904615006,
0.577282281495036,0.626583362258105,0.685397168296689,0.764047876222516,
0.818778496710446,0.865178775269807,0.909163110467033,0.951342045486616,
0.991600285998255,1.),.UNSPECIFIED.);
#76=B_SPLINE_CURVE_WITH_KNOTS('',3,(#2724,#2725,#2726,#2727),
 .UNSPECIFIED.,.F.,.F.,(4,4),(-1.,0.),.UNSPECIFIED.);
#77=B_SPLINE_CURVE_WITH_KNOTS('',3,(#2729,#2730,#2731,#2732,#2733,#2734,
#2735,#2736,#2737,#2738,#2739,#2740,#2741,#2742,#2743,#2744,#2745,#2746,
#2747,#2748,#2749,#2750,#2751,#2752,#2753,#2754,#2755,#2756,#2757,#2758,
#2759,#2760,#2761,#2762,#2763,#2764,#2765,#2766,#2767,#2768,#2769,#2770,
#2771,#2772,#2773,#2774,#2775,#2776,#2777,#2778,#2779,#2780,#2781,#2782,
#2783,#2784,#2785,#2786,#2787,#2788,#2789),.UNSPECIFIED.,.F.,.F.,(4,3,3,
3,3,3,3,3,3,3,3,3,3,3,3,3,3,3,3,3,4),(0.,0.0405333759190316,0.0828310114412605,
0.127470366046196,0.175500449901557,0.230166272305845,0.326395488267614,
0.379246168351669,0.426450074723253,0.471133401053025,0.531676388820763,
0.577214905263519,0.626506459971923,0.685303782308575,0.763977836731431,
0.818713866117152,0.865113838342493,0.909097324199865,0.95127511939288,
0.991531329288436,1.),.UNSPECIFIED.);
#78=B_SPLINE_CURVE_WITH_KNOTS('',3,(#2822,#2823,#2824,#2825,#2826,#2827,
#2828),.UNSPECIFIED.,.F.,.F.,(4,1,1,1,4),(1.34850458517719,1.86081546186651,
2.37312633855582,2.88543721524514,3.14159265358979),.UNSPECIFIED.);
#79=B_SPLINE_CURVE_WITH_KNOTS('',3,(#2829,#2830,#2831,#2832,#2833,#2834,
#2835),.UNSPECIFIED.,.F.,.F.,(4,1,1,1,4),(-3.14159265358979,-2.88543721524514,
-2.37312633855582,-1.86081546186651,-1.34850458517719),.UNSPECIFIED.);
#80=B_SPLINE_CURVE_WITH_KNOTS('',3,(#2838,#2839,#2840,#2841,#2842,#2843,
#2844),.UNSPECIFIED.,.F.,.F.,(4,1,1,1,4),(1.34850458517633,1.8608154618653,
2.37312633855427,2.62928177689875,3.14159265358772),.UNSPECIFIED.);
#81=B_SPLINE_CURVE_WITH_KNOTS('',3,(#2846,#2847,#2848,#2849,#2850,#2851,
#2852,#2853,#2854,#2855,#2856,#2857,#2858,#2859,#2860,#2861,#2862,#2863,
#2864,#2865,#2866,#2867,#2868,#2869,#2870,#2871,#2872,#2873,#2874,#2875,
#2876,#2877,#2878,#2879,#2880,#2881,#2882,#2883,#2884,#2885,#2886,#2887,
#2888,#2889,#2890,#2891,#2892,#2893,#2894,#2895,#2896,#2897,#2898,#2899,
#2900,#2901,#2902,#2903,#2904,#2905,#2906),.UNSPECIFIED.,.F.,.F.,(4,3,3,
3,3,3,3,3,3,3,3,3,3,3,3,3,3,3,3,3,4),(0.,0.0405300048086012,0.0828238876151848,
0.127458886685131,0.175483503852705,0.230136309831841,0.326369271102861,
0.379221076739981,0.426424268775613,0.471114151839376,0.531736904469786,
0.57728228134081,0.62658336208968,0.68539716811747,0.764047876088102,0.818778496598838,
0.865178775165715,0.90916311036839,0.951342045392785,0.991600285907144,
1.),.UNSPECIFIED.);
#82=B_SPLINE_CURVE_WITH_KNOTS('',3,(#2933,#2934,#2935,#2936),
 .UNSPECIFIED.,.F.,.F.,(4,4),(0.,1.),.UNSPECIFIED.);
#83=B_SPLINE_CURVE_WITH_KNOTS('',3,(#2938,#2939,#2940,#2941,#2942,#2943,
#2944,#2945,#2946,#2947,#2948,#2949,#2950,#2951,#2952,#2953,#2954,#2955,
#2956,#2957,#2958,#2959,#2960,#2961,#2962,#2963,#2964,#2965,#2966,#2967,
#2968,#2969,#2970,#2971,#2972,#2973,#2974,#2975,#2976,#2977,#2978,#2979,
#2980,#2981,#2982,#2983,#2984,#2985,#2986,#2987,#2988,#2989,#2990,#2991,
#2992,#2993,#2994,#2995,#2996,#2997,#2998),.UNSPECIFIED.,.F.,.F.,(4,3,3,
3,3,3,3,3,3,3,3,3,3,3,3,3,3,3,3,3,4),(0.,0.0405333759196235,0.0828310114423439,
0.127470366046292,0.175500449905139,0.230166272314138,0.326395488274871,
0.379246168357934,0.426450074728326,0.471133401056596,0.531676388413219,
0.577214904827306,0.626506459491079,0.68530378179103,0.763977836343272,
0.81871386579682,0.865113838042106,0.909097323913071,0.951275119115464,
0.991531329016818,1.),.UNSPECIFIED.);
#84=B_SPLINE_CURVE_WITH_KNOTS('',3,(#3030,#3031,#3032,#3033,#3034,#3035,
#3036),.UNSPECIFIED.,.F.,.F.,(4,1,1,1,4),(-3.14159265358772,-2.62928177689875,
-2.37312633855427,-1.8608154618653,-1.34850458517633),.UNSPECIFIED.);
#85=B_SPLINE_SURFACE_WITH_KNOTS('',3,3,((#2636,#2637,#2638,#2639,#2640,
#2641),(#2642,#2643,#2644,#2645,#2646,#2647),(#2648,#2649,#2650,#2651,#2652,
#2653),(#2654,#2655,#2656,#2657,#2658,#2659)),.UNSPECIFIED.,.F.,.F.,.F.,
(4,4),(4,1,1,4),(0.,1.),(0.,0.571428571428571,0.857142857142857,1.),
 .UNSPECIFIED.);
#86=B_SPLINE_SURFACE_WITH_KNOTS('',3,3,((#2794,#2795,#2796,#2797,#2798,
#2799,#2800),(#2801,#2802,#2803,#2804,#2805,#2806,#2807),(#2808,#2809,#2810,
#2811,#2812,#2813,#2814),(#2815,#2816,#2817,#2818,#2819,#2820,#2821)),
 .UNSPECIFIED.,.F.,.F.,.F.,(4,4),(4,1,1,1,4),(0.,1.),(-3.14159265358979,
-2.88543721524514,-2.37312633855582,-1.86081546186651,-1.34850458517719),
 .UNSPECIFIED.);
#87=B_SPLINE_SURFACE_WITH_KNOTS('',3,3,((#2908,#2909,#2910,#2911,#2912,
#2913),(#2914,#2915,#2916,#2917,#2918,#2919),(#2920,#2921,#2922,#2923,#2924,
#2925),(#2926,#2927,#2928,#2929,#2930,#2931)),.UNSPECIFIED.,.F.,.F.,.F.,
(4,4),(4,1,1,4),(0.,1.),(0.,0.571428571428571,0.857142857142857,1.),
 .UNSPECIFIED.);
#88=B_SPLINE_SURFACE_WITH_KNOTS('',3,3,((#3000,#3001,#3002,#3003,#3004,
#3005,#3006),(#3007,#3008,#3009,#3010,#3011,#3012,#3013),(#3014,#3015,#3016,
#3017,#3018,#3019,#3020),(#3021,#3022,#3023,#3024,#3025,#3026,#3027)),
 .UNSPECIFIED.,.F.,.F.,.F.,(4,4),(4,1,1,1,4),(0.,1.),(1.34850458517633,
1.8608154618653,2.37312633855427,2.62928177689875,3.14159265358772),
 .UNSPECIFIED.);
#89=FACE_BOUND('',#212,.T.);
#90=FACE_BOUND('',#222,.T.);
#91=FACE_BOUND('',#225,.T.);
#92=FACE_BOUND('',#239,.T.);
#93=FACE_BOUND('',#266,.T.);
#94=FACE_BOUND('',#267,.T.);
#95=FACE_BOUND('',#293,.T.);
#96=FACE_BOUND('',#294,.T.);
#97=FACE_BOUND('',#300,.T.);
#98=FACE_OUTER_BOUND('',#195,.T.);
#99=FACE_OUTER_BOUND('',#196,.T.);
#100=FACE_OUTER_BOUND('',#197,.T.);
#101=FACE_OUTER_BOUND('',#198,.T.);
#102=FACE_OUTER_BOUND('',#199,.T.);
#103=FACE_OUTER_BOUND('',#200,.T.);
#104=FACE_OUTER_BOUND('',#201,.T.);
#105=FACE_OUTER_BOUND('',#202,.T.);
#106=FACE_OUTER_BOUND('',#203,.T.);
#107=FACE_OUTER_BOUND('',#204,.T.);
#108=FACE_OUTER_BOUND('',#205,.T.);
#109=FACE_OUTER_BOUND('',#206,.T.);
#110=FACE_OUTER_BOUND('',#207,.T.);
#111=FACE_OUTER_BOUND('',#208,.T.);
#112=FACE_OUTER_BOUND('',#209,.T.);
#113=FACE_OUTER_BOUND('',#210,.T.);
#114=FACE_OUTER_BOUND('',#211,.T.);
#115=FACE_OUTER_BOUND('',#213,.T.);
#116=FACE_OUTER_BOUND('',#214,.T.);
#117=FACE_OUTER_BOUND('',#215,.T.);
#118=FACE_OUTER_BOUND('',#216,.T.);
#119=FACE_OUTER_BOUND('',#217,.T.);
#120=FACE_OUTER_BOUND('',#218,.T.);
#121=FACE_OUTER_BOUND('',#219,.T.);
#122=FACE_OUTER_BOUND('',#220,.T.);
#123=FACE_OUTER_BOUND('',#221,.T.);
#124=FACE_OUTER_BOUND('',#223,.T.);
#125=FACE_OUTER_BOUND('',#224,.T.);
#126=FACE_OUTER_BOUND('',#226,.T.);
#127=FACE_OUTER_BOUND('',#227,.T.);
#128=FACE_OUTER_BOUND('',#228,.T.);
#129=FACE_OUTER_BOUND('',#229,.T.);
#130=FACE_OUTER_BOUND('',#230,.T.);
#131=FACE_OUTER_BOUND('',#231,.T.);
#132=FACE_OUTER_BOUND('',#232,.T.);
#133=FACE_OUTER_BOUND('',#233,.T.);
#134=FACE_OUTER_BOUND('',#234,.T.);
#135=FACE_OUTER_BOUND('',#235,.T.);
#136=FACE_OUTER_BOUND('',#236,.T.);
#137=FACE_OUTER_BOUND('',#237,.T.);
#138=FACE_OUTER_BOUND('',#238,.T.);
#139=FACE_OUTER_BOUND('',#240,.T.);
#140=FACE_OUTER_BOUND('',#241,.T.);
#141=FACE_OUTER_BOUND('',#242,.T.);
#142=FACE_OUTER_BOUND('',#243,.T.);
#143=FACE_OUTER_BOUND('',#244,.T.);
#144=FACE_OUTER_BOUND('',#245,.T.);
#145=FACE_OUTER_BOUND('',#246,.T.);
#146=FACE_OUTER_BOUND('',#247,.T.);
#147=FACE_OUTER_BOUND('',#248,.T.);
#148=FACE_OUTER_BOUND('',#249,.T.);
#149=FACE_OUTER_BOUND('',#250,.T.);
#150=FACE_OUTER_BOUND('',#251,.T.);
#151=FACE_OUTER_BOUND('',#252,.T.);
#152=FACE_OUTER_BOUND('',#253,.T.);
#153=FACE_OUTER_BOUND('',#254,.T.);
#154=FACE_OUTER_BOUND('',#255,.T.);
#155=FACE_OUTER_BOUND('',#256,.T.);
#156=FACE_OUTER_BOUND('',#257,.T.);
#157=FACE_OUTER_BOUND('',#258,.T.);
#158=FACE_OUTER_BOUND('',#259,.T.);
#159=FACE_OUTER_BOUND('',#260,.T.);
#160=FACE_OUTER_BOUND('',#261,.T.);
#161=FACE_OUTER_BOUND('',#262,.T.);
#162=FACE_OUTER_BOUND('',#263,.T.);
#163=FACE_OUTER_BOUND('',#264,.T.);
#164=FACE_OUTER_BOUND('',#265,.T.);
#165=FACE_OUTER_BOUND('',#268,.T.);
#166=FACE_OUTER_BOUND('',#269,.T.);
#167=FACE_OUTER_BOUND('',#270,.T.);
#168=FACE_OUTER_BOUND('',#271,.T.);
#169=FACE_OUTER_BOUND('',#272,.T.);
#170=FACE_OUTER_BOUND('',#273,.T.);
#171=FACE_OUTER_BOUND('',#274,.T.);
#172=FACE_OUTER_BOUND('',#275,.T.);
#173=FACE_OUTER_BOUND('',#276,.T.);
#174=FACE_OUTER_BOUND('',#277,.T.);
#175=FACE_OUTER_BOUND('',#278,.T.);
#176=FACE_OUTER_BOUND('',#279,.T.);
#177=FACE_OUTER_BOUND('',#280,.T.);
#178=FACE_OUTER_BOUND('',#281,.T.);
#179=FACE_OUTER_BOUND('',#282,.T.);
#180=FACE_OUTER_BOUND('',#283,.T.);
#181=FACE_OUTER_BOUND('',#284,.T.);
#182=FACE_OUTER_BOUND('',#285,.T.);
#183=FACE_OUTER_BOUND('',#286,.T.);
#184=FACE_OUTER_BOUND('',#287,.T.);
#185=FACE_OUTER_BOUND('',#288,.T.);
#186=FACE_OUTER_BOUND('',#289,.T.);
#187=FACE_OUTER_BOUND('',#290,.T.);
#188=FACE_OUTER_BOUND('',#291,.T.);
#189=FACE_OUTER_BOUND('',#292,.T.);
#190=FACE_OUTER_BOUND('',#295,.T.);
#191=FACE_OUTER_BOUND('',#296,.T.);
#192=FACE_OUTER_BOUND('',#297,.T.);
#193=FACE_OUTER_BOUND('',#298,.T.);
#194=FACE_OUTER_BOUND('',#299,.T.);
#195=EDGE_LOOP('',(#1177,#1178,#1179,#1180,#1181,#1182));
#196=EDGE_LOOP('',(#1183,#1184,#1185,#1186));
#197=EDGE_LOOP('',(#1187,#1188,#1189,#1190,#1191));
#198=EDGE_LOOP('',(#1192,#1193,#1194,#1195,#1196,#1197,#1198,#1199,#1200,
#1201,#1202,#1203,#1204,#1205,#1206,#1207,#1208,#1209));
#199=EDGE_LOOP('',(#1210,#1211,#1212,#1213,#1214,#1215));
#200=EDGE_LOOP('',(#1216,#1217,#1218,#1219));
#201=EDGE_LOOP('',(#1220,#1221,#1222,#1223,#1224,#1225));
#202=EDGE_LOOP('',(#1226,#1227,#1228,#1229));
#203=EDGE_LOOP('',(#1230,#1231,#1232,#1233,#1234));
#204=EDGE_LOOP('',(#1235,#1236,#1237,#1238));
#205=EDGE_LOOP('',(#1239,#1240,#1241,#1242,#1243,#1244));
#206=EDGE_LOOP('',(#1245,#1246,#1247,#1248,#1249,#1250));
#207=EDGE_LOOP('',(#1251,#1252,#1253,#1254));
#208=EDGE_LOOP('',(#1255,#1256,#1257,#1258,#1259,#1260));
#209=EDGE_LOOP('',(#1261,#1262,#1263,#1264));
#210=EDGE_LOOP('',(#1265,#1266,#1267,#1268));
#211=EDGE_LOOP('',(#1269,#1270,#1271,#1272,#1273,#1274,#1275));
#212=EDGE_LOOP('',(#1276,#1277,#1278));
#213=EDGE_LOOP('',(#1279,#1280,#1281,#1282));
#214=EDGE_LOOP('',(#1283,#1284,#1285,#1286));
#215=EDGE_LOOP('',(#1287,#1288,#1289,#1290));
#216=EDGE_LOOP('',(#1291,#1292,#1293,#1294));
#217=EDGE_LOOP('',(#1295,#1296,#1297,#1298,#1299,#1300));
#218=EDGE_LOOP('',(#1301,#1302,#1303,#1304));
#219=EDGE_LOOP('',(#1305,#1306,#1307,#1308));
#220=EDGE_LOOP('',(#1309,#1310,#1311,#1312));
#221=EDGE_LOOP('',(#1313,#1314,#1315,#1316,#1317,#1318));
#222=EDGE_LOOP('',(#1319,#1320,#1321,#1322));
#223=EDGE_LOOP('',(#1323,#1324,#1325,#1326,#1327,#1328));
#224=EDGE_LOOP('',(#1329,#1330,#1331,#1332,#1333,#1334,#1335));
#225=EDGE_LOOP('',(#1336,#1337,#1338));
#226=EDGE_LOOP('',(#1339,#1340,#1341,#1342));
#227=EDGE_LOOP('',(#1343,#1344,#1345,#1346));
#228=EDGE_LOOP('',(#1347,#1348,#1349,#1350));
#229=EDGE_LOOP('',(#1351,#1352,#1353,#1354));
#230=EDGE_LOOP('',(#1355,#1356,#1357,#1358));
#231=EDGE_LOOP('',(#1359,#1360,#1361,#1362));
#232=EDGE_LOOP('',(#1363,#1364,#1365,#1366));
#233=EDGE_LOOP('',(#1367,#1368,#1369,#1370));
#234=EDGE_LOOP('',(#1371,#1372,#1373,#1374));
#235=EDGE_LOOP('',(#1375,#1376,#1377,#1378));
#236=EDGE_LOOP('',(#1379,#1380,#1381,#1382));
#237=EDGE_LOOP('',(#1383,#1384,#1385,#1386));
#238=EDGE_LOOP('',(#1387,#1388,#1389,#1390));
#239=EDGE_LOOP('',(#1391,#1392,#1393,#1394));
#240=EDGE_LOOP('',(#1395,#1396,#1397,#1398));
#241=EDGE_LOOP('',(#1399,#1400,#1401,#1402));
#242=EDGE_LOOP('',(#1403,#1404,#1405,#1406));
#243=EDGE_LOOP('',(#1407,#1408,#1409,#1410));
#244=EDGE_LOOP('',(#1411,#1412,#1413,#1414,#1415,#1416));
#245=EDGE_LOOP('',(#1417,#1418,#1419,#1420,#1421));
#246=EDGE_LOOP('',(#1422,#1423,#1424,#1425,#1426));
#247=EDGE_LOOP('',(#1427,#1428,#1429,#1430,#1431));
#248=EDGE_LOOP('',(#1432,#1433,#1434,#1435,#1436,#1437));
#249=EDGE_LOOP('',(#1438,#1439,#1440,#1441,#1442));
#250=EDGE_LOOP('',(#1443,#1444,#1445,#1446,#1447,#1448,#1449,#1450));
#251=EDGE_LOOP('',(#1451,#1452,#1453,#1454,#1455,#1456,#1457,#1458));
#252=EDGE_LOOP('',(#1459,#1460,#1461,#1462));
#253=EDGE_LOOP('',(#1463,#1464,#1465,#1466));
#254=EDGE_LOOP('',(#1467,#1468,#1469));
#255=EDGE_LOOP('',(#1470,#1471,#1472,#1473));
#256=EDGE_LOOP('',(#1474,#1475,#1476,#1477));
#257=EDGE_LOOP('',(#1478,#1479,#1480));
#258=EDGE_LOOP('',(#1481,#1482,#1483,#1484));
#259=EDGE_LOOP('',(#1485,#1486,#1487,#1488,#1489));
#260=EDGE_LOOP('',(#1490,#1491,#1492,#1493));
#261=EDGE_LOOP('',(#1494,#1495,#1496,#1497));
#262=EDGE_LOOP('',(#1498,#1499,#1500,#1501,#1502));
#263=EDGE_LOOP('',(#1503,#1504,#1505,#1506));
#264=EDGE_LOOP('',(#1507,#1508,#1509,#1510));
#265=EDGE_LOOP('',(#1511,#1512,#1513,#1514,#1515));
#266=EDGE_LOOP('',(#1516,#1517,#1518));
#267=EDGE_LOOP('',(#1519,#1520,#1521));
#268=EDGE_LOOP('',(#1522,#1523,#1524,#1525));
#269=EDGE_LOOP('',(#1526,#1527,#1528,#1529,#1530,#1531));
#270=EDGE_LOOP('',(#1532,#1533,#1534,#1535,#1536,#1537,#1538));
#271=EDGE_LOOP('',(#1539,#1540,#1541,#1542));
#272=EDGE_LOOP('',(#1543,#1544,#1545,#1546,#1547));
#273=EDGE_LOOP('',(#1548,#1549,#1550,#1551,#1552));
#274=EDGE_LOOP('',(#1553,#1554,#1555,#1556,#1557,#1558));
#275=EDGE_LOOP('',(#1559,#1560,#1561,#1562,#1563));
#276=EDGE_LOOP('',(#1564,#1565,#1566,#1567,#1568,#1569));
#277=EDGE_LOOP('',(#1570,#1571,#1572,#1573,#1574));
#278=EDGE_LOOP('',(#1575,#1576,#1577,#1578));
#279=EDGE_LOOP('',(#1579,#1580,#1581,#1582,#1583));
#280=EDGE_LOOP('',(#1584,#1585,#1586,#1587,#1588,#1589));
#281=EDGE_LOOP('',(#1590,#1591,#1592,#1593,#1594));
#282=EDGE_LOOP('',(#1595,#1596,#1597,#1598,#1599,#1600,#1601));
#283=EDGE_LOOP('',(#1602,#1603,#1604,#1605,#1606,#1607));
#284=EDGE_LOOP('',(#1608,#1609,#1610,#1611));
#285=EDGE_LOOP('',(#1612,#1613,#1614,#1615,#1616));
#286=EDGE_LOOP('',(#1617,#1618,#1619,#1620,#1621));
#287=EDGE_LOOP('',(#1622,#1623,#1624,#1625,#1626,#1627));
#288=EDGE_LOOP('',(#1628,#1629,#1630,#1631));
#289=EDGE_LOOP('',(#1632,#1633,#1634,#1635,#1636));
#290=EDGE_LOOP('',(#1637,#1638,#1639,#1640,#1641));
#291=EDGE_LOOP('',(#1642,#1643,#1644,#1645,#1646,#1647));
#292=EDGE_LOOP('',(#1648,#1649,#1650,#1651,#1652));
#293=EDGE_LOOP('',(#1653,#1654,#1655));
#294=EDGE_LOOP('',(#1656,#1657,#1658));
#295=EDGE_LOOP('',(#1659,#1660,#1661,#1662,#1663,#1664));
#296=EDGE_LOOP('',(#1665,#1666,#1667,#1668,#1669));
#297=EDGE_LOOP('',(#1670,#1671,#1672,#1673,#1674));
#298=EDGE_LOOP('',(#1675,#1676,#1677,#1678,#1679,#1680));
#299=EDGE_LOOP('',(#1681,#1682,#1683,#1684));
#300=EDGE_LOOP('',(#1685,#1686,#1687,#1688));
#301=LINE('',#2454,#531);
#302=LINE('',#2456,#532);
#303=LINE('',#2458,#533);
#304=LINE('',#2460,#534);
#305=LINE('',#2462,#535);
#306=LINE('',#2463,#536);
#307=LINE('',#2466,#537);
#308=LINE('',#2468,#538);
#309=LINE('',#2469,#539);
#310=LINE('',#2473,#540);
#311=LINE('',#2475,#541);
#312=LINE('',#2477,#542);
#313=LINE('',#2479,#543);
#314=LINE('',#2480,#544);
#315=LINE('',#2483,#545);
#316=LINE('',#2485,#546);
#317=LINE('',#2487,#547);
#318=LINE('',#2489,#548);
#319=LINE('',#2491,#549);
#320=LINE('',#2493,#550);
#321=LINE('',#2495,#551);
#322=LINE('',#2497,#552);
#323=LINE('',#2499,#553);
#324=LINE('',#2501,#554);
#325=LINE('',#2503,#555);
#326=LINE('',#2505,#556);
#327=LINE('',#2507,#557);
#328=LINE('',#2509,#558);
#329=LINE('',#2510,#559);
#330=LINE('',#2511,#560);
#331=LINE('',#2515,#561);
#332=LINE('',#2517,#562);
#333=LINE('',#2519,#563);
#334=LINE('',#2521,#564);
#335=LINE('',#2523,#565);
#336=LINE('',#2524,#566);
#337=LINE('',#2527,#567);
#338=LINE('',#2529,#568);
#339=LINE('',#2530,#569);
#340=LINE('',#2534,#570);
#341=LINE('',#2536,#571);
#342=LINE('',#2538,#572);
#343=LINE('',#2540,#573);
#344=LINE('',#2542,#574);
#345=LINE('',#2543,#575);
#346=LINE('',#2545,#576);
#347=LINE('',#2546,#577);
#348=LINE('',#2549,#578);
#349=LINE('',#2551,#579);
#350=LINE('',#2553,#580);
#351=LINE('',#2554,#581);
#352=LINE('',#2557,#582);
#353=LINE('',#2559,#583);
#354=LINE('',#2560,#584);
#355=LINE('',#2564,#585);
#356=LINE('',#2566,#586);
#357=LINE('',#2568,#587);
#358=LINE('',#2569,#588);
#359=LINE('',#2570,#589);
#360=LINE('',#2574,#590);
#361=LINE('',#2576,#591);
#362=LINE('',#2578,#592);
#363=LINE('',#2580,#593);
#364=LINE('',#2582,#594);
#365=LINE('',#2583,#595);
#366=LINE('',#2586,#596);
#367=LINE('',#2588,#597);
#368=LINE('',#2589,#598);
#369=LINE('',#2593,#599);
#370=LINE('',#2595,#600);
#371=LINE('',#2597,#601);
#372=LINE('',#2599,#602);
#373=LINE('',#2601,#603);
#374=LINE('',#2602,#604);
#375=LINE('',#2604,#605);
#376=LINE('',#2605,#606);
#377=LINE('',#2608,#607);
#378=LINE('',#2610,#608);
#379=LINE('',#2611,#609);
#380=LINE('',#2614,#610);
#381=LINE('',#2616,#611);
#382=LINE('',#2618,#612);
#383=LINE('',#2620,#613);
#384=LINE('',#2622,#614);
#385=LINE('',#2623,#615);
#386=LINE('',#2626,#616);
#387=LINE('',#2628,#617);
#388=LINE('',#2629,#618);
#389=LINE('',#2632,#619);
#390=LINE('',#2634,#620);
#391=LINE('',#2635,#621);
#392=LINE('',#2790,#622);
#393=LINE('',#2792,#623);
#394=LINE('',#2793,#624);
#395=LINE('',#2907,#625);
#396=LINE('',#2999,#626);
#397=LINE('',#3029,#627);
#398=LINE('',#3039,#628);
#399=LINE('',#3040,#629);
#400=LINE('',#3043,#630);
#401=LINE('',#3045,#631);
#402=LINE('',#3046,#632);
#403=LINE('',#3051,#633);
#404=LINE('',#3054,#634);
#405=LINE('',#3057,#635);
#406=LINE('',#3063,#636);
#407=LINE('',#3064,#637);
#408=LINE('',#3066,#638);
#409=LINE('',#3067,#639);
#410=LINE('',#3070,#640);
#411=LINE('',#3072,#641);
#412=LINE('',#3073,#642);
#413=LINE('',#3076,#643);
#414=LINE('',#3078,#644);
#415=LINE('',#3082,#645);
#416=LINE('',#3083,#646);
#417=LINE('',#3086,#647);
#418=LINE('',#3089,#648);
#419=LINE('',#3092,#649);
#420=LINE('',#3094,#650);
#421=LINE('',#3095,#651);
#422=LINE('',#3098,#652);
#423=LINE('',#3103,#653);
#424=LINE('',#3107,#654);
#425=LINE('',#3112,#655);
#426=LINE('',#3113,#656);
#427=LINE('',#3114,#657);
#428=LINE('',#3118,#658);
#429=LINE('',#3122,#659);
#430=LINE('',#3123,#660);
#431=LINE('',#3126,#661);
#432=LINE('',#3128,#662);
#433=LINE('',#3129,#663);
#434=LINE('',#3132,#664);
#435=LINE('',#3137,#665);
#436=LINE('',#3139,#666);
#437=LINE('',#3143,#667);
#438=LINE('',#3144,#668);
#439=LINE('',#3153,#669);
#440=LINE('',#3154,#670);
#441=LINE('',#3157,#671);
#442=LINE('',#3159,#672);
#443=LINE('',#3160,#673);
#444=LINE('',#3162,#674);
#445=LINE('',#3165,#675);
#446=LINE('',#3166,#676);
#447=LINE('',#3168,#677);
#448=LINE('',#3171,#678);
#449=LINE('',#3173,#679);
#450=LINE('',#3175,#680);
#451=LINE('',#3177,#681);
#452=LINE('',#3178,#682);
#453=LINE('',#3181,#683);
#454=LINE('',#3183,#684);
#455=LINE('',#3184,#685);
#456=LINE('',#3188,#686);
#457=LINE('',#3190,#687);
#458=LINE('',#3192,#688);
#459=LINE('',#3193,#689);
#460=LINE('',#3196,#690);
#461=LINE('',#3198,#691);
#462=LINE('',#3199,#692);
#463=LINE('',#3203,#693);
#464=LINE('',#3205,#694);
#465=LINE('',#3206,#695);
#466=LINE('',#3208,#696);
#467=LINE('',#3209,#697);
#468=LINE('',#3211,#698);
#469=LINE('',#3212,#699);
#470=LINE('',#3215,#700);
#471=LINE('',#3217,#701);
#472=LINE('',#3218,#702);
#473=LINE('',#3221,#703);
#474=LINE('',#3222,#704);
#475=LINE('',#3225,#705);
#476=LINE('',#3227,#706);
#477=LINE('',#3229,#707);
#478=LINE('',#3230,#708);
#479=LINE('',#3233,#709);
#480=LINE('',#3234,#710);
#481=LINE('',#3236,#711);
#482=LINE('',#3240,#712);
#483=LINE('',#3241,#713);
#484=LINE('',#3242,#714);
#485=LINE('',#3244,#715);
#486=LINE('',#3246,#716);
#487=LINE('',#3247,#717);
#488=LINE('',#3249,#718);
#489=LINE('',#3250,#719);
#490=LINE('',#3253,#720);
#491=LINE('',#3255,#721);
#492=LINE('',#3256,#722);
#493=LINE('',#3259,#723);
#494=LINE('',#3261,#724);
#495=LINE('',#3262,#725);
#496=LINE('',#3265,#726);
#497=LINE('',#3267,#727);
#498=LINE('',#3269,#728);
#499=LINE('',#3271,#729);
#500=LINE('',#3272,#730);
#501=LINE('',#3274,#731);
#502=LINE('',#3277,#732);
#503=LINE('',#3278,#733);
#504=LINE('',#3280,#734);
#505=LINE('',#3282,#735);
#506=LINE('',#3284,#736);
#507=LINE('',#3286,#737);
#508=LINE('',#3287,#738);
#509=LINE('',#3289,#739);
#510=LINE('',#3292,#740);
#511=LINE('',#3294,#741);
#512=LINE('',#3296,#742);
#513=LINE('',#3298,#743);
#514=LINE('',#3299,#744);
#515=LINE('',#3300,#745);
#516=LINE('',#3302,#746);
#517=LINE('',#3305,#747);
#518=LINE('',#3309,#748);
#519=LINE('',#3310,#749);
#520=LINE('',#3311,#750);
#521=LINE('',#3314,#751);
#522=LINE('',#3315,#752);
#523=LINE('',#3317,#753);
#524=LINE('',#3319,#754);
#525=LINE('',#3322,#755);
#526=LINE('',#3324,#756);
#527=LINE('',#3325,#757);
#528=LINE('',#3327,#758);
#529=LINE('',#3328,#759);
#530=LINE('',#3330,#760);
#531=VECTOR('',#2004,10.);
#532=VECTOR('',#2005,10.);
#533=VECTOR('',#2006,10.);
#534=VECTOR('',#2007,10.);
#535=VECTOR('',#2008,10.);
#536=VECTOR('',#2009,10.);
#537=VECTOR('',#2012,10.);
#538=VECTOR('',#2013,10.);
#539=VECTOR('',#2014,10.);
#540=VECTOR('',#2017,10.);
#541=VECTOR('',#2018,10.);
#542=VECTOR('',#2019,10.);
#543=VECTOR('',#2020,10.);
#544=VECTOR('',#2021,10.);
#545=VECTOR('',#2024,10.);
#546=VECTOR('',#2025,10.);
#547=VECTOR('',#2026,10.);
#548=VECTOR('',#2027,10.);
#549=VECTOR('',#2028,10.);
#550=VECTOR('',#2029,10.);
#551=VECTOR('',#2030,10.);
#552=VECTOR('',#2031,10.);
#553=VECTOR('',#2032,10.);
#554=VECTOR('',#2033,10.);
#555=VECTOR('',#2034,10.);
#556=VECTOR('',#2035,10.);
#557=VECTOR('',#2036,10.);
#558=VECTOR('',#2037,10.);
#559=VECTOR('',#2038,10.);
#560=VECTOR('',#2039,10.);
#561=VECTOR('',#2042,10.);
#562=VECTOR('',#2043,10.);
#563=VECTOR('',#2044,10.);
#564=VECTOR('',#2045,10.);
#565=VECTOR('',#2046,10.);
#566=VECTOR('',#2047,10.);
#567=VECTOR('',#2050,10.);
#568=VECTOR('',#2051,10.);
#569=VECTOR('',#2052,10.);
#570=VECTOR('',#2055,10.);
#571=VECTOR('',#2056,10.);
#572=VECTOR('',#2057,10.);
#573=VECTOR('',#2058,10.);
#574=VECTOR('',#2059,10.);
#575=VECTOR('',#2060,10.);
#576=VECTOR('',#2063,10.);
#577=VECTOR('',#2064,10.);
#578=VECTOR('',#2067,10.);
#579=VECTOR('',#2068,10.);
#580=VECTOR('',#2069,10.);
#581=VECTOR('',#2070,10.);
#582=VECTOR('',#2073,10.);
#583=VECTOR('',#2074,10.);
#584=VECTOR('',#2075,10.);
#585=VECTOR('',#2078,10.);
#586=VECTOR('',#2079,10.);
#587=VECTOR('',#2080,10.);
#588=VECTOR('',#2081,10.);
#589=VECTOR('',#2082,10.);
#590=VECTOR('',#2085,10.);
#591=VECTOR('',#2086,10.);
#592=VECTOR('',#2087,10.);
#593=VECTOR('',#2088,10.);
#594=VECTOR('',#2089,10.);
#595=VECTOR('',#2090,10.);
#596=VECTOR('',#2093,10.);
#597=VECTOR('',#2094,10.);
#598=VECTOR('',#2095,10.);
#599=VECTOR('',#2098,10.);
#600=VECTOR('',#2099,10.);
#601=VECTOR('',#2100,10.);
#602=VECTOR('',#2101,10.);
#603=VECTOR('',#2102,10.);
#604=VECTOR('',#2103,10.);
#605=VECTOR('',#2106,10.);
#606=VECTOR('',#2107,10.);
#607=VECTOR('',#2110,10.);
#608=VECTOR('',#2111,10.);
#609=VECTOR('',#2112,10.);
#610=VECTOR('',#2115,10.);
#611=VECTOR('',#2116,10.);
#612=VECTOR('',#2117,10.);
#613=VECTOR('',#2118,10.);
#614=VECTOR('',#2119,10.);
#615=VECTOR('',#2120,10.);
#616=VECTOR('',#2121,10.);
#617=VECTOR('',#2122,10.);
#618=VECTOR('',#2123,10.);
#619=VECTOR('',#2126,10.);
#620=VECTOR('',#2127,10.);
#621=VECTOR('',#2128,10.);
#622=VECTOR('',#2129,10.);
#623=VECTOR('',#2132,10.);
#624=VECTOR('',#2133,10.);
#625=VECTOR('',#2136,10.);
#626=VECTOR('',#2137,10.);
#627=VECTOR('',#2138,10.);
#628=VECTOR('',#2141,10.);
#629=VECTOR('',#2142,10.);
#630=VECTOR('',#2145,10.);
#631=VECTOR('',#2146,10.);
#632=VECTOR('',#2147,10.);
#633=VECTOR('',#2150,10.);
#634=VECTOR('',#2153,10.);
#635=VECTOR('',#2156,10.);
#636=VECTOR('',#2163,10.);
#637=VECTOR('',#2164,10.);
#638=VECTOR('',#2165,10.);
#639=VECTOR('',#2166,10.);
#640=VECTOR('',#2167,10.);
#641=VECTOR('',#2168,10.);
#642=VECTOR('',#2169,10.);
#643=VECTOR('',#2172,10.);
#644=VECTOR('',#2173,10.);
#645=VECTOR('',#2178,10.);
#646=VECTOR('',#2179,10.);
#647=VECTOR('',#2182,10.);
#648=VECTOR('',#2187,10.);
#649=VECTOR('',#2190,10.);
#650=VECTOR('',#2191,10.);
#651=VECTOR('',#2192,10.);
#652=VECTOR('',#2195,10.);
#653=VECTOR('',#2200,10.);
#654=VECTOR('',#2203,10.);
#655=VECTOR('',#2208,10.);
#656=VECTOR('',#2209,10.);
#657=VECTOR('',#2210,10.);
#658=VECTOR('',#2213,10.);
#659=VECTOR('',#2220,10.);
#660=VECTOR('',#2221,10.);
#661=VECTOR('',#2224,10.);
#662=VECTOR('',#2225,10.);
#663=VECTOR('',#2226,10.);
#664=VECTOR('',#2229,10.);
#665=VECTOR('',#2236,10.);
#666=VECTOR('',#2239,10.);
#667=VECTOR('',#2244,10.);
#668=VECTOR('',#2245,10.);
#669=VECTOR('',#2258,10.);
#670=VECTOR('',#2259,10.);
#671=VECTOR('',#2262,10.);
#672=VECTOR('',#2263,10.);
#673=VECTOR('',#2264,10.);
#674=VECTOR('',#2267,10.);
#675=VECTOR('',#2270,10.);
#676=VECTOR('',#2271,10.);
#677=VECTOR('',#2274,10.);
#678=VECTOR('',#2277,10.);
#679=VECTOR('',#2278,10.);
#680=VECTOR('',#2279,10.);
#681=VECTOR('',#2280,10.);
#682=VECTOR('',#2281,10.);
#683=VECTOR('',#2284,10.);
#684=VECTOR('',#2285,10.);
#685=VECTOR('',#2286,10.);
#686=VECTOR('',#2289,10.);
#687=VECTOR('',#2290,10.);
#688=VECTOR('',#2291,10.);
#689=VECTOR('',#2292,10.);
#690=VECTOR('',#2295,10.);
#691=VECTOR('',#2296,10.);
#692=VECTOR('',#2297,10.);
#693=VECTOR('',#2300,10.);
#694=VECTOR('',#2301,10.);
#695=VECTOR('',#2302,10.);
#696=VECTOR('',#2305,10.);
#697=VECTOR('',#2306,10.);
#698=VECTOR('',#2309,10.);
#699=VECTOR('',#2310,10.);
#700=VECTOR('',#2313,10.);
#701=VECTOR('',#2314,10.);
#702=VECTOR('',#2315,10.);
#703=VECTOR('',#2318,10.);
#704=VECTOR('',#2319,10.);
#705=VECTOR('',#2322,10.);
#706=VECTOR('',#2323,10.);
#707=VECTOR('',#2324,10.);
#708=VECTOR('',#2325,10.);
#709=VECTOR('',#2328,10.);
#710=VECTOR('',#2329,10.);
#711=VECTOR('',#2332,10.);
#712=VECTOR('',#2335,10.);
#713=VECTOR('',#2336,10.);
#714=VECTOR('',#2337,10.);
#715=VECTOR('',#2340,10.);
#716=VECTOR('',#2343,10.);
#717=VECTOR('',#2344,10.);
#718=VECTOR('',#2347,10.);
#719=VECTOR('',#2348,10.);
#720=VECTOR('',#2349,10.);
#721=VECTOR('',#2350,10.);
#722=VECTOR('',#2351,10.);
#723=VECTOR('',#2352,10.);
#724=VECTOR('',#2353,10.);
#725=VECTOR('',#2354,10.);
#726=VECTOR('',#2359,10.);
#727=VECTOR('',#2362,10.);
#728=VECTOR('',#2365,10.);
#729=VECTOR('',#2368,10.);
#730=VECTOR('',#2369,10.);
#731=VECTOR('',#2372,10.);
#732=VECTOR('',#2377,10.);
#733=VECTOR('',#2378,10.);
#734=VECTOR('',#2381,10.);
#735=VECTOR('',#2384,10.);
#736=VECTOR('',#2387,10.);
#737=VECTOR('',#2390,10.);
#738=VECTOR('',#2391,10.);
#739=VECTOR('',#2394,10.);
#740=VECTOR('',#2399,10.);
#741=VECTOR('',#2402,10.);
#742=VECTOR('',#2405,10.);
#743=VECTOR('',#2408,10.);
#744=VECTOR('',#2409,10.);
#745=VECTOR('',#2410,10.);
#746=VECTOR('',#2413,10.);
#747=VECTOR('',#2418,10.);
#748=VECTOR('',#2421,10.);
#749=VECTOR('',#2422,10.);
#750=VECTOR('',#2423,10.);
#751=VECTOR('',#2426,10.);
#752=VECTOR('',#2427,10.);
#753=VECTOR('',#2430,10.);
#754=VECTOR('',#2433,10.);
#755=VECTOR('',#2434,10.);
#756=VECTOR('',#2435,10.);
#757=VECTOR('',#2436,10.);
#758=VECTOR('',#2439,10.);
#759=VECTOR('',#2440,10.);
#760=VECTOR('',#2443,10.);
#761=VERTEX_POINT('',#2452);
#762=VERTEX_POINT('',#2453);
#763=VERTEX_POINT('',#2455);
#764=VERTEX_POINT('',#2457);
#765=VERTEX_POINT('',#2459);
#766=VERTEX_POINT('',#2461);
#767=VERTEX_POINT('',#2465);
#768=VERTEX_POINT('',#2467);
#769=VERTEX_POINT('',#2471);
#770=VERTEX_POINT('',#2472);
#771=VERTEX_POINT('',#2474);
#772=VERTEX_POINT('',#2476);
#773=VERTEX_POINT('',#2478);
#774=VERTEX_POINT('',#2482);
#775=VERTEX_POINT('',#2484);
#776=VERTEX_POINT('',#2486);
#777=VERTEX_POINT('',#2488);
#778=VERTEX_POINT('',#2490);
#779=VERTEX_POINT('',#2492);
#780=VERTEX_POINT('',#2494);
#781=VERTEX_POINT('',#2496);
#782=VERTEX_POINT('',#2498);
#783=VERTEX_POINT('',#2500);
#784=VERTEX_POINT('',#2502);
#785=VERTEX_POINT('',#2504);
#786=VERTEX_POINT('',#2506);
#787=VERTEX_POINT('',#2508);
#788=VERTEX_POINT('',#2513);
#789=VERTEX_POINT('',#2514);
#790=VERTEX_POINT('',#2516);
#791=VERTEX_POINT('',#2518);
#792=VERTEX_POINT('',#2520);
#793=VERTEX_POINT('',#2522);
#794=VERTEX_POINT('',#2526);
#795=VERTEX_POINT('',#2528);
#796=VERTEX_POINT('',#2532);
#797=VERTEX_POINT('',#2533);
#798=VERTEX_POINT('',#2535);
#799=VERTEX_POINT('',#2537);
#800=VERTEX_POINT('',#2539);
#801=VERTEX_POINT('',#2541);
#802=VERTEX_POINT('',#2548);
#803=VERTEX_POINT('',#2550);
#804=VERTEX_POINT('',#2552);
#805=VERTEX_POINT('',#2556);
#806=VERTEX_POINT('',#2558);
#807=VERTEX_POINT('',#2562);
#808=VERTEX_POINT('',#2563);
#809=VERTEX_POINT('',#2565);
#810=VERTEX_POINT('',#2567);
#811=VERTEX_POINT('',#2572);
#812=VERTEX_POINT('',#2573);
#813=VERTEX_POINT('',#2575);
#814=VERTEX_POINT('',#2577);
#815=VERTEX_POINT('',#2579);
#816=VERTEX_POINT('',#2581);
#817=VERTEX_POINT('',#2585);
#818=VERTEX_POINT('',#2587);
#819=VERTEX_POINT('',#2591);
#820=VERTEX_POINT('',#2592);
#821=VERTEX_POINT('',#2594);
#822=VERTEX_POINT('',#2596);
#823=VERTEX_POINT('',#2598);
#824=VERTEX_POINT('',#2600);
#825=VERTEX_POINT('',#2607);
#826=VERTEX_POINT('',#2609);
#827=VERTEX_POINT('',#2613);
#828=VERTEX_POINT('',#2615);
#829=VERTEX_POINT('',#2617);
#830=VERTEX_POINT('',#2619);
#831=VERTEX_POINT('',#2621);
#832=VERTEX_POINT('',#2624);
#833=VERTEX_POINT('',#2625);
#834=VERTEX_POINT('',#2627);
#835=VERTEX_POINT('',#2631);
#836=VERTEX_POINT('',#2633);
#837=VERTEX_POINT('',#2660);
#838=VERTEX_POINT('',#2661);
#839=VERTEX_POINT('',#2723);
#840=VERTEX_POINT('',#2728);
#841=VERTEX_POINT('',#2837);
#842=VERTEX_POINT('',#2845);
#843=VERTEX_POINT('',#2932);
#844=VERTEX_POINT('',#2937);
#845=VERTEX_POINT('',#3028);
#846=VERTEX_POINT('',#3038);
#847=VERTEX_POINT('',#3042);
#848=VERTEX_POINT('',#3044);
#849=VERTEX_POINT('',#3047);
#850=VERTEX_POINT('',#3048);
#851=VERTEX_POINT('',#3050);
#852=VERTEX_POINT('',#3052);
#853=VERTEX_POINT('',#3056);
#854=VERTEX_POINT('',#3058);
#855=VERTEX_POINT('',#3062);
#856=VERTEX_POINT('',#3065);
#857=VERTEX_POINT('',#3068);
#858=VERTEX_POINT('',#3069);
#859=VERTEX_POINT('',#3071);
#860=VERTEX_POINT('',#3075);
#861=VERTEX_POINT('',#3077);
#862=VERTEX_POINT('',#3081);
#863=VERTEX_POINT('',#3085);
#864=VERTEX_POINT('',#3091);
#865=VERTEX_POINT('',#3093);
#866=VERTEX_POINT('',#3097);
#867=VERTEX_POINT('',#3101);
#868=VERTEX_POINT('',#3102);
#869=VERTEX_POINT('',#3104);
#870=VERTEX_POINT('',#3106);
#871=VERTEX_POINT('',#3110);
#872=VERTEX_POINT('',#3111);
#873=VERTEX_POINT('',#3116);
#874=VERTEX_POINT('',#3117);
#875=VERTEX_POINT('',#3125);
#876=VERTEX_POINT('',#3127);
#877=VERTEX_POINT('',#3131);
#878=VERTEX_POINT('',#3135);
#879=VERTEX_POINT('',#3142);
#880=VERTEX_POINT('',#3148);
#881=VERTEX_POINT('',#3152);
#882=VERTEX_POINT('',#3156);
#883=VERTEX_POINT('',#3158);
#884=VERTEX_POINT('',#3164);
#885=VERTEX_POINT('',#3170);
#886=VERTEX_POINT('',#3172);
#887=VERTEX_POINT('',#3174);
#888=VERTEX_POINT('',#3176);
#889=VERTEX_POINT('',#3180);
#890=VERTEX_POINT('',#3182);
#891=VERTEX_POINT('',#3186);
#892=VERTEX_POINT('',#3187);
#893=VERTEX_POINT('',#3189);
#894=VERTEX_POINT('',#3191);
#895=VERTEX_POINT('',#3195);
#896=VERTEX_POINT('',#3197);
#897=VERTEX_POINT('',#3201);
#898=VERTEX_POINT('',#3202);
#899=VERTEX_POINT('',#3204);
#900=VERTEX_POINT('',#3214);
#901=VERTEX_POINT('',#3216);
#902=VERTEX_POINT('',#3220);
#903=VERTEX_POINT('',#3224);
#904=VERTEX_POINT('',#3226);
#905=VERTEX_POINT('',#3228);
#906=VERTEX_POINT('',#3232);
#907=VERTEX_POINT('',#3238);
#908=VERTEX_POINT('',#3239);
#909=VERTEX_POINT('',#3251);
#910=VERTEX_POINT('',#3252);
#911=VERTEX_POINT('',#3254);
#912=VERTEX_POINT('',#3257);
#913=VERTEX_POINT('',#3258);
#914=VERTEX_POINT('',#3260);
#915=VERTEX_POINT('',#3307);
#916=VERTEX_POINT('',#3308);
#917=VERTEX_POINT('',#3313);
#918=VERTEX_POINT('',#3320);
#919=VERTEX_POINT('',#3321);
#920=VERTEX_POINT('',#3323);
#921=EDGE_CURVE('',#761,#762,#301,.T.);
#922=EDGE_CURVE('',#762,#763,#302,.T.);
#923=EDGE_CURVE('',#764,#763,#303,.F.);
#924=EDGE_CURVE('',#765,#764,#304,.F.);
#925=EDGE_CURVE('',#765,#766,#305,.T.);
#926=EDGE_CURVE('',#766,#761,#306,.T.);
#927=EDGE_CURVE('',#767,#765,#307,.T.);
#928=EDGE_CURVE('',#767,#768,#308,.T.);
#929=EDGE_CURVE('',#766,#768,#309,.T.);
#930=EDGE_CURVE('',#769,#770,#310,.F.);
#931=EDGE_CURVE('',#769,#771,#311,.T.);
#932=EDGE_CURVE('',#771,#772,#312,.T.);
#933=EDGE_CURVE('',#772,#773,#313,.T.);
#934=EDGE_CURVE('',#770,#773,#314,.F.);
#935=EDGE_CURVE('',#774,#772,#315,.T.);
#936=EDGE_CURVE('',#775,#774,#316,.T.);
#937=EDGE_CURVE('',#776,#775,#317,.T.);
#938=EDGE_CURVE('',#777,#776,#318,.T.);
#939=EDGE_CURVE('',#778,#777,#319,.T.);
#940=EDGE_CURVE('',#779,#778,#320,.T.);
#941=EDGE_CURVE('',#780,#779,#321,.T.);
#942=EDGE_CURVE('',#780,#781,#322,.T.);
#943=EDGE_CURVE('',#782,#781,#323,.T.);
#944=EDGE_CURVE('',#783,#782,#324,.T.);
#945=EDGE_CURVE('',#784,#783,#325,.F.);
#946=EDGE_CURVE('',#785,#784,#326,.T.);
#947=EDGE_CURVE('',#786,#785,#327,.T.);
#948=EDGE_CURVE('',#787,#786,#328,.T.);
#949=EDGE_CURVE('',#768,#787,#329,.T.);
#950=EDGE_CURVE('',#773,#767,#330,.T.);
#951=EDGE_CURVE('',#788,#789,#331,.T.);
#952=EDGE_CURVE('',#789,#790,#332,.T.);
#953=EDGE_CURVE('',#791,#790,#333,.F.);
#954=EDGE_CURVE('',#792,#791,#334,.F.);
#955=EDGE_CURVE('',#792,#793,#335,.T.);
#956=EDGE_CURVE('',#793,#788,#336,.T.);
#957=EDGE_CURVE('',#794,#792,#337,.T.);
#958=EDGE_CURVE('',#794,#795,#338,.T.);
#959=EDGE_CURVE('',#793,#795,#339,.T.);
#960=EDGE_CURVE('',#796,#797,#340,.T.);
#961=EDGE_CURVE('',#797,#798,#341,.T.);
#962=EDGE_CURVE('',#799,#798,#342,.F.);
#963=EDGE_CURVE('',#800,#799,#343,.F.);
#964=EDGE_CURVE('',#800,#801,#344,.T.);
#965=EDGE_CURVE('',#801,#796,#345,.T.);
#966=EDGE_CURVE('',#801,#789,#346,.T.);
#967=EDGE_CURVE('',#790,#800,#347,.T.);
#968=EDGE_CURVE('',#779,#802,#348,.F.);
#969=EDGE_CURVE('',#778,#803,#349,.T.);
#970=EDGE_CURVE('',#803,#804,#350,.T.);
#971=EDGE_CURVE('',#802,#804,#351,.F.);
#972=EDGE_CURVE('',#805,#803,#352,.T.);
#973=EDGE_CURVE('',#806,#805,#353,.T.);
#974=EDGE_CURVE('',#804,#806,#354,.T.);
#975=EDGE_CURVE('',#807,#808,#355,.T.);
#976=EDGE_CURVE('',#808,#809,#356,.T.);
#977=EDGE_CURVE('',#810,#809,#357,.F.);
#978=EDGE_CURVE('',#806,#810,#358,.F.);
#979=EDGE_CURVE('',#805,#807,#359,.T.);
#980=EDGE_CURVE('',#811,#812,#360,.T.);
#981=EDGE_CURVE('',#812,#813,#361,.T.);
#982=EDGE_CURVE('',#814,#813,#362,.F.);
#983=EDGE_CURVE('',#815,#814,#363,.F.);
#984=EDGE_CURVE('',#815,#816,#364,.T.);
#985=EDGE_CURVE('',#816,#811,#365,.T.);
#986=EDGE_CURVE('',#817,#815,#366,.T.);
#987=EDGE_CURVE('',#817,#818,#367,.T.);
#988=EDGE_CURVE('',#816,#818,#368,.T.);
#989=EDGE_CURVE('',#819,#820,#369,.T.);
#990=EDGE_CURVE('',#820,#821,#370,.T.);
#991=EDGE_CURVE('',#822,#821,#371,.F.);
#992=EDGE_CURVE('',#823,#822,#372,.F.);
#993=EDGE_CURVE('',#823,#824,#373,.T.);
#994=EDGE_CURVE('',#824,#819,#374,.T.);
#995=EDGE_CURVE('',#824,#812,#375,.T.);
#996=EDGE_CURVE('',#813,#823,#376,.T.);
#997=EDGE_CURVE('',#782,#825,#377,.T.);
#998=EDGE_CURVE('',#825,#826,#378,.T.);
#999=EDGE_CURVE('',#826,#783,#379,.T.);
#1000=EDGE_CURVE('',#827,#825,#380,.T.);
#1001=EDGE_CURVE('',#828,#827,#381,.T.);
#1002=EDGE_CURVE('',#829,#828,#382,.T.);
#1003=EDGE_CURVE('',#830,#829,#383,.T.);
#1004=EDGE_CURVE('',#831,#830,#384,.T.);
#1005=EDGE_CURVE('',#826,#831,#385,.T.);
#1006=EDGE_CURVE('',#832,#833,#386,.T.);
#1007=EDGE_CURVE('',#834,#832,#387,.T.);
#1008=EDGE_CURVE('',#833,#834,#388,.T.);
#1009=EDGE_CURVE('',#835,#787,#389,.T.);
#1010=EDGE_CURVE('',#786,#836,#390,.T.);
#1011=EDGE_CURVE('',#836,#835,#391,.T.);
#1012=EDGE_CURVE('',#837,#838,#75,.T.);
#1013=EDGE_CURVE('',#839,#838,#76,.T.);
#1014=EDGE_CURVE('',#839,#840,#77,.T.);
#1015=EDGE_CURVE('',#840,#837,#392,.T.);
#1016=EDGE_CURVE('',#828,#777,#393,.T.);
#1017=EDGE_CURVE('',#776,#829,#394,.T.);
#1018=EDGE_CURVE('',#838,#829,#78,.T.);
#1019=EDGE_CURVE('',#776,#839,#79,.T.);
#1020=EDGE_CURVE('',#841,#775,#80,.T.);
#1021=EDGE_CURVE('',#842,#841,#81,.T.);
#1022=EDGE_CURVE('',#842,#840,#395,.T.);
#1023=EDGE_CURVE('',#843,#841,#82,.T.);
#1024=EDGE_CURVE('',#843,#844,#83,.T.);
#1025=EDGE_CURVE('',#844,#842,#396,.T.);
#1026=EDGE_CURVE('',#775,#845,#397,.T.);
#1027=EDGE_CURVE('',#845,#843,#84,.T.);
#1028=EDGE_CURVE('',#774,#846,#398,.T.);
#1029=EDGE_CURVE('',#846,#845,#399,.T.);
#1030=EDGE_CURVE('',#847,#844,#400,.T.);
#1031=EDGE_CURVE('',#848,#847,#401,.T.);
#1032=EDGE_CURVE('',#837,#848,#402,.T.);
#1033=EDGE_CURVE('',#849,#850,#56,.T.);
#1034=EDGE_CURVE('',#851,#849,#403,.T.);
#1035=EDGE_CURVE('',#852,#851,#57,.T.);
#1036=EDGE_CURVE('',#850,#852,#404,.T.);
#1037=EDGE_CURVE('',#845,#853,#405,.T.);
#1038=EDGE_CURVE('',#854,#853,#52,.F.);
#1039=EDGE_CURVE('',#847,#854,#53,.F.);
#1040=EDGE_CURVE('',#855,#836,#406,.T.);
#1041=EDGE_CURVE('',#853,#855,#407,.T.);
#1042=EDGE_CURVE('',#856,#846,#408,.T.);
#1043=EDGE_CURVE('',#835,#856,#409,.T.);
#1044=EDGE_CURVE('',#857,#858,#410,.T.);
#1045=EDGE_CURVE('',#859,#857,#411,.T.);
#1046=EDGE_CURVE('',#858,#859,#412,.T.);
#1047=EDGE_CURVE('',#860,#849,#413,.T.);
#1048=EDGE_CURVE('',#850,#861,#414,.T.);
#1049=EDGE_CURVE('',#861,#860,#58,.T.);
#1050=EDGE_CURVE('',#862,#851,#415,.T.);
#1051=EDGE_CURVE('',#860,#862,#416,.T.);
#1052=EDGE_CURVE('',#863,#852,#417,.T.);
#1053=EDGE_CURVE('',#862,#863,#59,.T.);
#1054=EDGE_CURVE('',#863,#861,#418,.T.);
#1055=EDGE_CURVE('',#860,#864,#419,.T.);
#1056=EDGE_CURVE('',#864,#865,#420,.T.);
#1057=EDGE_CURVE('',#862,#865,#421,.T.);
#1058=EDGE_CURVE('',#861,#866,#422,.T.);
#1059=EDGE_CURVE('',#866,#864,#60,.T.);
#1060=EDGE_CURVE('',#867,#868,#423,.T.);
#1061=EDGE_CURVE('',#868,#869,#61,.T.);
#1062=EDGE_CURVE('',#869,#870,#424,.T.);
#1063=EDGE_CURVE('',#870,#867,#62,.T.);
#1064=EDGE_CURVE('',#871,#872,#425,.T.);
#1065=EDGE_CURVE('',#872,#868,#426,.T.);
#1066=EDGE_CURVE('',#867,#871,#427,.T.);
#1067=EDGE_CURVE('',#873,#874,#428,.T.);
#1068=EDGE_CURVE('',#874,#872,#63,.T.);
#1069=EDGE_CURVE('',#871,#873,#64,.T.);
#1070=EDGE_CURVE('',#869,#874,#429,.T.);
#1071=EDGE_CURVE('',#873,#870,#430,.T.);
#1072=EDGE_CURVE('',#869,#875,#431,.T.);
#1073=EDGE_CURVE('',#876,#875,#432,.T.);
#1074=EDGE_CURVE('',#874,#876,#433,.T.);
#1075=EDGE_CURVE('',#868,#877,#434,.T.);
#1076=EDGE_CURVE('',#875,#877,#65,.T.);
#1077=EDGE_CURVE('',#865,#878,#66,.T.);
#1078=EDGE_CURVE('',#878,#866,#435,.T.);
#1079=EDGE_CURVE('',#863,#878,#436,.T.);
#1080=EDGE_CURVE('',#872,#879,#437,.T.);
#1081=EDGE_CURVE('',#877,#879,#438,.T.);
#1082=EDGE_CURVE('',#879,#876,#67,.T.);
#1083=EDGE_CURVE('',#880,#848,#54,.F.);
#1084=EDGE_CURVE('',#830,#880,#55,.F.);
#1085=EDGE_CURVE('',#881,#784,#439,.T.);
#1086=EDGE_CURVE('',#831,#881,#440,.T.);
#1087=EDGE_CURVE('',#855,#882,#441,.T.);
#1088=EDGE_CURVE('',#882,#883,#442,.T.);
#1089=EDGE_CURVE('',#854,#883,#443,.F.);
#1090=EDGE_CURVE('',#785,#882,#444,.T.);
#1091=EDGE_CURVE('',#883,#884,#445,.T.);
#1092=EDGE_CURVE('',#884,#880,#446,.T.);
#1093=EDGE_CURVE('',#884,#881,#447,.T.);
#1094=EDGE_CURVE('',#885,#882,#448,.T.);
#1095=EDGE_CURVE('',#886,#885,#449,.T.);
#1096=EDGE_CURVE('',#887,#886,#450,.T.);
#1097=EDGE_CURVE('',#888,#887,#451,.T.);
#1098=EDGE_CURVE('',#888,#881,#452,.T.);
#1099=EDGE_CURVE('',#889,#888,#453,.T.);
#1100=EDGE_CURVE('',#890,#889,#454,.T.);
#1101=EDGE_CURVE('',#885,#890,#455,.T.);
#1102=EDGE_CURVE('',#891,#892,#456,.T.);
#1103=EDGE_CURVE('',#892,#893,#457,.T.);
#1104=EDGE_CURVE('',#893,#894,#458,.T.);
#1105=EDGE_CURVE('',#894,#891,#459,.T.);
#1106=EDGE_CURVE('',#894,#895,#460,.T.);
#1107=EDGE_CURVE('',#895,#896,#461,.T.);
#1108=EDGE_CURVE('',#896,#891,#462,.T.);
#1109=EDGE_CURVE('',#897,#898,#463,.T.);
#1110=EDGE_CURVE('',#899,#897,#464,.T.);
#1111=EDGE_CURVE('',#898,#899,#465,.T.);
#1112=EDGE_CURVE('',#892,#899,#466,.T.);
#1113=EDGE_CURVE('',#897,#893,#467,.T.);
#1114=EDGE_CURVE('',#895,#898,#468,.T.);
#1115=EDGE_CURVE('',#899,#896,#469,.T.);
#1116=EDGE_CURVE('',#887,#900,#470,.T.);
#1117=EDGE_CURVE('',#901,#887,#471,.T.);
#1118=EDGE_CURVE('',#900,#901,#472,.T.);
#1119=EDGE_CURVE('',#902,#901,#473,.T.);
#1120=EDGE_CURVE('',#886,#902,#474,.T.);
#1121=EDGE_CURVE('',#890,#903,#475,.T.);
#1122=EDGE_CURVE('',#903,#904,#476,.T.);
#1123=EDGE_CURVE('',#904,#905,#477,.T.);
#1124=EDGE_CURVE('',#905,#885,#478,.T.);
#1125=EDGE_CURVE('',#906,#903,#479,.T.);
#1126=EDGE_CURVE('',#889,#906,#480,.T.);
#1127=EDGE_CURVE('',#905,#902,#481,.T.);
#1128=EDGE_CURVE('',#907,#908,#482,.T.);
#1129=EDGE_CURVE('',#908,#906,#483,.T.);
#1130=EDGE_CURVE('',#888,#907,#484,.T.);
#1131=EDGE_CURVE('',#900,#907,#485,.T.);
#1132=EDGE_CURVE('',#898,#900,#486,.T.);
#1133=EDGE_CURVE('',#901,#897,#487,.T.);
#1134=EDGE_CURVE('',#894,#904,#488,.T.);
#1135=EDGE_CURVE('',#902,#893,#489,.T.);
#1136=EDGE_CURVE('',#909,#910,#490,.T.);
#1137=EDGE_CURVE('',#911,#909,#491,.T.);
#1138=EDGE_CURVE('',#910,#911,#492,.T.);
#1139=EDGE_CURVE('',#912,#913,#493,.T.);
#1140=EDGE_CURVE('',#914,#912,#494,.T.);
#1141=EDGE_CURVE('',#913,#914,#495,.T.);
#1142=EDGE_CURVE('',#856,#761,#496,.T.);
#1143=EDGE_CURVE('',#771,#762,#497,.T.);
#1144=EDGE_CURVE('',#763,#769,#498,.T.);
#1145=EDGE_CURVE('',#910,#767,#499,.T.);
#1146=EDGE_CURVE('',#764,#909,#500,.F.);
#1147=EDGE_CURVE('',#770,#911,#501,.F.);
#1148=EDGE_CURVE('',#788,#858,#502,.T.);
#1149=EDGE_CURVE('',#857,#795,#503,.T.);
#1150=EDGE_CURVE('',#796,#859,#504,.T.);
#1151=EDGE_CURVE('',#795,#797,#505,.T.);
#1152=EDGE_CURVE('',#798,#794,#506,.T.);
#1153=EDGE_CURVE('',#799,#913,#507,.F.);
#1154=EDGE_CURVE('',#794,#912,#508,.T.);
#1155=EDGE_CURVE('',#791,#914,#509,.F.);
#1156=EDGE_CURVE('',#827,#807,#510,.T.);
#1157=EDGE_CURVE('',#781,#808,#511,.T.);
#1158=EDGE_CURVE('',#809,#780,#512,.T.);
#1159=EDGE_CURVE('',#833,#818,#513,.T.);
#1160=EDGE_CURVE('',#818,#820,#514,.T.);
#1161=EDGE_CURVE('',#832,#819,#515,.T.);
#1162=EDGE_CURVE('',#811,#834,#516,.T.);
#1163=EDGE_CURVE('',#821,#817,#517,.T.);
#1164=EDGE_CURVE('',#915,#916,#518,.T.);
#1165=EDGE_CURVE('',#916,#817,#519,.T.);
#1166=EDGE_CURVE('',#814,#915,#520,.F.);
#1167=EDGE_CURVE('',#916,#917,#521,.T.);
#1168=EDGE_CURVE('',#822,#917,#522,.F.);
#1169=EDGE_CURVE('',#917,#915,#523,.T.);
#1170=EDGE_CURVE('',#895,#908,#524,.T.);
#1171=EDGE_CURVE('',#918,#919,#525,.T.);
#1172=EDGE_CURVE('',#920,#918,#526,.T.);
#1173=EDGE_CURVE('',#919,#920,#527,.T.);
#1174=EDGE_CURVE('',#802,#919,#528,.F.);
#1175=EDGE_CURVE('',#810,#918,#529,.F.);
#1176=EDGE_CURVE('',#920,#780,#530,.T.);
#1177=ORIENTED_EDGE('',*,*,#921,.T.);
#1178=ORIENTED_EDGE('',*,*,#922,.T.);
#1179=ORIENTED_EDGE('',*,*,#923,.F.);
#1180=ORIENTED_EDGE('',*,*,#924,.F.);
#1181=ORIENTED_EDGE('',*,*,#925,.T.);
#1182=ORIENTED_EDGE('',*,*,#926,.T.);
#1183=ORIENTED_EDGE('',*,*,#925,.F.);
#1184=ORIENTED_EDGE('',*,*,#927,.F.);
#1185=ORIENTED_EDGE('',*,*,#928,.T.);
#1186=ORIENTED_EDGE('',*,*,#929,.F.);
#1187=ORIENTED_EDGE('',*,*,#930,.F.);
#1188=ORIENTED_EDGE('',*,*,#931,.T.);
#1189=ORIENTED_EDGE('',*,*,#932,.T.);
#1190=ORIENTED_EDGE('',*,*,#933,.T.);
#1191=ORIENTED_EDGE('',*,*,#934,.F.);
#1192=ORIENTED_EDGE('',*,*,#933,.F.);
#1193=ORIENTED_EDGE('',*,*,#935,.F.);
#1194=ORIENTED_EDGE('',*,*,#936,.F.);
#1195=ORIENTED_EDGE('',*,*,#937,.F.);
#1196=ORIENTED_EDGE('',*,*,#938,.F.);
#1197=ORIENTED_EDGE('',*,*,#939,.F.);
#1198=ORIENTED_EDGE('',*,*,#940,.F.);
#1199=ORIENTED_EDGE('',*,*,#941,.F.);
#1200=ORIENTED_EDGE('',*,*,#942,.T.);
#1201=ORIENTED_EDGE('',*,*,#943,.F.);
#1202=ORIENTED_EDGE('',*,*,#944,.F.);
#1203=ORIENTED_EDGE('',*,*,#945,.F.);
#1204=ORIENTED_EDGE('',*,*,#946,.F.);
#1205=ORIENTED_EDGE('',*,*,#947,.F.);
#1206=ORIENTED_EDGE('',*,*,#948,.F.);
#1207=ORIENTED_EDGE('',*,*,#949,.F.);
#1208=ORIENTED_EDGE('',*,*,#928,.F.);
#1209=ORIENTED_EDGE('',*,*,#950,.F.);
#1210=ORIENTED_EDGE('',*,*,#951,.T.);
#1211=ORIENTED_EDGE('',*,*,#952,.T.);
#1212=ORIENTED_EDGE('',*,*,#953,.F.);
#1213=ORIENTED_EDGE('',*,*,#954,.F.);
#1214=ORIENTED_EDGE('',*,*,#955,.T.);
#1215=ORIENTED_EDGE('',*,*,#956,.T.);
#1216=ORIENTED_EDGE('',*,*,#955,.F.);
#1217=ORIENTED_EDGE('',*,*,#957,.F.);
#1218=ORIENTED_EDGE('',*,*,#958,.T.);
#1219=ORIENTED_EDGE('',*,*,#959,.F.);
#1220=ORIENTED_EDGE('',*,*,#960,.T.);
#1221=ORIENTED_EDGE('',*,*,#961,.T.);
#1222=ORIENTED_EDGE('',*,*,#962,.F.);
#1223=ORIENTED_EDGE('',*,*,#963,.F.);
#1224=ORIENTED_EDGE('',*,*,#964,.T.);
#1225=ORIENTED_EDGE('',*,*,#965,.T.);
#1226=ORIENTED_EDGE('',*,*,#952,.F.);
#1227=ORIENTED_EDGE('',*,*,#966,.F.);
#1228=ORIENTED_EDGE('',*,*,#964,.F.);
#1229=ORIENTED_EDGE('',*,*,#967,.F.);
#1230=ORIENTED_EDGE('',*,*,#968,.F.);
#1231=ORIENTED_EDGE('',*,*,#940,.T.);
#1232=ORIENTED_EDGE('',*,*,#969,.T.);
#1233=ORIENTED_EDGE('',*,*,#970,.T.);
#1234=ORIENTED_EDGE('',*,*,#971,.F.);
#1235=ORIENTED_EDGE('',*,*,#970,.F.);
#1236=ORIENTED_EDGE('',*,*,#972,.F.);
#1237=ORIENTED_EDGE('',*,*,#973,.F.);
#1238=ORIENTED_EDGE('',*,*,#974,.F.);
#1239=ORIENTED_EDGE('',*,*,#975,.T.);
#1240=ORIENTED_EDGE('',*,*,#976,.T.);
#1241=ORIENTED_EDGE('',*,*,#977,.F.);
#1242=ORIENTED_EDGE('',*,*,#978,.F.);
#1243=ORIENTED_EDGE('',*,*,#973,.T.);
#1244=ORIENTED_EDGE('',*,*,#979,.T.);
#1245=ORIENTED_EDGE('',*,*,#980,.T.);
#1246=ORIENTED_EDGE('',*,*,#981,.T.);
#1247=ORIENTED_EDGE('',*,*,#982,.F.);
#1248=ORIENTED_EDGE('',*,*,#983,.F.);
#1249=ORIENTED_EDGE('',*,*,#984,.T.);
#1250=ORIENTED_EDGE('',*,*,#985,.T.);
#1251=ORIENTED_EDGE('',*,*,#984,.F.);
#1252=ORIENTED_EDGE('',*,*,#986,.F.);
#1253=ORIENTED_EDGE('',*,*,#987,.T.);
#1254=ORIENTED_EDGE('',*,*,#988,.F.);
#1255=ORIENTED_EDGE('',*,*,#989,.T.);
#1256=ORIENTED_EDGE('',*,*,#990,.T.);
#1257=ORIENTED_EDGE('',*,*,#991,.F.);
#1258=ORIENTED_EDGE('',*,*,#992,.F.);
#1259=ORIENTED_EDGE('',*,*,#993,.T.);
#1260=ORIENTED_EDGE('',*,*,#994,.T.);
#1261=ORIENTED_EDGE('',*,*,#981,.F.);
#1262=ORIENTED_EDGE('',*,*,#995,.F.);
#1263=ORIENTED_EDGE('',*,*,#993,.F.);
#1264=ORIENTED_EDGE('',*,*,#996,.F.);
#1265=ORIENTED_EDGE('',*,*,#997,.T.);
#1266=ORIENTED_EDGE('',*,*,#998,.T.);
#1267=ORIENTED_EDGE('',*,*,#999,.T.);
#1268=ORIENTED_EDGE('',*,*,#944,.T.);
#1269=ORIENTED_EDGE('',*,*,#998,.F.);
#1270=ORIENTED_EDGE('',*,*,#1000,.F.);
#1271=ORIENTED_EDGE('',*,*,#1001,.F.);
#1272=ORIENTED_EDGE('',*,*,#1002,.F.);
#1273=ORIENTED_EDGE('',*,*,#1003,.F.);
#1274=ORIENTED_EDGE('',*,*,#1004,.F.);
#1275=ORIENTED_EDGE('',*,*,#1005,.F.);
#1276=ORIENTED_EDGE('',*,*,#1006,.F.);
#1277=ORIENTED_EDGE('',*,*,#1007,.F.);
#1278=ORIENTED_EDGE('',*,*,#1008,.F.);
#1279=ORIENTED_EDGE('',*,*,#1009,.T.);
#1280=ORIENTED_EDGE('',*,*,#948,.T.);
#1281=ORIENTED_EDGE('',*,*,#1010,.T.);
#1282=ORIENTED_EDGE('',*,*,#1011,.T.);
#1283=ORIENTED_EDGE('',*,*,#1012,.T.);
#1284=ORIENTED_EDGE('',*,*,#1013,.F.);
#1285=ORIENTED_EDGE('',*,*,#1014,.T.);
#1286=ORIENTED_EDGE('',*,*,#1015,.T.);
#1287=ORIENTED_EDGE('',*,*,#1016,.T.);
#1288=ORIENTED_EDGE('',*,*,#938,.T.);
#1289=ORIENTED_EDGE('',*,*,#1017,.T.);
#1290=ORIENTED_EDGE('',*,*,#1002,.T.);
#1291=ORIENTED_EDGE('',*,*,#1013,.T.);
#1292=ORIENTED_EDGE('',*,*,#1018,.T.);
#1293=ORIENTED_EDGE('',*,*,#1017,.F.);
#1294=ORIENTED_EDGE('',*,*,#1019,.T.);
#1295=ORIENTED_EDGE('',*,*,#1014,.F.);
#1296=ORIENTED_EDGE('',*,*,#1019,.F.);
#1297=ORIENTED_EDGE('',*,*,#937,.T.);
#1298=ORIENTED_EDGE('',*,*,#1020,.F.);
#1299=ORIENTED_EDGE('',*,*,#1021,.F.);
#1300=ORIENTED_EDGE('',*,*,#1022,.T.);
#1301=ORIENTED_EDGE('',*,*,#1021,.T.);
#1302=ORIENTED_EDGE('',*,*,#1023,.F.);
#1303=ORIENTED_EDGE('',*,*,#1024,.T.);
#1304=ORIENTED_EDGE('',*,*,#1025,.T.);
#1305=ORIENTED_EDGE('',*,*,#1023,.T.);
#1306=ORIENTED_EDGE('',*,*,#1020,.T.);
#1307=ORIENTED_EDGE('',*,*,#1026,.T.);
#1308=ORIENTED_EDGE('',*,*,#1027,.T.);
#1309=ORIENTED_EDGE('',*,*,#1028,.T.);
#1310=ORIENTED_EDGE('',*,*,#1029,.T.);
#1311=ORIENTED_EDGE('',*,*,#1026,.F.);
#1312=ORIENTED_EDGE('',*,*,#936,.T.);
#1313=ORIENTED_EDGE('',*,*,#1015,.F.);
#1314=ORIENTED_EDGE('',*,*,#1022,.F.);
#1315=ORIENTED_EDGE('',*,*,#1025,.F.);
#1316=ORIENTED_EDGE('',*,*,#1030,.F.);
#1317=ORIENTED_EDGE('',*,*,#1031,.F.);
#1318=ORIENTED_EDGE('',*,*,#1032,.F.);
#1319=ORIENTED_EDGE('',*,*,#1033,.F.);
#1320=ORIENTED_EDGE('',*,*,#1034,.F.);
#1321=ORIENTED_EDGE('',*,*,#1035,.F.);
#1322=ORIENTED_EDGE('',*,*,#1036,.F.);
#1323=ORIENTED_EDGE('',*,*,#1024,.F.);
#1324=ORIENTED_EDGE('',*,*,#1027,.F.);
#1325=ORIENTED_EDGE('',*,*,#1037,.T.);
#1326=ORIENTED_EDGE('',*,*,#1038,.F.);
#1327=ORIENTED_EDGE('',*,*,#1039,.F.);
#1328=ORIENTED_EDGE('',*,*,#1030,.T.);
#1329=ORIENTED_EDGE('',*,*,#1011,.F.);
#1330=ORIENTED_EDGE('',*,*,#1040,.F.);
#1331=ORIENTED_EDGE('',*,*,#1041,.F.);
#1332=ORIENTED_EDGE('',*,*,#1037,.F.);
#1333=ORIENTED_EDGE('',*,*,#1029,.F.);
#1334=ORIENTED_EDGE('',*,*,#1042,.F.);
#1335=ORIENTED_EDGE('',*,*,#1043,.F.);
#1336=ORIENTED_EDGE('',*,*,#1044,.F.);
#1337=ORIENTED_EDGE('',*,*,#1045,.F.);
#1338=ORIENTED_EDGE('',*,*,#1046,.F.);
#1339=ORIENTED_EDGE('',*,*,#1047,.T.);
#1340=ORIENTED_EDGE('',*,*,#1033,.T.);
#1341=ORIENTED_EDGE('',*,*,#1048,.T.);
#1342=ORIENTED_EDGE('',*,*,#1049,.T.);
#1343=ORIENTED_EDGE('',*,*,#1050,.T.);
#1344=ORIENTED_EDGE('',*,*,#1034,.T.);
#1345=ORIENTED_EDGE('',*,*,#1047,.F.);
#1346=ORIENTED_EDGE('',*,*,#1051,.T.);
#1347=ORIENTED_EDGE('',*,*,#1052,.T.);
#1348=ORIENTED_EDGE('',*,*,#1035,.T.);
#1349=ORIENTED_EDGE('',*,*,#1050,.F.);
#1350=ORIENTED_EDGE('',*,*,#1053,.T.);
#1351=ORIENTED_EDGE('',*,*,#1048,.F.);
#1352=ORIENTED_EDGE('',*,*,#1036,.T.);
#1353=ORIENTED_EDGE('',*,*,#1052,.F.);
#1354=ORIENTED_EDGE('',*,*,#1054,.T.);
#1355=ORIENTED_EDGE('',*,*,#1051,.F.);
#1356=ORIENTED_EDGE('',*,*,#1055,.T.);
#1357=ORIENTED_EDGE('',*,*,#1056,.T.);
#1358=ORIENTED_EDGE('',*,*,#1057,.F.);
#1359=ORIENTED_EDGE('',*,*,#1049,.F.);
#1360=ORIENTED_EDGE('',*,*,#1058,.T.);
#1361=ORIENTED_EDGE('',*,*,#1059,.T.);
#1362=ORIENTED_EDGE('',*,*,#1055,.F.);
#1363=ORIENTED_EDGE('',*,*,#1060,.T.);
#1364=ORIENTED_EDGE('',*,*,#1061,.T.);
#1365=ORIENTED_EDGE('',*,*,#1062,.T.);
#1366=ORIENTED_EDGE('',*,*,#1063,.T.);
#1367=ORIENTED_EDGE('',*,*,#1064,.T.);
#1368=ORIENTED_EDGE('',*,*,#1065,.T.);
#1369=ORIENTED_EDGE('',*,*,#1060,.F.);
#1370=ORIENTED_EDGE('',*,*,#1066,.T.);
#1371=ORIENTED_EDGE('',*,*,#1067,.T.);
#1372=ORIENTED_EDGE('',*,*,#1068,.T.);
#1373=ORIENTED_EDGE('',*,*,#1064,.F.);
#1374=ORIENTED_EDGE('',*,*,#1069,.T.);
#1375=ORIENTED_EDGE('',*,*,#1062,.F.);
#1376=ORIENTED_EDGE('',*,*,#1070,.T.);
#1377=ORIENTED_EDGE('',*,*,#1067,.F.);
#1378=ORIENTED_EDGE('',*,*,#1071,.T.);
#1379=ORIENTED_EDGE('',*,*,#1070,.F.);
#1380=ORIENTED_EDGE('',*,*,#1072,.T.);
#1381=ORIENTED_EDGE('',*,*,#1073,.F.);
#1382=ORIENTED_EDGE('',*,*,#1074,.F.);
#1383=ORIENTED_EDGE('',*,*,#1061,.F.);
#1384=ORIENTED_EDGE('',*,*,#1075,.T.);
#1385=ORIENTED_EDGE('',*,*,#1076,.F.);
#1386=ORIENTED_EDGE('',*,*,#1072,.F.);
#1387=ORIENTED_EDGE('',*,*,#1077,.F.);
#1388=ORIENTED_EDGE('',*,*,#1056,.F.);
#1389=ORIENTED_EDGE('',*,*,#1059,.F.);
#1390=ORIENTED_EDGE('',*,*,#1078,.F.);
#1391=ORIENTED_EDGE('',*,*,#1063,.F.);
#1392=ORIENTED_EDGE('',*,*,#1071,.F.);
#1393=ORIENTED_EDGE('',*,*,#1069,.F.);
#1394=ORIENTED_EDGE('',*,*,#1066,.F.);
#1395=ORIENTED_EDGE('',*,*,#1054,.F.);
#1396=ORIENTED_EDGE('',*,*,#1079,.T.);
#1397=ORIENTED_EDGE('',*,*,#1078,.T.);
#1398=ORIENTED_EDGE('',*,*,#1058,.F.);
#1399=ORIENTED_EDGE('',*,*,#1053,.F.);
#1400=ORIENTED_EDGE('',*,*,#1057,.T.);
#1401=ORIENTED_EDGE('',*,*,#1077,.T.);
#1402=ORIENTED_EDGE('',*,*,#1079,.F.);
#1403=ORIENTED_EDGE('',*,*,#1065,.F.);
#1404=ORIENTED_EDGE('',*,*,#1080,.T.);
#1405=ORIENTED_EDGE('',*,*,#1081,.F.);
#1406=ORIENTED_EDGE('',*,*,#1075,.F.);
#1407=ORIENTED_EDGE('',*,*,#1068,.F.);
#1408=ORIENTED_EDGE('',*,*,#1074,.T.);
#1409=ORIENTED_EDGE('',*,*,#1082,.F.);
#1410=ORIENTED_EDGE('',*,*,#1080,.F.);
#1411=ORIENTED_EDGE('',*,*,#1012,.F.);
#1412=ORIENTED_EDGE('',*,*,#1032,.T.);
#1413=ORIENTED_EDGE('',*,*,#1083,.F.);
#1414=ORIENTED_EDGE('',*,*,#1084,.F.);
#1415=ORIENTED_EDGE('',*,*,#1003,.T.);
#1416=ORIENTED_EDGE('',*,*,#1018,.F.);
#1417=ORIENTED_EDGE('',*,*,#1085,.T.);
#1418=ORIENTED_EDGE('',*,*,#945,.T.);
#1419=ORIENTED_EDGE('',*,*,#999,.F.);
#1420=ORIENTED_EDGE('',*,*,#1005,.T.);
#1421=ORIENTED_EDGE('',*,*,#1086,.T.);
#1422=ORIENTED_EDGE('',*,*,#1041,.T.);
#1423=ORIENTED_EDGE('',*,*,#1087,.T.);
#1424=ORIENTED_EDGE('',*,*,#1088,.T.);
#1425=ORIENTED_EDGE('',*,*,#1089,.F.);
#1426=ORIENTED_EDGE('',*,*,#1038,.T.);
#1427=ORIENTED_EDGE('',*,*,#1040,.T.);
#1428=ORIENTED_EDGE('',*,*,#1010,.F.);
#1429=ORIENTED_EDGE('',*,*,#947,.T.);
#1430=ORIENTED_EDGE('',*,*,#1090,.T.);
#1431=ORIENTED_EDGE('',*,*,#1087,.F.);
#1432=ORIENTED_EDGE('',*,*,#1031,.T.);
#1433=ORIENTED_EDGE('',*,*,#1039,.T.);
#1434=ORIENTED_EDGE('',*,*,#1089,.T.);
#1435=ORIENTED_EDGE('',*,*,#1091,.T.);
#1436=ORIENTED_EDGE('',*,*,#1092,.T.);
#1437=ORIENTED_EDGE('',*,*,#1083,.T.);
#1438=ORIENTED_EDGE('',*,*,#1004,.T.);
#1439=ORIENTED_EDGE('',*,*,#1084,.T.);
#1440=ORIENTED_EDGE('',*,*,#1092,.F.);
#1441=ORIENTED_EDGE('',*,*,#1093,.T.);
#1442=ORIENTED_EDGE('',*,*,#1086,.F.);
#1443=ORIENTED_EDGE('',*,*,#1093,.F.);
#1444=ORIENTED_EDGE('',*,*,#1091,.F.);
#1445=ORIENTED_EDGE('',*,*,#1088,.F.);
#1446=ORIENTED_EDGE('',*,*,#1094,.F.);
#1447=ORIENTED_EDGE('',*,*,#1095,.F.);
#1448=ORIENTED_EDGE('',*,*,#1096,.F.);
#1449=ORIENTED_EDGE('',*,*,#1097,.F.);
#1450=ORIENTED_EDGE('',*,*,#1098,.T.);
#1451=ORIENTED_EDGE('',*,*,#946,.T.);
#1452=ORIENTED_EDGE('',*,*,#1085,.F.);
#1453=ORIENTED_EDGE('',*,*,#1098,.F.);
#1454=ORIENTED_EDGE('',*,*,#1099,.F.);
#1455=ORIENTED_EDGE('',*,*,#1100,.F.);
#1456=ORIENTED_EDGE('',*,*,#1101,.F.);
#1457=ORIENTED_EDGE('',*,*,#1094,.T.);
#1458=ORIENTED_EDGE('',*,*,#1090,.F.);
#1459=ORIENTED_EDGE('',*,*,#1102,.T.);
#1460=ORIENTED_EDGE('',*,*,#1103,.T.);
#1461=ORIENTED_EDGE('',*,*,#1104,.T.);
#1462=ORIENTED_EDGE('',*,*,#1105,.T.);
#1463=ORIENTED_EDGE('',*,*,#1106,.T.);
#1464=ORIENTED_EDGE('',*,*,#1107,.T.);
#1465=ORIENTED_EDGE('',*,*,#1108,.T.);
#1466=ORIENTED_EDGE('',*,*,#1105,.F.);
#1467=ORIENTED_EDGE('',*,*,#1109,.F.);
#1468=ORIENTED_EDGE('',*,*,#1110,.F.);
#1469=ORIENTED_EDGE('',*,*,#1111,.F.);
#1470=ORIENTED_EDGE('',*,*,#1112,.T.);
#1471=ORIENTED_EDGE('',*,*,#1110,.T.);
#1472=ORIENTED_EDGE('',*,*,#1113,.T.);
#1473=ORIENTED_EDGE('',*,*,#1103,.F.);
#1474=ORIENTED_EDGE('',*,*,#1114,.T.);
#1475=ORIENTED_EDGE('',*,*,#1111,.T.);
#1476=ORIENTED_EDGE('',*,*,#1115,.T.);
#1477=ORIENTED_EDGE('',*,*,#1107,.F.);
#1478=ORIENTED_EDGE('',*,*,#1116,.F.);
#1479=ORIENTED_EDGE('',*,*,#1117,.F.);
#1480=ORIENTED_EDGE('',*,*,#1118,.F.);
#1481=ORIENTED_EDGE('',*,*,#1119,.T.);
#1482=ORIENTED_EDGE('',*,*,#1117,.T.);
#1483=ORIENTED_EDGE('',*,*,#1096,.T.);
#1484=ORIENTED_EDGE('',*,*,#1120,.T.);
#1485=ORIENTED_EDGE('',*,*,#1101,.T.);
#1486=ORIENTED_EDGE('',*,*,#1121,.T.);
#1487=ORIENTED_EDGE('',*,*,#1122,.T.);
#1488=ORIENTED_EDGE('',*,*,#1123,.T.);
#1489=ORIENTED_EDGE('',*,*,#1124,.T.);
#1490=ORIENTED_EDGE('',*,*,#1125,.T.);
#1491=ORIENTED_EDGE('',*,*,#1121,.F.);
#1492=ORIENTED_EDGE('',*,*,#1100,.T.);
#1493=ORIENTED_EDGE('',*,*,#1126,.T.);
#1494=ORIENTED_EDGE('',*,*,#1095,.T.);
#1495=ORIENTED_EDGE('',*,*,#1124,.F.);
#1496=ORIENTED_EDGE('',*,*,#1127,.T.);
#1497=ORIENTED_EDGE('',*,*,#1120,.F.);
#1498=ORIENTED_EDGE('',*,*,#1128,.T.);
#1499=ORIENTED_EDGE('',*,*,#1129,.T.);
#1500=ORIENTED_EDGE('',*,*,#1126,.F.);
#1501=ORIENTED_EDGE('',*,*,#1099,.T.);
#1502=ORIENTED_EDGE('',*,*,#1130,.T.);
#1503=ORIENTED_EDGE('',*,*,#1097,.T.);
#1504=ORIENTED_EDGE('',*,*,#1116,.T.);
#1505=ORIENTED_EDGE('',*,*,#1131,.T.);
#1506=ORIENTED_EDGE('',*,*,#1130,.F.);
#1507=ORIENTED_EDGE('',*,*,#1109,.T.);
#1508=ORIENTED_EDGE('',*,*,#1132,.T.);
#1509=ORIENTED_EDGE('',*,*,#1118,.T.);
#1510=ORIENTED_EDGE('',*,*,#1133,.T.);
#1511=ORIENTED_EDGE('',*,*,#1127,.F.);
#1512=ORIENTED_EDGE('',*,*,#1123,.F.);
#1513=ORIENTED_EDGE('',*,*,#1134,.F.);
#1514=ORIENTED_EDGE('',*,*,#1104,.F.);
#1515=ORIENTED_EDGE('',*,*,#1135,.F.);
#1516=ORIENTED_EDGE('',*,*,#1136,.F.);
#1517=ORIENTED_EDGE('',*,*,#1137,.F.);
#1518=ORIENTED_EDGE('',*,*,#1138,.F.);
#1519=ORIENTED_EDGE('',*,*,#1139,.F.);
#1520=ORIENTED_EDGE('',*,*,#1140,.F.);
#1521=ORIENTED_EDGE('',*,*,#1141,.F.);
#1522=ORIENTED_EDGE('',*,*,#1102,.F.);
#1523=ORIENTED_EDGE('',*,*,#1108,.F.);
#1524=ORIENTED_EDGE('',*,*,#1115,.F.);
#1525=ORIENTED_EDGE('',*,*,#1112,.F.);
#1526=ORIENTED_EDGE('',*,*,#929,.T.);
#1527=ORIENTED_EDGE('',*,*,#949,.T.);
#1528=ORIENTED_EDGE('',*,*,#1009,.F.);
#1529=ORIENTED_EDGE('',*,*,#1043,.T.);
#1530=ORIENTED_EDGE('',*,*,#1142,.T.);
#1531=ORIENTED_EDGE('',*,*,#926,.F.);
#1532=ORIENTED_EDGE('',*,*,#1042,.T.);
#1533=ORIENTED_EDGE('',*,*,#1028,.F.);
#1534=ORIENTED_EDGE('',*,*,#935,.T.);
#1535=ORIENTED_EDGE('',*,*,#932,.F.);
#1536=ORIENTED_EDGE('',*,*,#1143,.T.);
#1537=ORIENTED_EDGE('',*,*,#921,.F.);
#1538=ORIENTED_EDGE('',*,*,#1142,.F.);
#1539=ORIENTED_EDGE('',*,*,#922,.F.);
#1540=ORIENTED_EDGE('',*,*,#1143,.F.);
#1541=ORIENTED_EDGE('',*,*,#931,.F.);
#1542=ORIENTED_EDGE('',*,*,#1144,.F.);
#1543=ORIENTED_EDGE('',*,*,#1136,.T.);
#1544=ORIENTED_EDGE('',*,*,#1145,.T.);
#1545=ORIENTED_EDGE('',*,*,#927,.T.);
#1546=ORIENTED_EDGE('',*,*,#924,.T.);
#1547=ORIENTED_EDGE('',*,*,#1146,.T.);
#1548=ORIENTED_EDGE('',*,*,#950,.T.);
#1549=ORIENTED_EDGE('',*,*,#1145,.F.);
#1550=ORIENTED_EDGE('',*,*,#1138,.T.);
#1551=ORIENTED_EDGE('',*,*,#1147,.F.);
#1552=ORIENTED_EDGE('',*,*,#934,.T.);
#1553=ORIENTED_EDGE('',*,*,#1144,.T.);
#1554=ORIENTED_EDGE('',*,*,#930,.T.);
#1555=ORIENTED_EDGE('',*,*,#1147,.T.);
#1556=ORIENTED_EDGE('',*,*,#1137,.T.);
#1557=ORIENTED_EDGE('',*,*,#1146,.F.);
#1558=ORIENTED_EDGE('',*,*,#923,.T.);
#1559=ORIENTED_EDGE('',*,*,#1044,.T.);
#1560=ORIENTED_EDGE('',*,*,#1148,.F.);
#1561=ORIENTED_EDGE('',*,*,#956,.F.);
#1562=ORIENTED_EDGE('',*,*,#959,.T.);
#1563=ORIENTED_EDGE('',*,*,#1149,.F.);
#1564=ORIENTED_EDGE('',*,*,#1046,.T.);
#1565=ORIENTED_EDGE('',*,*,#1150,.F.);
#1566=ORIENTED_EDGE('',*,*,#965,.F.);
#1567=ORIENTED_EDGE('',*,*,#966,.T.);
#1568=ORIENTED_EDGE('',*,*,#951,.F.);
#1569=ORIENTED_EDGE('',*,*,#1148,.T.);
#1570=ORIENTED_EDGE('',*,*,#1151,.T.);
#1571=ORIENTED_EDGE('',*,*,#960,.F.);
#1572=ORIENTED_EDGE('',*,*,#1150,.T.);
#1573=ORIENTED_EDGE('',*,*,#1045,.T.);
#1574=ORIENTED_EDGE('',*,*,#1149,.T.);
#1575=ORIENTED_EDGE('',*,*,#961,.F.);
#1576=ORIENTED_EDGE('',*,*,#1151,.F.);
#1577=ORIENTED_EDGE('',*,*,#958,.F.);
#1578=ORIENTED_EDGE('',*,*,#1152,.F.);
#1579=ORIENTED_EDGE('',*,*,#1139,.T.);
#1580=ORIENTED_EDGE('',*,*,#1153,.F.);
#1581=ORIENTED_EDGE('',*,*,#962,.T.);
#1582=ORIENTED_EDGE('',*,*,#1152,.T.);
#1583=ORIENTED_EDGE('',*,*,#1154,.T.);
#1584=ORIENTED_EDGE('',*,*,#967,.T.);
#1585=ORIENTED_EDGE('',*,*,#963,.T.);
#1586=ORIENTED_EDGE('',*,*,#1153,.T.);
#1587=ORIENTED_EDGE('',*,*,#1141,.T.);
#1588=ORIENTED_EDGE('',*,*,#1155,.F.);
#1589=ORIENTED_EDGE('',*,*,#953,.T.);
#1590=ORIENTED_EDGE('',*,*,#957,.T.);
#1591=ORIENTED_EDGE('',*,*,#954,.T.);
#1592=ORIENTED_EDGE('',*,*,#1155,.T.);
#1593=ORIENTED_EDGE('',*,*,#1140,.T.);
#1594=ORIENTED_EDGE('',*,*,#1154,.F.);
#1595=ORIENTED_EDGE('',*,*,#972,.T.);
#1596=ORIENTED_EDGE('',*,*,#969,.F.);
#1597=ORIENTED_EDGE('',*,*,#939,.T.);
#1598=ORIENTED_EDGE('',*,*,#1016,.F.);
#1599=ORIENTED_EDGE('',*,*,#1001,.T.);
#1600=ORIENTED_EDGE('',*,*,#1156,.T.);
#1601=ORIENTED_EDGE('',*,*,#979,.F.);
#1602=ORIENTED_EDGE('',*,*,#1000,.T.);
#1603=ORIENTED_EDGE('',*,*,#997,.F.);
#1604=ORIENTED_EDGE('',*,*,#943,.T.);
#1605=ORIENTED_EDGE('',*,*,#1157,.T.);
#1606=ORIENTED_EDGE('',*,*,#975,.F.);
#1607=ORIENTED_EDGE('',*,*,#1156,.F.);
#1608=ORIENTED_EDGE('',*,*,#976,.F.);
#1609=ORIENTED_EDGE('',*,*,#1157,.F.);
#1610=ORIENTED_EDGE('',*,*,#942,.F.);
#1611=ORIENTED_EDGE('',*,*,#1158,.F.);
#1612=ORIENTED_EDGE('',*,*,#1006,.T.);
#1613=ORIENTED_EDGE('',*,*,#1159,.T.);
#1614=ORIENTED_EDGE('',*,*,#1160,.T.);
#1615=ORIENTED_EDGE('',*,*,#989,.F.);
#1616=ORIENTED_EDGE('',*,*,#1161,.F.);
#1617=ORIENTED_EDGE('',*,*,#1008,.T.);
#1618=ORIENTED_EDGE('',*,*,#1162,.F.);
#1619=ORIENTED_EDGE('',*,*,#985,.F.);
#1620=ORIENTED_EDGE('',*,*,#988,.T.);
#1621=ORIENTED_EDGE('',*,*,#1159,.F.);
#1622=ORIENTED_EDGE('',*,*,#995,.T.);
#1623=ORIENTED_EDGE('',*,*,#980,.F.);
#1624=ORIENTED_EDGE('',*,*,#1162,.T.);
#1625=ORIENTED_EDGE('',*,*,#1007,.T.);
#1626=ORIENTED_EDGE('',*,*,#1161,.T.);
#1627=ORIENTED_EDGE('',*,*,#994,.F.);
#1628=ORIENTED_EDGE('',*,*,#990,.F.);
#1629=ORIENTED_EDGE('',*,*,#1160,.F.);
#1630=ORIENTED_EDGE('',*,*,#987,.F.);
#1631=ORIENTED_EDGE('',*,*,#1163,.F.);
#1632=ORIENTED_EDGE('',*,*,#1164,.T.);
#1633=ORIENTED_EDGE('',*,*,#1165,.T.);
#1634=ORIENTED_EDGE('',*,*,#986,.T.);
#1635=ORIENTED_EDGE('',*,*,#983,.T.);
#1636=ORIENTED_EDGE('',*,*,#1166,.T.);
#1637=ORIENTED_EDGE('',*,*,#1163,.T.);
#1638=ORIENTED_EDGE('',*,*,#1165,.F.);
#1639=ORIENTED_EDGE('',*,*,#1167,.T.);
#1640=ORIENTED_EDGE('',*,*,#1168,.F.);
#1641=ORIENTED_EDGE('',*,*,#991,.T.);
#1642=ORIENTED_EDGE('',*,*,#1169,.T.);
#1643=ORIENTED_EDGE('',*,*,#1166,.F.);
#1644=ORIENTED_EDGE('',*,*,#982,.T.);
#1645=ORIENTED_EDGE('',*,*,#996,.T.);
#1646=ORIENTED_EDGE('',*,*,#992,.T.);
#1647=ORIENTED_EDGE('',*,*,#1168,.T.);
#1648=ORIENTED_EDGE('',*,*,#1114,.F.);
#1649=ORIENTED_EDGE('',*,*,#1170,.T.);
#1650=ORIENTED_EDGE('',*,*,#1128,.F.);
#1651=ORIENTED_EDGE('',*,*,#1131,.F.);
#1652=ORIENTED_EDGE('',*,*,#1132,.F.);
#1653=ORIENTED_EDGE('',*,*,#1171,.F.);
#1654=ORIENTED_EDGE('',*,*,#1172,.F.);
#1655=ORIENTED_EDGE('',*,*,#1173,.F.);
#1656=ORIENTED_EDGE('',*,*,#1164,.F.);
#1657=ORIENTED_EDGE('',*,*,#1169,.F.);
#1658=ORIENTED_EDGE('',*,*,#1167,.F.);
#1659=ORIENTED_EDGE('',*,*,#1171,.T.);
#1660=ORIENTED_EDGE('',*,*,#1174,.F.);
#1661=ORIENTED_EDGE('',*,*,#971,.T.);
#1662=ORIENTED_EDGE('',*,*,#974,.T.);
#1663=ORIENTED_EDGE('',*,*,#978,.T.);
#1664=ORIENTED_EDGE('',*,*,#1175,.T.);
#1665=ORIENTED_EDGE('',*,*,#1173,.T.);
#1666=ORIENTED_EDGE('',*,*,#1176,.T.);
#1667=ORIENTED_EDGE('',*,*,#941,.T.);
#1668=ORIENTED_EDGE('',*,*,#968,.T.);
#1669=ORIENTED_EDGE('',*,*,#1174,.T.);
#1670=ORIENTED_EDGE('',*,*,#1158,.T.);
#1671=ORIENTED_EDGE('',*,*,#1176,.F.);
#1672=ORIENTED_EDGE('',*,*,#1172,.T.);
#1673=ORIENTED_EDGE('',*,*,#1175,.F.);
#1674=ORIENTED_EDGE('',*,*,#977,.T.);
#1675=ORIENTED_EDGE('',*,*,#1106,.F.);
#1676=ORIENTED_EDGE('',*,*,#1134,.T.);
#1677=ORIENTED_EDGE('',*,*,#1122,.F.);
#1678=ORIENTED_EDGE('',*,*,#1125,.F.);
#1679=ORIENTED_EDGE('',*,*,#1129,.F.);
#1680=ORIENTED_EDGE('',*,*,#1170,.F.);
#1681=ORIENTED_EDGE('',*,*,#1119,.F.);
#1682=ORIENTED_EDGE('',*,*,#1135,.T.);
#1683=ORIENTED_EDGE('',*,*,#1113,.F.);
#1684=ORIENTED_EDGE('',*,*,#1133,.F.);
#1685=ORIENTED_EDGE('',*,*,#1081,.T.);
#1686=ORIENTED_EDGE('',*,*,#1082,.T.);
#1687=ORIENTED_EDGE('',*,*,#1073,.T.);
#1688=ORIENTED_EDGE('',*,*,#1076,.T.);
#1689=PLANE('',#1891);
#1690=PLANE('',#1892);
#1691=PLANE('',#1893);
#1692=PLANE('',#1894);
#1693=PLANE('',#1895);
#1694=PLANE('',#1896);
#1695=PLANE('',#1897);
#1696=PLANE('',#1898);
#1697=PLANE('',#1899);
#1698=PLANE('',#1900);
#1699=PLANE('',#1901);
#1700=PLANE('',#1902);
#1701=PLANE('',#1903);
#1702=PLANE('',#1904);
#1703=PLANE('',#1905);
#1704=PLANE('',#1906);
#1705=PLANE('',#1907);
#1706=PLANE('',#1908);
#1707=PLANE('',#1909);
#1708=PLANE('',#1911);
#1709=PLANE('',#1912);
#1710=PLANE('',#1918);
#1711=PLANE('',#1921);
#1712=PLANE('',#1924);
#1713=PLANE('',#1925);
#1714=PLANE('',#1931);
#1715=PLANE('',#1935);
#1716=PLANE('',#1936);
#1717=PLANE('',#1939);
#1718=PLANE('',#1941);
#1719=PLANE('',#1943);
#1720=PLANE('',#1949);
#1721=PLANE('',#1950);
#1722=PLANE('',#1951);
#1723=PLANE('',#1952);
#1724=PLANE('',#1953);
#1725=PLANE('',#1954);
#1726=PLANE('',#1955);
#1727=PLANE('',#1956);
#1728=PLANE('',#1957);
#1729=PLANE('',#1958);
#1730=PLANE('',#1959);
#1731=PLANE('',#1960);
#1732=PLANE('',#1961);
#1733=PLANE('',#1962);
#1734=PLANE('',#1963);
#1735=PLANE('',#1964);
#1736=PLANE('',#1965);
#1737=PLANE('',#1966);
#1738=PLANE('',#1967);
#1739=PLANE('',#1968);
#1740=PLANE('',#1969);
#1741=PLANE('',#1970);
#1742=PLANE('',#1971);
#1743=PLANE('',#1972);
#1744=PLANE('',#1973);
#1745=PLANE('',#1974);
#1746=PLANE('',#1975);
#1747=PLANE('',#1976);
#1748=PLANE('',#1977);
#1749=PLANE('',#1978);
#1750=PLANE('',#1979);
#1751=PLANE('',#1980);
#1752=PLANE('',#1981);
#1753=PLANE('',#1982);
#1754=PLANE('',#1983);
#1755=PLANE('',#1984);
#1756=PLANE('',#1985);
#1757=PLANE('',#1986);
#1758=PLANE('',#1987);
#1759=PLANE('',#1988);
#1760=PLANE('',#1989);
#1761=PLANE('',#1990);
#1762=PLANE('',#1991);
#1763=PLANE('',#1992);
#1764=PLANE('',#1993);
#1765=PLANE('',#1994);
#1766=PLANE('',#1995);
#1767=PLANE('',#1996);
#1768=PLANE('',#1997);
#1769=PLANE('',#1998);
#1770=PLANE('',#1999);
#1771=ADVANCED_FACE('',(#98),#1689,.T.);
#1772=ADVANCED_FACE('',(#99),#1690,.T.);
#1773=ADVANCED_FACE('',(#100),#1691,.T.);
#1774=ADVANCED_FACE('',(#101),#1692,.T.);
#1775=ADVANCED_FACE('',(#102),#1693,.T.);
#1776=ADVANCED_FACE('',(#103),#1694,.T.);
#1777=ADVANCED_FACE('',(#104),#1695,.T.);
#1778=ADVANCED_FACE('',(#105),#1696,.T.);
#1779=ADVANCED_FACE('',(#106),#1697,.T.);
#1780=ADVANCED_FACE('',(#107),#1698,.T.);
#1781=ADVANCED_FACE('',(#108),#1699,.T.);
#1782=ADVANCED_FACE('',(#109),#1700,.T.);
#1783=ADVANCED_FACE('',(#110),#1701,.T.);
#1784=ADVANCED_FACE('',(#111),#1702,.T.);
#1785=ADVANCED_FACE('',(#112),#1703,.T.);
#1786=ADVANCED_FACE('',(#113),#1704,.T.);
#1787=ADVANCED_FACE('',(#114,#89),#1705,.T.);
#1788=ADVANCED_FACE('',(#115),#1706,.T.);
#1789=ADVANCED_FACE('',(#116),#85,.T.);
#1790=ADVANCED_FACE('',(#117),#1707,.T.);
#1791=ADVANCED_FACE('',(#118),#86,.T.);
#1792=ADVANCED_FACE('',(#119),#68,.F.);
#1793=ADVANCED_FACE('',(#120),#87,.T.);
#1794=ADVANCED_FACE('',(#121),#88,.T.);
#1795=ADVANCED_FACE('',(#122),#1708,.T.);
#1796=ADVANCED_FACE('',(#123,#90),#1709,.T.);
#1797=ADVANCED_FACE('',(#124),#69,.F.);
#1798=ADVANCED_FACE('',(#125,#91),#1710,.T.);
#1799=ADVANCED_FACE('',(#126),#48,.F.);
#1800=ADVANCED_FACE('',(#127),#1711,.T.);
#1801=ADVANCED_FACE('',(#128),#49,.F.);
#1802=ADVANCED_FACE('',(#129),#1712,.T.);
#1803=ADVANCED_FACE('',(#130),#1713,.F.);
#1804=ADVANCED_FACE('',(#131),#70,.F.);
#1805=ADVANCED_FACE('',(#132),#50,.F.);
#1806=ADVANCED_FACE('',(#133),#1714,.T.);
#1807=ADVANCED_FACE('',(#134),#51,.F.);
#1808=ADVANCED_FACE('',(#135),#1715,.T.);
#1809=ADVANCED_FACE('',(#136),#1716,.F.);
#1810=ADVANCED_FACE('',(#137),#71,.F.);
#1811=ADVANCED_FACE('',(#138,#92),#1717,.T.);
#1812=ADVANCED_FACE('',(#139),#1718,.F.);
#1813=ADVANCED_FACE('',(#140),#72,.F.);
#1814=ADVANCED_FACE('',(#141),#1719,.F.);
#1815=ADVANCED_FACE('',(#142),#73,.F.);
#1816=ADVANCED_FACE('',(#143),#74,.F.);
#1817=ADVANCED_FACE('',(#144),#1720,.T.);
#1818=ADVANCED_FACE('',(#145),#1721,.T.);
#1819=ADVANCED_FACE('',(#146),#1722,.T.);
#1820=ADVANCED_FACE('',(#147),#1723,.T.);
#1821=ADVANCED_FACE('',(#148),#1724,.T.);
#1822=ADVANCED_FACE('',(#149),#1725,.T.);
#1823=ADVANCED_FACE('',(#150),#1726,.T.);
#1824=ADVANCED_FACE('',(#151),#1727,.T.);
#1825=ADVANCED_FACE('',(#152),#1728,.T.);
#1826=ADVANCED_FACE('',(#153),#1729,.T.);
#1827=ADVANCED_FACE('',(#154),#1730,.T.);
#1828=ADVANCED_FACE('',(#155),#1731,.T.);
#1829=ADVANCED_FACE('',(#156),#1732,.T.);
#1830=ADVANCED_FACE('',(#157),#1733,.T.);
#1831=ADVANCED_FACE('',(#158),#1734,.T.);
#1832=ADVANCED_FACE('',(#159),#1735,.T.);
#1833=ADVANCED_FACE('',(#160),#1736,.T.);
#1834=ADVANCED_FACE('',(#161),#1737,.T.);
#1835=ADVANCED_FACE('',(#162),#1738,.T.);
#1836=ADVANCED_FACE('',(#163),#1739,.T.);
#1837=ADVANCED_FACE('',(#164,#93,#94),#1740,.F.);
#1838=ADVANCED_FACE('',(#165),#1741,.T.);
#1839=ADVANCED_FACE('',(#166),#1742,.T.);
#1840=ADVANCED_FACE('',(#167),#1743,.T.);
#1841=ADVANCED_FACE('',(#168),#1744,.T.);
#1842=ADVANCED_FACE('',(#169),#1745,.T.);
#1843=ADVANCED_FACE('',(#170),#1746,.T.);
#1844=ADVANCED_FACE('',(#171),#1747,.T.);
#1845=ADVANCED_FACE('',(#172),#1748,.T.);
#1846=ADVANCED_FACE('',(#173),#1749,.T.);
#1847=ADVANCED_FACE('',(#174),#1750,.T.);
#1848=ADVANCED_FACE('',(#175),#1751,.T.);
#1849=ADVANCED_FACE('',(#176),#1752,.T.);
#1850=ADVANCED_FACE('',(#177),#1753,.T.);
#1851=ADVANCED_FACE('',(#178),#1754,.T.);
#1852=ADVANCED_FACE('',(#179),#1755,.T.);
#1853=ADVANCED_FACE('',(#180),#1756,.T.);
#1854=ADVANCED_FACE('',(#181),#1757,.T.);
#1855=ADVANCED_FACE('',(#182),#1758,.T.);
#1856=ADVANCED_FACE('',(#183),#1759,.T.);
#1857=ADVANCED_FACE('',(#184),#1760,.T.);
#1858=ADVANCED_FACE('',(#185),#1761,.T.);
#1859=ADVANCED_FACE('',(#186),#1762,.T.);
#1860=ADVANCED_FACE('',(#187),#1763,.T.);
#1861=ADVANCED_FACE('',(#188),#1764,.T.);
#1862=ADVANCED_FACE('',(#189,#95,#96),#1765,.T.);
#1863=ADVANCED_FACE('',(#190),#1766,.T.);
#1864=ADVANCED_FACE('',(#191),#1767,.T.);
#1865=ADVANCED_FACE('',(#192),#1768,.T.);
#1866=ADVANCED_FACE('',(#193),#1769,.T.);
#1867=ADVANCED_FACE('',(#194,#97),#1770,.T.);
#1868=CLOSED_SHELL('',(#1771,#1772,#1773,#1774,#1775,#1776,#1777,#1778,
#1779,#1780,#1781,#1782,#1783,#1784,#1785,#1786,#1787,#1788,#1789,#1790,
#1791,#1792,#1793,#1794,#1795,#1796,#1797,#1798,#1799,#1800,#1801,#1802,
#1803,#1804,#1805,#1806,#1807,#1808,#1809,#1810,#1811,#1812,#1813,#1814,
#1815,#1816,#1817,#1818,#1819,#1820,#1821,#1822,#1823,#1824,#1825,#1826,
#1827,#1828,#1829,#1830,#1831,#1832,#1833,#1834,#1835,#1836,#1837,#1838,
#1839,#1840,#1841,#1842,#1843,#1844,#1845,#1846,#1847,#1848,#1849,#1850,
#1851,#1852,#1853,#1854,#1855,#1856,#1857,#1858,#1859,#1860,#1861,#1862,
#1863,#1864,#1865,#1866,#1867));
#1869=DERIVED_UNIT_ELEMENT(#1872,1.);
#1870=DERIVED_UNIT_ELEMENT(#3376,-3.);
#1871=DIMENSIONAL_EXPONENTS(0.,1.,0.,0.,0.,0.,0.);
#1872=(
CONVERSION_BASED_UNIT('gram',#1874)
MASS_UNIT()
NAMED_UNIT(#1871)
);
#1873=(
MASS_UNIT()
NAMED_UNIT(*)
SI_UNIT(.KILO.,.GRAM.)
);
#1874=MASS_MEASURE_WITH_UNIT(MASS_MEASURE(0.001),#1873);
#1875=DERIVED_UNIT((#1869,#1870));
#1876=MEASURE_REPRESENTATION_ITEM('density measure',
POSITIVE_RATIO_MEASURE(1.),#1875);
#1877=PROPERTY_DEFINITION_REPRESENTATION(#1882,#1879);
#1878=PROPERTY_DEFINITION_REPRESENTATION(#1883,#1880);
#1879=REPRESENTATION('material name',(#1881),#3373);
#1880=REPRESENTATION('density',(#1876),#3373);
#1881=DESCRIPTIVE_REPRESENTATION_ITEM('Og\X\F3lny','Og\X\F3lny');
#1882=PROPERTY_DEFINITION('material property','material name',#3383);
#1883=PROPERTY_DEFINITION('material property','density of part',#3383);
#1884=DATE_TIME_ROLE('creation_date');
#1885=APPLIED_DATE_AND_TIME_ASSIGNMENT(#1886,#1884,(#3383));
#1886=DATE_AND_TIME(#1887,#1888);
#1887=CALENDAR_DATE(2026,5,8);
#1888=LOCAL_TIME(0,0,0.,#1889);
#1889=COORDINATED_UNIVERSAL_TIME_OFFSET(0,0,.BEHIND.);
#1890=AXIS2_PLACEMENT_3D('',#2450,#2000,#2001);
#1891=AXIS2_PLACEMENT_3D('',#2451,#2002,#2003);
#1892=AXIS2_PLACEMENT_3D('',#2464,#2010,#2011);
#1893=AXIS2_PLACEMENT_3D('',#2470,#2015,#2016);
#1894=AXIS2_PLACEMENT_3D('',#2481,#2022,#2023);
#1895=AXIS2_PLACEMENT_3D('',#2512,#2040,#2041);
#1896=AXIS2_PLACEMENT_3D('',#2525,#2048,#2049);
#1897=AXIS2_PLACEMENT_3D('',#2531,#2053,#2054);
#1898=AXIS2_PLACEMENT_3D('',#2544,#2061,#2062);
#1899=AXIS2_PLACEMENT_3D('',#2547,#2065,#2066);
#1900=AXIS2_PLACEMENT_3D('',#2555,#2071,#2072);
#1901=AXIS2_PLACEMENT_3D('',#2561,#2076,#2077);
#1902=AXIS2_PLACEMENT_3D('',#2571,#2083,#2084);
#1903=AXIS2_PLACEMENT_3D('',#2584,#2091,#2092);
#1904=AXIS2_PLACEMENT_3D('',#2590,#2096,#2097);
#1905=AXIS2_PLACEMENT_3D('',#2603,#2104,#2105);
#1906=AXIS2_PLACEMENT_3D('',#2606,#2108,#2109);
#1907=AXIS2_PLACEMENT_3D('',#2612,#2113,#2114);
#1908=AXIS2_PLACEMENT_3D('',#2630,#2124,#2125);
#1909=AXIS2_PLACEMENT_3D('',#2791,#2130,#2131);
#1910=AXIS2_PLACEMENT_3D('',#2836,#2134,#2135);
#1911=AXIS2_PLACEMENT_3D('',#3037,#2139,#2140);
#1912=AXIS2_PLACEMENT_3D('',#3041,#2143,#2144);
#1913=AXIS2_PLACEMENT_3D('',#3049,#2148,#2149);
#1914=AXIS2_PLACEMENT_3D('',#3053,#2151,#2152);
#1915=AXIS2_PLACEMENT_3D('',#3055,#2154,#2155);
#1916=AXIS2_PLACEMENT_3D('',#3059,#2157,#2158);
#1917=AXIS2_PLACEMENT_3D('',#3060,#2159,#2160);
#1918=AXIS2_PLACEMENT_3D('',#3061,#2161,#2162);
#1919=AXIS2_PLACEMENT_3D('',#3074,#2170,#2171);
#1920=AXIS2_PLACEMENT_3D('',#3079,#2174,#2175);
#1921=AXIS2_PLACEMENT_3D('',#3080,#2176,#2177);
#1922=AXIS2_PLACEMENT_3D('',#3084,#2180,#2181);
#1923=AXIS2_PLACEMENT_3D('',#3087,#2183,#2184);
#1924=AXIS2_PLACEMENT_3D('',#3088,#2185,#2186);
#1925=AXIS2_PLACEMENT_3D('',#3090,#2188,#2189);
#1926=AXIS2_PLACEMENT_3D('',#3096,#2193,#2194);
#1927=AXIS2_PLACEMENT_3D('',#3099,#2196,#2197);
#1928=AXIS2_PLACEMENT_3D('',#3100,#2198,#2199);
#1929=AXIS2_PLACEMENT_3D('',#3105,#2201,#2202);
#1930=AXIS2_PLACEMENT_3D('',#3108,#2204,#2205);
#1931=AXIS2_PLACEMENT_3D('',#3109,#2206,#2207);
#1932=AXIS2_PLACEMENT_3D('',#3115,#2211,#2212);
#1933=AXIS2_PLACEMENT_3D('',#3119,#2214,#2215);
#1934=AXIS2_PLACEMENT_3D('',#3120,#2216,#2217);
#1935=AXIS2_PLACEMENT_3D('',#3121,#2218,#2219);
#1936=AXIS2_PLACEMENT_3D('',#3124,#2222,#2223);
#1937=AXIS2_PLACEMENT_3D('',#3130,#2227,#2228);
#1938=AXIS2_PLACEMENT_3D('',#3133,#2230,#2231);
#1939=AXIS2_PLACEMENT_3D('',#3134,#2232,#2233);
#1940=AXIS2_PLACEMENT_3D('',#3136,#2234,#2235);
#1941=AXIS2_PLACEMENT_3D('',#3138,#2237,#2238);
#1942=AXIS2_PLACEMENT_3D('',#3140,#2240,#2241);
#1943=AXIS2_PLACEMENT_3D('',#3141,#2242,#2243);
#1944=AXIS2_PLACEMENT_3D('',#3145,#2246,#2247);
#1945=AXIS2_PLACEMENT_3D('',#3146,#2248,#2249);
#1946=AXIS2_PLACEMENT_3D('',#3147,#2250,#2251);
#1947=AXIS2_PLACEMENT_3D('',#3149,#2252,#2253);
#1948=AXIS2_PLACEMENT_3D('',#3150,#2254,#2255);
#1949=AXIS2_PLACEMENT_3D('',#3151,#2256,#2257);
#1950=AXIS2_PLACEMENT_3D('',#3155,#2260,#2261);
#1951=AXIS2_PLACEMENT_3D('',#3161,#2265,#2266);
#1952=AXIS2_PLACEMENT_3D('',#3163,#2268,#2269);
#1953=AXIS2_PLACEMENT_3D('',#3167,#2272,#2273);
#1954=AXIS2_PLACEMENT_3D('',#3169,#2275,#2276);
#1955=AXIS2_PLACEMENT_3D('',#3179,#2282,#2283);
#1956=AXIS2_PLACEMENT_3D('',#3185,#2287,#2288);
#1957=AXIS2_PLACEMENT_3D('',#3194,#2293,#2294);
#1958=AXIS2_PLACEMENT_3D('',#3200,#2298,#2299);
#1959=AXIS2_PLACEMENT_3D('',#3207,#2303,#2304);
#1960=AXIS2_PLACEMENT_3D('',#3210,#2307,#2308);
#1961=AXIS2_PLACEMENT_3D('',#3213,#2311,#2312);
#1962=AXIS2_PLACEMENT_3D('',#3219,#2316,#2317);
#1963=AXIS2_PLACEMENT_3D('',#3223,#2320,#2321);
#1964=AXIS2_PLACEMENT_3D('',#3231,#2326,#2327);
#1965=AXIS2_PLACEMENT_3D('',#3235,#2330,#2331);
#1966=AXIS2_PLACEMENT_3D('',#3237,#2333,#2334);
#1967=AXIS2_PLACEMENT_3D('',#3243,#2338,#2339);
#1968=AXIS2_PLACEMENT_3D('',#3245,#2341,#2342);
#1969=AXIS2_PLACEMENT_3D('',#3248,#2345,#2346);
#1970=AXIS2_PLACEMENT_3D('',#3263,#2355,#2356);
#1971=AXIS2_PLACEMENT_3D('',#3264,#2357,#2358);
#1972=AXIS2_PLACEMENT_3D('',#3266,#2360,#2361);
#1973=AXIS2_PLACEMENT_3D('',#3268,#2363,#2364);
#1974=AXIS2_PLACEMENT_3D('',#3270,#2366,#2367);
#1975=AXIS2_PLACEMENT_3D('',#3273,#2370,#2371);
#1976=AXIS2_PLACEMENT_3D('',#3275,#2373,#2374);
#1977=AXIS2_PLACEMENT_3D('',#3276,#2375,#2376);
#1978=AXIS2_PLACEMENT_3D('',#3279,#2379,#2380);
#1979=AXIS2_PLACEMENT_3D('',#3281,#2382,#2383);
#1980=AXIS2_PLACEMENT_3D('',#3283,#2385,#2386);
#1981=AXIS2_PLACEMENT_3D('',#3285,#2388,#2389);
#1982=AXIS2_PLACEMENT_3D('',#3288,#2392,#2393);
#1983=AXIS2_PLACEMENT_3D('',#3290,#2395,#2396);
#1984=AXIS2_PLACEMENT_3D('',#3291,#2397,#2398);
#1985=AXIS2_PLACEMENT_3D('',#3293,#2400,#2401);
#1986=AXIS2_PLACEMENT_3D('',#3295,#2403,#2404);
#1987=AXIS2_PLACEMENT_3D('',#3297,#2406,#2407);
#1988=AXIS2_PLACEMENT_3D('',#3301,#2411,#2412);
#1989=AXIS2_PLACEMENT_3D('',#3303,#2414,#2415);
#1990=AXIS2_PLACEMENT_3D('',#3304,#2416,#2417);
#1991=AXIS2_PLACEMENT_3D('',#3306,#2419,#2420);
#1992=AXIS2_PLACEMENT_3D('',#3312,#2424,#2425);
#1993=AXIS2_PLACEMENT_3D('',#3316,#2428,#2429);
#1994=AXIS2_PLACEMENT_3D('',#3318,#2431,#2432);
#1995=AXIS2_PLACEMENT_3D('',#3326,#2437,#2438);
#1996=AXIS2_PLACEMENT_3D('',#3329,#2441,#2442);
#1997=AXIS2_PLACEMENT_3D('',#3331,#2444,#2445);
#1998=AXIS2_PLACEMENT_3D('',#3332,#2446,#2447);
#1999=AXIS2_PLACEMENT_3D('',#3333,#2448,#2449);
#2000=DIRECTION('axis',(0.,0.,1.));
#2001=DIRECTION('refdir',(1.,0.,0.));
#2002=DIRECTION('center_axis',(0.,0.124489825245851,-0.992220884385255));
#2003=DIRECTION('ref_axis',(-1.,0.,0.));
#2004=DIRECTION('',(0.577350269189626,-0.810144959625645,-0.101645516673528));
#2005=DIRECTION('',(-1.,0.,0.));
#2006=DIRECTION('',(0.577350269189626,0.810144959625645,0.101645516673528));
#2007=DIRECTION('',(-0.577350269189621,0.810144959625648,0.101645516673528));
#2008=DIRECTION('',(1.,0.,0.));
#2009=DIRECTION('',(-0.577350269189624,-0.810144959625647,-0.101645516673528));
#2010=DIRECTION('center_axis',(0.,-0.613578516163657,-0.789633715403797));
#2011=DIRECTION('ref_axis',(0.,0.789633715403797,-0.613578516163657));
#2012=DIRECTION('',(0.,-0.789633715403797,0.613578516163657));
#2013=DIRECTION('',(1.,0.,0.));
#2014=DIRECTION('',(0.,0.789633715403797,-0.613578516163657));
#2015=DIRECTION('center_axis',(0.,0.898214483340594,0.439557438700779));
#2016=DIRECTION('ref_axis',(0.,-0.439557438700779,0.898214483340594));
#2017=DIRECTION('',(-0.668230514514978,-0.327010640409466,0.668230514515791));
#2018=DIRECTION('',(1.,0.,0.));
#2019=DIRECTION('',(-0.668230514514978,0.327010640409466,-0.668230514515791));
#2020=DIRECTION('',(-1.,0.,0.));
#2021=DIRECTION('',(0.668230514514978,-0.327010640409466,0.668230514515791));
#2022=DIRECTION('center_axis',(0.,2.48843328356017E-12,1.));
#2023=DIRECTION('ref_axis',(0.,-1.,2.48843328356017E-12));
#2024=DIRECTION('',(-0.619721657817891,0.784821678364866,-1.95297638610269E-12));
#2025=DIRECTION('',(0.,1.,-2.48843328356017E-12));
#2026=DIRECTION('',(-1.,0.,0.));
#2027=DIRECTION('',(0.,-1.,2.48843328356017E-12));
#2028=DIRECTION('',(-0.619721657817897,-0.784821678364861,1.95297638610268E-12));
#2029=DIRECTION('',(-1.,0.,0.));
#2030=DIRECTION('',(0.,-1.,2.48843328356017E-12));
#2031=DIRECTION('',(-1.,0.,0.));
#2032=DIRECTION('',(0.522980400856245,-0.852344707451299,2.12100293908817E-12));
#2033=DIRECTION('',(0.,-1.,2.48843328356017E-12));
#2034=DIRECTION('',(0.522980400856239,0.852344707451303,-2.12100293908818E-12));
#2035=DIRECTION('',(1.,0.,0.));
#2036=DIRECTION('',(-0.522980400856241,0.852344707451302,-2.12100293908818E-12));
#2037=DIRECTION('',(0.,1.,-2.48843328356017E-12));
#2038=DIRECTION('',(0.522980400856239,0.852344707451303,-2.12100293908818E-12));
#2039=DIRECTION('',(0.,1.,-2.48843328356017E-12));
#2040=DIRECTION('center_axis',(0.,0.439557438701897,-0.898214483340047));
#2041=DIRECTION('ref_axis',(-1.,0.,0.));
#2042=DIRECTION('',(0.668230514515204,-0.668230514515202,-0.327010640410208));
#2043=DIRECTION('',(-1.,0.,0.));
#2044=DIRECTION('',(0.668230514515203,0.668230514515202,0.327010640410208));
#2045=DIRECTION('',(-0.668230514515204,0.668230514515202,0.327010640410208));
#2046=DIRECTION('',(1.,0.,0.));
#2047=DIRECTION('',(-0.668230514515203,-0.668230514515202,-0.327010640410208));
#2048=DIRECTION('center_axis',(0.,-0.613578516163657,-0.789633715403797));
#2049=DIRECTION('ref_axis',(0.,0.789633715403797,-0.613578516163657));
#2050=DIRECTION('',(0.,-0.789633715403797,0.613578516163657));
#2051=DIRECTION('',(1.,0.,0.));
#2052=DIRECTION('',(0.,0.789633715403797,-0.613578516163657));
#2053=DIRECTION('center_axis',(0.,0.32431950650262,0.945947597756819));
#2054=DIRECTION('ref_axis',(1.,0.,0.));
#2055=DIRECTION('',(0.687200487176827,0.687200487176825,-0.235607684186797));
#2056=DIRECTION('',(-1.,0.,0.));
#2057=DIRECTION('',(0.687200487176827,-0.687200487176825,0.235607684186797));
#2058=DIRECTION('',(-0.687200487176827,-0.687200487176826,0.235607684186797));
#2059=DIRECTION('',(1.,0.,0.));
#2060=DIRECTION('',(-0.687200487176827,0.687200487176825,-0.235607684186797));
#2061=DIRECTION('center_axis',(0.,1.,-1.10469952699021E-16));
#2062=DIRECTION('ref_axis',(0.,1.10469952699021E-16,1.));
#2063=DIRECTION('',(0.,1.10469952699021E-16,1.));
#2064=DIRECTION('',(0.,-1.10469952699021E-16,-1.));
#2065=DIRECTION('center_axis',(0.,0.898214483340593,0.439557438700783));
#2066=DIRECTION('ref_axis',(0.,-0.439557438700783,0.898214483340593));
#2067=DIRECTION('',(0.66823051451267,0.327010640410379,-0.668230514517652));
#2068=DIRECTION('',(-0.668230514514984,-0.327010640409466,0.668230514515785));
#2069=DIRECTION('',(1.,0.,0.));
#2070=DIRECTION('',(-0.668230514514984,0.327010640409466,-0.668230514515785));
#2071=DIRECTION('center_axis',(0.,0.789633715403797,-0.613578516163657));
#2072=DIRECTION('ref_axis',(0.,-0.613578516163657,-0.789633715403797));
#2073=DIRECTION('',(0.,-0.613578516163657,-0.789633715403797));
#2074=DIRECTION('',(-1.,0.,0.));
#2075=DIRECTION('',(0.,0.613578516163657,0.789633715403797));
#2076=DIRECTION('center_axis',(0.,0.124489825245853,-0.992220884385255));
#2077=DIRECTION('ref_axis',(-1.,0.,0.));
#2078=DIRECTION('',(-0.577350269189631,0.810144959625642,0.101645516673529));
#2079=DIRECTION('',(1.,0.,0.));
#2080=DIRECTION('',(-0.577350269189631,-0.810144959625641,-0.101645516673529));
#2081=DIRECTION('',(0.577350269189631,-0.810144959625641,-0.101645516673529));
#2082=DIRECTION('',(0.577350269189631,0.810144959625641,0.101645516673529));
#2083=DIRECTION('center_axis',(0.,0.324319506502618,0.94594759775682));
#2084=DIRECTION('ref_axis',(1.,0.,0.));
#2085=DIRECTION('',(-0.687200487176831,-0.687200487176822,0.235607684186795));
#2086=DIRECTION('',(1.,0.,0.));
#2087=DIRECTION('',(-0.687200487176831,0.687200487176822,-0.235607684186795));
#2088=DIRECTION('',(0.687200487176832,0.687200487176822,-0.235607684186794));
#2089=DIRECTION('',(-1.,0.,0.));
#2090=DIRECTION('',(0.687200487176832,-0.687200487176822,0.235607684186794));
#2091=DIRECTION('center_axis',(0.,-0.789633715403797,0.613578516163657));
#2092=DIRECTION('ref_axis',(0.,0.613578516163657,0.789633715403797));
#2093=DIRECTION('',(0.,-0.613578516163657,-0.789633715403797));
#2094=DIRECTION('',(-1.,0.,0.));
#2095=DIRECTION('',(0.,0.613578516163657,0.789633715403797));
#2096=DIRECTION('center_axis',(0.,0.439557438701897,-0.898214483340047));
#2097=DIRECTION('ref_axis',(-1.,0.,0.));
#2098=DIRECTION('',(-0.668230514515209,0.668230514515198,0.327010640410206));
#2099=DIRECTION('',(1.,0.,0.));
#2100=DIRECTION('',(-0.668230514515209,-0.668230514515198,-0.327010640410206));
#2101=DIRECTION('',(0.668230514515208,-0.668230514515199,-0.327010640410206));
#2102=DIRECTION('',(-1.,0.,0.));
#2103=DIRECTION('',(0.668230514515208,0.668230514515199,0.327010640410206));
#2104=DIRECTION('center_axis',(0.,1.,-2.0453450375429E-16));
#2105=DIRECTION('ref_axis',(0.,-2.0453450375429E-16,-1.));
#2106=DIRECTION('',(0.,-2.0453450375429E-16,-1.));
#2107=DIRECTION('',(0.,2.0453450375429E-16,1.));
#2108=DIRECTION('center_axis',(-0.707106781186547,1.75958804933571E-12,
0.707106781186548));
#2109=DIRECTION('ref_axis',(0.707106781186548,0.,0.707106781186547));
#2110=DIRECTION('',(0.308500551376446,-0.899808212676166,0.308500551378685));
#2111=DIRECTION('',(0.,1.,-2.48843328356017E-12));
#2112=DIRECTION('',(-0.68720048717698,-0.23560768418761,-0.687200487176393));
#2113=DIRECTION('center_axis',(-1.,0.,0.));
#2114=DIRECTION('ref_axis',(0.,0.,1.));
#2115=DIRECTION('',(0.,0.789633715403797,-0.613578516163657));
#2116=DIRECTION('',(0.,0.613578516163657,0.789633715403797));
#2117=DIRECTION('',(0.,1.,-2.48843328356017E-12));
#2118=DIRECTION('',(0.,0.,-1.));
#2119=DIRECTION('',(0.,-1.,0.));
#2120=DIRECTION('',(0.,-0.789633715403797,0.613578516163657));
#2121=DIRECTION('',(0.,0.789633715403797,-0.613578516163657));
#2122=DIRECTION('',(0.,2.0453450375429E-16,1.));
#2123=DIRECTION('',(0.,-0.613578516163657,-0.789633715403797));
#2124=DIRECTION('center_axis',(0.707106781187433,1.7595880493335E-12,0.707106781185662));
#2125=DIRECTION('ref_axis',(0.707106781185662,0.,-0.707106781187433));
#2126=DIRECTION('',(0.308500551376095,0.899808212676142,-0.308500551379106));
#2127=DIRECTION('',(-0.687200487176527,0.235607684185235,0.687200487177661));
#2128=DIRECTION('',(0.,-1.,2.48843328356017E-12));
#2129=DIRECTION('',(0.707106781186544,0.,0.707106781186551));
#2130=DIRECTION('center_axis',(-0.707106781186547,1.75958804933571E-12,
0.707106781186548));
#2131=DIRECTION('ref_axis',(0.707106781186548,0.,0.707106781186547));
#2132=DIRECTION('',(-0.402399152024876,-0.822283311822008,-0.402399152022829));
#2133=DIRECTION('',(0.707106781186548,4.39724019210125E-12,0.707106781186547));
#2134=DIRECTION('center_axis',(1.,0.,0.));
#2135=DIRECTION('ref_axis',(0.,-0.707106781187427,-0.707106781185668));
#2136=DIRECTION('',(1.,0.,0.));
#2137=DIRECTION('',(0.707106781183259,0.,-0.707106781189836));
#2138=DIRECTION('',(-0.707106781195099,2.19911074997056E-12,0.707106781177996));
#2139=DIRECTION('center_axis',(0.707106781179402,1.75958804935349E-12,0.707106781193694));
#2140=DIRECTION('ref_axis',(0.707106781193693,0.,-0.707106781179402));
#2141=DIRECTION('',(-0.402399152028281,0.822283311822655,0.402399152018102));
#2142=DIRECTION('',(0.,-1.,2.48843328356017E-12));
#2143=DIRECTION('center_axis',(0.,1.,0.));
#2144=DIRECTION('ref_axis',(0.,0.,1.));
#2145=DIRECTION('',(0.,0.,-1.));
#2146=DIRECTION('',(-1.,0.,0.));
#2147=DIRECTION('',(0.,0.,1.));
#2148=DIRECTION('center_axis',(0.,1.,0.));
#2149=DIRECTION('ref_axis',(0.,0.,-1.));
#2150=DIRECTION('',(-1.,0.,0.));
#2151=DIRECTION('center_axis',(0.,1.,0.));
#2152=DIRECTION('ref_axis',(0.,0.,1.));
#2153=DIRECTION('',(1.,0.,0.));
#2154=DIRECTION('center_axis',(0.,0.,-1.));
#2155=DIRECTION('ref_axis',(-0.707106781186548,-0.707106781186548,0.));
#2156=DIRECTION('',(0.,0.,1.));
#2157=DIRECTION('center_axis',(0.707106781186548,0.,0.707106781186547));
#2158=DIRECTION('ref_axis',(-0.707106781186547,0.,0.707106781186548));
#2159=DIRECTION('center_axis',(0.,0.707106781186548,0.707106781186547));
#2160=DIRECTION('ref_axis',(0.,-0.707106781186547,0.707106781186548));
#2161=DIRECTION('center_axis',(1.,0.,0.));
#2162=DIRECTION('ref_axis',(0.,0.,-1.));
#2163=DIRECTION('',(0.,0.789633715403797,-0.613578516163657));
#2164=DIRECTION('',(0.,1.,0.));
#2165=DIRECTION('',(0.,-0.613578516163657,-0.789633715403797));
#2166=DIRECTION('',(0.,-0.789633715403797,0.613578516163657));
#2167=DIRECTION('',(0.,-0.789633715403797,0.613578516163657));
#2168=DIRECTION('',(0.,0.613578516163657,0.789633715403797));
#2169=DIRECTION('',(0.,-1.10469952699021E-16,-1.));
#2170=DIRECTION('center_axis',(0.,1.,0.));
#2171=DIRECTION('ref_axis',(0.,0.,-1.));
#2172=DIRECTION('',(-3.92523114670944E-15,0.70710678118655,-0.707106781186545));
#2173=DIRECTION('',(0.,-0.707106781186548,-0.707106781186548));
#2174=DIRECTION('center_axis',(0.,-1.,0.));
#2175=DIRECTION('ref_axis',(0.,0.,-1.));
#2176=DIRECTION('center_axis',(0.,0.707106781186548,0.707106781186548));
#2177=DIRECTION('ref_axis',(1.,0.,0.));
#2178=DIRECTION('',(0.,0.707106781186548,-0.707106781186548));
#2179=DIRECTION('',(1.,0.,0.));
#2180=DIRECTION('center_axis',(0.,1.,0.));
#2181=DIRECTION('ref_axis',(0.,0.,1.));
#2182=DIRECTION('',(0.,0.707106781186551,0.707106781186544));
#2183=DIRECTION('center_axis',(0.,-1.,0.));
#2184=DIRECTION('ref_axis',(0.,0.,1.));
#2185=DIRECTION('center_axis',(0.,0.707106781186548,-0.707106781186548));
#2186=DIRECTION('ref_axis',(-1.,0.,0.));
#2187=DIRECTION('',(-1.,0.,0.));
#2188=DIRECTION('center_axis',(0.,0.,-1.));
#2189=DIRECTION('ref_axis',(1.,0.,0.));
#2190=DIRECTION('',(0.,-1.,0.));
#2191=DIRECTION('',(1.,0.,0.));
#2192=DIRECTION('',(0.,-1.,0.));
#2193=DIRECTION('center_axis',(0.,-1.,0.));
#2194=DIRECTION('ref_axis',(0.,0.,-1.));
#2195=DIRECTION('',(0.,-1.,0.));
#2196=DIRECTION('center_axis',(0.,-1.,0.));
#2197=DIRECTION('ref_axis',(0.,0.,-1.));
#2198=DIRECTION('center_axis',(0.,1.,0.));
#2199=DIRECTION('ref_axis',(0.,0.,-1.));
#2200=DIRECTION('',(0.,-0.707106781186547,-0.707106781186548));
#2201=DIRECTION('center_axis',(0.,-1.,0.));
#2202=DIRECTION('ref_axis',(0.,0.,-1.));
#2203=DIRECTION('',(0.,0.707106781186547,-0.707106781186548));
#2204=DIRECTION('center_axis',(0.,1.,0.));
#2205=DIRECTION('ref_axis',(0.,0.,-1.));
#2206=DIRECTION('center_axis',(0.,0.707106781186548,-0.707106781186547));
#2207=DIRECTION('ref_axis',(-1.,0.,0.));
#2208=DIRECTION('',(0.,-0.707106781186547,-0.707106781186548));
#2209=DIRECTION('',(-1.,0.,0.));
#2210=DIRECTION('',(1.,0.,0.));
#2211=DIRECTION('center_axis',(0.,1.,0.));
#2212=DIRECTION('ref_axis',(0.,0.,1.));
#2213=DIRECTION('',(0.,-0.707106781186555,0.70710678118654));
#2214=DIRECTION('center_axis',(0.,-1.,0.));
#2215=DIRECTION('ref_axis',(0.,0.,1.));
#2216=DIRECTION('center_axis',(0.,1.,0.));
#2217=DIRECTION('ref_axis',(0.,0.,1.));
#2218=DIRECTION('center_axis',(0.,0.70710678118655,0.707106781186545));
#2219=DIRECTION('ref_axis',(1.,0.,0.));
#2220=DIRECTION('',(1.,0.,0.));
#2221=DIRECTION('',(-1.,0.,0.));
#2222=DIRECTION('center_axis',(0.,0.,-1.));
#2223=DIRECTION('ref_axis',(1.,0.,0.));
#2224=DIRECTION('',(0.,-1.,0.));
#2225=DIRECTION('',(-1.,0.,0.));
#2226=DIRECTION('',(0.,-1.,0.));
#2227=DIRECTION('center_axis',(0.,-1.,0.));
#2228=DIRECTION('ref_axis',(0.,0.,-1.));
#2229=DIRECTION('',(0.,-1.,0.));
#2230=DIRECTION('center_axis',(0.,1.,0.));
#2231=DIRECTION('ref_axis',(0.,0.,-1.));
#2232=DIRECTION('center_axis',(0.,1.,0.));
#2233=DIRECTION('ref_axis',(0.,0.,1.));
#2234=DIRECTION('center_axis',(0.,-1.,0.));
#2235=DIRECTION('ref_axis',(0.,0.,1.));
#2236=DIRECTION('',(-1.,0.,0.));
#2237=DIRECTION('center_axis',(0.,0.,1.));
#2238=DIRECTION('ref_axis',(-1.,0.,0.));
#2239=DIRECTION('',(0.,-1.,0.));
#2240=DIRECTION('center_axis',(0.,-1.,0.));
#2241=DIRECTION('ref_axis',(0.,0.,1.));
#2242=DIRECTION('center_axis',(0.,0.,1.));
#2243=DIRECTION('ref_axis',(-1.,0.,0.));
#2244=DIRECTION('',(0.,-1.,0.));
#2245=DIRECTION('',(1.,0.,0.));
#2246=DIRECTION('center_axis',(0.,-1.,0.));
#2247=DIRECTION('ref_axis',(0.,0.,1.));
#2248=DIRECTION('center_axis',(0.,1.,0.));
#2249=DIRECTION('ref_axis',(0.,0.,1.));
#2250=DIRECTION('center_axis',(0.,0.,-1.));
#2251=DIRECTION('ref_axis',(0.707106781186547,-0.707106781186548,0.));
#2252=DIRECTION('center_axis',(0.,0.707106781186548,0.707106781186547));
#2253=DIRECTION('ref_axis',(-4.90653893338679E-17,-0.707106781186547,0.707106781186548));
#2254=DIRECTION('center_axis',(-0.707106781186549,0.,0.707106781186546));
#2255=DIRECTION('ref_axis',(0.707106781186546,-4.90653893338679E-17,0.707106781186549));
#2256=DIRECTION('center_axis',(-0.707106781186549,0.4338655295697,0.558355354815552));
#2257=DIRECTION('ref_axis',(0.619721657817151,0.,0.78482167836545));
#2258=DIRECTION('',(0.,0.789633715403797,-0.613578516163657));
#2259=DIRECTION('',(0.687200487176825,0.235607684186794,0.687200487176828));
#2260=DIRECTION('center_axis',(0.707106781186548,0.,0.707106781186547));
#2261=DIRECTION('ref_axis',(0.707106781186547,0.,-0.707106781186548));
#2262=DIRECTION('',(-0.687200487176826,0.235607684186793,0.687200487176827));
#2263=DIRECTION('',(0.,-1.,0.));
#2264=DIRECTION('',(0.577350269189626,0.577350269189625,-0.577350269189626));
#2265=DIRECTION('center_axis',(0.707106781186548,0.433865529569701,0.558355354815553));
#2266=DIRECTION('ref_axis',(0.619721657817152,0.,-0.784821678365449));
#2267=DIRECTION('',(0.,-0.789633715403797,0.613578516163657));
#2268=DIRECTION('center_axis',(0.,0.707106781186548,0.707106781186547));
#2269=DIRECTION('ref_axis',(1.,0.,0.));
#2270=DIRECTION('',(1.,0.,0.));
#2271=DIRECTION('',(-0.577350269189624,0.577350269189626,-0.577350269189627));
#2272=DIRECTION('center_axis',(-0.707106781186549,0.,0.707106781186546));
#2273=DIRECTION('ref_axis',(0.707106781186546,0.,0.707106781186549));
#2274=DIRECTION('',(0.,1.,0.));
#2275=DIRECTION('center_axis',(0.,0.,1.));
#2276=DIRECTION('ref_axis',(0.,-1.,0.));
#2277=DIRECTION('',(1.,0.,0.));
#2278=DIRECTION('',(0.,1.,0.));
#2279=DIRECTION('',(-1.,0.,0.));
#2280=DIRECTION('',(0.,-1.,0.));
#2281=DIRECTION('',(-1.,0.,0.));
#2282=DIRECTION('center_axis',(0.,0.613578516163657,0.789633715403797));
#2283=DIRECTION('ref_axis',(0.,-0.789633715403797,0.613578516163657));
#2284=DIRECTION('',(0.,-0.789633715403797,0.613578516163657));
#2285=DIRECTION('',(1.,0.,0.));
#2286=DIRECTION('',(0.,0.789633715403797,-0.613578516163657));
#2287=DIRECTION('center_axis',(-0.707106781186548,0.,-0.707106781186547));
#2288=DIRECTION('ref_axis',(-0.707106781186547,0.,0.707106781186548));
#2289=DIRECTION('',(0.,-1.,0.));
#2290=DIRECTION('',(-0.577350269189626,-0.577350269189626,0.577350269189626));
#2291=DIRECTION('',(0.,1.,0.));
#2292=DIRECTION('',(0.577350269189626,-0.577350269189624,-0.577350269189626));
#2293=DIRECTION('center_axis',(0.,0.707106781186549,-0.707106781186546));
#2294=DIRECTION('ref_axis',(-1.,0.,0.));
#2295=DIRECTION('',(1.,0.,0.));
#2296=DIRECTION('',(-0.577350269189625,-0.577350269189625,-0.577350269189627));
#2297=DIRECTION('',(-1.,0.,0.));
#2298=DIRECTION('center_axis',(0.577350269189627,-0.577350269189626,-0.577350269189625));
#2299=DIRECTION('ref_axis',(-0.707106781186546,0.,-0.707106781186549));
#2300=DIRECTION('',(0.707106781186546,0.707106781186549,0.));
#2301=DIRECTION('',(0.,-0.707106781186547,0.707106781186548));
#2302=DIRECTION('',(-0.707106781186546,0.,-0.707106781186549));
#2303=DIRECTION('center_axis',(0.,-0.707106781186548,-0.707106781186547));
#2304=DIRECTION('ref_axis',(-1.,0.,0.));
#2305=DIRECTION('',(1.,0.,0.));
#2306=DIRECTION('',(-1.,0.,0.));
#2307=DIRECTION('center_axis',(0.707106781186549,0.,-0.707106781186546));
#2308=DIRECTION('ref_axis',(-0.707106781186546,0.,-0.707106781186549));
#2309=DIRECTION('',(0.,-1.,0.));
#2310=DIRECTION('',(0.,1.,0.));
#2311=DIRECTION('center_axis',(0.577350269189628,-0.577350269189623,0.577350269189626));
#2312=DIRECTION('ref_axis',(0.707106781186546,0.,-0.707106781186549));
#2313=DIRECTION('',(0.707106781186546,0.,-0.707106781186549));
#2314=DIRECTION('',(0.,0.707106781186549,0.707106781186546));
#2315=DIRECTION('',(-0.707106781186546,-0.707106781186549,3.14018491736755E-15));
#2316=DIRECTION('center_axis',(0.,-0.707106781186546,0.707106781186549));
#2317=DIRECTION('ref_axis',(1.,0.,0.));
#2318=DIRECTION('',(1.,0.,0.));
#2319=DIRECTION('',(-0.577350269189626,-0.577350269189627,-0.577350269189624));
#2320=DIRECTION('center_axis',(-0.707106781186548,0.433865529569701,0.558355354815553));
#2321=DIRECTION('ref_axis',(0.619721657817152,0.,0.784821678365449));
#2322=DIRECTION('',(-0.402399152024019,0.402399152024011,-0.822283311821849));
#2323=DIRECTION('',(-0.619721657817152,0.,-0.784821678365449));
#2324=DIRECTION('',(0.,-0.789633715403797,0.613578516163657));
#2325=DIRECTION('',(0.687200487176827,0.235607684186797,0.687200487176825));
#2326=DIRECTION('center_axis',(0.,0.89821448334005,0.439557438701892));
#2327=DIRECTION('ref_axis',(0.,-0.439557438701892,0.89821448334005));
#2328=DIRECTION('',(-1.,0.,0.));
#2329=DIRECTION('',(0.402399152024012,0.402399152024012,-0.822283311821851));
#2330=DIRECTION('center_axis',(-0.707106781186546,0.,0.707106781186549));
#2331=DIRECTION('ref_axis',(0.707106781186549,0.,0.707106781186546));
#2332=DIRECTION('',(0.,-1.,0.));
#2333=DIRECTION('center_axis',(0.70710678118655,0.4338655295697,0.558355354815551));
#2334=DIRECTION('ref_axis',(0.61972165781715,0.,-0.784821678365451));
#2335=DIRECTION('',(0.,0.789633715403797,-0.613578516163657));
#2336=DIRECTION('',(-0.61972165781715,0.,0.784821678365451));
#2337=DIRECTION('',(0.687200487176825,-0.235607684186796,-0.687200487176828));
#2338=DIRECTION('center_axis',(0.707106781186549,0.,0.707106781186546));
#2339=DIRECTION('ref_axis',(0.707106781186546,0.,-0.707106781186549));
#2340=DIRECTION('',(0.,1.,0.));
#2341=DIRECTION('center_axis',(0.707106781186549,-0.707106781186546,0.));
#2342=DIRECTION('ref_axis',(0.,0.,-1.));
#2343=DIRECTION('',(0.,0.,1.));
#2344=DIRECTION('',(0.,0.,-1.));
#2345=DIRECTION('center_axis',(1.,0.,0.));
#2346=DIRECTION('ref_axis',(0.,0.,-1.));
#2347=DIRECTION('',(0.,0.,1.));
#2348=DIRECTION('',(0.,0.,-1.));
#2349=DIRECTION('',(0.,0.789633715403797,-0.613578516163657));
#2350=DIRECTION('',(0.,0.613578516163657,0.789633715403797));
#2351=DIRECTION('',(0.,-1.,2.48843328356017E-12));
#2352=DIRECTION('',(0.,-0.613578516163657,-0.789633715403797));
#2353=DIRECTION('',(0.,0.789633715403797,-0.613578516163657));
#2354=DIRECTION('',(0.,1.10469952699021E-16,1.));
#2355=DIRECTION('center_axis',(0.,0.,-1.));
#2356=DIRECTION('ref_axis',(0.,1.,0.));
#2357=DIRECTION('center_axis',(0.707106781186549,-0.433865529569701,-0.558355354815552));
#2358=DIRECTION('ref_axis',(-0.619721657817151,0.,-0.78482167836545));
#2359=DIRECTION('',(-0.577350269189624,0.101645516673526,-0.810144959625647));
#2360=DIRECTION('center_axis',(0.707106781186548,0.558355354815553,-0.433865529569702));
#2361=DIRECTION('ref_axis',(-0.522980400857458,0.,-0.852344707450555));
#2362=DIRECTION('',(0.,0.613578516163657,0.789633715403797));
#2363=DIRECTION('center_axis',(0.,0.789633715403797,-0.613578516163657));
#2364=DIRECTION('ref_axis',(0.,0.613578516163657,0.789633715403797));
#2365=DIRECTION('',(0.,-0.613578516163657,-0.789633715403797));
#2366=DIRECTION('center_axis',(-0.707106781186552,-0.433865529569699,-0.55835535481555));
#2367=DIRECTION('ref_axis',(-0.619721657817149,0.,0.784821678365452));
#2368=DIRECTION('',(0.308500551376444,-0.899808212676168,0.308500551378682));
#2369=DIRECTION('',(0.577350269189624,0.101645516673524,-0.810144959625647));
#2370=DIRECTION('center_axis',(-0.707106781186547,1.75958804933571E-12,
0.707106781186548));
#2371=DIRECTION('ref_axis',(0.707106781186548,0.,0.707106781186547));
#2372=DIRECTION('',(0.402399152024873,0.82228331182201,0.402399152022826));
#2373=DIRECTION('center_axis',(-0.707106781186548,0.558355354815553,-0.433865529569702));
#2374=DIRECTION('ref_axis',(-0.522980400857458,0.,0.852344707450555));
#2375=DIRECTION('center_axis',(0.707106781186547,-0.433865529569702,-0.558355354815554));
#2376=DIRECTION('ref_axis',(-0.619721657817153,0.,-0.784821678365448));
#2377=DIRECTION('',(0.402399152024016,-0.402399152024015,0.822283311821848));
#2378=DIRECTION('',(-0.577350269189626,-0.810144959625645,-0.101645516673526));
#2379=DIRECTION('center_axis',(0.707106781186546,0.707106781186549,-7.81140526708347E-17));
#2380=DIRECTION('ref_axis',(-1.10469952699021E-16,0.,-1.));
#2381=DIRECTION('',(0.308500551377458,-0.308500551377457,-0.89980821267624));
#2382=DIRECTION('center_axis',(0.707106781186547,-0.558355354815553,0.433865529569702));
#2383=DIRECTION('ref_axis',(0.522980400857459,0.,-0.852344707450555));
#2384=DIRECTION('',(0.,-0.613578516163657,-0.789633715403797));
#2385=DIRECTION('center_axis',(0.,-0.789633715403797,0.613578516163657));
#2386=DIRECTION('ref_axis',(0.,-0.613578516163657,-0.789633715403797));
#2387=DIRECTION('',(0.,0.613578516163657,0.789633715403797));
#2388=DIRECTION('center_axis',(-0.707106781186547,-0.558355354815554,0.433865529569702));
#2389=DIRECTION('ref_axis',(0.522980400857459,0.,0.852344707450555));
#2390=DIRECTION('',(0.308500551377458,0.308500551377458,0.899808212676239));
#2391=DIRECTION('',(-0.577350269189626,0.810144959625645,0.101645516673526));
#2392=DIRECTION('center_axis',(-0.707106781186547,0.707106781186548,-7.81140526708346E-17));
#2393=DIRECTION('ref_axis',(-1.10469952699021E-16,0.,1.));
#2394=DIRECTION('',(0.402399152024016,0.402399152024015,-0.822283311821848));
#2395=DIRECTION('center_axis',(-0.707106781186547,-0.433865529569702,-0.558355354815554));
#2396=DIRECTION('ref_axis',(-0.619721657817153,0.,0.784821678365448));
#2397=DIRECTION('center_axis',(-0.707106781186542,0.558355354815557,-0.433865529569705));
#2398=DIRECTION('ref_axis',(-0.522980400857464,0.,0.852344707450551));
#2399=DIRECTION('',(0.577350269189631,0.101645516673526,-0.810144959625642));
#2400=DIRECTION('center_axis',(-0.707106781186544,-0.433865529569704,-0.558355354815556));
#2401=DIRECTION('ref_axis',(-0.619721657817157,0.,0.784821678365445));
#2402=DIRECTION('',(0.,-0.789633715403797,0.613578516163657));
#2403=DIRECTION('center_axis',(0.,-0.613578516163657,-0.789633715403797));
#2404=DIRECTION('ref_axis',(0.,-0.789633715403797,0.613578516163657));
#2405=DIRECTION('',(0.,0.789633715403797,-0.613578516163657));
#2406=DIRECTION('center_axis',(-0.707106781186542,-0.433865529569705,-0.558355354815558));
#2407=DIRECTION('ref_axis',(-0.619721657817159,0.,0.784821678365444));
#2408=DIRECTION('',(0.577350269189632,-0.810144959625641,-0.101645516673526));
#2409=DIRECTION('',(0.,-0.789633715403797,0.613578516163657));
#2410=DIRECTION('',(0.402399152024021,0.402399152024015,-0.822283311821846));
#2411=DIRECTION('center_axis',(-0.707106781186543,-0.558355354815557,0.433865529569705));
#2412=DIRECTION('ref_axis',(0.522980400857464,0.,0.852344707450552));
#2413=DIRECTION('',(-0.308500551377462,-0.308500551377458,-0.899808212676239));
#2414=DIRECTION('center_axis',(-0.707106781186543,0.707106781186552,-1.44627734591285E-16));
#2415=DIRECTION('ref_axis',(-2.04534503754293E-16,0.,1.));
#2416=DIRECTION('center_axis',(0.,-0.613578516163657,-0.789633715403797));
#2417=DIRECTION('ref_axis',(0.,-0.789633715403797,0.613578516163657));
#2418=DIRECTION('',(0.,0.789633715403797,-0.613578516163657));
#2419=DIRECTION('center_axis',(0.707106781186543,-0.558355354815557,0.433865529569705));
#2420=DIRECTION('ref_axis',(0.522980400857464,0.,-0.852344707450552));
#2421=DIRECTION('',(0.,0.613578516163657,0.789633715403797));
#2422=DIRECTION('',(-0.577350269189632,-0.810144959625641,-0.101645516673529));
#2423=DIRECTION('',(-0.308500551377462,0.308500551377458,0.899808212676238));
#2424=DIRECTION('center_axis',(0.707106781186542,-0.433865529569705,-0.558355354815558));
#2425=DIRECTION('ref_axis',(-0.619721657817159,0.,-0.784821678365444));
#2426=DIRECTION('',(0.,-0.789633715403797,0.613578516163657));
#2427=DIRECTION('',(-0.40239915202402,0.402399152024015,-0.822283311821846));
#2428=DIRECTION('center_axis',(0.707106781186543,0.707106781186552,-1.44627734591285E-16));
#2429=DIRECTION('ref_axis',(-2.04534503754293E-16,0.,-1.));
#2430=DIRECTION('',(0.,-2.0453450375429E-16,-1.));
#2431=DIRECTION('center_axis',(1.,0.,0.));
#2432=DIRECTION('ref_axis',(0.,0.,-1.));
#2433=DIRECTION('',(0.,0.,1.));
#2434=DIRECTION('',(0.,-0.613578516163657,-0.789633715403797));
#2435=DIRECTION('',(0.,-0.789633715403797,0.613578516163657));
#2436=DIRECTION('',(0.,1.,-2.48843328356017E-12));
#2437=DIRECTION('center_axis',(0.707106781186542,0.558355354815557,-0.433865529569705));
#2438=DIRECTION('ref_axis',(-0.522980400857464,0.,-0.852344707450551));
#2439=DIRECTION('',(-0.402399152023824,0.822283311821809,0.402399152024287));
#2440=DIRECTION('',(-0.577350269189631,0.101645516673526,-0.810144959625641));
#2441=DIRECTION('center_axis',(0.707106781188753,1.75958804933022E-12,0.707106781184342));
#2442=DIRECTION('ref_axis',(0.707106781184342,0.,-0.707106781188753));
#2443=DIRECTION('',(-0.308500551375573,-0.899808212676104,0.308500551379736));
#2444=DIRECTION('center_axis',(0.707106781186543,-0.433865529569704,-0.558355354815557));
#2445=DIRECTION('ref_axis',(-0.619721657817158,0.,-0.784821678365445));
#2446=DIRECTION('center_axis',(0.,1.,0.));
#2447=DIRECTION('ref_axis',(0.,0.,1.));
#2448=DIRECTION('center_axis',(0.,-1.,0.));
#2449=DIRECTION('ref_axis',(0.,0.,-1.));
#2450=CARTESIAN_POINT('',(0.,0.,0.));
#2451=CARTESIAN_POINT('Origin',(0.,36.3982523012362,19.6233244079454));
#2452=CARTESIAN_POINT('',(3.2,36.3982523012362,19.6233244079454));
#2453=CARTESIAN_POINT('',(4.,35.2756825159823,19.4824802485533));
#2454=CARTESIAN_POINT('',(4.72425049562539,34.2594053618019,19.3549721832462));
#2455=CARTESIAN_POINT('',(1.,35.2756825159823,19.4824802485533));
#2456=CARTESIAN_POINT('',(0.,35.2756825159823,19.4824802485533));
#2457=CARTESIAN_POINT('',(1.79999999999999,36.3982523012362,19.6233244079454));
#2458=CARTESIAN_POINT('',(-0.557583828958725,33.0900618354957,19.2082595172127));
#2459=CARTESIAN_POINT('',(1.,37.5208220864902,19.7641685673375));
#2460=CARTESIAN_POINT('',(1.3714506196382,36.9995980335905,19.6987727544892));
#2461=CARTESIAN_POINT('',(4.,37.5208220864902,19.7641685673375));
#2462=CARTESIAN_POINT('',(0.,37.5208220864902,19.7641685673375));
#2463=CARTESIAN_POINT('',(2.79521604702847,35.8302545072843,19.5520600884558));
#2464=CARTESIAN_POINT('Origin',(0.,36.2574081418441,20.7458941931993));
#2465=CARTESIAN_POINT('',(1.,55.2343685667351,5.99999999990659));
#2466=CARTESIAN_POINT('',(1.,35.4451090030849,21.377084693957));
#2467=CARTESIAN_POINT('',(4.,55.2343685667351,5.99999999990659));
#2468=CARTESIAN_POINT('',(0.,55.2343685667351,5.99999999990659));
#2469=CARTESIAN_POINT('',(4.,35.4451090030849,21.377084693957));
#2470=CARTESIAN_POINT('Origin',(0.,26.090092685432,6.63170697230337));
#2471=CARTESIAN_POINT('',(1.,25.7809554983629,7.2634139446284));
#2472=CARTESIAN_POINT('',(1.63170697232426,26.090092685432,6.63170697230337));
#2473=CARTESIAN_POINT('',(0.0149461800193868,25.2989016658715,8.24846776461021));
#2474=CARTESIAN_POINT('',(4.,25.7809554983629,7.2634139446284));
#2475=CARTESIAN_POINT('',(0.,25.7809554983629,7.2634139446284));
#2476=CARTESIAN_POINT('',(2.73658605535148,26.3992298725011,5.99999999997834));
#2477=CARTESIAN_POINT('',(3.86872376865823,25.8451978871032,7.13213771328648));
#2478=CARTESIAN_POINT('',(1.,26.3992298725011,5.99999999997834));
#2479=CARTESIAN_POINT('',(0.,26.3992298725011,5.99999999997834));
#2480=CARTESIAN_POINT('',(-1.21576198158282,27.4835529150043,3.78423801839283));
#2481=CARTESIAN_POINT('Origin',(0.,55.2343685667351,5.99999999990659));
#2482=CARTESIAN_POINT('',(5.8,22.5196919489259,5.999999999988));
#2483=CARTESIAN_POINT('',(-5.19039914866517,36.438042868154,5.99999999995336));
#2484=CARTESIAN_POINT('',(5.8,8.00000000002413,6.00000000002413));
#2485=CARTESIAN_POINT('',(5.8,44.19218428335,5.99999999993407));
#2486=CARTESIAN_POINT('',(94.5,8.00000000002413,6.00000000002413));
#2487=CARTESIAN_POINT('',(0.,8.00000000002413,6.00000000002413));
#2488=CARTESIAN_POINT('',(94.5,22.5196919489259,5.999999999988));
#2489=CARTESIAN_POINT('',(94.5,45.3704513288447,5.99999999993113));
#2490=CARTESIAN_POINT('',(97.5634139446486,26.3992298725011,5.99999999997834));
#2491=CARTESIAN_POINT('',(87.9078867428466,14.1713740788239,6.00000000000877));
#2492=CARTESIAN_POINT('',(99.3,26.3992298725011,5.99999999997834));
#2493=CARTESIAN_POINT('',(50.15,26.3992298725011,5.99999999997834));
#2494=CARTESIAN_POINT('',(99.3,55.2343685667351,5.99999999990659));
#2495=CARTESIAN_POINT('',(99.3,44.19218428335,5.99999999993407));
#2496=CARTESIAN_POINT('',(96.3,55.2343685667351,5.99999999990659));
#2497=CARTESIAN_POINT('',(50.15,55.2343685667351,5.99999999990659));
#2498=CARTESIAN_POINT('',(94.5,58.1679784513511,5.99999999989929));
#2499=CARTESIAN_POINT('',(85.2878815153653,73.1817350317837,5.99999999986193));
#2500=CARTESIAN_POINT('',(94.5,62.0794582973536,5.99999999988956));
#2501=CARTESIAN_POINT('',(94.5,45.3704513288447,5.99999999993113));
#2502=CARTESIAN_POINT('',(96.3,65.0130681819697,5.99999999988225));
#2503=CARTESIAN_POINT('',(77.9842080095523,35.16229683322,5.99999999995654));
#2504=CARTESIAN_POINT('',(4.,65.0130681819697,5.99999999988226));
#2505=CARTESIAN_POINT('',(0.,65.0130681819646,5.99999999988626));
#2506=CARTESIAN_POINT('',(5.8,62.0794582973536,5.99999999988956));
#2507=CARTESIAN_POINT('',(8.60110622872709,57.5142622304351,5.99999999990091));
#2508=CARTESIAN_POINT('',(5.8,58.1679784513511,5.99999999989929));
#2509=CARTESIAN_POINT('',(5.8,44.19218428335,5.99999999993407));
#2510=CARTESIAN_POINT('',(-0.820888733376037,47.3773647662538,5.99999999992614));
#2511=CARTESIAN_POINT('',(1.,44.19218428335,5.99999999993407));
#2512=CARTESIAN_POINT('Origin',(0.,21.631706972323,31.3106774419221));
#2513=CARTESIAN_POINT('',(3.36829302767696,21.631706972323,31.3106774419221));
#2514=CARTESIAN_POINT('',(4.,21.,31.001540254853));
#2515=CARTESIAN_POINT('',(4.84965556728928,20.1503444327107,30.5857459965065));
#2516=CARTESIAN_POINT('',(1.,21.,31.001540254853));
#2517=CARTESIAN_POINT('',(0.,21.,31.001540254853));
#2518=CARTESIAN_POINT('',(1.63170697232304,21.631706972323,31.3106774419221));
#2519=CARTESIAN_POINT('',(-0.965985618612418,19.0340143813876,30.0394497752734));
#2520=CARTESIAN_POINT('',(1.,22.2634139446461,31.6198146289912));
#2521=CARTESIAN_POINT('',(-0.0400679052046914,23.3034818498508,32.1287905951634));
#2522=CARTESIAN_POINT('',(4.,22.2634139446461,31.6198146289912));
#2523=CARTESIAN_POINT('',(0.,22.2634139446461,31.6198146289912));
#2524=CARTESIAN_POINT('',(3.92373785388156,22.1871517985276,31.5824943739302));
#2525=CARTESIAN_POINT('Origin',(0.,21.,32.601540254853));
#2526=CARTESIAN_POINT('',(1.,31.5196058494213,24.4273652901813));
#2527=CARTESIAN_POINT('',(1.,27.8164049321629,27.3049077247839));
#2528=CARTESIAN_POINT('',(4.,31.5196058494213,24.4273652901813));
#2529=CARTESIAN_POINT('',(0.,31.5196058494213,24.4273652901813));
#2530=CARTESIAN_POINT('',(4.,27.8164049321629,27.3049077247839));
#2531=CARTESIAN_POINT('Origin',(0.,21.4908628129309,12.3210567801524));
#2532=CARTESIAN_POINT('',(3.50913718706907,21.4908628129309,12.3210567801524));
#2533=CARTESIAN_POINT('',(4.,21.9817256258618,12.1527637524755));
#2534=CARTESIAN_POINT('',(4.32270249620453,22.3044281220664,12.0421247333962));
#2535=CARTESIAN_POINT('',(1.,21.9817256258618,12.1527637524755));
#2536=CARTESIAN_POINT('',(0.,21.9817256258618,12.1527637524755));
#2537=CARTESIAN_POINT('',(1.49086281293093,21.4908628129309,12.3210567801524));
#2538=CARTESIAN_POINT('',(-0.503313770144702,23.4850393960065,11.6373504450068));
#2539=CARTESIAN_POINT('',(1.,21.,12.4893498078294));
#2540=CARTESIAN_POINT('',(0.413987597279187,20.4139875972792,12.6902650104321));
#2541=CARTESIAN_POINT('',(4.,21.,12.4893498078294));
#2542=CARTESIAN_POINT('',(0.,21.,12.4893498078294));
#2543=CARTESIAN_POINT('',(3.40540112878064,21.5945988712194,12.2854907220427));
#2544=CARTESIAN_POINT('Origin',(0.,21.,10.8893498078294));
#2545=CARTESIAN_POINT('',(4.,21.,15.4946749039147));
#2546=CARTESIAN_POINT('',(1.,21.,15.4946749039147));
#2547=CARTESIAN_POINT('Origin',(50.15,26.090092685432,6.63170697230337));
#2548=CARTESIAN_POINT('',(98.6682930276777,26.090092685431,6.63170697230535));
#2549=CARTESIAN_POINT('',(90.3189715668938,22.0042018160591,14.9810284331515));
#2550=CARTESIAN_POINT('',(96.3,25.7809554983629,7.2634139446284));
#2551=CARTESIAN_POINT('',(84.0059111173346,19.7646216263766,19.5575028273086));
#2552=CARTESIAN_POINT('',(99.3,25.7809554983629,7.2634139446284));
#2553=CARTESIAN_POINT('',(50.15,25.7809554983629,7.2634139446284));
#2554=CARTESIAN_POINT('',(90.1084359382956,30.2790129574184,-1.928150117087));
#2555=CARTESIAN_POINT('Origin',(100.3,36.2574081418441,20.7458941931993));
#2556=CARTESIAN_POINT('',(96.3,35.2756825159823,19.4824802485533));
#2557=CARTESIAN_POINT('',(96.3,36.6863489571932,21.2979117765889));
#2558=CARTESIAN_POINT('',(99.3,35.2756825159823,19.4824802485533));
#2559=CARTESIAN_POINT('',(100.3,35.2756825159823,19.4824802485533));
#2560=CARTESIAN_POINT('',(99.3,35.5160032096812,19.791756595842));
#2561=CARTESIAN_POINT('Origin',(100.3,36.3982523012362,19.6233244079454));
#2562=CARTESIAN_POINT('',(97.1000000000001,36.3982523012362,19.6233244079454));
#2563=CARTESIAN_POINT('',(96.3,37.5208220864902,19.7641685673375));
#2564=CARTESIAN_POINT('',(95.5003943806967,38.6428384719266,19.9049432939575));
#2565=CARTESIAN_POINT('',(99.3,37.5208220864902,19.7641685673375));
#2566=CARTESIAN_POINT('',(100.3,37.5208220864902,19.7641685673375));
#2567=CARTESIAN_POINT('',(98.5,36.3982523012362,19.6233244079454));
#2568=CARTESIAN_POINT('',(100.931267017529,39.8098359184392,20.0513616071224));
#2569=CARTESIAN_POINT('',(99.3013882256934,35.273734540709,19.4822358442022));
#2570=CARTESIAN_POINT('',(97.449846760724,36.8891615550584,19.6849167491082));
#2571=CARTESIAN_POINT('Origin',(100.3,21.4908628129309,12.3210567801524));
#2572=CARTESIAN_POINT('',(96.790862812931,21.4908628129309,12.3210567801525));
#2573=CARTESIAN_POINT('',(96.3,21.,12.4893498078294));
#2574=CARTESIAN_POINT('',(95.8943129409479,20.5943129409479,12.6284402046953));
#2575=CARTESIAN_POINT('',(99.3,21.,12.4893498078294));
#2576=CARTESIAN_POINT('',(100.3,21.,12.4893498078294));
#2577=CARTESIAN_POINT('',(98.8091371870691,21.4908628129309,12.3210567801524));
#2578=CARTESIAN_POINT('',(100.764866046478,19.5351339535222,12.9915812574496));
#2579=CARTESIAN_POINT('',(99.3,21.9817256258619,12.1527637524755));
#2580=CARTESIAN_POINT('',(100.109341302129,22.7910669279906,11.8752799126507));
#2581=CARTESIAN_POINT('',(96.3,21.9817256258619,12.1527637524755));
#2582=CARTESIAN_POINT('',(100.3,21.9817256258619,12.1527637524755));
#2583=CARTESIAN_POINT('',(96.5168558733255,21.7648697525363,12.2271131033126));
#2584=CARTESIAN_POINT('Origin',(100.3,21.,10.8893498078294));
#2585=CARTESIAN_POINT('',(99.3,31.5196058494213,24.4273652901813));
#2586=CARTESIAN_POINT('',(99.3,25.5183979925478,16.704219951648));
#2587=CARTESIAN_POINT('',(96.3,31.5196058494213,24.4273652901813));
#2588=CARTESIAN_POINT('',(100.3,31.5196058494213,24.4273652901813));
#2589=CARTESIAN_POINT('',(96.3,26.6887437400597,18.2103751323949));
#2590=CARTESIAN_POINT('Origin',(100.3,21.631706972323,31.3106774419221));
#2591=CARTESIAN_POINT('',(96.9317069723231,21.631706972323,31.3106774419221));
#2592=CARTESIAN_POINT('',(96.3,22.2634139446461,31.6198146289912));
#2593=CARTESIAN_POINT('',(95.6473829756322,22.9160309690139,31.9391845267217));
#2594=CARTESIAN_POINT('',(99.3,22.2634139446461,31.6198146289912));
#2595=CARTESIAN_POINT('',(100.3,22.2634139446461,31.6198146289912));
#2596=CARTESIAN_POINT('',(98.668293027677,21.631706972323,31.3106774419221));
#2597=CARTESIAN_POINT('',(101.067851029493,24.0312649741392,32.4849443780028));
#2598=CARTESIAN_POINT('',(99.3,21.,31.001540254853));
#2599=CARTESIAN_POINT('',(100.079856859022,20.2201431409779,30.6199032518166));
#2600=CARTESIAN_POINT('',(96.3,21.,31.001540254853));
#2601=CARTESIAN_POINT('',(100.3,21.,31.001540254853));
#2602=CARTESIAN_POINT('',(96.8003620586679,21.5003620586679,31.2464014422543));
#2603=CARTESIAN_POINT('Origin',(100.3,21.,32.601540254853));
#2604=CARTESIAN_POINT('',(96.3,21.,27.8507701273981));
#2605=CARTESIAN_POINT('',(99.3,21.,26.3507701274265));
#2606=CARTESIAN_POINT('Origin',(94.9,45.3704513288457,6.39999999993113));
#2607=CARTESIAN_POINT('',(95.3,55.8346063814175,6.79999999990509));
#2608=CARTESIAN_POINT('',(98.568750120666,46.3005935874747,10.0687501205948));
#2609=CARTESIAN_POINT('',(95.3,62.3537394581898,6.79999999988887));
#2610=CARTESIAN_POINT('',(95.3,45.3704513288467,6.79999999993113));
#2611=CARTESIAN_POINT('',(95.0644357906975,62.2729759272161,6.56443579058659));
#2612=CARTESIAN_POINT('Origin',(95.3,35.5065340909968,23.0999999999431));
#2613=CARTESIAN_POINT('',(95.3,36.081352942604,22.1491064247668));
#2614=CARTESIAN_POINT('',(95.3,45.5550890296805,14.7876161319391));
#2615=CARTESIAN_POINT('',(95.3,24.154453469042,6.79999999998393));
#2616=CARTESIAN_POINT('',(95.3,35.8967152417894,21.9114902927526));
#2617=CARTESIAN_POINT('',(95.3,8.0000000000291,6.80000000002413));
#2618=CARTESIAN_POINT('',(95.3,45.3704513288467,6.79999999993113));
#2619=CARTESIAN_POINT('',(95.3,8.0000000000291,39.2));
#2620=CARTESIAN_POINT('',(95.3,8.0000000000291,14.5499999999861));
#2621=CARTESIAN_POINT('',(95.3,20.6571485489559,39.2));
#2622=CARTESIAN_POINT('',(95.3,28.2532670454984,39.2));
#2623=CARTESIAN_POINT('',(95.3,51.701483262448,15.0772498473527));
#2624=CARTESIAN_POINT('',(95.3,20.,34.6449921550021));
#2625=CARTESIAN_POINT('',(95.3,32.9228180809888,24.6034204894214));
#2626=CARTESIAN_POINT('',(95.3,33.6977076710237,24.0012987770764));
#2627=CARTESIAN_POINT('',(95.3,20.,7.97263472042166));
#2628=CARTESIAN_POINT('',(95.3,20.,27.8507701273981));
#2629=CARTESIAN_POINT('',(95.3,27.4783774554635,17.5967966162313));
#2630=CARTESIAN_POINT('Origin',(5.4,44.192184283351,6.39999999993507));
#2631=CARTESIAN_POINT('',(5.,55.8346063814149,6.7999999999071));
#2632=CARTESIAN_POINT('',(-0.10149197871391,40.9550077587463,11.9014919786708));
#2633=CARTESIAN_POINT('',(5.,62.3537394581872,6.79999999989088));
#2634=CARTESIAN_POINT('',(5.33013854263774,62.240550979799,6.46986145725259));
#2635=CARTESIAN_POINT('',(5.,44.192184283352,6.79999999993607));
#2636=CARTESIAN_POINT('Ctrl Pts',(93.4186440529151,6.00352220433292,9.01083304775295));
#2637=CARTESIAN_POINT('Ctrl Pts',(93.412047898385,6.00313021674919,9.01727825298988));
#2638=CARTESIAN_POINT('Ctrl Pts',(93.363583632341,6.00041977723076,9.06440040743872));
#2639=CARTESIAN_POINT('Ctrl Pts',(93.3102432694706,6.00002449673557,9.11588636744045));
#2640=CARTESIAN_POINT('Ctrl Pts',(93.3016588588388,6.0000000000291,9.12420822142748));
#2641=CARTESIAN_POINT('Ctrl Pts',(93.3,6.0000000000291,9.12581285966711));
#2642=CARTESIAN_POINT('Ctrl Pts',(93.0421516860338,6.00352220433292,8.63434068087165));
#2643=CARTESIAN_POINT('Ctrl Pts',(93.0356058479348,6.00313021674919,8.64083620253962));
#2644=CARTESIAN_POINT('Ctrl Pts',(92.9876670768281,6.00041977723076,8.68848385192579));
#2645=CARTESIAN_POINT('Ctrl Pts',(92.9348461243414,6.00002449673557,8.74048922231127));
#2646=CARTESIAN_POINT('Ctrl Pts',(92.9263698320914,6.0000000000291,8.7489191946801));
#2647=CARTESIAN_POINT('Ctrl Pts',(92.9247290467857,6.0000000000291,8.75054190645278));
#2648=CARTESIAN_POINT('Ctrl Pts',(92.6656593191525,6.00352220433292,8.25784831399036));
#2649=CARTESIAN_POINT('Ctrl Pts',(92.6591637974845,6.0031302167492,8.26439415208937));
#2650=CARTESIAN_POINT('Ctrl Pts',(92.6115161480984,5.99994599004687,8.31273564484688));
#2651=CARTESIAN_POINT('Ctrl Pts',(92.5595107777129,6.00031419727545,8.36520989949194));
#2652=CARTESIAN_POINT('Ctrl Pts',(92.5510808053441,6.0000000000291,8.37363016793272));
#2653=CARTESIAN_POINT('Ctrl Pts',(92.5494580935714,6.0000000000291,8.37527095323845));
#2654=CARTESIAN_POINT('Ctrl Pts',(92.2891669522712,6.00352220433292,7.88135594710906));
#2655=CARTESIAN_POINT('Ctrl Pts',(92.2827217470343,6.0031302167492,7.88795210163912));
#2656=CARTESIAN_POINT('Ctrl Pts',(92.2355995925855,6.00041977723076,7.93641636768314));
#2657=CARTESIAN_POINT('Ctrl Pts',(92.1841136325837,6.00002449673557,7.9897567305535));
#2658=CARTESIAN_POINT('Ctrl Pts',(92.1757917785967,6.0000000000291,7.99834114118534));
#2659=CARTESIAN_POINT('Ctrl Pts',(92.174187140357,6.0000000000291,8.00000000002412));
#2660=CARTESIAN_POINT('',(93.3,6.0000000000291,9.12581285966712));
#2661=CARTESIAN_POINT('',(93.4186440529151,6.00352220433292,9.01083304775295));
#2662=CARTESIAN_POINT('Ctrl Pts',(93.3,6.0000000000291,9.12581285966712));
#2663=CARTESIAN_POINT('Ctrl Pts',(93.300470634897,6.0000000000291,9.12535760769815));
#2664=CARTESIAN_POINT('Ctrl Pts',(93.3009445799141,6.00000014375145,9.12489915479708));
#2665=CARTESIAN_POINT('Ctrl Pts',(93.301507910766,6.0000005684779,9.12435429331475));
#2666=CARTESIAN_POINT('Ctrl Pts',(93.3020957579459,6.00000101168857,9.12378571929684));
#2667=CARTESIAN_POINT('Ctrl Pts',(93.3027807618749,6.00000175755849,9.12312322500285));
#2668=CARTESIAN_POINT('Ctrl Pts',(93.3036189264514,6.00000327418895,9.12231268379742));
#2669=CARTESIAN_POINT('Ctrl Pts',(93.3045034864068,6.00000487477028,9.12145727626448));
#2670=CARTESIAN_POINT('Ctrl Pts',(93.3055583995391,6.00000733423166,9.12043720395318));
#2671=CARTESIAN_POINT('Ctrl Pts',(93.3068070111474,6.00001158391284,9.11922991691288));
#2672=CARTESIAN_POINT('Ctrl Pts',(93.3081504433359,6.00001615631826,9.11793094751378));
#2673=CARTESIAN_POINT('Ctrl Pts',(93.3097177765268,6.00002281977555,9.11641557290166));
#2674=CARTESIAN_POINT('Ctrl Pts',(93.3114944620046,6.00003303096606,9.11469787050348));
#2675=CARTESIAN_POINT('Ctrl Pts',(93.3135163593653,6.00004465146917,9.11274309685956));
#2676=CARTESIAN_POINT('Ctrl Pts',(93.3158088724163,6.00006092694549,9.11052678966281));
#2677=CARTESIAN_POINT('Ctrl Pts',(93.3183020577387,6.0000837431117,9.10811654640161));
#2678=CARTESIAN_POINT('Ctrl Pts',(93.3226920721632,6.00012391794261,9.10387257681464));
#2679=CARTESIAN_POINT('Ctrl Pts',(93.3277001029564,6.00018533380913,9.09903137252057));
#2680=CARTESIAN_POINT('Ctrl Pts',(93.3327979399086,6.00026894432742,9.09410304522704));
#2681=CARTESIAN_POINT('Ctrl Pts',(93.3355977071007,6.00031486380038,9.09139637390787));
#2682=CARTESIAN_POINT('Ctrl Pts',(93.3384229136972,6.00036717762789,9.08866500830513));
#2683=CARTESIAN_POINT('Ctrl Pts',(93.3412052569264,6.00042451338159,9.08597480886062));
#2684=CARTESIAN_POINT('Ctrl Pts',(93.343690233176,6.00047572129322,9.08357212839471));
#2685=CARTESIAN_POINT('Ctrl Pts',(93.3461405450014,6.00053087326015,9.0812027431565));
#2686=CARTESIAN_POINT('Ctrl Pts',(93.3485354177601,6.00058900845612,9.07888655948645));
#2687=CARTESIAN_POINT('Ctrl Pts',(93.3508027767865,6.00064404827436,9.07669369978974));
#2688=CARTESIAN_POINT('Ctrl Pts',(93.3530200349797,6.00070171276315,9.07454892287461));
#2689=CARTESIAN_POINT('Ctrl Pts',(93.3552022227164,6.00076196652554,9.07243748350668));
#2690=CARTESIAN_POINT('Ctrl Pts',(93.3581624056171,6.00084370200327,9.06957327223474));
#2691=CARTESIAN_POINT('Ctrl Pts',(93.361060026191,6.00093009933955,9.06676848613044));
#2692=CARTESIAN_POINT('Ctrl Pts',(93.3640240823438,6.00102503348249,9.06389772295325));
#2693=CARTESIAN_POINT('Ctrl Pts',(93.3662509534174,6.00109635672534,9.06174094212691));
#2694=CARTESIAN_POINT('Ctrl Pts',(93.3685155212497,6.00117259596402,9.05954673280496));
#2695=CARTESIAN_POINT('Ctrl Pts',(93.3708309393434,6.00125464905722,9.05730229733693));
#2696=CARTESIAN_POINT('Ctrl Pts',(93.3733372884454,6.00134346830631,9.05487278413807));
#2697=CARTESIAN_POINT('Ctrl Pts',(93.3759028202594,6.00143913796401,9.05238480624802));
#2698=CARTESIAN_POINT('Ctrl Pts',(93.3785003366237,6.00154116954248,9.04986478835956));
#2699=CARTESIAN_POINT('Ctrl Pts',(93.3815990480771,6.00166288828318,9.04685852884127));
#2700=CARTESIAN_POINT('Ctrl Pts',(93.3847427133845,6.00179374682549,9.04380721501847));
#2701=CARTESIAN_POINT('Ctrl Pts',(93.3878313021795,6.00192951519693,9.0408081271752));
#2702=CARTESIAN_POINT('Ctrl Pts',(93.3919616197287,6.00211107594342,9.03679749773473));
#2703=CARTESIAN_POINT('Ctrl Pts',(93.3959881108602,6.0023014434783,9.03288542797952));
#2704=CARTESIAN_POINT('Ctrl Pts',(93.3996223123631,6.00248269224941,9.0293527896103));
#2705=CARTESIAN_POINT('Ctrl Pts',(93.4021512419617,6.00260881772198,9.02689453468793));
#2706=CARTESIAN_POINT('Ctrl Pts',(93.4044886531336,6.00273025675731,9.02462154048411));
#2707=CARTESIAN_POINT('Ctrl Pts',(93.4065608014605,6.00284081869375,9.02260575235061));
#2708=CARTESIAN_POINT('Ctrl Pts',(93.4083175558829,6.00293455241361,9.0208967797485));
#2709=CARTESIAN_POINT('Ctrl Pts',(93.4098834486104,6.0030204117087,9.01937287557654));
#2710=CARTESIAN_POINT('Ctrl Pts',(93.4112409199407,6.00309603194983,9.01805127997888));
#2711=CARTESIAN_POINT('Ctrl Pts',(93.4125277112245,6.00316771483917,9.01679849647052));
#2712=CARTESIAN_POINT('Ctrl Pts',(93.4136268484535,6.00323015787652,9.01572786535698));
#2713=CARTESIAN_POINT('Ctrl Pts',(93.4145544192416,6.00328337390705,9.01482387435468));
#2714=CARTESIAN_POINT('Ctrl Pts',(93.4154439165552,6.00333440560922,9.01395698896074));
#2715=CARTESIAN_POINT('Ctrl Pts',(93.4161753620828,6.00337693272545,9.01324361789131));
#2716=CARTESIAN_POINT('Ctrl Pts',(93.4167969102452,6.00341329223072,9.01263702944056));
#2717=CARTESIAN_POINT('Ctrl Pts',(93.4173901550817,6.0034479960398,9.012058063098));
#2718=CARTESIAN_POINT('Ctrl Pts',(93.4178831402266,6.00347707602196,9.0115765149597));
#2719=CARTESIAN_POINT('Ctrl Pts',(93.4183522483316,6.00350488475462,9.01111816859481));
#2720=CARTESIAN_POINT('Ctrl Pts',(93.4184501257815,6.00351068693073,9.01102253653713));
#2721=CARTESIAN_POINT('Ctrl Pts',(93.4185470927448,6.00351644231163,9.01092778904412));
#2722=CARTESIAN_POINT('Ctrl Pts',(93.4186440529151,6.00352220433292,9.01083304775295));
#2723=CARTESIAN_POINT('',(92.2891669522712,6.00352220433292,7.88135594710906));
#2724=CARTESIAN_POINT('Ctrl Pts',(92.2891669522712,6.00352220433292,7.88135594710906));
#2725=CARTESIAN_POINT('Ctrl Pts',(92.6656593191525,6.00352220433292,8.25784831399036));
#2726=CARTESIAN_POINT('Ctrl Pts',(93.0421516860338,6.00352220433292,8.63434068087165));
#2727=CARTESIAN_POINT('Ctrl Pts',(93.4186440529151,6.00352220433292,9.01083304775295));
#2728=CARTESIAN_POINT('',(92.174187140357,6.0000000000291,8.00000000002413));
#2729=CARTESIAN_POINT('Ctrl Pts',(92.2891669522712,6.00352220433292,7.88135594710906));
#2730=CARTESIAN_POINT('Ctrl Pts',(92.2887097718994,6.00349439931777,7.88182383482864));
#2731=CARTESIAN_POINT('Ctrl Pts',(92.2882493838773,6.00346654057154,7.88229502877515));
#2732=CARTESIAN_POINT('Ctrl Pts',(92.2877024335109,6.0034336674296,7.88285530517977));
#2733=CARTESIAN_POINT('Ctrl Pts',(92.2871316765304,6.00339936344814,7.88343996822885));
#2734=CARTESIAN_POINT('Ctrl Pts',(92.2864668310907,6.0033596062965,7.88412145910287));
#2735=CARTESIAN_POINT('Ctrl Pts',(92.2856536877595,6.00331154407917,7.88495561782208));
#2736=CARTESIAN_POINT('Ctrl Pts',(92.2847955264684,6.00326082099888,7.88583595797358));
#2737=CARTESIAN_POINT('Ctrl Pts',(92.2837724183304,6.00320086199679,7.88688610616473));
#2738=CARTESIAN_POINT('Ctrl Pts',(92.282561803542,6.00313120894484,7.88812939980373));
#2739=CARTESIAN_POINT('Ctrl Pts',(92.2812592325188,6.00305626516584,7.88946713190731));
#2740=CARTESIAN_POINT('Ctrl Pts',(92.2797399118412,6.00297013695467,7.89102813410852));
#2741=CARTESIAN_POINT('Ctrl Pts',(92.278018000187,6.00287513199514,7.89279803418246));
#2742=CARTESIAN_POINT('Ctrl Pts',(92.2760581927262,6.00276700134392,7.89481246004536));
#2743=CARTESIAN_POINT('Ctrl Pts',(92.2738364460091,6.00264746206669,7.89709698546568));
#2744=CARTESIAN_POINT('Ctrl Pts',(92.2714206121193,6.00252253041022,7.89958208147903));
#2745=CARTESIAN_POINT('Ctrl Pts',(92.2671679769098,6.0023026110013,7.90395664003201));
#2746=CARTESIAN_POINT('Ctrl Pts',(92.2623179804465,6.00206718381739,7.90894860101842));
#2747=CARTESIAN_POINT('Ctrl Pts',(92.2573820897131,6.00184845071517,7.9140326459045));
#2748=CARTESIAN_POINT('Ctrl Pts',(92.2546712167264,6.00172831887066,7.916824887607));
#2749=CARTESIAN_POINT('Ctrl Pts',(92.2519360224961,6.0016130220133,7.9196432523233));
#2750=CARTESIAN_POINT('Ctrl Pts',(92.2492425753229,6.00150523853388,7.92241979458394));
#2751=CARTESIAN_POINT('Ctrl Pts',(92.2468369065976,6.00140897106366,7.92489968019184));
#2752=CARTESIAN_POINT('Ctrl Pts',(92.2444649998919,6.00131866386273,7.92734572769763));
#2753=CARTESIAN_POINT('Ctrl Pts',(92.2421468737149,6.00123459180197,7.92973732946121));
#2754=CARTESIAN_POINT('Ctrl Pts',(92.2399525301446,6.00115500899592,7.93200122519077));
#2755=CARTESIAN_POINT('Ctrl Pts',(92.237806772288,6.00108098828925,7.93421592618405));
#2756=CARTESIAN_POINT('Ctrl Pts',(92.2356949099578,6.00101160607601,7.93639653438875));
#2757=CARTESIAN_POINT('Ctrl Pts',(92.2328334744801,6.0009175977102,7.93935111603491));
#2758=CARTESIAN_POINT('Ctrl Pts',(92.2300323634186,6.00083188603067,7.94224507636552));
#2759=CARTESIAN_POINT('Ctrl Pts',(92.2271666246754,6.00075071073468,7.94520694156096));
#2760=CARTESIAN_POINT('Ctrl Pts',(92.2250111068246,6.00068965324995,7.94743476268239));
#2761=CARTESIAN_POINT('Ctrl Pts',(92.2228188176353,6.00063124737656,7.94970121163247));
#2762=CARTESIAN_POINT('Ctrl Pts',(92.2205768381206,6.00057561681422,7.95201942264343));
#2763=CARTESIAN_POINT('Ctrl Pts',(92.2181500867784,6.00051540148177,7.95452868806967));
#2764=CARTESIAN_POINT('Ctrl Pts',(92.2156655023448,6.00045849977814,7.95709820177099));
#2765=CARTESIAN_POINT('Ctrl Pts',(92.2131492893328,6.0004060505294,7.95970065605709));
#2766=CARTESIAN_POINT('Ctrl Pts',(92.2101478301902,6.0003434865587,7.96280498791337));
#2767=CARTESIAN_POINT('Ctrl Pts',(92.2071019069869,6.00028737766177,7.96595563172275));
#2768=CARTESIAN_POINT('Ctrl Pts',(92.2041083428255,6.00023945585383,7.96905220592156));
#2769=CARTESIAN_POINT('Ctrl Pts',(92.2001027891643,6.00017533383643,7.97319559268409));
#2770=CARTESIAN_POINT('Ctrl Pts',(92.196196123764,6.00012621555879,7.97723684400139));
#2771=CARTESIAN_POINT('Ctrl Pts',(92.1926687101688,6.00009134160134,7.98088566127903));
#2772=CARTESIAN_POINT('Ctrl Pts',(92.1902145769018,6.00006707868552,7.98342425892977));
#2773=CARTESIAN_POINT('Ctrl Pts',(92.1879455478901,6.00004953152316,7.98577132506648));
#2774=CARTESIAN_POINT('Ctrl Pts',(92.1859334336284,6.00003689048857,7.98785255268026));
#2775=CARTESIAN_POINT('Ctrl Pts',(92.184227755542,6.0000261746281,7.98961681845836));
#2776=CARTESIAN_POINT('Ctrl Pts',(92.1827068976622,6.00001893969786,7.99118984597467));
#2777=CARTESIAN_POINT('Ctrl Pts',(92.1813880750107,6.00001386141204,7.99255383728087));
#2778=CARTESIAN_POINT('Ctrl Pts',(92.1801379359555,6.0000090476007,7.99384679263081));
#2779=CARTESIAN_POINT('Ctrl Pts',(92.1790696985715,6.00000615434861,7.99495154386195));
#2780=CARTESIAN_POINT('Ctrl Pts',(92.1781679011863,6.00000423518649,7.99588410259768));
#2781=CARTESIAN_POINT('Ctrl Pts',(92.1773031260399,6.00000239481334,7.99677837622321));
#2782=CARTESIAN_POINT('Ctrl Pts',(92.1765916784397,6.00000144731415,7.9975140236075));
#2783=CARTESIAN_POINT('Ctrl Pts',(92.1759869468264,6.00000086560293,7.99813927582227));
#2784=CARTESIAN_POINT('Ctrl Pts',(92.1754097662829,6.00000031039399,7.99873604206575));
#2785=CARTESIAN_POINT('Ctrl Pts',(92.1749299384115,6.0000000917659,7.99923209963942));
#2786=CARTESIAN_POINT('Ctrl Pts',(92.1744734302052,6.00000002192779,7.99970403589952));
#2787=CARTESIAN_POINT('Ctrl Pts',(92.1743773948932,6.000000007236,7.99980331680037));
#2788=CARTESIAN_POINT('Ctrl Pts',(92.1742822644271,6.0000000000291,7.99990166171929));
#2789=CARTESIAN_POINT('Ctrl Pts',(92.174187140357,6.0000000000291,8.00000000002413));
#2790=CARTESIAN_POINT('',(92.7370935701785,6.0000000000291,8.56290642984562));
#2791=CARTESIAN_POINT('Origin',(94.9,45.3704513288457,6.39999999993113));
#2792=CARTESIAN_POINT('',(101.992372244793,37.8299942491427,13.4923722447429));
#2793=CARTESIAN_POINT('',(94.5,8.00000000002413,6.00000000002413));
#2794=CARTESIAN_POINT('Ctrl Pts',(95.3,8.0000000000291,6.80000000002412));
#2795=CARTESIAN_POINT('Ctrl Pts',(95.3,7.89753782469124,6.80000000002412));
#2796=CARTESIAN_POINT('Ctrl Pts',(95.2787143967336,7.59384162768761,6.83505241084764));
#2797=CARTESIAN_POINT('Ctrl Pts',(95.0878146118847,6.96889058364661,7.14070187200777));
#2798=CARTESIAN_POINT('Ctrl Pts',(94.4353180055874,6.25223380987605,7.96472438000978));
#2799=CARTESIAN_POINT('Ctrl Pts',(93.7707852969656,6.02444879038501,8.66675035836902));
#2800=CARTESIAN_POINT('Ctrl Pts',(93.4186440529151,6.00352220433292,9.01083304775295));
#2801=CARTESIAN_POINT('Ctrl Pts',(95.0333333333333,8.0000000000291,6.53333333335746));
#2802=CARTESIAN_POINT('Ctrl Pts',(95.0333333333333,7.89753782469124,6.53333333335746));
#2803=CARTESIAN_POINT('Ctrl Pts',(95.0074587942146,7.59384162768761,6.56379680832859));
#2804=CARTESIAN_POINT('Ctrl Pts',(94.7783091172619,6.96889058364661,6.83119637738501));
#2805=CARTESIAN_POINT('Ctrl Pts',(94.0686372103964,6.25223380987605,7.59804358481876));
#2806=CARTESIAN_POINT('Ctrl Pts',(93.3916067451954,6.024448790385,8.28757180659887));
#2807=CARTESIAN_POINT('Ctrl Pts',(93.0421516860338,6.00352220433292,8.63434068087165));
#2808=CARTESIAN_POINT('Ctrl Pts',(94.7666666666667,8.0000000000291,6.26666666669079));
#2809=CARTESIAN_POINT('Ctrl Pts',(94.7666666666667,7.89753782469124,6.26666666669079));
#2810=CARTESIAN_POINT('Ctrl Pts',(94.7362031916956,7.59384162768761,6.29254120580954));
#2811=CARTESIAN_POINT('Ctrl Pts',(94.4688036226391,6.96889058364661,6.52169088276225));
#2812=CARTESIAN_POINT('Ctrl Pts',(93.7019564152054,6.25223380987604,7.23136278962775));
#2813=CARTESIAN_POINT('Ctrl Pts',(93.0124281934253,6.024448790385,7.90839325482871));
#2814=CARTESIAN_POINT('Ctrl Pts',(92.6656593191525,6.00352220433292,8.25784831399036));
#2815=CARTESIAN_POINT('Ctrl Pts',(94.5,8.0000000000291,6.00000000002413));
#2816=CARTESIAN_POINT('Ctrl Pts',(94.5,7.89753782469124,6.00000000002413));
#2817=CARTESIAN_POINT('Ctrl Pts',(94.4649475891765,7.59384162768761,6.0212856032905));
#2818=CARTESIAN_POINT('Ctrl Pts',(94.1592981280164,6.96889058364661,6.21218538813949));
#2819=CARTESIAN_POINT('Ctrl Pts',(93.3352756200144,6.25223380987604,6.86468199443673));
#2820=CARTESIAN_POINT('Ctrl Pts',(92.6332496416551,6.024448790385,7.52921470305855));
#2821=CARTESIAN_POINT('Ctrl Pts',(92.2891669522712,6.00352220433292,7.88135594710906));
#2822=CARTESIAN_POINT('Ctrl Pts',(93.4186440529151,6.00352220433292,9.01083304775295));
#2823=CARTESIAN_POINT('Ctrl Pts',(93.7707852969656,6.02444879038501,8.66675035836902));
#2824=CARTESIAN_POINT('Ctrl Pts',(94.4353180055874,6.25223380987605,7.96472438000978));
#2825=CARTESIAN_POINT('Ctrl Pts',(95.0878146118847,6.96889058364661,7.14070187200777));
#2826=CARTESIAN_POINT('Ctrl Pts',(95.2787143967336,7.59384162768761,6.83505241084764));
#2827=CARTESIAN_POINT('Ctrl Pts',(95.3,7.89753782469124,6.80000000002412));
#2828=CARTESIAN_POINT('Ctrl Pts',(95.3,8.0000000000291,6.80000000002412));
#2829=CARTESIAN_POINT('Ctrl Pts',(94.5,8.0000000000291,6.00000000002413));
#2830=CARTESIAN_POINT('Ctrl Pts',(94.5,7.89753782469124,6.00000000002413));
#2831=CARTESIAN_POINT('Ctrl Pts',(94.4649475891765,7.59384162768761,6.0212856032905));
#2832=CARTESIAN_POINT('Ctrl Pts',(94.1592981280164,6.96889058364661,6.21218538813949));
#2833=CARTESIAN_POINT('Ctrl Pts',(93.3352756200144,6.25223380987604,6.86468199443673));
#2834=CARTESIAN_POINT('Ctrl Pts',(92.6332496416551,6.024448790385,7.52921470305855));
#2835=CARTESIAN_POINT('Ctrl Pts',(92.2891669522712,6.00352220433292,7.88135594710906));
#2836=CARTESIAN_POINT('Origin',(0.,8.0000000000291,8.00000000002413));
#2837=CARTESIAN_POINT('',(8.01083304773327,6.0035222043324,7.8813559471179));
#2838=CARTESIAN_POINT('Ctrl Pts',(8.01083304773327,6.0035222043324,7.8813559471179));
#2839=CARTESIAN_POINT('Ctrl Pts',(7.66675035834984,6.02444879038309,7.52921470306445));
#2840=CARTESIAN_POINT('Ctrl Pts',(6.96393967486942,6.25426750822223,6.864485542383));
#2841=CARTESIAN_POINT('Ctrl Pts',(6.27939804692228,6.84594544040358,6.32111750034538));
#2842=CARTESIAN_POINT('Ctrl Pts',(5.87502213512091,7.47293224229157,6.04151559096795));
#2843=CARTESIAN_POINT('Ctrl Pts',(5.80000000000042,7.79507564935433,6.00000000002438));
#2844=CARTESIAN_POINT('Ctrl Pts',(5.8,8.00000000002662,6.00000000002413));
#2845=CARTESIAN_POINT('',(8.12581285963786,6.0000000000291,8.00000000002413));
#2846=CARTESIAN_POINT('Ctrl Pts',(8.12581285963786,6.0000000000291,8.00000000002413));
#2847=CARTESIAN_POINT('Ctrl Pts',(8.12535760766892,6.0000000000291,7.99952936512718));
#2848=CARTESIAN_POINT('Ctrl Pts',(8.12489915476788,6.00000014375146,7.99905542011008));
#2849=CARTESIAN_POINT('Ctrl Pts',(8.12435429328557,6.0000005684779,7.99849208925823));
#2850=CARTESIAN_POINT('Ctrl Pts',(8.1237857192677,6.00000101168858,7.99790424207829));
#2851=CARTESIAN_POINT('Ctrl Pts',(8.12312322497375,6.00000175755849,7.99721923814937));
#2852=CARTESIAN_POINT('Ctrl Pts',(8.12231268376837,6.00000327418895,7.99638107357295));
#2853=CARTESIAN_POINT('Ctrl Pts',(8.12145727623547,6.00000487477028,7.99549651361755));
#2854=CARTESIAN_POINT('Ctrl Pts',(8.12043720392422,6.00000733423166,7.99444160048531));
#2855=CARTESIAN_POINT('Ctrl Pts',(8.11922991688397,6.00001158391284,7.99319298887699));
#2856=CARTESIAN_POINT('Ctrl Pts',(8.11793094748491,6.00001615631826,7.99184955668857));
#2857=CARTESIAN_POINT('Ctrl Pts',(8.11641557287283,6.00002281977555,7.99028222349768));
#2858=CARTESIAN_POINT('Ctrl Pts',(8.11469787047469,6.00003303096606,7.98850553801996));
#2859=CARTESIAN_POINT('Ctrl Pts',(8.11274309683083,6.00004465146917,7.98648364065926));
#2860=CARTESIAN_POINT('Ctrl Pts',(8.11052678963415,6.00006092694548,7.98419112760836));
#2861=CARTESIAN_POINT('Ctrl Pts',(8.10811654637303,6.00008374311169,7.98169794228596));
#2862=CARTESIAN_POINT('Ctrl Pts',(8.10387257678638,6.00012391794261,7.97730792786174));
#2863=CARTESIAN_POINT('Ctrl Pts',(8.09903137249271,6.00018533380911,7.97229989706899));
#2864=CARTESIAN_POINT('Ctrl Pts',(8.09410304519961,6.0002689443274,7.96720206011714));
#2865=CARTESIAN_POINT('Ctrl Pts',(8.09139637388065,6.00031486380035,7.96440229292521));
#2866=CARTESIAN_POINT('Ctrl Pts',(8.08866500827813,6.00036717762785,7.96157708632895));
#2867=CARTESIAN_POINT('Ctrl Pts',(8.08597480883384,6.00042451338155,7.95879474309996));
#2868=CARTESIAN_POINT('Ctrl Pts',(8.08357212836812,6.00047572129317,7.95630976685054));
#2869=CARTESIAN_POINT('Ctrl Pts',(8.0812027431301,6.00053087326009,7.95385945502528));
#2870=CARTESIAN_POINT('Ctrl Pts',(8.07888655946023,6.00058900845606,7.9514645822668));
#2871=CARTESIAN_POINT('Ctrl Pts',(8.07669369976374,6.00064404827429,7.94919722324057));
#2872=CARTESIAN_POINT('Ctrl Pts',(8.07454892284882,6.00070171276306,7.94697996504758));
#2873=CARTESIAN_POINT('Ctrl Pts',(8.07243748348109,6.00076196652545,7.94479777731112));
#2874=CARTESIAN_POINT('Ctrl Pts',(8.06957327221652,6.00084370200297,7.94183759441802));
#2875=CARTESIAN_POINT('Ctrl Pts',(8.0667684861193,6.00093009933901,7.93893997385135));
#2876=CARTESIAN_POINT('Ctrl Pts',(8.06389772294977,6.00102503348166,7.93597591770642));
#2877=CARTESIAN_POINT('Ctrl Pts',(8.06174094212425,6.00109635672445,7.9337490466336));
#2878=CARTESIAN_POINT('Ctrl Pts',(8.05954673280324,6.00117259596307,7.93148447880233));
#2879=CARTESIAN_POINT('Ctrl Pts',(8.05730229733616,6.0012546490562,7.92916906070953));
#2880=CARTESIAN_POINT('Ctrl Pts',(8.05487278413856,6.00134346830521,7.92666271160885));
#2881=CARTESIAN_POINT('Ctrl Pts',(8.05238480624977,6.00143913796282,7.92409717979608));
#2882=CARTESIAN_POINT('Ctrl Pts',(8.04986478836244,6.0015411695412,7.92149966343297));
#2883=CARTESIAN_POINT('Ctrl Pts',(8.0468585288452,6.00166288828181,7.91840095198054));
#2884=CARTESIAN_POINT('Ctrl Pts',(8.04380721502323,6.00179374682403,7.915257286674));
#2885=CARTESIAN_POINT('Ctrl Pts',(8.04080812718043,6.00192951519541,7.91216869787945));
#2886=CARTESIAN_POINT('Ctrl Pts',(8.03679749773756,6.00211107594193,7.90803838032771));
#2887=CARTESIAN_POINT('Ctrl Pts',(8.0328854279794,6.00230144347689,7.9040118891931));
#2888=CARTESIAN_POINT('Ctrl Pts',(8.02935278960718,6.00248269224811,7.90037768768713));
#2889=CARTESIAN_POINT('Ctrl Pts',(8.02689453468309,6.00260881772074,7.89784875808668));
#2890=CARTESIAN_POINT('Ctrl Pts',(8.02462154047748,6.00273025675614,7.89551134691291));
#2891=CARTESIAN_POINT('Ctrl Pts',(8.02260575234228,6.00284081869265,7.89343919858424));
#2892=CARTESIAN_POINT('Ctrl Pts',(8.02089677973916,6.00293455241255,7.89168244416076));
#2893=CARTESIAN_POINT('Ctrl Pts',(8.01937287556615,6.00302041170768,7.89011655143224));
#2894=CARTESIAN_POINT('Ctrl Pts',(8.01805127996749,6.00309603194886,7.88875908010086));
#2895=CARTESIAN_POINT('Ctrl Pts',(8.01679849645823,6.00316771483825,7.88747228881615));
#2896=CARTESIAN_POINT('Ctrl Pts',(8.01572786534382,6.00323015787564,7.88637315158624));
#2897=CARTESIAN_POINT('Ctrl Pts',(8.01482387434075,6.00328337390621,7.88544558079734));
#2898=CARTESIAN_POINT('Ctrl Pts',(8.01395698894608,6.00333440560841,7.884556083483));
#2899=CARTESIAN_POINT('Ctrl Pts',(8.013243617876,6.00337693272467,7.88382463795468));
#2900=CARTESIAN_POINT('Ctrl Pts',(8.01263702942478,6.00341329222997,7.88320308979184));
#2901=CARTESIAN_POINT('Ctrl Pts',(8.01205806308179,6.00344799603907,7.88260984495489));
#2902=CARTESIAN_POINT('Ctrl Pts',(8.0115765149432,6.00347707602124,7.8821168598096));
#2903=CARTESIAN_POINT('Ctrl Pts',(8.01111816857822,6.00350488475391,7.88164775170454));
#2904=CARTESIAN_POINT('Ctrl Pts',(8.01102253651949,6.00351068693008,7.88154987425359));
#2905=CARTESIAN_POINT('Ctrl Pts',(8.01092778902546,6.00351644231104,7.88145290728918));
#2906=CARTESIAN_POINT('Ctrl Pts',(8.01083304773327,6.0035222043324,7.8813559471179));
#2907=CARTESIAN_POINT('',(0.,6.0000000000291,8.00000000002413));
#2908=CARTESIAN_POINT('Ctrl Pts',(8.01083304773327,6.0035222043324,7.8813559471179));
#2909=CARTESIAN_POINT('Ctrl Pts',(8.01727825296966,6.00313021674873,7.88795210164747));
#2910=CARTESIAN_POINT('Ctrl Pts',(8.06460855153825,6.00041319604709,7.93662865925126));
#2911=CARTESIAN_POINT('Ctrl Pts',(8.11593491878333,6.00002372328699,7.98980644287449));
#2912=CARTESIAN_POINT('Ctrl Pts',(8.12420822139836,6.0000000000291,7.99834114118547));
#2913=CARTESIAN_POINT('Ctrl Pts',(8.12581285963786,6.0000000000291,8.00000000002413));
#2914=CARTESIAN_POINT('Ctrl Pts',(7.63434068085014,6.00352220433259,8.25784831399734));
#2915=CARTESIAN_POINT('Ctrl Pts',(7.64083620251778,6.0031302167489,8.26439415209606));
#2916=CARTESIAN_POINT('Ctrl Pts',(7.68869199602522,6.00041319604718,8.3125452147641));
#2917=CARTESIAN_POINT('Ctrl Pts',(7.74053777365551,6.000023723287,8.36520358800509));
#2918=CARTESIAN_POINT('Ctrl Pts',(7.74891919465265,6.0000000000291,8.37363016793458));
#2919=CARTESIAN_POINT('Ctrl Pts',(7.75054190642524,6.0000000000291,8.37527095324024));
#2920=CARTESIAN_POINT('Ctrl Pts',(7.25784831396702,6.00352220433279,8.63434068087677));
#2921=CARTESIAN_POINT('Ctrl Pts',(7.26439415206589,6.00313021674908,8.64083620254466));
#2922=CARTESIAN_POINT('Ctrl Pts',(7.31295042752208,5.99997908481264,8.68869199605381));
#2923=CARTESIAN_POINT('Ctrl Pts',(7.36525990523286,6.00032272730355,8.74053777368632));
#2924=CARTESIAN_POINT('Ctrl Pts',(7.37363016790693,6.0000000000291,8.74891919468369));
#2925=CARTESIAN_POINT('Ctrl Pts',(7.37527095321262,6.0000000000291,8.75054190645635));
#2926=CARTESIAN_POINT('Ctrl Pts',(6.8813559470839,6.00352220433298,9.01083304775621));
#2927=CARTESIAN_POINT('Ctrl Pts',(6.88795210161401,6.00313021674925,9.01727825299326));
#2928=CARTESIAN_POINT('Ctrl Pts',(6.93662865922184,6.00041319604716,9.06460855156665));
#2929=CARTESIAN_POINT('Ctrl Pts',(6.98980644284951,6.00002372328699,9.11593491881692));
#2930=CARTESIAN_POINT('Ctrl Pts',(6.99834114116121,6.0000000000291,9.1242082214328));
#2931=CARTESIAN_POINT('Ctrl Pts',(7.,6.0000000000291,9.12581285967246));
#2932=CARTESIAN_POINT('',(6.8813559470839,6.00352220433298,9.01083304775621));
#2933=CARTESIAN_POINT('Ctrl Pts',(6.8813559470839,6.00352220433298,9.01083304775621));
#2934=CARTESIAN_POINT('Ctrl Pts',(7.25784831396702,6.00352220433279,8.63434068087677));
#2935=CARTESIAN_POINT('Ctrl Pts',(7.63434068085014,6.00352220433259,8.25784831399733));
#2936=CARTESIAN_POINT('Ctrl Pts',(8.01083304773327,6.0035222043324,7.8813559471179));
#2937=CARTESIAN_POINT('',(7.,6.0000000000291,9.12581285967246));
#2938=CARTESIAN_POINT('Ctrl Pts',(6.8813559470839,6.00352220433298,9.01083304775621));
#2939=CARTESIAN_POINT('Ctrl Pts',(6.88182383480349,6.00349439931783,9.01129022812802));
#2940=CARTESIAN_POINT('Ctrl Pts',(6.88229502875001,6.0034665405716,9.01175061615011));
#2941=CARTESIAN_POINT('Ctrl Pts',(6.88285530515465,6.00343366742966,9.01229756651654));
#2942=CARTESIAN_POINT('Ctrl Pts',(6.88343996820374,6.00339936344819,9.01286832349701));
#2943=CARTESIAN_POINT('Ctrl Pts',(6.88412145907778,6.00335960629655,9.01353316893676));
#2944=CARTESIAN_POINT('Ctrl Pts',(6.88495561779701,6.00331154407922,9.01434631226805));
#2945=CARTESIAN_POINT('Ctrl Pts',(6.88583595794851,6.00326082099893,9.01520447355911));
#2946=CARTESIAN_POINT('Ctrl Pts',(6.88688610613965,6.00320086199685,9.01622758169714));
#2947=CARTESIAN_POINT('Ctrl Pts',(6.88812939977864,6.00313120894489,9.01743819648553));
#2948=CARTESIAN_POINT('Ctrl Pts',(6.88946713188233,6.00305626516589,9.01874076750886));
#2949=CARTESIAN_POINT('Ctrl Pts',(6.89102813408368,6.00297013695471,9.02026008818653));
#2950=CARTESIAN_POINT('Ctrl Pts',(6.8927980341578,6.00287513199517,9.02198199984094));
#2951=CARTESIAN_POINT('Ctrl Pts',(6.89481246002093,6.00276700134394,9.02394180730204));
#2952=CARTESIAN_POINT('Ctrl Pts',(6.89709698544152,6.00264746206669,9.02616355401944));
#2953=CARTESIAN_POINT('Ctrl Pts',(6.89958208145516,6.0025225304102,9.02857938790956));
#2954=CARTESIAN_POINT('Ctrl Pts',(6.90395664000824,6.00230261100128,9.03283202311915));
#2955=CARTESIAN_POINT('Ctrl Pts',(6.9089486009947,6.00206718381737,9.03768201958255));
#2956=CARTESIAN_POINT('Ctrl Pts',(6.91403264588079,6.00184845071515,9.042617910316));
#2957=CARTESIAN_POINT('Ctrl Pts',(6.91682488758326,6.00172831887065,9.04532878330269));
#2958=CARTESIAN_POINT('Ctrl Pts',(6.91964325229953,6.00161302201328,9.04806397753294));
#2959=CARTESIAN_POINT('Ctrl Pts',(6.92241979456013,6.00150523853387,9.05075742470622));
#2960=CARTESIAN_POINT('Ctrl Pts',(6.92489968016798,6.00140897106365,9.05316309343141));
#2961=CARTESIAN_POINT('Ctrl Pts',(6.92734572767372,6.00131866386272,9.05553500013709));
#2962=CARTESIAN_POINT('Ctrl Pts',(6.92973732943726,6.00123459180197,9.05785312631408));
#2963=CARTESIAN_POINT('Ctrl Pts',(6.93200122516675,6.00115500899591,9.06004746988436));
#2964=CARTESIAN_POINT('Ctrl Pts',(6.93421592615996,6.00108098828925,9.06219322774094));
#2965=CARTESIAN_POINT('Ctrl Pts',(6.9363965343646,6.00101160607601,9.06430509007106));
#2966=CARTESIAN_POINT('Ctrl Pts',(6.93935111599071,6.00091759771083,9.06716652552936));
#2967=CARTESIAN_POINT('Ctrl Pts',(6.94224507630203,6.00083188603184,9.06996763657221));
#2968=CARTESIAN_POINT('Ctrl Pts',(6.94520694147654,6.00075071073633,9.07283337529519));
#2969=CARTESIAN_POINT('Ctrl Pts',(6.94743476259596,6.00068965325159,9.07498889314411));
#2970=CARTESIAN_POINT('Ctrl Pts',(6.94970121154368,6.00063124737819,9.07718118233118));
#2971=CARTESIAN_POINT('Ctrl Pts',(6.95201942255227,6.00057561681583,9.07942316184357));
#2972=CARTESIAN_POINT('Ctrl Pts',(6.95452868797525,6.00051540148337,9.0818499131827));
#2973=CARTESIAN_POINT('Ctrl Pts',(6.95709820167326,6.00045849977972,9.0843344976131));
#2974=CARTESIAN_POINT('Ctrl Pts',(6.95970065595645,6.00040605053094,9.08685071062231));
#2975=CARTESIAN_POINT('Ctrl Pts',(6.96280498781012,6.00034348656018,9.08985216976247));
#2976=CARTESIAN_POINT('Ctrl Pts',(6.96595563161748,6.00028737766316,9.09289809296376));
#2977=CARTESIAN_POINT('Ctrl Pts',(6.96905220581539,6.0002394558551,9.09589165712437));
#2978=CARTESIAN_POINT('Ctrl Pts',(6.97319559258612,6.0001753338374,9.09989721079356));
#2979=CARTESIAN_POINT('Ctrl Pts',(6.97723684391321,6.0001262155595,9.1038038762033));
#2980=CARTESIAN_POINT('Ctrl Pts',(6.98088566120073,6.00009134160186,9.10733128980816));
#2981=CARTESIAN_POINT('Ctrl Pts',(6.98342425885732,6.00006707868591,9.1097854230808));
#2982=CARTESIAN_POINT('Ctrl Pts',(6.98577132500003,6.00004953152346,9.11205445209839));
#2983=CARTESIAN_POINT('Ctrl Pts',(6.98785255261949,6.0000368904888,9.11406656636559));
#2984=CARTESIAN_POINT('Ctrl Pts',(6.98961681840096,6.00002617462827,9.11577224445523));
#2985=CARTESIAN_POINT('Ctrl Pts',(6.99118984592072,6.00001893969799,9.11729310233834));
#2986=CARTESIAN_POINT('Ctrl Pts',(6.99255383723019,6.00001386141214,9.11861192499301));
#2987=CARTESIAN_POINT('Ctrl Pts',(6.99384679258307,6.00000904760077,9.11986206405109));
#2988=CARTESIAN_POINT('Ctrl Pts',(6.99495154381705,6.00000615434866,9.1209303014378));
#2989=CARTESIAN_POINT('Ctrl Pts',(6.99588410255528,6.00000423518653,9.12183209882551));
#2990=CARTESIAN_POINT('Ctrl Pts',(6.99677837618312,6.00000239481337,9.12269687397417));
#2991=CARTESIAN_POINT('Ctrl Pts',(6.99751402356947,6.00000144731416,9.12340832157628));
#2992=CARTESIAN_POINT('Ctrl Pts',(6.99813927578579,6.00000086560294,9.12401305319109));
#2993=CARTESIAN_POINT('Ctrl Pts',(6.99873604203071,6.000000310394,9.12459023373604));
#2994=CARTESIAN_POINT('Ctrl Pts',(6.99923209960538,6.0000000917659,9.12507006160844));
#2995=CARTESIAN_POINT('Ctrl Pts',(6.99970403586583,6.0000000219278,9.12552656981507));
#2996=CARTESIAN_POINT('Ctrl Pts',(6.99980331676994,6.000000007236,9.12562260513018));
#2997=CARTESIAN_POINT('Ctrl Pts',(6.99990166169201,6.0000000000291,9.12571773559937));
#2998=CARTESIAN_POINT('Ctrl Pts',(7.,6.0000000000291,9.12581285967246));
#2999=CARTESIAN_POINT('',(7.56290642981893,6.0000000000291,8.56290642984829));
#3000=CARTESIAN_POINT('Ctrl Pts',(6.8813559470839,6.00352220433298,9.01083304775621));
#3001=CARTESIAN_POINT('Ctrl Pts',(6.52921470303365,6.02444879038523,8.66675035836926));
#3002=CARTESIAN_POINT('Ctrl Pts',(5.86448554236068,6.25426750822299,7.96393967488248));
#3003=CARTESIAN_POINT('Ctrl Pts',(5.32111750032464,6.84594544039872,7.27939804693057));
#3004=CARTESIAN_POINT('Ctrl Pts',(5.04151559094488,7.47293224228676,6.87502213512646));
#3005=CARTESIAN_POINT('Ctrl Pts',(5.00000000000025,7.79507564935235,6.8000000000052));
#3006=CARTESIAN_POINT('Ctrl Pts',(5.,8.00000000002662,6.80000000000478));
#3007=CARTESIAN_POINT('Ctrl Pts',(7.25784831396702,6.00352220433279,8.63434068087677));
#3008=CARTESIAN_POINT('Ctrl Pts',(6.90839325480571,6.02444879038452,8.28757180660099));
#3009=CARTESIAN_POINT('Ctrl Pts',(6.23097025319693,6.25426750822273,7.59745496404932));
#3010=CARTESIAN_POINT('Ctrl Pts',(5.64054434919052,6.84594544040034,6.95997119806884));
#3011=CARTESIAN_POINT('Ctrl Pts',(5.31935110567023,7.47293224228836,6.59718662040696));
#3012=CARTESIAN_POINT('Ctrl Pts',(5.26666666666698,7.79507564935301,6.53333333334493));
#3013=CARTESIAN_POINT('Ctrl Pts',(5.26666666666667,8.00000000002662,6.53333333334456));
#3014=CARTESIAN_POINT('Ctrl Pts',(7.63434068085014,6.00352220433259,8.25784831399733));
#3015=CARTESIAN_POINT('Ctrl Pts',(7.28757180657778,6.0244487903838,7.90839325483272));
#3016=CARTESIAN_POINT('Ctrl Pts',(6.59745496403317,6.25426750822248,7.23097025321616));
#3017=CARTESIAN_POINT('Ctrl Pts',(5.9599711980564,6.84594544040196,6.64054434920711));
#3018=CARTESIAN_POINT('Ctrl Pts',(5.59718662039557,7.47293224228997,6.31935110568745));
#3019=CARTESIAN_POINT('Ctrl Pts',(5.5333333333337,7.79507564935367,6.26666666668466));
#3020=CARTESIAN_POINT('Ctrl Pts',(5.53333333333333,8.00000000002662,6.26666666668434));
#3021=CARTESIAN_POINT('Ctrl Pts',(8.01083304773327,6.0035222043324,7.8813559471179));
#3022=CARTESIAN_POINT('Ctrl Pts',(7.66675035834984,6.02444879038309,7.52921470306445));
#3023=CARTESIAN_POINT('Ctrl Pts',(6.96393967486942,6.25426750822223,6.864485542383));
#3024=CARTESIAN_POINT('Ctrl Pts',(6.27939804692228,6.84594544040358,6.32111750034538));
#3025=CARTESIAN_POINT('Ctrl Pts',(5.87502213512091,7.47293224229157,6.04151559096795));
#3026=CARTESIAN_POINT('Ctrl Pts',(5.80000000000042,7.79507564935433,6.00000000002438));
#3027=CARTESIAN_POINT('Ctrl Pts',(5.8,8.00000000002662,6.00000000002413));
#3028=CARTESIAN_POINT('',(5.,8.00000000002662,6.80000000000478));
#3029=CARTESIAN_POINT('',(5.8,8.00000000002413,6.00000000002413));
#3030=CARTESIAN_POINT('Ctrl Pts',(5.,8.00000000002662,6.80000000000478));
#3031=CARTESIAN_POINT('Ctrl Pts',(5.00000000000025,7.79507564935235,6.8000000000052));
#3032=CARTESIAN_POINT('Ctrl Pts',(5.04151559094488,7.47293224228676,6.87502213512646));
#3033=CARTESIAN_POINT('Ctrl Pts',(5.32111750032464,6.84594544039872,7.27939804693057));
#3034=CARTESIAN_POINT('Ctrl Pts',(5.86448554236068,6.25426750822299,7.96393967488248));
#3035=CARTESIAN_POINT('Ctrl Pts',(6.52921470303365,6.02444879038523,8.66675035836926));
#3036=CARTESIAN_POINT('Ctrl Pts',(6.8813559470839,6.00352220433298,9.01083304775621));
#3037=CARTESIAN_POINT('Origin',(5.4,44.192184283351,6.39999999992598));
#3038=CARTESIAN_POINT('',(5.,24.1544534690294,6.79999999996776));
#3039=CARTESIAN_POINT('',(0.362902091377714,33.6301400014898,11.4370979084727));
#3040=CARTESIAN_POINT('',(5.,44.192184283352,6.7999999999179));
#3041=CARTESIAN_POINT('Origin',(0.,6.0000000000291,6.0000000000291));
#3042=CARTESIAN_POINT('',(7.,6.0000000000291,39.2));
#3043=CARTESIAN_POINT('',(7.,6.0000000000291,13.0500000000146));
#3044=CARTESIAN_POINT('',(93.3,6.0000000000291,39.2));
#3045=CARTESIAN_POINT('',(0.,6.0000000000291,39.2));
#3046=CARTESIAN_POINT('',(93.3,6.0000000000291,14.5499999999861));
#3047=CARTESIAN_POINT('',(18.15,6.0000000000291,13.4991064247668));
#3048=CARTESIAN_POINT('',(18.15,6.0000000000291,30.7991064247668));
#3049=CARTESIAN_POINT('Origin',(18.15,6.0000000000291,22.1491064247668));
#3050=CARTESIAN_POINT('',(82.15,6.0000000000291,13.4991064247668));
#3051=CARTESIAN_POINT('',(9.075,6.0000000000291,13.4991064247668));
#3052=CARTESIAN_POINT('',(82.15,6.0000000000291,30.7991064247668));
#3053=CARTESIAN_POINT('Origin',(82.15,6.0000000000291,22.1491064247668));
#3054=CARTESIAN_POINT('',(41.075,6.0000000000291,30.7991064247668));
#3055=CARTESIAN_POINT('Origin',(7.,8.0000000000291,13.0500000000146));
#3056=CARTESIAN_POINT('',(5.,8.0000000000291,39.2));
#3057=CARTESIAN_POINT('',(5.,8.0000000000291,13.0500000000146));
#3058=CARTESIAN_POINT('',(5.58578643762691,6.58578643765601,38.6142135623731));
#3059=CARTESIAN_POINT('Origin',(7.,8.0000000000291,37.2));
#3060=CARTESIAN_POINT('Origin',(7.,8.0000000000291,37.2));
#3061=CARTESIAN_POINT('Origin',(5.,33.15,20.1));
#3062=CARTESIAN_POINT('',(5.,20.6571485489559,39.2));
#3063=CARTESIAN_POINT('',(5.,51.6935619644615,15.0834050281281));
#3064=CARTESIAN_POINT('',(5.,27.075,39.2));
#3065=CARTESIAN_POINT('',(5.,36.081352942604,22.1491064247668));
#3066=CARTESIAN_POINT('',(5.,28.9972803596059,13.0323880153971));
#3067=CARTESIAN_POINT('',(5.,36.0586875192486,22.1667184093608));
#3068=CARTESIAN_POINT('',(5.,32.9228180809888,24.6034204894214));
#3069=CARTESIAN_POINT('',(5.,20.,34.6449921550021));
#3070=CARTESIAN_POINT('',(5.,28.4299834483265,28.0945414401877));
#3071=CARTESIAN_POINT('',(5.,20.,7.97263472042167));
#3072=CARTESIAN_POINT('',(5.,31.5678346326622,22.8596491766603));
#3073=CARTESIAN_POINT('',(5.,20.,15.4946749039147));
#3074=CARTESIAN_POINT('Origin',(18.15,5.8000000000291,22.1491064247668));
#3075=CARTESIAN_POINT('',(18.15,5.6000000000291,13.8991064247668));
#3076=CARTESIAN_POINT('',(18.15,5.6000000000291,13.8991064247668));
#3077=CARTESIAN_POINT('',(18.15,5.6000000000291,30.3991064247668));
#3078=CARTESIAN_POINT('',(18.15,6.0000000000291,30.7991064247668));
#3079=CARTESIAN_POINT('Origin',(18.15,5.6000000000291,22.1491064247668));
#3080=CARTESIAN_POINT('Origin',(9.075,5.8000000000291,13.6991064247668));
#3081=CARTESIAN_POINT('',(82.15,5.6000000000291,13.8991064247668));
#3082=CARTESIAN_POINT('',(82.15,5.6000000000291,13.8991064247668));
#3083=CARTESIAN_POINT('',(9.075,5.6000000000291,13.8991064247668));
#3084=CARTESIAN_POINT('Origin',(82.15,5.8000000000291,22.1491064247668));
#3085=CARTESIAN_POINT('',(82.15,5.6000000000291,30.3991064247668));
#3086=CARTESIAN_POINT('',(82.15,5.6000000000291,30.3991064247668));
#3087=CARTESIAN_POINT('Origin',(82.15,5.6000000000291,22.1491064247668));
#3088=CARTESIAN_POINT('Origin',(41.075,5.8000000000291,30.5991064247668));
#3089=CARTESIAN_POINT('',(41.075,5.6000000000291,30.3991064247668));
#3090=CARTESIAN_POINT('Origin',(18.15,6.0000000000291,13.8991064247668));
#3091=CARTESIAN_POINT('',(18.15,4.0000000000291,13.8991064247668));
#3092=CARTESIAN_POINT('',(18.15,6.0000000000291,13.8991064247668));
#3093=CARTESIAN_POINT('',(82.15,4.0000000000291,13.8991064247668));
#3094=CARTESIAN_POINT('',(82.15,4.0000000000291,13.8991064247668));
#3095=CARTESIAN_POINT('',(82.15,6.0000000000291,13.8991064247668));
#3096=CARTESIAN_POINT('Origin',(18.15,6.0000000000291,22.1491064247668));
#3097=CARTESIAN_POINT('',(18.15,4.0000000000291,30.3991064247668));
#3098=CARTESIAN_POINT('',(18.15,6.0000000000291,30.3991064247668));
#3099=CARTESIAN_POINT('Origin',(18.15,4.0000000000291,22.1491064247668));
#3100=CARTESIAN_POINT('Origin',(18.15,3.8000000000291,22.1491064247668));
#3101=CARTESIAN_POINT('',(18.15,4.0000000000291,27.4491064247668));
#3102=CARTESIAN_POINT('',(18.15,3.6000000000291,27.0491064247668));
#3103=CARTESIAN_POINT('',(18.15,4.0000000000291,27.4491064247668));
#3104=CARTESIAN_POINT('',(18.15,3.6000000000291,17.2491064247668));
#3105=CARTESIAN_POINT('Origin',(18.15,3.6000000000291,22.1491064247668));
#3106=CARTESIAN_POINT('',(18.15,4.0000000000291,16.8491064247668));
#3107=CARTESIAN_POINT('',(18.15,3.6000000000291,17.2491064247668));
#3108=CARTESIAN_POINT('Origin',(18.15,4.0000000000291,22.1491064247668));
#3109=CARTESIAN_POINT('Origin',(66.15,3.8000000000291,27.2491064247668));
#3110=CARTESIAN_POINT('',(82.15,4.0000000000291,27.4491064247668));
#3111=CARTESIAN_POINT('',(82.15,3.6000000000291,27.0491064247668));
#3112=CARTESIAN_POINT('',(82.15,4.0000000000291,27.4491064247668));
#3113=CARTESIAN_POINT('',(66.15,3.6000000000291,27.0491064247668));
#3114=CARTESIAN_POINT('',(66.15,4.0000000000291,27.4491064247668));
#3115=CARTESIAN_POINT('Origin',(82.15,3.8000000000291,22.1491064247668));
#3116=CARTESIAN_POINT('',(82.15,4.0000000000291,16.8491064247668));
#3117=CARTESIAN_POINT('',(82.15,3.6000000000291,17.2491064247668));
#3118=CARTESIAN_POINT('',(82.15,4.0000000000291,16.8491064247668));
#3119=CARTESIAN_POINT('Origin',(82.15,3.6000000000291,22.1491064247668));
#3120=CARTESIAN_POINT('Origin',(82.15,4.0000000000291,22.1491064247668));
#3121=CARTESIAN_POINT('Origin',(34.15,3.8000000000291,17.0491064247668));
#3122=CARTESIAN_POINT('',(34.15,3.6000000000291,17.2491064247668));
#3123=CARTESIAN_POINT('',(34.15,4.0000000000291,16.8491064247668));
#3124=CARTESIAN_POINT('Origin',(18.15,6.0000000000291,17.2491064247668));
#3125=CARTESIAN_POINT('',(18.15,0.,17.2491064247668));
#3126=CARTESIAN_POINT('',(18.15,6.0000000000291,17.2491064247668));
#3127=CARTESIAN_POINT('',(82.15,0.,17.2491064247668));
#3128=CARTESIAN_POINT('',(9.075,0.,17.2491064247668));
#3129=CARTESIAN_POINT('',(82.15,6.0000000000291,17.2491064247668));
#3130=CARTESIAN_POINT('Origin',(18.15,6.0000000000291,22.1491064247668));
#3131=CARTESIAN_POINT('',(18.15,0.,27.0491064247668));
#3132=CARTESIAN_POINT('',(18.15,6.0000000000291,27.0491064247668));
#3133=CARTESIAN_POINT('Origin',(18.15,0.,22.1491064247668));
#3134=CARTESIAN_POINT('Origin',(50.15,4.0000000000291,22.1491064247668));
#3135=CARTESIAN_POINT('',(82.15,4.0000000000291,30.3991064247668));
#3136=CARTESIAN_POINT('Origin',(82.15,4.0000000000291,22.1491064247668));
#3137=CARTESIAN_POINT('',(18.15,4.0000000000291,30.3991064247668));
#3138=CARTESIAN_POINT('Origin',(82.15,6.0000000000291,30.3991064247668));
#3139=CARTESIAN_POINT('',(82.15,6.0000000000291,30.3991064247668));
#3140=CARTESIAN_POINT('Origin',(82.15,6.0000000000291,22.1491064247668));
#3141=CARTESIAN_POINT('Origin',(82.15,6.0000000000291,27.0491064247668));
#3142=CARTESIAN_POINT('',(82.15,0.,27.0491064247668));
#3143=CARTESIAN_POINT('',(82.15,6.0000000000291,27.0491064247668));
#3144=CARTESIAN_POINT('',(41.075,0.,27.0491064247668));
#3145=CARTESIAN_POINT('Origin',(82.15,6.0000000000291,22.1491064247668));
#3146=CARTESIAN_POINT('Origin',(82.15,0.,22.1491064247668));
#3147=CARTESIAN_POINT('Origin',(93.3,8.0000000000291,14.5499999999861));
#3148=CARTESIAN_POINT('',(94.7142135623731,6.58578643765601,38.6142135623731));
#3149=CARTESIAN_POINT('Origin',(93.3,8.0000000000291,37.2));
#3150=CARTESIAN_POINT('Origin',(93.3,8.0000000000291,37.2));
#3151=CARTESIAN_POINT('Origin',(95.8,52.0082725205298,15.4720667050546));
#3152=CARTESIAN_POINT('',(96.3,21.,40.2));
#3153=CARTESIAN_POINT('',(96.3,52.3150617786117,15.8668835627565));
#3154=CARTESIAN_POINT('',(95.3,20.6571485489559,39.2));
#3155=CARTESIAN_POINT('Origin',(4.5,27.075,39.7));
#3156=CARTESIAN_POINT('',(4.,21.,40.2));
#3157=CARTESIAN_POINT('',(5.,20.6571485489559,39.2));
#3158=CARTESIAN_POINT('',(4.,5.00000000002911,40.2));
#3159=CARTESIAN_POINT('',(4.,27.075,40.2));
#3160=CARTESIAN_POINT('',(7.34583333332848,8.34583333335758,36.8541666666715));
#3161=CARTESIAN_POINT('Origin',(4.5,52.0003512225434,15.47822188583));
#3162=CARTESIAN_POINT('',(4.,52.3071404806252,15.8730387435319));
#3163=CARTESIAN_POINT('Origin',(0.,5.5000000000291,39.7));
#3164=CARTESIAN_POINT('',(96.3,5.00000000002911,40.2));
#3165=CARTESIAN_POINT('',(0.,5.00000000002911,40.2));
#3166=CARTESIAN_POINT('',(96.3,5.00000000002911,40.2));
#3167=CARTESIAN_POINT('Origin',(95.8,28.2532670454984,39.7));
#3168=CARTESIAN_POINT('',(96.3,28.2532670454984,40.2));
#3169=CARTESIAN_POINT('Origin',(0.,21.,40.2));
#3170=CARTESIAN_POINT('',(1.,21.,40.2));
#3171=CARTESIAN_POINT('',(0.,21.,40.2));
#3172=CARTESIAN_POINT('',(1.,1.,40.2));
#3173=CARTESIAN_POINT('',(1.,27.075,40.2));
#3174=CARTESIAN_POINT('',(99.3,1.,40.2));
#3175=CARTESIAN_POINT('',(0.,1.,40.2));
#3176=CARTESIAN_POINT('',(99.3,21.,40.2));
#3177=CARTESIAN_POINT('',(99.3,27.075,40.2));
#3178=CARTESIAN_POINT('',(100.3,21.,40.2));
#3179=CARTESIAN_POINT('Origin',(0.,66.3,5.));
#3180=CARTESIAN_POINT('',(99.3,65.5103662845962,5.61357851616365));
#3181=CARTESIAN_POINT('',(99.3,52.3071404806252,15.8730387435319));
#3182=CARTESIAN_POINT('',(1.,65.5103662845962,5.61357851616365));
#3183=CARTESIAN_POINT('',(0.,65.5103662845962,5.61357851616365));
#3184=CARTESIAN_POINT('',(1.,52.3071404806252,15.8730387435319));
#3185=CARTESIAN_POINT('Origin',(0.5,16.575,0.5));
#3186=CARTESIAN_POINT('',(1.,65.3,0.));
#3187=CARTESIAN_POINT('',(1.,1.,0.));
#3188=CARTESIAN_POINT('',(1.,16.575,0.));
#3189=CARTESIAN_POINT('',(0.,0.,1.));
#3190=CARTESIAN_POINT('',(1.,1.,0.));
#3191=CARTESIAN_POINT('',(0.,66.3,1.));
#3192=CARTESIAN_POINT('',(0.,16.575,1.));
#3193=CARTESIAN_POINT('',(0.,66.3,1.));
#3194=CARTESIAN_POINT('Origin',(0.,65.8,0.5));
#3195=CARTESIAN_POINT('',(100.3,66.3,1.));
#3196=CARTESIAN_POINT('',(0.,66.3,1.));
#3197=CARTESIAN_POINT('',(99.3,65.3,0.));
#3198=CARTESIAN_POINT('',(100.3,66.3,1.));
#3199=CARTESIAN_POINT('',(0.,65.3,0.));
#3200=CARTESIAN_POINT('Origin',(99.3,1.,0.));
#3201=CARTESIAN_POINT('',(99.3,0.,1.));
#3202=CARTESIAN_POINT('',(100.3,1.,1.));
#3203=CARTESIAN_POINT('',(99.3,0.,1.));
#3204=CARTESIAN_POINT('',(99.3,1.,0.));
#3205=CARTESIAN_POINT('',(99.3,1.,0.));
#3206=CARTESIAN_POINT('',(100.3,1.,1.));
#3207=CARTESIAN_POINT('Origin',(0.,0.5,0.5));
#3208=CARTESIAN_POINT('',(0.,1.,0.));
#3209=CARTESIAN_POINT('',(0.,0.,1.));
#3210=CARTESIAN_POINT('Origin',(99.8,16.575,0.5));
#3211=CARTESIAN_POINT('',(100.3,16.575,1.));
#3212=CARTESIAN_POINT('',(99.3,16.575,0.));
#3213=CARTESIAN_POINT('Origin',(99.3,0.,39.2));
#3214=CARTESIAN_POINT('',(100.3,1.,39.2));
#3215=CARTESIAN_POINT('',(99.3,1.,40.2));
#3216=CARTESIAN_POINT('',(99.3,0.,39.2));
#3217=CARTESIAN_POINT('',(99.3,0.,39.2));
#3218=CARTESIAN_POINT('',(100.3,1.,39.2));
#3219=CARTESIAN_POINT('Origin',(0.,0.5,39.7));
#3220=CARTESIAN_POINT('',(0.,0.,39.2));
#3221=CARTESIAN_POINT('',(0.,0.,39.2));
#3222=CARTESIAN_POINT('',(1.,1.,40.2));
#3223=CARTESIAN_POINT('Origin',(0.5,52.0003512225434,15.47822188583));
#3224=CARTESIAN_POINT('',(0.210366284596197,66.3,3.99999999999999));
#3225=CARTESIAN_POINT('',(1.,65.5103662845962,5.61357851616365));
#3226=CARTESIAN_POINT('',(0.,66.3,3.73359004245579));
#3227=CARTESIAN_POINT('',(2.04418290555272,66.3,6.32236362908941));
#3228=CARTESIAN_POINT('',(0.,20.6571485489559,39.2));
#3229=CARTESIAN_POINT('',(0.,51.6935619644615,15.0834050281281));
#3230=CARTESIAN_POINT('',(0.,20.6571485489559,39.2));
#3231=CARTESIAN_POINT('Origin',(0.,65.9051831422981,4.80678925808182));
#3232=CARTESIAN_POINT('',(100.089633715404,66.3,3.99999999999999));
#3233=CARTESIAN_POINT('',(0.,66.3,3.99999999999999));
#3234=CARTESIAN_POINT('',(99.3,65.5103662845962,5.61357851616365));
#3235=CARTESIAN_POINT('Origin',(0.5,27.075,39.7));
#3236=CARTESIAN_POINT('',(0.,27.075,39.2));
#3237=CARTESIAN_POINT('Origin',(99.8,52.0003512225434,15.47822188583));
#3238=CARTESIAN_POINT('',(100.3,20.6571485489559,39.2));
#3239=CARTESIAN_POINT('',(100.3,66.3,3.73359004245579));
#3240=CARTESIAN_POINT('',(100.3,51.6935619644615,15.0834050281281));
#3241=CARTESIAN_POINT('',(78.9954621960903,66.3,30.7138688582043));
#3242=CARTESIAN_POINT('',(99.3,21.,40.2));
#3243=CARTESIAN_POINT('Origin',(99.8,27.075,39.7));
#3244=CARTESIAN_POINT('',(100.3,27.075,39.2));
#3245=CARTESIAN_POINT('Origin',(99.8,0.5,30.15));
#3246=CARTESIAN_POINT('',(100.3,1.,30.15));
#3247=CARTESIAN_POINT('',(99.3,0.,30.15));
#3248=CARTESIAN_POINT('Origin',(0.,33.15,20.1));
#3249=CARTESIAN_POINT('',(0.,66.3,0.));
#3250=CARTESIAN_POINT('',(0.,0.,40.2));
#3251=CARTESIAN_POINT('',(0.,36.081352942604,22.1491064247668));
#3252=CARTESIAN_POINT('',(0.,58.1510836541522,4.99999999989933));
#3253=CARTESIAN_POINT('',(0.,36.0586875192486,22.1667184093608));
#3254=CARTESIAN_POINT('',(0.,22.755777972356,4.99999999998741));
#3255=CARTESIAN_POINT('',(0.,28.9972803596059,13.0323880153971));
#3256=CARTESIAN_POINT('',(0.,44.1921842833475,4.99999999993407));
#3257=CARTESIAN_POINT('',(0.,32.9228180809888,24.6034204894214));
#3258=CARTESIAN_POINT('',(0.,20.,7.97263472042166));
#3259=CARTESIAN_POINT('',(0.,31.5678346326622,22.8596491766603));
#3260=CARTESIAN_POINT('',(0.,20.,34.6449921550021));
#3261=CARTESIAN_POINT('',(0.,28.4299834483265,28.0945414401877));
#3262=CARTESIAN_POINT('',(0.,20.,15.4946749039147));
#3263=CARTESIAN_POINT('Origin',(0.,0.,0.));
#3264=CARTESIAN_POINT('Origin',(4.5,35.7518982611668,21.7719015516589));
#3265=CARTESIAN_POINT('',(5.,36.081352942604,22.1491064247668));
#3266=CARTESIAN_POINT('Origin',(4.5,29.3920972173078,12.7255987573153));
#3267=CARTESIAN_POINT('',(4.,29.7869140750097,12.4188094992335));
#3268=CARTESIAN_POINT('Origin',(0.,24.7992298725011,5.99999999998232));
#3269=CARTESIAN_POINT('',(1.,29.7869140750097,12.4188094992335));
#3270=CARTESIAN_POINT('Origin',(0.5,35.7518982611668,21.7719015516589));
#3271=CARTESIAN_POINT('',(0.,58.1510836541522,4.99999999989933));
#3272=CARTESIAN_POINT('',(2.2527998759872,36.477970073619,18.9879500835079));
#3273=CARTESIAN_POINT('Origin',(0.5,44.1921842833488,5.49999999993407));
#3274=CARTESIAN_POINT('',(5.3913653387835,33.7727737182696,10.3913653387435));
#3275=CARTESIAN_POINT('Origin',(0.5,29.3920972173078,12.7255987573153));
#3276=CARTESIAN_POINT('Origin',(4.5,28.1231941902447,27.6997245824858));
#3277=CARTESIAN_POINT('',(-0.0964514740777013,25.0964514740777,24.2306387062805));
#3278=CARTESIAN_POINT('',(5.,32.9228180809888,24.6034204894214));
#3279=CARTESIAN_POINT('Origin',(4.5,20.5,15.4946749039147));
#3280=CARTESIAN_POINT('',(1.24407737941972,23.7559226205803,18.9275908950042));
#3281=CARTESIAN_POINT('Origin',(4.5,31.1730177749603,23.1664384347421));
#3282=CARTESIAN_POINT('',(4.,30.7782009172584,23.4732276928239));
#3283=CARTESIAN_POINT('Origin',(0.,31.5196058494213,24.4273652901813));
#3284=CARTESIAN_POINT('',(1.,30.7782009172584,23.4732276928239));
#3285=CARTESIAN_POINT('Origin',(0.5,31.1730177749603,23.1664384347421));
#3286=CARTESIAN_POINT('',(3.75592262058028,23.7559226205803,18.9275908950042));
#3287=CARTESIAN_POINT('',(1.,31.5196058494213,24.4273652901813));
#3288=CARTESIAN_POINT('Origin',(0.5,20.5,15.4946749039147));
#3289=CARTESIAN_POINT('',(5.09645147407769,25.0964514740777,24.2306387062805));
#3290=CARTESIAN_POINT('Origin',(0.5,28.1231941902447,27.6997245824858));
#3291=CARTESIAN_POINT('Origin',(95.8,36.2915320994913,21.6047010346707));
#3292=CARTESIAN_POINT('',(95.3,36.081352942604,22.1491064247668));
#3293=CARTESIAN_POINT('Origin',(95.8,45.2482997715987,14.3927992742372));
#3294=CARTESIAN_POINT('',(96.3,44.9415105135169,13.9979824165353));
#3295=CARTESIAN_POINT('Origin',(100.3,55.2343685667351,5.99999999990659));
#3296=CARTESIAN_POINT('',(99.3,44.9335892155304,14.0041375973106));
#3297=CARTESIAN_POINT('Origin',(95.8,33.3909184129418,23.6064819193745));
#3298=CARTESIAN_POINT('',(95.3,32.9228180809888,24.6034204894214));
#3299=CARTESIAN_POINT('',(96.3,33.08412915486,23.2116650616726));
#3300=CARTESIAN_POINT('',(95.3,20.,34.6449921550021));
#3301=CARTESIAN_POINT('Origin',(95.8,27.0835605977616,17.9035858743131));
#3302=CARTESIAN_POINT('',(99.8458318360661,24.545831836066,21.2315310214939));
#3303=CARTESIAN_POINT('Origin',(95.8,20.5,27.8507701273981));
#3304=CARTESIAN_POINT('Origin',(100.3,31.5196058494213,24.4273652901813));
#3305=CARTESIAN_POINT('',(99.3,33.0762078568736,23.217820242448));
#3306=CARTESIAN_POINT('Origin',(99.8,25.9132148502497,16.3974306935662));
#3307=CARTESIAN_POINT('',(100.3,20.,7.97263472042166));
#3308=CARTESIAN_POINT('',(100.3,32.9228180809888,24.6034204894214));
#3309=CARTESIAN_POINT('',(100.3,26.3080317079516,16.0906414354843));
#3310=CARTESIAN_POINT('',(100.3,32.9228180809888,24.6034204894214));
#3311=CARTESIAN_POINT('',(96.2271018890613,24.0728981109387,19.852118090071));
#3312=CARTESIAN_POINT('Origin',(99.8,33.3829971149554,23.6126371001499));
#3313=CARTESIAN_POINT('',(100.3,20.,34.6449921550021));
#3314=CARTESIAN_POINT('',(100.3,33.6897863730372,24.0074539578518));
#3315=CARTESIAN_POINT('',(95.8975868389036,24.4024131610963,25.6488726157185));
#3316=CARTESIAN_POINT('Origin',(99.8,20.5,26.3507701274265));
#3317=CARTESIAN_POINT('',(100.3,20.,26.3507701274265));
#3318=CARTESIAN_POINT('Origin',(100.3,33.15,20.1));
#3319=CARTESIAN_POINT('',(100.3,66.3,0.));
#3320=CARTESIAN_POINT('',(100.3,36.081352942604,22.1491064247668));
#3321=CARTESIAN_POINT('',(100.3,22.7557779723511,4.99999999998118));
#3322=CARTESIAN_POINT('',(100.3,34.7263694942774,20.4053351120056));
#3323=CARTESIAN_POINT('',(100.3,58.1510836541602,4.9999999998931));
#3324=CARTESIAN_POINT('',(100.3,45.5471677316941,14.7937713127144));
#3325=CARTESIAN_POINT('',(100.3,44.1921842833475,4.99999999992783));
#3326=CARTESIAN_POINT('Origin',(99.8,35.1211863519793,20.0985458539238));
#3327=CARTESIAN_POINT('',(93.3638641446723,36.9294379656186,11.9361358553168));
#3328=CARTESIAN_POINT('',(97.6006780901111,36.5565825992627,18.3613849038727));
#3329=CARTESIAN_POINT('Origin',(99.8,44.1921842833488,5.49999999993095));
#3330=CARTESIAN_POINT('',(100.3,58.1510836541602,4.9999999998931));
#3331=CARTESIAN_POINT('Origin',(99.8,45.2403784736122,14.3989544550125));
#3332=CARTESIAN_POINT('Origin',(0.,66.3,0.));
#3333=CARTESIAN_POINT('Origin',(0.,0.,40.2));
#3334=CARTESIAN_POINT('polyline point',(0.,0.,0.));
#3335=CARTESIAN_POINT('polyline point',(0.,66.3,0.));
#3336=CARTESIAN_POINT('polyline point',(0.,0.,0.));
#3337=CARTESIAN_POINT('polyline point',(0.,0.,40.2));
#3338=CARTESIAN_POINT('polyline point',(0.,0.,40.2));
#3339=CARTESIAN_POINT('polyline point',(0.,21.,40.2));
#3340=CARTESIAN_POINT('polyline point',(0.,66.3,0.));
#3341=CARTESIAN_POINT('polyline point',(0.,66.3,5.));
#3342=CARTESIAN_POINT('polyline point',(0.,66.3,5.));
#3343=CARTESIAN_POINT('polyline point',(0.,21.,40.2));
#3344=CARTESIAN_POINT('polyline point',(0.,18.9428912937674,34.2000000000934));
#3345=CARTESIAN_POINT('polyline point',(0.,6.0000000000291,34.1999999999913));
#3346=CARTESIAN_POINT('polyline point',(0.,6.0000000000291,34.1999999999913));
#3347=CARTESIAN_POINT('polyline point',(0.,6.0000000000291,6.0000000000291));
#3348=CARTESIAN_POINT('polyline point',(0.,6.0000000000291,6.0000000000291));
#3349=CARTESIAN_POINT('polyline point',(0.,55.2343685667351,5.99999999990659));
#3350=CARTESIAN_POINT('polyline point',(0.,55.2343685667351,5.99999999990659));
#3351=CARTESIAN_POINT('polyline point',(0.,18.9428912937674,34.2000000000934));
#3352=CARTESIAN_POINT('polyline point',(0.,6.0000000000291,34.1999999999913));
#3353=CARTESIAN_POINT('polyline point',(0.,6.0000000000291,40.2));
#3354=CARTESIAN_POINT('polyline point',(0.,55.2343685667351,5.99999999990659));
#3355=CARTESIAN_POINT('polyline point',(0.,66.3,5.99999999988358));
#3356=CARTESIAN_POINT('polyline point',(0.,21.,40.2));
#3357=CARTESIAN_POINT('polyline point',(0.,21.,0.));
#3358=CARTESIAN_POINT('polyline point',(0.,21.,6.0000000000291));
#3359=CARTESIAN_POINT('polyline point',(0.,33.8885069956921,22.5866297416442));
#3360=CARTESIAN_POINT('polyline point',(0.,23.368901146152,4.15926445158426));
#3361=CARTESIAN_POINT('polyline point',(0.,36.2574081418441,20.7458941931993));
#3362=CARTESIAN_POINT('polyline point',(0.,18.6310988537292,7.8407355485662));
#3363=CARTESIAN_POINT('polyline point',(0.,31.5196058494213,24.4273652901813));
#3364=CARTESIAN_POINT('',(0.,65.0130681819646,5.99999999988626));
#3365=CARTESIAN_POINT('',(0.,21.,32.601540254853));
#3366=CARTESIAN_POINT('',(0.,21.,5.99999999999178));
#3367=CARTESIAN_POINT('',(0.,24.7992298725011,5.99999999998232));
#3368=CARTESIAN_POINT('',(0.,36.2574081418441,20.7458941931993));
#3369=CARTESIAN_POINT('',(0.,31.5196058494213,24.4273652901813));
#3370=CARTESIAN_POINT('',(0.,21.,10.8893498078294));
#3371=UNCERTAINTY_MEASURE_WITH_UNIT(LENGTH_MEASURE(0.01),#3375,
'DISTANCE_ACCURACY_VALUE',
'Maximum model space distance between geometric entities at asserted c
onnectivities');
#3372=UNCERTAINTY_MEASURE_WITH_UNIT(LENGTH_MEASURE(0.01),#3375,
'DISTANCE_ACCURACY_VALUE',
'Maximum model space distance between geometric entities at asserted c
onnectivities');
#3373=(
GEOMETRIC_REPRESENTATION_CONTEXT(3)
GLOBAL_UNCERTAINTY_ASSIGNED_CONTEXT((#3371))
GLOBAL_UNIT_ASSIGNED_CONTEXT((#3375,#3377,#3378))
REPRESENTATION_CONTEXT('','3D')
);
#3374=(
GEOMETRIC_REPRESENTATION_CONTEXT(3)
GLOBAL_UNCERTAINTY_ASSIGNED_CONTEXT((#3372))
GLOBAL_UNIT_ASSIGNED_CONTEXT((#3375,#3377,#3378))
REPRESENTATION_CONTEXT('','3D')
);
#3375=(
LENGTH_UNIT()
NAMED_UNIT(*)
SI_UNIT(.MILLI.,.METRE.)
);
#3376=(
LENGTH_UNIT()
NAMED_UNIT(*)
SI_UNIT(.CENTI.,.METRE.)
);
#3377=(
NAMED_UNIT(*)
PLANE_ANGLE_UNIT()
SI_UNIT($,.RADIAN.)
);
#3378=(
NAMED_UNIT(*)
SI_UNIT($,.STERADIAN.)
SOLID_ANGLE_UNIT()
);
#3379=SHAPE_DEFINITION_REPRESENTATION(#3380,#3381);
#3380=PRODUCT_DEFINITION_SHAPE('',$,#3383);
#3381=SHAPE_REPRESENTATION('',(#1890),#3373);
#3382=PRODUCT_DEFINITION_CONTEXT('part definition',#3387,'design');
#3383=PRODUCT_DEFINITION('hamulec_v2','hamulec_v2',#3384,#3382);
#3384=PRODUCT_DEFINITION_FORMATION('',$,#3389);
#3385=PRODUCT_RELATED_PRODUCT_CATEGORY('hamulec_v2','hamulec_v2',(#3389));
#3386=APPLICATION_PROTOCOL_DEFINITION('international standard',
'automotive_design',2009,#3387);
#3387=APPLICATION_CONTEXT(
'Core Data for Automotive Mechanical Design Process');
#3388=PRODUCT_CONTEXT('part definition',#3387,'mechanical');
#3389=PRODUCT('hamulec_v2','hamulec_v2',$,(#3388));
#3390=PRESENTATION_STYLE_ASSIGNMENT((#3392));
#3391=PRESENTATION_STYLE_ASSIGNMENT((#3393));
#3392=SURFACE_STYLE_USAGE(.BOTH.,#3396);
#3393=SURFACE_STYLE_USAGE(.BOTH.,#3397);
#3394=SURFACE_STYLE_RENDERING_WITH_PROPERTIES($,#3404,(#3395));
#3395=SURFACE_STYLE_TRANSPARENT(0.);
#3396=SURFACE_SIDE_STYLE('',(#3398,#3394));
#3397=SURFACE_SIDE_STYLE('',(#3399));
#3398=SURFACE_STYLE_FILL_AREA(#3400);
#3399=SURFACE_STYLE_FILL_AREA(#3401);
#3400=FILL_AREA_STYLE('',(#3402));
#3401=FILL_AREA_STYLE('',(#3403));
#3402=FILL_AREA_STYLE_COLOUR('',#3404);
#3403=FILL_AREA_STYLE_COLOUR('',#3405);
#3404=COLOUR_RGB('',0.749019607843137,0.749019607843137,0.749019607843137);
#3405=COLOUR_RGB('',0.,0.,0.501960784313725);
ENDSEC;
END-ISO-10303-21;
