ISO-10303-21;
HEADER;
/* Generated by software containing ST-Developer
 * from STEP Tools, Inc. (www.steptools.com) 
 */

FILE_DESCRIPTION(
/* description */ (''),
/* implementation_level */ '2;1');

FILE_NAME(
/* name */ 'hamulec_kinda_big.stp',
/* time_stamp */ '2026-08-10T19:22:34+02:00',
/* author */ ('wojta'),
/* organization */ (''),
/* preprocessor_version */ 'ST-DEVELOPER v20',
/* originating_system */ 'Autodesk Inventor 2025',
/* authorisation */ '');

FILE_SCHEMA (('AUTOMOTIVE_DESIGN { 1 0 10303 214 3 1 1 }'));
ENDSEC;

DATA;
#10=MECHANICAL_DESIGN_GEOMETRIC_PRESENTATION_REPRESENTATION('',(#13),#7136);
#11=SHAPE_REPRESENTATION_RELATIONSHIP('SRR','None',#7143,#12);
#12=ADVANCED_BREP_SHAPE_REPRESENTATION('',(#14),#7135);
#13=STYLED_ITEM('',(#7152),#14);
#14=MANIFOLD_SOLID_BREP('Bry\X2\0142\X0\a1',#4151);
#15=B_SPLINE_CURVE_WITH_KNOTS('',3,(#6229,#6230,#6231,#6232,#6233,#6234,
#6235,#6236,#6237,#6238,#6239,#6240,#6241,#6242,#6243,#6244,#6245,#6246,
#6247,#6248,#6249,#6250,#6251,#6252,#6253,#6254,#6255,#6256,#6257,#6258,
#6259,#6260,#6261,#6262,#6263,#6264,#6265,#6266,#6267,#6268,#6269,#6270,
#6271,#6272,#6273,#6274,#6275,#6276,#6277,#6278,#6279,#6280,#6281,#6282,
#6283,#6284,#6285,#6286,#6287,#6288,#6289,#6290,#6291,#6292),
 .UNSPECIFIED.,.F.,.F.,(4,3,3,3,3,3,3,3,3,3,3,3,3,3,3,3,3,3,3,3,3,4),(0.,
0.0382469028215913,0.0780546659554212,0.119894721742596,0.164583912629528,
0.213925872831,0.278194794254572,0.338141823588484,0.386544265288089,0.430543874293995,
0.472518146861373,0.530188572403897,0.573068668950312,0.619198767516249,
0.671865622544207,0.753899216908155,0.807190219209127,0.855392664406845,
0.897330950530419,0.937557280957048,0.975805383012569,1.),.UNSPECIFIED.);
#16=B_SPLINE_CURVE_WITH_KNOTS('',3,(#6294,#6295,#6296,#6297),
 .UNSPECIFIED.,.F.,.F.,(4,4),(0.,1.),.UNSPECIFIED.);
#17=B_SPLINE_CURVE_WITH_KNOTS('',3,(#6298,#6299,#6300,#6301,#6302,#6303,
#6304,#6305,#6306,#6307,#6308,#6309,#6310,#6311,#6312,#6313,#6314,#6315,
#6316,#6317,#6318,#6319,#6320,#6321,#6322,#6323,#6324,#6325,#6326,#6327,
#6328,#6329,#6330,#6331,#6332,#6333,#6334,#6335,#6336,#6337,#6338,#6339,
#6340,#6341,#6342,#6343,#6344,#6345,#6346,#6347,#6348,#6349,#6350,#6351,
#6352,#6353,#6354,#6355,#6356,#6357,#6358,#6359,#6360,#6361),
 .UNSPECIFIED.,.F.,.F.,(4,3,3,3,3,3,3,3,3,3,3,3,3,3,3,3,3,3,3,3,3,4),(0.,
0.0382491948866875,0.0780594904682267,0.119902446776846,0.164595181588045,
0.213942618115035,0.278232914333928,0.338167850014635,0.386569057315343,
0.430568738835434,0.472549731514973,0.530132275899562,0.573006946907474,
0.619129573903775,0.671775626774153,0.753831720080615,0.807130441436924,
0.855347831077693,0.897285520005225,0.937511056322686,0.9757577482128,1.),
 .UNSPECIFIED.);
#18=B_SPLINE_CURVE_WITH_KNOTS('',3,(#6391,#6392,#6393,#6394,#6395,#6396,
#6397,#6398,#6399,#6400,#6401,#6402,#6403,#6404,#6405,#6406,#6407,#6408,
#6409,#6410,#6411,#6412,#6413,#6414,#6415,#6416,#6417,#6418,#6419,#6420,
#6421,#6422,#6423,#6424,#6425,#6426,#6427,#6428,#6429,#6430,#6431,#6432,
#6433,#6434,#6435,#6436,#6437,#6438,#6439,#6440,#6441,#6442,#6443,#6444,
#6445,#6446,#6447,#6448,#6449,#6450,#6451,#6452,#6453,#6454),
 .UNSPECIFIED.,.F.,.F.,(4,3,3,3,3,3,3,3,3,3,3,3,3,3,3,3,3,3,3,3,3,4),(0.,
0.0382469028214811,0.0780546659550394,0.11989472174223,0.164583912628277,
0.213925872828779,0.278194794253111,0.338141823588623,0.386544265288861,
0.430543874294861,0.47251814686381,0.530188572398791,0.573068668945626,
0.619198767512138,0.671865622540435,0.753899216905326,0.807190219203018,
0.855392664402263,0.897330950525832,0.937557280951796,0.975805383007454,
1.),.UNSPECIFIED.);
#19=B_SPLINE_CURVE_WITH_KNOTS('',3,(#6456,#6457,#6458,#6459),
 .UNSPECIFIED.,.F.,.F.,(4,4),(0.,1.),.UNSPECIFIED.);
#20=B_SPLINE_CURVE_WITH_KNOTS('',3,(#6460,#6461,#6462,#6463,#6464,#6465,
#6466,#6467,#6468,#6469,#6470,#6471,#6472,#6473,#6474,#6475,#6476,#6477,
#6478,#6479,#6480,#6481,#6482,#6483,#6484,#6485,#6486,#6487,#6488,#6489,
#6490,#6491,#6492,#6493,#6494,#6495,#6496,#6497,#6498,#6499,#6500,#6501,
#6502,#6503,#6504,#6505,#6506,#6507,#6508,#6509,#6510,#6511,#6512,#6513,
#6514,#6515,#6516,#6517,#6518,#6519,#6520,#6521,#6522,#6523),
 .UNSPECIFIED.,.F.,.F.,(4,3,3,3,3,3,3,3,3,3,3,3,3,3,3,3,3,3,3,3,3,4),(0.,
0.0382491948865566,0.0780594904688947,0.119902446777362,0.164595181588084,
0.213942618112455,0.278232914328562,0.338167850011322,0.38656905731222,
0.430568738832246,0.472549731512001,0.530132275898131,0.573006946905155,
0.619129573900452,0.671775626767366,0.753831720075524,0.807130441434121,
0.855347831075591,0.89728552000314,0.937511056321481,0.975757748211549,
1.),.UNSPECIFIED.);
#21=B_SPLINE_CURVE_WITH_KNOTS('',3,(#6558,#6559,#6560,#6561,#6562,#6563),
 .UNSPECIFIED.,.F.,.F.,(4,1,1,4),(1.85296960087079,2.58932563099594,2.77341463852722,
3.14159265358979),.UNSPECIFIED.);
#22=B_SPLINE_CURVE_WITH_KNOTS('',3,(#6566,#6567,#6568,#6569,#6570,#6571),
 .UNSPECIFIED.,.F.,.F.,(4,1,1,4),(-3.14159265358979,-2.77341463852722,-2.58932563099594,
-1.85296960087079),.UNSPECIFIED.);
#23=B_SPLINE_CURVE_WITH_KNOTS('',3,(#6605,#6606,#6607,#6608,#6609,#6610),
 .UNSPECIFIED.,.F.,.F.,(4,1,1,4),(1.8529696008708,2.40523662346465,2.77341463852722,
3.14159265358979),.UNSPECIFIED.);
#24=B_SPLINE_CURVE_WITH_KNOTS('',3,(#6611,#6612,#6613,#6614,#6615,#6616),
 .UNSPECIFIED.,.F.,.F.,(4,1,1,4),(-3.14159265358979,-2.77341463852722,-2.40523662346465,
-1.8529696008708),.UNSPECIFIED.);
#25=B_SPLINE_SURFACE_WITH_KNOTS('',3,3,((#6200,#6201,#6202,#6203,#6204,
#6205,#6206),(#6207,#6208,#6209,#6210,#6211,#6212,#6213),(#6214,#6215,#6216,
#6217,#6218,#6219,#6220),(#6221,#6222,#6223,#6224,#6225,#6226,#6227)),
 .UNSPECIFIED.,.F.,.F.,.F.,(4,4),(4,1,1,1,4),(0.,1.),(0.,0.357142857142857,
0.571428571428571,0.857142857142857,1.),.UNSPECIFIED.);
#26=B_SPLINE_SURFACE_WITH_KNOTS('',3,3,((#6362,#6363,#6364,#6365,#6366,
#6367,#6368),(#6369,#6370,#6371,#6372,#6373,#6374,#6375),(#6376,#6377,#6378,
#6379,#6380,#6381,#6382),(#6383,#6384,#6385,#6386,#6387,#6388,#6389)),
 .UNSPECIFIED.,.F.,.F.,.F.,(4,4),(4,1,1,1,4),(0.,1.),(0.,0.357142857142857,
0.571428571428571,0.857142857142857,1.),.UNSPECIFIED.);
#27=B_SPLINE_SURFACE_WITH_KNOTS('',3,3,((#6533,#6534,#6535,#6536,#6537,
#6538),(#6539,#6540,#6541,#6542,#6543,#6544),(#6545,#6546,#6547,#6548,#6549,
#6550),(#6551,#6552,#6553,#6554,#6555,#6556)),.UNSPECIFIED.,.F.,.F.,.F.,
(4,4),(4,1,1,4),(0.,1.),(1.85296960087079,2.58932563099594,2.77341463852722,
3.14159265358979),.UNSPECIFIED.);
#28=B_SPLINE_SURFACE_WITH_KNOTS('',3,3,((#6581,#6582,#6583,#6584,#6585,
#6586),(#6587,#6588,#6589,#6590,#6591,#6592),(#6593,#6594,#6595,#6596,#6597,
#6598),(#6599,#6600,#6601,#6602,#6603,#6604)),.UNSPECIFIED.,.F.,.F.,.F.,
(4,4),(4,1,1,4),(0.,1.),(1.8529696008708,2.40523662346465,2.77341463852722,
3.14159265358979),.UNSPECIFIED.);
#29=FACE_BOUND('',#421,.T.);
#30=FACE_BOUND('',#422,.T.);
#31=FACE_BOUND('',#423,.T.);
#32=FACE_BOUND('',#424,.T.);
#33=FACE_BOUND('',#425,.T.);
#34=FACE_BOUND('',#426,.T.);
#35=FACE_BOUND('',#427,.T.);
#36=FACE_BOUND('',#428,.T.);
#37=FACE_BOUND('',#429,.T.);
#38=FACE_BOUND('',#430,.T.);
#39=FACE_BOUND('',#431,.T.);
#40=FACE_BOUND('',#444,.T.);
#41=FACE_BOUND('',#570,.T.);
#42=FACE_BOUND('',#571,.T.);
#43=CYLINDRICAL_SURFACE('',#4190,4.);
#44=CYLINDRICAL_SURFACE('',#4193,4.);
#45=CYLINDRICAL_SURFACE('',#4223,4.);
#46=CYLINDRICAL_SURFACE('',#4225,4.);
#47=CYLINDRICAL_SURFACE('',#4260,5.);
#48=CYLINDRICAL_SURFACE('',#4263,5.);
#49=CYLINDRICAL_SURFACE('',#4266,5.);
#50=CYLINDRICAL_SURFACE('',#4269,5.);
#51=CYLINDRICAL_SURFACE('',#4272,5.);
#52=CYLINDRICAL_SURFACE('',#4275,5.);
#53=CYLINDRICAL_SURFACE('',#4287,3.);
#54=CYLINDRICAL_SURFACE('',#4312,5.);
#55=CYLINDRICAL_SURFACE('',#4314,5.);
#56=CYLINDRICAL_SURFACE('',#4319,5.);
#57=CYLINDRICAL_SURFACE('',#4322,5.);
#58=CYLINDRICAL_SURFACE('',#4325,3.);
#59=CYLINDRICAL_SURFACE('',#4340,3.);
#60=CYLINDRICAL_SURFACE('',#4341,3.);
#61=CYLINDRICAL_SURFACE('',#4416,3.);
#62=CIRCLE('',#4176,4.);
#63=CIRCLE('',#4177,5.00000000000001);
#64=CIRCLE('',#4180,4.);
#65=CIRCLE('',#4181,5.);
#66=CIRCLE('',#4184,4.);
#67=CIRCLE('',#4185,5.);
#68=CIRCLE('',#4188,4.);
#69=CIRCLE('',#4189,5.);
#70=CIRCLE('',#4191,4.);
#71=CIRCLE('',#4194,4.);
#72=CIRCLE('',#4197,4.);
#73=CIRCLE('',#4198,4.);
#74=CIRCLE('',#4199,4.);
#75=CIRCLE('',#4200,4.);
#76=CIRCLE('',#4201,4.);
#77=CIRCLE('',#4202,4.);
#78=CIRCLE('',#4203,4.);
#79=CIRCLE('',#4204,6.);
#80=CIRCLE('',#4205,6.);
#81=CIRCLE('',#4206,4.);
#82=CIRCLE('',#4207,4.);
#83=CIRCLE('',#4208,4.);
#84=CIRCLE('',#4211,4.);
#85=CIRCLE('',#4212,5.);
#86=CIRCLE('',#4215,4.);
#87=CIRCLE('',#4216,5.);
#88=CIRCLE('',#4219,5.00000000000001);
#89=CIRCLE('',#4222,5.);
#90=CIRCLE('',#4227,4.);
#91=CIRCLE('',#4228,4.);
#92=CIRCLE('',#4229,4.);
#93=CIRCLE('',#4230,4.);
#94=CIRCLE('',#4231,4.);
#95=CIRCLE('',#4232,4.);
#96=CIRCLE('',#4233,4.);
#97=CIRCLE('',#4234,4.);
#98=CIRCLE('',#4235,6.);
#99=CIRCLE('',#4236,6.);
#100=CIRCLE('',#4237,4.);
#101=CIRCLE('',#4238,4.);
#102=CIRCLE('',#4242,5.);
#103=CIRCLE('',#4245,5.);
#104=CIRCLE('',#4248,5.);
#105=CIRCLE('',#4251,5.);
#106=CIRCLE('',#4254,5.);
#107=CIRCLE('',#4257,5.);
#108=CIRCLE('',#4261,5.);
#109=CIRCLE('',#4264,5.);
#110=CIRCLE('',#4267,5.);
#111=CIRCLE('',#4270,5.);
#112=CIRCLE('',#4273,5.);
#113=CIRCLE('',#4276,5.);
#114=CIRCLE('',#4282,3.);
#115=CIRCLE('',#4285,5.);
#116=CIRCLE('',#4288,3.);
#117=CIRCLE('',#4295,3.);
#118=CIRCLE('',#4298,5.);
#119=CIRCLE('',#4301,5.);
#120=CIRCLE('',#4304,5.);
#121=CIRCLE('',#4307,5.);
#122=CIRCLE('',#4315,5.);
#123=CIRCLE('',#4317,4.);
#124=CIRCLE('',#4318,4.);
#125=CIRCLE('',#4320,5.);
#126=CIRCLE('',#4323,5.);
#127=CIRCLE('',#4326,3.);
#128=CIRCLE('',#4342,3.);
#129=CIRCLE('',#4364,3.);
#130=CONICAL_SURFACE('',#4175,4.5,0.785398163397464);
#131=CONICAL_SURFACE('',#4179,4.5,0.785398163397462);
#132=CONICAL_SURFACE('',#4183,4.5,0.785398163397454);
#133=CONICAL_SURFACE('',#4187,4.5,0.785398163397454);
#134=CONICAL_SURFACE('',#4210,4.5,0.785398163397459);
#135=CONICAL_SURFACE('',#4214,4.5,0.785398163397459);
#136=CONICAL_SURFACE('',#4218,4.5,0.785398163397459);
#137=CONICAL_SURFACE('',#4221,4.5,0.785398163397456);
#138=CONICAL_SURFACE('',#4241,4.5,0.785398163397448);
#139=CONICAL_SURFACE('',#4244,4.5,0.785398163397447);
#140=CONICAL_SURFACE('',#4247,5.5,0.78539816339745);
#141=CONICAL_SURFACE('',#4250,5.5,0.78539816339745);
#142=CONICAL_SURFACE('',#4253,4.5,0.785398163397446);
#143=CONICAL_SURFACE('',#4256,4.5,0.785398163397448);
#144=CONICAL_SURFACE('',#4281,3.5,0.785398163397444);
#145=CONICAL_SURFACE('',#4284,4.5,0.785398163397448);
#146=CONICAL_SURFACE('',#4294,3.5,0.785398163397427);
#147=CONICAL_SURFACE('',#4297,4.5,0.785398163397424);
#148=CONICAL_SURFACE('',#4300,4.5,0.785398163397448);
#149=CONICAL_SURFACE('',#4303,4.5,0.785398163397448);
#150=CONICAL_SURFACE('',#4306,4.5,0.785398163397424);
#151=CONICAL_SURFACE('',#4309,3.5,0.785398163397427);
#152=CONICAL_SURFACE('',#4330,4.5,0.785398163397446);
#153=CONICAL_SURFACE('',#4332,3.5,0.785398163397444);
#154=CONICAL_SURFACE('',#4347,3.5,0.785398163397447);
#155=CONICAL_SURFACE('',#4349,4.5,0.785398163397449);
#156=CONICAL_SURFACE('',#4350,4.5,0.785398163397479);
#157=CONICAL_SURFACE('',#4352,4.5,0.785398163397478);
#158=CONICAL_SURFACE('',#4354,5.5,0.785398163397468);
#159=CONICAL_SURFACE('',#4356,5.5,0.785398163397468);
#160=CONICAL_SURFACE('',#4358,4.5,0.785398163397478);
#161=CONICAL_SURFACE('',#4360,4.5,0.785398163397479);
#162=CONICAL_SURFACE('',#4361,4.5,0.785398163397449);
#163=CONICAL_SURFACE('',#4363,3.5,0.785398163397447);
#164=FACE_OUTER_BOUND('',#408,.T.);
#165=FACE_OUTER_BOUND('',#409,.T.);
#166=FACE_OUTER_BOUND('',#410,.T.);
#167=FACE_OUTER_BOUND('',#411,.T.);
#168=FACE_OUTER_BOUND('',#412,.T.);
#169=FACE_OUTER_BOUND('',#413,.T.);
#170=FACE_OUTER_BOUND('',#414,.T.);
#171=FACE_OUTER_BOUND('',#415,.T.);
#172=FACE_OUTER_BOUND('',#416,.T.);
#173=FACE_OUTER_BOUND('',#417,.T.);
#174=FACE_OUTER_BOUND('',#418,.T.);
#175=FACE_OUTER_BOUND('',#419,.T.);
#176=FACE_OUTER_BOUND('',#420,.T.);
#177=FACE_OUTER_BOUND('',#432,.T.);
#178=FACE_OUTER_BOUND('',#433,.T.);
#179=FACE_OUTER_BOUND('',#434,.T.);
#180=FACE_OUTER_BOUND('',#435,.T.);
#181=FACE_OUTER_BOUND('',#436,.T.);
#182=FACE_OUTER_BOUND('',#437,.T.);
#183=FACE_OUTER_BOUND('',#438,.T.);
#184=FACE_OUTER_BOUND('',#439,.T.);
#185=FACE_OUTER_BOUND('',#440,.T.);
#186=FACE_OUTER_BOUND('',#441,.T.);
#187=FACE_OUTER_BOUND('',#442,.T.);
#188=FACE_OUTER_BOUND('',#443,.T.);
#189=FACE_OUTER_BOUND('',#445,.T.);
#190=FACE_OUTER_BOUND('',#446,.T.);
#191=FACE_OUTER_BOUND('',#447,.T.);
#192=FACE_OUTER_BOUND('',#448,.T.);
#193=FACE_OUTER_BOUND('',#449,.T.);
#194=FACE_OUTER_BOUND('',#450,.T.);
#195=FACE_OUTER_BOUND('',#451,.T.);
#196=FACE_OUTER_BOUND('',#452,.T.);
#197=FACE_OUTER_BOUND('',#453,.T.);
#198=FACE_OUTER_BOUND('',#454,.T.);
#199=FACE_OUTER_BOUND('',#455,.T.);
#200=FACE_OUTER_BOUND('',#456,.T.);
#201=FACE_OUTER_BOUND('',#457,.T.);
#202=FACE_OUTER_BOUND('',#458,.T.);
#203=FACE_OUTER_BOUND('',#459,.T.);
#204=FACE_OUTER_BOUND('',#460,.T.);
#205=FACE_OUTER_BOUND('',#461,.T.);
#206=FACE_OUTER_BOUND('',#462,.T.);
#207=FACE_OUTER_BOUND('',#463,.T.);
#208=FACE_OUTER_BOUND('',#464,.T.);
#209=FACE_OUTER_BOUND('',#465,.T.);
#210=FACE_OUTER_BOUND('',#466,.T.);
#211=FACE_OUTER_BOUND('',#467,.T.);
#212=FACE_OUTER_BOUND('',#468,.T.);
#213=FACE_OUTER_BOUND('',#469,.T.);
#214=FACE_OUTER_BOUND('',#470,.T.);
#215=FACE_OUTER_BOUND('',#471,.T.);
#216=FACE_OUTER_BOUND('',#472,.T.);
#217=FACE_OUTER_BOUND('',#473,.T.);
#218=FACE_OUTER_BOUND('',#474,.T.);
#219=FACE_OUTER_BOUND('',#475,.T.);
#220=FACE_OUTER_BOUND('',#476,.T.);
#221=FACE_OUTER_BOUND('',#477,.T.);
#222=FACE_OUTER_BOUND('',#478,.T.);
#223=FACE_OUTER_BOUND('',#479,.T.);
#224=FACE_OUTER_BOUND('',#480,.T.);
#225=FACE_OUTER_BOUND('',#481,.T.);
#226=FACE_OUTER_BOUND('',#482,.T.);
#227=FACE_OUTER_BOUND('',#483,.T.);
#228=FACE_OUTER_BOUND('',#484,.T.);
#229=FACE_OUTER_BOUND('',#485,.T.);
#230=FACE_OUTER_BOUND('',#486,.T.);
#231=FACE_OUTER_BOUND('',#487,.T.);
#232=FACE_OUTER_BOUND('',#488,.T.);
#233=FACE_OUTER_BOUND('',#489,.T.);
#234=FACE_OUTER_BOUND('',#490,.T.);
#235=FACE_OUTER_BOUND('',#491,.T.);
#236=FACE_OUTER_BOUND('',#492,.T.);
#237=FACE_OUTER_BOUND('',#493,.T.);
#238=FACE_OUTER_BOUND('',#494,.T.);
#239=FACE_OUTER_BOUND('',#495,.T.);
#240=FACE_OUTER_BOUND('',#496,.T.);
#241=FACE_OUTER_BOUND('',#497,.T.);
#242=FACE_OUTER_BOUND('',#498,.T.);
#243=FACE_OUTER_BOUND('',#499,.T.);
#244=FACE_OUTER_BOUND('',#500,.T.);
#245=FACE_OUTER_BOUND('',#501,.T.);
#246=FACE_OUTER_BOUND('',#502,.T.);
#247=FACE_OUTER_BOUND('',#503,.T.);
#248=FACE_OUTER_BOUND('',#504,.T.);
#249=FACE_OUTER_BOUND('',#505,.T.);
#250=FACE_OUTER_BOUND('',#506,.T.);
#251=FACE_OUTER_BOUND('',#507,.T.);
#252=FACE_OUTER_BOUND('',#508,.T.);
#253=FACE_OUTER_BOUND('',#509,.T.);
#254=FACE_OUTER_BOUND('',#510,.T.);
#255=FACE_OUTER_BOUND('',#511,.T.);
#256=FACE_OUTER_BOUND('',#512,.T.);
#257=FACE_OUTER_BOUND('',#513,.T.);
#258=FACE_OUTER_BOUND('',#514,.T.);
#259=FACE_OUTER_BOUND('',#515,.T.);
#260=FACE_OUTER_BOUND('',#516,.T.);
#261=FACE_OUTER_BOUND('',#517,.T.);
#262=FACE_OUTER_BOUND('',#518,.T.);
#263=FACE_OUTER_BOUND('',#519,.T.);
#264=FACE_OUTER_BOUND('',#520,.T.);
#265=FACE_OUTER_BOUND('',#521,.T.);
#266=FACE_OUTER_BOUND('',#522,.T.);
#267=FACE_OUTER_BOUND('',#523,.T.);
#268=FACE_OUTER_BOUND('',#524,.T.);
#269=FACE_OUTER_BOUND('',#525,.T.);
#270=FACE_OUTER_BOUND('',#526,.T.);
#271=FACE_OUTER_BOUND('',#527,.T.);
#272=FACE_OUTER_BOUND('',#528,.T.);
#273=FACE_OUTER_BOUND('',#529,.T.);
#274=FACE_OUTER_BOUND('',#530,.T.);
#275=FACE_OUTER_BOUND('',#531,.T.);
#276=FACE_OUTER_BOUND('',#532,.T.);
#277=FACE_OUTER_BOUND('',#533,.T.);
#278=FACE_OUTER_BOUND('',#534,.T.);
#279=FACE_OUTER_BOUND('',#535,.T.);
#280=FACE_OUTER_BOUND('',#536,.T.);
#281=FACE_OUTER_BOUND('',#537,.T.);
#282=FACE_OUTER_BOUND('',#538,.T.);
#283=FACE_OUTER_BOUND('',#539,.T.);
#284=FACE_OUTER_BOUND('',#540,.T.);
#285=FACE_OUTER_BOUND('',#541,.T.);
#286=FACE_OUTER_BOUND('',#542,.T.);
#287=FACE_OUTER_BOUND('',#543,.T.);
#288=FACE_OUTER_BOUND('',#544,.T.);
#289=FACE_OUTER_BOUND('',#545,.T.);
#290=FACE_OUTER_BOUND('',#546,.T.);
#291=FACE_OUTER_BOUND('',#547,.T.);
#292=FACE_OUTER_BOUND('',#548,.T.);
#293=FACE_OUTER_BOUND('',#549,.T.);
#294=FACE_OUTER_BOUND('',#550,.T.);
#295=FACE_OUTER_BOUND('',#551,.T.);
#296=FACE_OUTER_BOUND('',#552,.T.);
#297=FACE_OUTER_BOUND('',#553,.T.);
#298=FACE_OUTER_BOUND('',#554,.T.);
#299=FACE_OUTER_BOUND('',#555,.T.);
#300=FACE_OUTER_BOUND('',#556,.T.);
#301=FACE_OUTER_BOUND('',#557,.T.);
#302=FACE_OUTER_BOUND('',#558,.T.);
#303=FACE_OUTER_BOUND('',#559,.T.);
#304=FACE_OUTER_BOUND('',#560,.T.);
#305=FACE_OUTER_BOUND('',#561,.T.);
#306=FACE_OUTER_BOUND('',#562,.T.);
#307=FACE_OUTER_BOUND('',#563,.T.);
#308=FACE_OUTER_BOUND('',#564,.T.);
#309=FACE_OUTER_BOUND('',#565,.T.);
#310=FACE_OUTER_BOUND('',#566,.T.);
#311=FACE_OUTER_BOUND('',#567,.T.);
#312=FACE_OUTER_BOUND('',#568,.T.);
#313=FACE_OUTER_BOUND('',#569,.T.);
#314=FACE_OUTER_BOUND('',#572,.T.);
#315=FACE_OUTER_BOUND('',#573,.T.);
#316=FACE_OUTER_BOUND('',#574,.T.);
#317=FACE_OUTER_BOUND('',#575,.T.);
#318=FACE_OUTER_BOUND('',#576,.T.);
#319=FACE_OUTER_BOUND('',#577,.T.);
#320=FACE_OUTER_BOUND('',#578,.T.);
#321=FACE_OUTER_BOUND('',#579,.T.);
#322=FACE_OUTER_BOUND('',#580,.T.);
#323=FACE_OUTER_BOUND('',#581,.T.);
#324=FACE_OUTER_BOUND('',#582,.T.);
#325=FACE_OUTER_BOUND('',#583,.T.);
#326=FACE_OUTER_BOUND('',#584,.T.);
#327=FACE_OUTER_BOUND('',#585,.T.);
#328=FACE_OUTER_BOUND('',#586,.T.);
#329=FACE_OUTER_BOUND('',#587,.T.);
#330=FACE_OUTER_BOUND('',#588,.T.);
#331=FACE_OUTER_BOUND('',#589,.T.);
#332=FACE_OUTER_BOUND('',#590,.T.);
#333=FACE_OUTER_BOUND('',#591,.T.);
#334=FACE_OUTER_BOUND('',#592,.T.);
#335=FACE_OUTER_BOUND('',#593,.T.);
#336=FACE_OUTER_BOUND('',#594,.T.);
#337=FACE_OUTER_BOUND('',#595,.T.);
#338=FACE_OUTER_BOUND('',#596,.T.);
#339=FACE_OUTER_BOUND('',#597,.T.);
#340=FACE_OUTER_BOUND('',#598,.T.);
#341=FACE_OUTER_BOUND('',#599,.T.);
#342=FACE_OUTER_BOUND('',#600,.T.);
#343=FACE_OUTER_BOUND('',#601,.T.);
#344=FACE_OUTER_BOUND('',#602,.T.);
#345=FACE_OUTER_BOUND('',#603,.T.);
#346=FACE_OUTER_BOUND('',#604,.T.);
#347=FACE_OUTER_BOUND('',#605,.T.);
#348=FACE_OUTER_BOUND('',#606,.T.);
#349=FACE_OUTER_BOUND('',#607,.T.);
#350=FACE_OUTER_BOUND('',#608,.T.);
#351=FACE_OUTER_BOUND('',#609,.T.);
#352=FACE_OUTER_BOUND('',#610,.T.);
#353=FACE_OUTER_BOUND('',#611,.T.);
#354=FACE_OUTER_BOUND('',#612,.T.);
#355=FACE_OUTER_BOUND('',#613,.T.);
#356=FACE_OUTER_BOUND('',#614,.T.);
#357=FACE_OUTER_BOUND('',#615,.T.);
#358=FACE_OUTER_BOUND('',#616,.T.);
#359=FACE_OUTER_BOUND('',#617,.T.);
#360=FACE_OUTER_BOUND('',#618,.T.);
#361=FACE_OUTER_BOUND('',#619,.T.);
#362=FACE_OUTER_BOUND('',#620,.T.);
#363=FACE_OUTER_BOUND('',#621,.T.);
#364=FACE_OUTER_BOUND('',#622,.T.);
#365=FACE_OUTER_BOUND('',#623,.T.);
#366=FACE_OUTER_BOUND('',#624,.T.);
#367=FACE_OUTER_BOUND('',#625,.T.);
#368=FACE_OUTER_BOUND('',#626,.T.);
#369=FACE_OUTER_BOUND('',#627,.T.);
#370=FACE_OUTER_BOUND('',#628,.T.);
#371=FACE_OUTER_BOUND('',#629,.T.);
#372=FACE_OUTER_BOUND('',#630,.T.);
#373=FACE_OUTER_BOUND('',#631,.T.);
#374=FACE_OUTER_BOUND('',#632,.T.);
#375=FACE_OUTER_BOUND('',#633,.T.);
#376=FACE_OUTER_BOUND('',#634,.T.);
#377=FACE_OUTER_BOUND('',#635,.T.);
#378=FACE_OUTER_BOUND('',#636,.T.);
#379=FACE_OUTER_BOUND('',#637,.T.);
#380=FACE_OUTER_BOUND('',#638,.T.);
#381=FACE_OUTER_BOUND('',#639,.T.);
#382=FACE_OUTER_BOUND('',#640,.T.);
#383=FACE_OUTER_BOUND('',#641,.T.);
#384=FACE_OUTER_BOUND('',#642,.T.);
#385=FACE_OUTER_BOUND('',#643,.T.);
#386=FACE_OUTER_BOUND('',#644,.T.);
#387=FACE_OUTER_BOUND('',#645,.T.);
#388=FACE_OUTER_BOUND('',#646,.T.);
#389=FACE_OUTER_BOUND('',#647,.T.);
#390=FACE_OUTER_BOUND('',#648,.T.);
#391=FACE_OUTER_BOUND('',#649,.T.);
#392=FACE_OUTER_BOUND('',#650,.T.);
#393=FACE_OUTER_BOUND('',#651,.T.);
#394=FACE_OUTER_BOUND('',#652,.T.);
#395=FACE_OUTER_BOUND('',#653,.T.);
#396=FACE_OUTER_BOUND('',#654,.T.);
#397=FACE_OUTER_BOUND('',#655,.T.);
#398=FACE_OUTER_BOUND('',#656,.T.);
#399=FACE_OUTER_BOUND('',#657,.T.);
#400=FACE_OUTER_BOUND('',#658,.T.);
#401=FACE_OUTER_BOUND('',#659,.T.);
#402=FACE_OUTER_BOUND('',#660,.T.);
#403=FACE_OUTER_BOUND('',#661,.T.);
#404=FACE_OUTER_BOUND('',#662,.T.);
#405=FACE_OUTER_BOUND('',#663,.T.);
#406=FACE_OUTER_BOUND('',#664,.T.);
#407=FACE_OUTER_BOUND('',#665,.T.);
#408=EDGE_LOOP('',(#2572,#2573,#2574,#2575));
#409=EDGE_LOOP('',(#2576,#2577,#2578,#2579));
#410=EDGE_LOOP('',(#2580,#2581,#2582,#2583));
#411=EDGE_LOOP('',(#2584,#2585,#2586,#2587));
#412=EDGE_LOOP('',(#2588,#2589,#2590,#2591));
#413=EDGE_LOOP('',(#2592,#2593,#2594,#2595));
#414=EDGE_LOOP('',(#2596,#2597,#2598,#2599));
#415=EDGE_LOOP('',(#2600,#2601,#2602,#2603));
#416=EDGE_LOOP('',(#2604,#2605,#2606,#2607));
#417=EDGE_LOOP('',(#2608,#2609,#2610,#2611));
#418=EDGE_LOOP('',(#2612,#2613,#2614,#2615));
#419=EDGE_LOOP('',(#2616,#2617,#2618,#2619));
#420=EDGE_LOOP('',(#2620,#2621,#2622,#2623,#2624,#2625,#2626,#2627,#2628,
#2629,#2630,#2631,#2632,#2633,#2634,#2635,#2636,#2637,#2638,#2639,#2640,
#2641,#2642,#2643,#2644,#2645,#2646,#2647,#2648,#2649,#2650,#2651,#2652,
#2653,#2654,#2655));
#421=EDGE_LOOP('',(#2656,#2657,#2658,#2659));
#422=EDGE_LOOP('',(#2660,#2661,#2662,#2663));
#423=EDGE_LOOP('',(#2664,#2665,#2666,#2667));
#424=EDGE_LOOP('',(#2668,#2669,#2670,#2671));
#425=EDGE_LOOP('',(#2672,#2673,#2674,#2675));
#426=EDGE_LOOP('',(#2676,#2677,#2678,#2679));
#427=EDGE_LOOP('',(#2680,#2681,#2682,#2683));
#428=EDGE_LOOP('',(#2684,#2685,#2686,#2687));
#429=EDGE_LOOP('',(#2688,#2689,#2690,#2691));
#430=EDGE_LOOP('',(#2692,#2693,#2694,#2695));
#431=EDGE_LOOP('',(#2696,#2697,#2698,#2699,#2700,#2701,#2702,#2703));
#432=EDGE_LOOP('',(#2704,#2705,#2706,#2707));
#433=EDGE_LOOP('',(#2708,#2709,#2710,#2711));
#434=EDGE_LOOP('',(#2712,#2713,#2714,#2715));
#435=EDGE_LOOP('',(#2716,#2717,#2718,#2719));
#436=EDGE_LOOP('',(#2720,#2721,#2722,#2723));
#437=EDGE_LOOP('',(#2724,#2725,#2726,#2727));
#438=EDGE_LOOP('',(#2728,#2729,#2730,#2731));
#439=EDGE_LOOP('',(#2732,#2733,#2734,#2735));
#440=EDGE_LOOP('',(#2736,#2737,#2738,#2739));
#441=EDGE_LOOP('',(#2740,#2741,#2742,#2743));
#442=EDGE_LOOP('',(#2744,#2745,#2746,#2747));
#443=EDGE_LOOP('',(#2748,#2749,#2750,#2751,#2752,#2753,#2754,#2755,#2756,
#2757,#2758,#2759,#2760,#2761,#2762,#2763,#2764,#2765,#2766,#2767,#2768,
#2769,#2770,#2771,#2772,#2773,#2774,#2775,#2776,#2777));
#444=EDGE_LOOP('',(#2778,#2779,#2780,#2781,#2782,#2783,#2784,#2785));
#445=EDGE_LOOP('',(#2786,#2787,#2788,#2789));
#446=EDGE_LOOP('',(#2790,#2791,#2792,#2793));
#447=EDGE_LOOP('',(#2794,#2795,#2796,#2797));
#448=EDGE_LOOP('',(#2798,#2799,#2800,#2801));
#449=EDGE_LOOP('',(#2802,#2803,#2804,#2805));
#450=EDGE_LOOP('',(#2806,#2807,#2808,#2809));
#451=EDGE_LOOP('',(#2810,#2811,#2812,#2813));
#452=EDGE_LOOP('',(#2814,#2815,#2816,#2817));
#453=EDGE_LOOP('',(#2818,#2819,#2820,#2821));
#454=EDGE_LOOP('',(#2822,#2823,#2824,#2825));
#455=EDGE_LOOP('',(#2826,#2827,#2828,#2829));
#456=EDGE_LOOP('',(#2830,#2831,#2832,#2833));
#457=EDGE_LOOP('',(#2834,#2835,#2836,#2837));
#458=EDGE_LOOP('',(#2838,#2839,#2840,#2841));
#459=EDGE_LOOP('',(#2842,#2843,#2844,#2845));
#460=EDGE_LOOP('',(#2846,#2847,#2848,#2849));
#461=EDGE_LOOP('',(#2850,#2851,#2852,#2853));
#462=EDGE_LOOP('',(#2854,#2855,#2856,#2857));
#463=EDGE_LOOP('',(#2858,#2859,#2860,#2861));
#464=EDGE_LOOP('',(#2862,#2863,#2864,#2865));
#465=EDGE_LOOP('',(#2866,#2867,#2868,#2869));
#466=EDGE_LOOP('',(#2870,#2871,#2872,#2873));
#467=EDGE_LOOP('',(#2874,#2875,#2876,#2877));
#468=EDGE_LOOP('',(#2878,#2879,#2880,#2881));
#469=EDGE_LOOP('',(#2882,#2883,#2884,#2885));
#470=EDGE_LOOP('',(#2886,#2887,#2888,#2889));
#471=EDGE_LOOP('',(#2890,#2891,#2892,#2893));
#472=EDGE_LOOP('',(#2894,#2895,#2896,#2897,#2898,#2899,#2900,#2901));
#473=EDGE_LOOP('',(#2902,#2903,#2904,#2905));
#474=EDGE_LOOP('',(#2906,#2907,#2908,#2909));
#475=EDGE_LOOP('',(#2910,#2911,#2912,#2913));
#476=EDGE_LOOP('',(#2914,#2915,#2916,#2917));
#477=EDGE_LOOP('',(#2918,#2919,#2920,#2921));
#478=EDGE_LOOP('',(#2922,#2923,#2924,#2925));
#479=EDGE_LOOP('',(#2926,#2927,#2928,#2929));
#480=EDGE_LOOP('',(#2930,#2931,#2932,#2933));
#481=EDGE_LOOP('',(#2934,#2935,#2936,#2937));
#482=EDGE_LOOP('',(#2938,#2939,#2940,#2941));
#483=EDGE_LOOP('',(#2942,#2943,#2944,#2945));
#484=EDGE_LOOP('',(#2946,#2947,#2948,#2949));
#485=EDGE_LOOP('',(#2950,#2951,#2952,#2953));
#486=EDGE_LOOP('',(#2954,#2955,#2956,#2957));
#487=EDGE_LOOP('',(#2958,#2959,#2960,#2961));
#488=EDGE_LOOP('',(#2962,#2963,#2964,#2965));
#489=EDGE_LOOP('',(#2966,#2967,#2968,#2969));
#490=EDGE_LOOP('',(#2970,#2971,#2972,#2973));
#491=EDGE_LOOP('',(#2974,#2975,#2976,#2977));
#492=EDGE_LOOP('',(#2978,#2979,#2980,#2981));
#493=EDGE_LOOP('',(#2982,#2983,#2984,#2985));
#494=EDGE_LOOP('',(#2986,#2987,#2988,#2989));
#495=EDGE_LOOP('',(#2990,#2991,#2992,#2993));
#496=EDGE_LOOP('',(#2994,#2995,#2996,#2997));
#497=EDGE_LOOP('',(#2998,#2999,#3000,#3001));
#498=EDGE_LOOP('',(#3002,#3003,#3004,#3005));
#499=EDGE_LOOP('',(#3006,#3007,#3008,#3009));
#500=EDGE_LOOP('',(#3010,#3011,#3012,#3013));
#501=EDGE_LOOP('',(#3014,#3015,#3016,#3017,#3018,#3019,#3020,#3021,#3022,
#3023));
#502=EDGE_LOOP('',(#3024,#3025,#3026,#3027));
#503=EDGE_LOOP('',(#3028,#3029,#3030,#3031));
#504=EDGE_LOOP('',(#3032,#3033,#3034,#3035));
#505=EDGE_LOOP('',(#3036,#3037,#3038,#3039));
#506=EDGE_LOOP('',(#3040,#3041,#3042,#3043));
#507=EDGE_LOOP('',(#3044,#3045,#3046,#3047));
#508=EDGE_LOOP('',(#3048,#3049,#3050,#3051));
#509=EDGE_LOOP('',(#3052,#3053,#3054,#3055));
#510=EDGE_LOOP('',(#3056,#3057,#3058,#3059));
#511=EDGE_LOOP('',(#3060,#3061,#3062,#3063));
#512=EDGE_LOOP('',(#3064,#3065,#3066,#3067));
#513=EDGE_LOOP('',(#3068,#3069,#3070,#3071));
#514=EDGE_LOOP('',(#3072,#3073,#3074,#3075));
#515=EDGE_LOOP('',(#3076,#3077,#3078,#3079));
#516=EDGE_LOOP('',(#3080,#3081,#3082,#3083));
#517=EDGE_LOOP('',(#3084,#3085,#3086,#3087));
#518=EDGE_LOOP('',(#3088,#3089,#3090,#3091));
#519=EDGE_LOOP('',(#3092,#3093,#3094,#3095));
#520=EDGE_LOOP('',(#3096,#3097,#3098,#3099));
#521=EDGE_LOOP('',(#3100,#3101,#3102,#3103));
#522=EDGE_LOOP('',(#3104,#3105,#3106,#3107));
#523=EDGE_LOOP('',(#3108,#3109,#3110,#3111));
#524=EDGE_LOOP('',(#3112,#3113,#3114,#3115,#3116,#3117));
#525=EDGE_LOOP('',(#3118,#3119,#3120,#3121,#3122));
#526=EDGE_LOOP('',(#3123,#3124,#3125,#3126));
#527=EDGE_LOOP('',(#3127,#3128,#3129,#3130));
#528=EDGE_LOOP('',(#3131,#3132,#3133,#3134));
#529=EDGE_LOOP('',(#3135,#3136,#3137,#3138));
#530=EDGE_LOOP('',(#3139,#3140,#3141,#3142));
#531=EDGE_LOOP('',(#3143,#3144,#3145,#3146));
#532=EDGE_LOOP('',(#3147,#3148,#3149,#3150));
#533=EDGE_LOOP('',(#3151,#3152,#3153,#3154));
#534=EDGE_LOOP('',(#3155,#3156,#3157,#3158));
#535=EDGE_LOOP('',(#3159,#3160,#3161,#3162));
#536=EDGE_LOOP('',(#3163,#3164,#3165,#3166));
#537=EDGE_LOOP('',(#3167,#3168,#3169,#3170));
#538=EDGE_LOOP('',(#3171,#3172,#3173,#3174));
#539=EDGE_LOOP('',(#3175,#3176,#3177,#3178));
#540=EDGE_LOOP('',(#3179,#3180,#3181,#3182));
#541=EDGE_LOOP('',(#3183,#3184,#3185,#3186));
#542=EDGE_LOOP('',(#3187,#3188,#3189,#3190));
#543=EDGE_LOOP('',(#3191,#3192,#3193,#3194));
#544=EDGE_LOOP('',(#3195,#3196,#3197,#3198));
#545=EDGE_LOOP('',(#3199,#3200,#3201,#3202));
#546=EDGE_LOOP('',(#3203,#3204,#3205,#3206));
#547=EDGE_LOOP('',(#3207,#3208,#3209,#3210));
#548=EDGE_LOOP('',(#3211,#3212,#3213,#3214,#3215,#3216,#3217,#3218));
#549=EDGE_LOOP('',(#3219,#3220,#3221));
#550=EDGE_LOOP('',(#3222,#3223,#3224));
#551=EDGE_LOOP('',(#3225,#3226,#3227));
#552=EDGE_LOOP('',(#3228,#3229,#3230,#3231));
#553=EDGE_LOOP('',(#3232,#3233,#3234));
#554=EDGE_LOOP('',(#3235,#3236,#3237));
#555=EDGE_LOOP('',(#3238,#3239,#3240));
#556=EDGE_LOOP('',(#3241,#3242,#3243,#3244));
#557=EDGE_LOOP('',(#3245,#3246,#3247));
#558=EDGE_LOOP('',(#3248,#3249,#3250,#3251));
#559=EDGE_LOOP('',(#3252,#3253,#3254,#3255));
#560=EDGE_LOOP('',(#3256,#3257,#3258));
#561=EDGE_LOOP('',(#3259,#3260,#3261,#3262));
#562=EDGE_LOOP('',(#3263,#3264,#3265,#3266));
#563=EDGE_LOOP('',(#3267,#3268,#3269,#3270));
#564=EDGE_LOOP('',(#3271,#3272,#3273,#3274));
#565=EDGE_LOOP('',(#3275,#3276,#3277,#3278));
#566=EDGE_LOOP('',(#3279,#3280,#3281,#3282));
#567=EDGE_LOOP('',(#3283,#3284,#3285,#3286));
#568=EDGE_LOOP('',(#3287,#3288,#3289,#3290));
#569=EDGE_LOOP('',(#3291,#3292,#3293,#3294));
#570=EDGE_LOOP('',(#3295,#3296,#3297,#3298));
#571=EDGE_LOOP('',(#3299,#3300,#3301,#3302));
#572=EDGE_LOOP('',(#3303,#3304,#3305,#3306));
#573=EDGE_LOOP('',(#3307,#3308,#3309,#3310));
#574=EDGE_LOOP('',(#3311,#3312,#3313,#3314));
#575=EDGE_LOOP('',(#3315,#3316,#3317,#3318));
#576=EDGE_LOOP('',(#3319,#3320,#3321));
#577=EDGE_LOOP('',(#3322,#3323,#3324));
#578=EDGE_LOOP('',(#3325,#3326,#3327));
#579=EDGE_LOOP('',(#3328,#3329,#3330,#3331));
#580=EDGE_LOOP('',(#3332,#3333,#3334));
#581=EDGE_LOOP('',(#3335,#3336,#3337,#3338));
#582=EDGE_LOOP('',(#3339,#3340,#3341));
#583=EDGE_LOOP('',(#3342,#3343,#3344,#3345));
#584=EDGE_LOOP('',(#3346,#3347,#3348));
#585=EDGE_LOOP('',(#3349,#3350,#3351));
#586=EDGE_LOOP('',(#3352,#3353,#3354,#3355));
#587=EDGE_LOOP('',(#3356,#3357,#3358,#3359));
#588=EDGE_LOOP('',(#3360,#3361,#3362));
#589=EDGE_LOOP('',(#3363,#3364,#3365,#3366));
#590=EDGE_LOOP('',(#3367,#3368,#3369,#3370));
#591=EDGE_LOOP('',(#3371,#3372,#3373,#3374));
#592=EDGE_LOOP('',(#3375,#3376,#3377,#3378));
#593=EDGE_LOOP('',(#3379,#3380,#3381,#3382));
#594=EDGE_LOOP('',(#3383,#3384,#3385,#3386));
#595=EDGE_LOOP('',(#3387,#3388,#3389,#3390));
#596=EDGE_LOOP('',(#3391,#3392,#3393,#3394));
#597=EDGE_LOOP('',(#3395,#3396,#3397,#3398));
#598=EDGE_LOOP('',(#3399,#3400,#3401,#3402));
#599=EDGE_LOOP('',(#3403,#3404,#3405,#3406));
#600=EDGE_LOOP('',(#3407,#3408,#3409,#3410,#3411));
#601=EDGE_LOOP('',(#3412,#3413,#3414,#3415));
#602=EDGE_LOOP('',(#3416,#3417,#3418,#3419));
#603=EDGE_LOOP('',(#3420,#3421,#3422,#3423,#3424,#3425,#3426));
#604=EDGE_LOOP('',(#3427,#3428,#3429,#3430,#3431,#3432,#3433));
#605=EDGE_LOOP('',(#3434,#3435,#3436,#3437));
#606=EDGE_LOOP('',(#3438,#3439,#3440,#3441));
#607=EDGE_LOOP('',(#3442,#3443,#3444,#3445));
#608=EDGE_LOOP('',(#3446,#3447,#3448,#3449));
#609=EDGE_LOOP('',(#3450,#3451,#3452,#3453));
#610=EDGE_LOOP('',(#3454,#3455,#3456,#3457));
#611=EDGE_LOOP('',(#3458,#3459,#3460,#3461,#3462,#3463,#3464));
#612=EDGE_LOOP('',(#3465,#3466,#3467,#3468,#3469,#3470,#3471));
#613=EDGE_LOOP('',(#3472,#3473,#3474,#3475));
#614=EDGE_LOOP('',(#3476,#3477,#3478,#3479));
#615=EDGE_LOOP('',(#3480,#3481,#3482,#3483));
#616=EDGE_LOOP('',(#3484,#3485,#3486,#3487));
#617=EDGE_LOOP('',(#3488,#3489,#3490,#3491));
#618=EDGE_LOOP('',(#3492,#3493,#3494,#3495));
#619=EDGE_LOOP('',(#3496,#3497,#3498,#3499,#3500,#3501,#3502));
#620=EDGE_LOOP('',(#3503,#3504,#3505,#3506,#3507,#3508,#3509));
#621=EDGE_LOOP('',(#3510,#3511,#3512,#3513));
#622=EDGE_LOOP('',(#3514,#3515,#3516,#3517));
#623=EDGE_LOOP('',(#3518,#3519,#3520,#3521));
#624=EDGE_LOOP('',(#3522,#3523,#3524,#3525));
#625=EDGE_LOOP('',(#3526,#3527,#3528,#3529));
#626=EDGE_LOOP('',(#3530,#3531,#3532,#3533));
#627=EDGE_LOOP('',(#3534,#3535,#3536,#3537,#3538,#3539,#3540));
#628=EDGE_LOOP('',(#3541,#3542,#3543,#3544,#3545,#3546,#3547));
#629=EDGE_LOOP('',(#3548,#3549,#3550,#3551));
#630=EDGE_LOOP('',(#3552,#3553,#3554,#3555));
#631=EDGE_LOOP('',(#3556,#3557,#3558,#3559));
#632=EDGE_LOOP('',(#3560,#3561,#3562,#3563));
#633=EDGE_LOOP('',(#3564,#3565,#3566,#3567));
#634=EDGE_LOOP('',(#3568,#3569,#3570,#3571));
#635=EDGE_LOOP('',(#3572,#3573,#3574,#3575,#3576,#3577,#3578));
#636=EDGE_LOOP('',(#3579,#3580,#3581,#3582,#3583,#3584,#3585));
#637=EDGE_LOOP('',(#3586,#3587,#3588,#3589));
#638=EDGE_LOOP('',(#3590,#3591,#3592,#3593));
#639=EDGE_LOOP('',(#3594,#3595,#3596,#3597));
#640=EDGE_LOOP('',(#3598,#3599,#3600,#3601));
#641=EDGE_LOOP('',(#3602,#3603,#3604,#3605));
#642=EDGE_LOOP('',(#3606,#3607,#3608,#3609));
#643=EDGE_LOOP('',(#3610,#3611,#3612,#3613,#3614,#3615,#3616));
#644=EDGE_LOOP('',(#3617,#3618,#3619,#3620,#3621,#3622,#3623));
#645=EDGE_LOOP('',(#3624,#3625,#3626,#3627));
#646=EDGE_LOOP('',(#3628,#3629,#3630,#3631));
#647=EDGE_LOOP('',(#3632,#3633,#3634,#3635));
#648=EDGE_LOOP('',(#3636,#3637,#3638,#3639));
#649=EDGE_LOOP('',(#3640,#3641,#3642,#3643));
#650=EDGE_LOOP('',(#3644,#3645,#3646,#3647));
#651=EDGE_LOOP('',(#3648,#3649,#3650,#3651,#3652,#3653,#3654));
#652=EDGE_LOOP('',(#3655,#3656,#3657,#3658,#3659,#3660,#3661));
#653=EDGE_LOOP('',(#3662,#3663,#3664,#3665));
#654=EDGE_LOOP('',(#3666,#3667,#3668,#3669));
#655=EDGE_LOOP('',(#3670,#3671,#3672,#3673));
#656=EDGE_LOOP('',(#3674,#3675,#3676,#3677));
#657=EDGE_LOOP('',(#3678,#3679,#3680,#3681));
#658=EDGE_LOOP('',(#3682,#3683,#3684,#3685));
#659=EDGE_LOOP('',(#3686,#3687,#3688,#3689,#3690,#3691,#3692));
#660=EDGE_LOOP('',(#3693,#3694,#3695,#3696,#3697,#3698,#3699));
#661=EDGE_LOOP('',(#3700,#3701,#3702,#3703));
#662=EDGE_LOOP('',(#3704,#3705,#3706,#3707));
#663=EDGE_LOOP('',(#3708,#3709,#3710,#3711));
#664=EDGE_LOOP('',(#3712,#3713,#3714,#3715));
#665=EDGE_LOOP('',(#3716,#3717,#3718,#3719));
#666=LINE('',#5600,#1162);
#667=LINE('',#5602,#1163);
#668=LINE('',#5604,#1164);
#669=LINE('',#5605,#1165);
#670=LINE('',#5610,#1166);
#671=LINE('',#5615,#1167);
#672=LINE('',#5616,#1168);
#673=LINE('',#5617,#1169);
#674=LINE('',#5622,#1170);
#675=LINE('',#5627,#1171);
#676=LINE('',#5628,#1172);
#677=LINE('',#5629,#1173);
#678=LINE('',#5634,#1174);
#679=LINE('',#5639,#1175);
#680=LINE('',#5640,#1176);
#681=LINE('',#5641,#1177);
#682=LINE('',#5647,#1178);
#683=LINE('',#5650,#1179);
#684=LINE('',#5653,#1180);
#685=LINE('',#5654,#1181);
#686=LINE('',#5657,#1182);
#687=LINE('',#5661,#1183);
#688=LINE('',#5662,#1184);
#689=LINE('',#5668,#1185);
#690=LINE('',#5672,#1186);
#691=LINE('',#5674,#1187);
#692=LINE('',#5676,#1188);
#693=LINE('',#5678,#1189);
#694=LINE('',#5680,#1190);
#695=LINE('',#5682,#1191);
#696=LINE('',#5684,#1192);
#697=LINE('',#5688,#1193);
#698=LINE('',#5692,#1194);
#699=LINE('',#5696,#1195);
#700=LINE('',#5698,#1196);
#701=LINE('',#5700,#1197);
#702=LINE('',#5702,#1198);
#703=LINE('',#5706,#1199);
#704=LINE('',#5710,#1200);
#705=LINE('',#5714,#1201);
#706=LINE('',#5718,#1202);
#707=LINE('',#5722,#1203);
#708=LINE('',#5726,#1204);
#709=LINE('',#5728,#1205);
#710=LINE('',#5730,#1206);
#711=LINE('',#5732,#1207);
#712=LINE('',#5735,#1208);
#713=LINE('',#5738,#1209);
#714=LINE('',#5740,#1210);
#715=LINE('',#5742,#1211);
#716=LINE('',#5743,#1212);
#717=LINE('',#5746,#1213);
#718=LINE('',#5748,#1214);
#719=LINE('',#5750,#1215);
#720=LINE('',#5751,#1216);
#721=LINE('',#5754,#1217);
#722=LINE('',#5756,#1218);
#723=LINE('',#5758,#1219);
#724=LINE('',#5759,#1220);
#725=LINE('',#5762,#1221);
#726=LINE('',#5764,#1222);
#727=LINE('',#5766,#1223);
#728=LINE('',#5767,#1224);
#729=LINE('',#5770,#1225);
#730=LINE('',#5772,#1226);
#731=LINE('',#5774,#1227);
#732=LINE('',#5775,#1228);
#733=LINE('',#5778,#1229);
#734=LINE('',#5780,#1230);
#735=LINE('',#5782,#1231);
#736=LINE('',#5783,#1232);
#737=LINE('',#5786,#1233);
#738=LINE('',#5788,#1234);
#739=LINE('',#5790,#1235);
#740=LINE('',#5791,#1236);
#741=LINE('',#5794,#1237);
#742=LINE('',#5796,#1238);
#743=LINE('',#5798,#1239);
#744=LINE('',#5799,#1240);
#745=LINE('',#5802,#1241);
#746=LINE('',#5804,#1242);
#747=LINE('',#5806,#1243);
#748=LINE('',#5807,#1244);
#749=LINE('',#5810,#1245);
#750=LINE('',#5812,#1246);
#751=LINE('',#5814,#1247);
#752=LINE('',#5815,#1248);
#753=LINE('',#5818,#1249);
#754=LINE('',#5820,#1250);
#755=LINE('',#5821,#1251);
#756=LINE('',#5826,#1252);
#757=LINE('',#5831,#1253);
#758=LINE('',#5832,#1254);
#759=LINE('',#5833,#1255);
#760=LINE('',#5838,#1256);
#761=LINE('',#5842,#1257);
#762=LINE('',#5843,#1258);
#763=LINE('',#5844,#1259);
#764=LINE('',#5847,#1260);
#765=LINE('',#5851,#1261);
#766=LINE('',#5852,#1262);
#767=LINE('',#5856,#1263);
#768=LINE('',#5857,#1264);
#769=LINE('',#5859,#1265);
#770=LINE('',#5864,#1266);
#771=LINE('',#5866,#1267);
#772=LINE('',#5868,#1268);
#773=LINE('',#5870,#1269);
#774=LINE('',#5874,#1270);
#775=LINE('',#5878,#1271);
#776=LINE('',#5882,#1272);
#777=LINE('',#5886,#1273);
#778=LINE('',#5890,#1274);
#779=LINE('',#5894,#1275);
#780=LINE('',#5896,#1276);
#781=LINE('',#5898,#1277);
#782=LINE('',#5900,#1278);
#783=LINE('',#5904,#1279);
#784=LINE('',#5908,#1280);
#785=LINE('',#5912,#1281);
#786=LINE('',#5916,#1282);
#787=LINE('',#5920,#1283);
#788=LINE('',#5925,#1284);
#789=LINE('',#5927,#1285);
#790=LINE('',#5928,#1286);
#791=LINE('',#5931,#1287);
#792=LINE('',#5935,#1288);
#793=LINE('',#5936,#1289);
#794=LINE('',#5939,#1290);
#795=LINE('',#5943,#1291);
#796=LINE('',#5944,#1292);
#797=LINE('',#5947,#1293);
#798=LINE('',#5951,#1294);
#799=LINE('',#5952,#1295);
#800=LINE('',#5955,#1296);
#801=LINE('',#5959,#1297);
#802=LINE('',#5960,#1298);
#803=LINE('',#5963,#1299);
#804=LINE('',#5967,#1300);
#805=LINE('',#5968,#1301);
#806=LINE('',#5971,#1302);
#807=LINE('',#5975,#1303);
#808=LINE('',#5976,#1304);
#809=LINE('',#5979,#1305);
#810=LINE('',#5981,#1306);
#811=LINE('',#5982,#1307);
#812=LINE('',#5985,#1308);
#813=LINE('',#5989,#1309);
#814=LINE('',#5990,#1310);
#815=LINE('',#5993,#1311);
#816=LINE('',#5997,#1312);
#817=LINE('',#5998,#1313);
#818=LINE('',#6001,#1314);
#819=LINE('',#6005,#1315);
#820=LINE('',#6006,#1316);
#821=LINE('',#6009,#1317);
#822=LINE('',#6013,#1318);
#823=LINE('',#6014,#1319);
#824=LINE('',#6017,#1320);
#825=LINE('',#6021,#1321);
#826=LINE('',#6022,#1322);
#827=LINE('',#6025,#1323);
#828=LINE('',#6029,#1324);
#829=LINE('',#6030,#1325);
#830=LINE('',#6033,#1326);
#831=LINE('',#6035,#1327);
#832=LINE('',#6036,#1328);
#833=LINE('',#6037,#1329);
#834=LINE('',#6041,#1330);
#835=LINE('',#6042,#1331);
#836=LINE('',#6043,#1332);
#837=LINE('',#6045,#1333);
#838=LINE('',#6049,#1334);
#839=LINE('',#6052,#1335);
#840=LINE('',#6053,#1336);
#841=LINE('',#6056,#1337);
#842=LINE('',#6060,#1338);
#843=LINE('',#6062,#1339);
#844=LINE('',#6063,#1340);
#845=LINE('',#6066,#1341);
#846=LINE('',#6070,#1342);
#847=LINE('',#6071,#1343);
#848=LINE('',#6073,#1344);
#849=LINE('',#6075,#1345);
#850=LINE('',#6077,#1346);
#851=LINE('',#6081,#1347);
#852=LINE('',#6082,#1348);
#853=LINE('',#6083,#1349);
#854=LINE('',#6087,#1350);
#855=LINE('',#6090,#1351);
#856=LINE('',#6091,#1352);
#857=LINE('',#6095,#1353);
#858=LINE('',#6098,#1354);
#859=LINE('',#6099,#1355);
#860=LINE('',#6103,#1356);
#861=LINE('',#6106,#1357);
#862=LINE('',#6107,#1358);
#863=LINE('',#6111,#1359);
#864=LINE('',#6114,#1360);
#865=LINE('',#6115,#1361);
#866=LINE('',#6118,#1362);
#867=LINE('',#6120,#1363);
#868=LINE('',#6122,#1364);
#869=LINE('',#6126,#1365);
#870=LINE('',#6127,#1366);
#871=LINE('',#6129,#1367);
#872=LINE('',#6132,#1368);
#873=LINE('',#6133,#1369);
#874=LINE('',#6136,#1370);
#875=LINE('',#6140,#1371);
#876=LINE('',#6142,#1372);
#877=LINE('',#6146,#1373);
#878=LINE('',#6148,#1374);
#879=LINE('',#6150,#1375);
#880=LINE('',#6153,#1376);
#881=LINE('',#6156,#1377);
#882=LINE('',#6160,#1378);
#883=LINE('',#6161,#1379);
#884=LINE('',#6164,#1380);
#885=LINE('',#6168,#1381);
#886=LINE('',#6169,#1382);
#887=LINE('',#6172,#1383);
#888=LINE('',#6176,#1384);
#889=LINE('',#6177,#1385);
#890=LINE('',#6180,#1386);
#891=LINE('',#6181,#1387);
#892=LINE('',#6183,#1388);
#893=LINE('',#6184,#1389);
#894=LINE('',#6186,#1390);
#895=LINE('',#6187,#1391);
#896=LINE('',#6189,#1392);
#897=LINE('',#6191,#1393);
#898=LINE('',#6194,#1394);
#899=LINE('',#6195,#1395);
#900=LINE('',#6197,#1396);
#901=LINE('',#6199,#1397);
#902=LINE('',#6527,#1398);
#903=LINE('',#6529,#1399);
#904=LINE('',#6531,#1400);
#905=LINE('',#6532,#1401);
#906=LINE('',#6565,#1402);
#907=LINE('',#6573,#1403);
#908=LINE('',#6574,#1404);
#909=LINE('',#6577,#1405);
#910=LINE('',#6579,#1406);
#911=LINE('',#6580,#1407);
#912=LINE('',#6618,#1408);
#913=LINE('',#6621,#1409);
#914=LINE('',#6625,#1410);
#915=LINE('',#6626,#1411);
#916=LINE('',#6629,#1412);
#917=LINE('',#6630,#1413);
#918=LINE('',#6632,#1414);
#919=LINE('',#6633,#1415);
#920=LINE('',#6635,#1416);
#921=LINE('',#6637,#1417);
#922=LINE('',#6639,#1418);
#923=LINE('',#6642,#1419);
#924=LINE('',#6644,#1420);
#925=LINE('',#6646,#1421);
#926=LINE('',#6648,#1422);
#927=LINE('',#6650,#1423);
#928=LINE('',#6652,#1424);
#929=LINE('',#6654,#1425);
#930=LINE('',#6656,#1426);
#931=LINE('',#6658,#1427);
#932=LINE('',#6660,#1428);
#933=LINE('',#6663,#1429);
#934=LINE('',#6665,#1430);
#935=LINE('',#6668,#1431);
#936=LINE('',#6671,#1432);
#937=LINE('',#6676,#1433);
#938=LINE('',#6678,#1434);
#939=LINE('',#6679,#1435);
#940=LINE('',#6682,#1436);
#941=LINE('',#6684,#1437);
#942=LINE('',#6685,#1438);
#943=LINE('',#6689,#1439);
#944=LINE('',#6691,#1440);
#945=LINE('',#6692,#1441);
#946=LINE('',#6694,#1442);
#947=LINE('',#6695,#1443);
#948=LINE('',#6699,#1444);
#949=LINE('',#6701,#1445);
#950=LINE('',#6702,#1446);
#951=LINE('',#6706,#1447);
#952=LINE('',#6707,#1448);
#953=LINE('',#6708,#1449);
#954=LINE('',#6712,#1450);
#955=LINE('',#6713,#1451);
#956=LINE('',#6714,#1452);
#957=LINE('',#6716,#1453);
#958=LINE('',#6720,#1454);
#959=LINE('',#6722,#1455);
#960=LINE('',#6723,#1456);
#961=LINE('',#6725,#1457);
#962=LINE('',#6726,#1458);
#963=LINE('',#6728,#1459);
#964=LINE('',#6729,#1460);
#965=LINE('',#6733,#1461);
#966=LINE('',#6734,#1462);
#967=LINE('',#6735,#1463);
#968=LINE('',#6737,#1464);
#969=LINE('',#6739,#1465);
#970=LINE('',#6741,#1466);
#971=LINE('',#6742,#1467);
#972=LINE('',#6744,#1468);
#973=LINE('',#6745,#1469);
#974=LINE('',#6747,#1470);
#975=LINE('',#6749,#1471);
#976=LINE('',#6750,#1472);
#977=LINE('',#6752,#1473);
#978=LINE('',#6753,#1474);
#979=LINE('',#6755,#1475);
#980=LINE('',#6756,#1476);
#981=LINE('',#6760,#1477);
#982=LINE('',#6762,#1478);
#983=LINE('',#6764,#1479);
#984=LINE('',#6765,#1480);
#985=LINE('',#6773,#1481);
#986=LINE('',#6774,#1482);
#987=LINE('',#6775,#1483);
#988=LINE('',#6779,#1484);
#989=LINE('',#6780,#1485);
#990=LINE('',#6781,#1486);
#991=LINE('',#6784,#1487);
#992=LINE('',#6786,#1488);
#993=LINE('',#6787,#1489);
#994=LINE('',#6789,#1490);
#995=LINE('',#6793,#1491);
#996=LINE('',#6794,#1492);
#997=LINE('',#6795,#1493);
#998=LINE('',#6797,#1494);
#999=LINE('',#6801,#1495);
#1000=LINE('',#6802,#1496);
#1001=LINE('',#6803,#1497);
#1002=LINE('',#6805,#1498);
#1003=LINE('',#6809,#1499);
#1004=LINE('',#6810,#1500);
#1005=LINE('',#6811,#1501);
#1006=LINE('',#6815,#1502);
#1007=LINE('',#6816,#1503);
#1008=LINE('',#6817,#1504);
#1009=LINE('',#6819,#1505);
#1010=LINE('',#6821,#1506);
#1011=LINE('',#6824,#1507);
#1012=LINE('',#6826,#1508);
#1013=LINE('',#6827,#1509);
#1014=LINE('',#6829,#1510);
#1015=LINE('',#6831,#1511);
#1016=LINE('',#6832,#1512);
#1017=LINE('',#6834,#1513);
#1018=LINE('',#6836,#1514);
#1019=LINE('',#6838,#1515);
#1020=LINE('',#6839,#1516);
#1021=LINE('',#6841,#1517);
#1022=LINE('',#6842,#1518);
#1023=LINE('',#6844,#1519);
#1024=LINE('',#6845,#1520);
#1025=LINE('',#6851,#1521);
#1026=LINE('',#6855,#1522);
#1027=LINE('',#6857,#1523);
#1028=LINE('',#6858,#1524);
#1029=LINE('',#6861,#1525);
#1030=LINE('',#6863,#1526);
#1031=LINE('',#6865,#1527);
#1032=LINE('',#6867,#1528);
#1033=LINE('',#6868,#1529);
#1034=LINE('',#6871,#1530);
#1035=LINE('',#6873,#1531);
#1036=LINE('',#6875,#1532);
#1037=LINE('',#6877,#1533);
#1038=LINE('',#6878,#1534);
#1039=LINE('',#6880,#1535);
#1040=LINE('',#6881,#1536);
#1041=LINE('',#6883,#1537);
#1042=LINE('',#6886,#1538);
#1043=LINE('',#6890,#1539);
#1044=LINE('',#6892,#1540);
#1045=LINE('',#6893,#1541);
#1046=LINE('',#6896,#1542);
#1047=LINE('',#6898,#1543);
#1048=LINE('',#6900,#1544);
#1049=LINE('',#6902,#1545);
#1050=LINE('',#6903,#1546);
#1051=LINE('',#6906,#1547);
#1052=LINE('',#6908,#1548);
#1053=LINE('',#6910,#1549);
#1054=LINE('',#6912,#1550);
#1055=LINE('',#6913,#1551);
#1056=LINE('',#6915,#1552);
#1057=LINE('',#6916,#1553);
#1058=LINE('',#6918,#1554);
#1059=LINE('',#6921,#1555);
#1060=LINE('',#6925,#1556);
#1061=LINE('',#6927,#1557);
#1062=LINE('',#6928,#1558);
#1063=LINE('',#6931,#1559);
#1064=LINE('',#6933,#1560);
#1065=LINE('',#6935,#1561);
#1066=LINE('',#6937,#1562);
#1067=LINE('',#6938,#1563);
#1068=LINE('',#6941,#1564);
#1069=LINE('',#6943,#1565);
#1070=LINE('',#6945,#1566);
#1071=LINE('',#6947,#1567);
#1072=LINE('',#6948,#1568);
#1073=LINE('',#6950,#1569);
#1074=LINE('',#6951,#1570);
#1075=LINE('',#6953,#1571);
#1076=LINE('',#6956,#1572);
#1077=LINE('',#6960,#1573);
#1078=LINE('',#6962,#1574);
#1079=LINE('',#6963,#1575);
#1080=LINE('',#6966,#1576);
#1081=LINE('',#6968,#1577);
#1082=LINE('',#6970,#1578);
#1083=LINE('',#6972,#1579);
#1084=LINE('',#6973,#1580);
#1085=LINE('',#6976,#1581);
#1086=LINE('',#6978,#1582);
#1087=LINE('',#6980,#1583);
#1088=LINE('',#6982,#1584);
#1089=LINE('',#6983,#1585);
#1090=LINE('',#6985,#1586);
#1091=LINE('',#6986,#1587);
#1092=LINE('',#6988,#1588);
#1093=LINE('',#6991,#1589);
#1094=LINE('',#6995,#1590);
#1095=LINE('',#6997,#1591);
#1096=LINE('',#6998,#1592);
#1097=LINE('',#7001,#1593);
#1098=LINE('',#7003,#1594);
#1099=LINE('',#7005,#1595);
#1100=LINE('',#7007,#1596);
#1101=LINE('',#7008,#1597);
#1102=LINE('',#7011,#1598);
#1103=LINE('',#7013,#1599);
#1104=LINE('',#7015,#1600);
#1105=LINE('',#7017,#1601);
#1106=LINE('',#7018,#1602);
#1107=LINE('',#7020,#1603);
#1108=LINE('',#7021,#1604);
#1109=LINE('',#7023,#1605);
#1110=LINE('',#7026,#1606);
#1111=LINE('',#7030,#1607);
#1112=LINE('',#7032,#1608);
#1113=LINE('',#7033,#1609);
#1114=LINE('',#7036,#1610);
#1115=LINE('',#7038,#1611);
#1116=LINE('',#7040,#1612);
#1117=LINE('',#7042,#1613);
#1118=LINE('',#7043,#1614);
#1119=LINE('',#7046,#1615);
#1120=LINE('',#7048,#1616);
#1121=LINE('',#7050,#1617);
#1122=LINE('',#7052,#1618);
#1123=LINE('',#7053,#1619);
#1124=LINE('',#7055,#1620);
#1125=LINE('',#7056,#1621);
#1126=LINE('',#7058,#1622);
#1127=LINE('',#7061,#1623);
#1128=LINE('',#7065,#1624);
#1129=LINE('',#7067,#1625);
#1130=LINE('',#7068,#1626);
#1131=LINE('',#7071,#1627);
#1132=LINE('',#7073,#1628);
#1133=LINE('',#7075,#1629);
#1134=LINE('',#7077,#1630);
#1135=LINE('',#7078,#1631);
#1136=LINE('',#7081,#1632);
#1137=LINE('',#7083,#1633);
#1138=LINE('',#7085,#1634);
#1139=LINE('',#7087,#1635);
#1140=LINE('',#7088,#1636);
#1141=LINE('',#7090,#1637);
#1142=LINE('',#7091,#1638);
#1143=LINE('',#7093,#1639);
#1144=LINE('',#7096,#1640);
#1145=LINE('',#7100,#1641);
#1146=LINE('',#7102,#1642);
#1147=LINE('',#7103,#1643);
#1148=LINE('',#7106,#1644);
#1149=LINE('',#7108,#1645);
#1150=LINE('',#7110,#1646);
#1151=LINE('',#7112,#1647);
#1152=LINE('',#7113,#1648);
#1153=LINE('',#7116,#1649);
#1154=LINE('',#7118,#1650);
#1155=LINE('',#7120,#1651);
#1156=LINE('',#7122,#1652);
#1157=LINE('',#7123,#1653);
#1158=LINE('',#7125,#1654);
#1159=LINE('',#7126,#1655);
#1160=LINE('',#7128,#1656);
#1161=LINE('',#7131,#1657);
#1162=VECTOR('',#4486,10.);
#1163=VECTOR('',#4487,10.);
#1164=VECTOR('',#4488,10.);
#1165=VECTOR('',#4489,10.);
#1166=VECTOR('',#4494,10.);
#1167=VECTOR('',#4499,10.);
#1168=VECTOR('',#4500,10.);
#1169=VECTOR('',#4501,10.);
#1170=VECTOR('',#4506,10.);
#1171=VECTOR('',#4511,10.);
#1172=VECTOR('',#4512,10.);
#1173=VECTOR('',#4513,10.);
#1174=VECTOR('',#4518,10.);
#1175=VECTOR('',#4523,10.);
#1176=VECTOR('',#4524,10.);
#1177=VECTOR('',#4525,10.);
#1178=VECTOR('',#4534,10.);
#1179=VECTOR('',#4537,10.);
#1180=VECTOR('',#4540,10.);
#1181=VECTOR('',#4541,10.);
#1182=VECTOR('',#4544,10.);
#1183=VECTOR('',#4549,10.);
#1184=VECTOR('',#4550,10.);
#1185=VECTOR('',#4555,10.);
#1186=VECTOR('',#4558,10.);
#1187=VECTOR('',#4559,10.);
#1188=VECTOR('',#4560,10.);
#1189=VECTOR('',#4561,10.);
#1190=VECTOR('',#4562,10.);
#1191=VECTOR('',#4563,10.);
#1192=VECTOR('',#4564,10.);
#1193=VECTOR('',#4567,10.);
#1194=VECTOR('',#4570,10.);
#1195=VECTOR('',#4573,10.);
#1196=VECTOR('',#4574,10.);
#1197=VECTOR('',#4575,10.);
#1198=VECTOR('',#4576,10.);
#1199=VECTOR('',#4579,10.);
#1200=VECTOR('',#4582,10.);
#1201=VECTOR('',#4585,10.);
#1202=VECTOR('',#4588,10.);
#1203=VECTOR('',#4591,10.);
#1204=VECTOR('',#4594,10.);
#1205=VECTOR('',#4595,10.);
#1206=VECTOR('',#4596,10.);
#1207=VECTOR('',#4597,10.);
#1208=VECTOR('',#4600,10.);
#1209=VECTOR('',#4601,10.);
#1210=VECTOR('',#4602,10.);
#1211=VECTOR('',#4603,10.);
#1212=VECTOR('',#4604,10.);
#1213=VECTOR('',#4605,10.);
#1214=VECTOR('',#4606,10.);
#1215=VECTOR('',#4607,10.);
#1216=VECTOR('',#4608,10.);
#1217=VECTOR('',#4609,10.);
#1218=VECTOR('',#4610,10.);
#1219=VECTOR('',#4611,10.);
#1220=VECTOR('',#4612,10.);
#1221=VECTOR('',#4613,10.);
#1222=VECTOR('',#4614,10.);
#1223=VECTOR('',#4615,10.);
#1224=VECTOR('',#4616,10.);
#1225=VECTOR('',#4617,10.);
#1226=VECTOR('',#4618,10.);
#1227=VECTOR('',#4619,10.);
#1228=VECTOR('',#4620,10.);
#1229=VECTOR('',#4621,10.);
#1230=VECTOR('',#4622,10.);
#1231=VECTOR('',#4623,10.);
#1232=VECTOR('',#4624,10.);
#1233=VECTOR('',#4625,10.);
#1234=VECTOR('',#4626,10.);
#1235=VECTOR('',#4627,10.);
#1236=VECTOR('',#4628,10.);
#1237=VECTOR('',#4629,10.);
#1238=VECTOR('',#4630,10.);
#1239=VECTOR('',#4631,10.);
#1240=VECTOR('',#4632,10.);
#1241=VECTOR('',#4633,10.);
#1242=VECTOR('',#4634,10.);
#1243=VECTOR('',#4635,10.);
#1244=VECTOR('',#4636,10.);
#1245=VECTOR('',#4637,10.);
#1246=VECTOR('',#4638,10.);
#1247=VECTOR('',#4639,10.);
#1248=VECTOR('',#4640,10.);
#1249=VECTOR('',#4643,10.);
#1250=VECTOR('',#4644,10.);
#1251=VECTOR('',#4645,10.);
#1252=VECTOR('',#4650,10.);
#1253=VECTOR('',#4655,10.);
#1254=VECTOR('',#4656,10.);
#1255=VECTOR('',#4657,10.);
#1256=VECTOR('',#4662,10.);
#1257=VECTOR('',#4667,10.);
#1258=VECTOR('',#4668,10.);
#1259=VECTOR('',#4669,10.);
#1260=VECTOR('',#4672,10.);
#1261=VECTOR('',#4677,10.);
#1262=VECTOR('',#4678,10.);
#1263=VECTOR('',#4685,10.);
#1264=VECTOR('',#4686,10.);
#1265=VECTOR('',#4689,10.);
#1266=VECTOR('',#4694,10.);
#1267=VECTOR('',#4695,10.);
#1268=VECTOR('',#4696,10.);
#1269=VECTOR('',#4697,10.);
#1270=VECTOR('',#4700,10.);
#1271=VECTOR('',#4703,10.);
#1272=VECTOR('',#4706,10.);
#1273=VECTOR('',#4709,10.);
#1274=VECTOR('',#4712,10.);
#1275=VECTOR('',#4715,10.);
#1276=VECTOR('',#4716,10.);
#1277=VECTOR('',#4717,10.);
#1278=VECTOR('',#4718,10.);
#1279=VECTOR('',#4721,10.);
#1280=VECTOR('',#4724,10.);
#1281=VECTOR('',#4727,10.);
#1282=VECTOR('',#4730,10.);
#1283=VECTOR('',#4733,10.);
#1284=VECTOR('',#4740,10.);
#1285=VECTOR('',#4741,10.);
#1286=VECTOR('',#4742,10.);
#1287=VECTOR('',#4745,10.);
#1288=VECTOR('',#4750,10.);
#1289=VECTOR('',#4751,10.);
#1290=VECTOR('',#4754,10.);
#1291=VECTOR('',#4759,10.);
#1292=VECTOR('',#4760,10.);
#1293=VECTOR('',#4763,10.);
#1294=VECTOR('',#4768,10.);
#1295=VECTOR('',#4769,10.);
#1296=VECTOR('',#4772,10.);
#1297=VECTOR('',#4777,10.);
#1298=VECTOR('',#4778,10.);
#1299=VECTOR('',#4781,10.);
#1300=VECTOR('',#4786,10.);
#1301=VECTOR('',#4787,10.);
#1302=VECTOR('',#4790,10.);
#1303=VECTOR('',#4795,10.);
#1304=VECTOR('',#4796,10.);
#1305=VECTOR('',#4799,10.);
#1306=VECTOR('',#4800,10.);
#1307=VECTOR('',#4801,10.);
#1308=VECTOR('',#4804,10.);
#1309=VECTOR('',#4809,10.);
#1310=VECTOR('',#4810,10.);
#1311=VECTOR('',#4813,10.);
#1312=VECTOR('',#4818,10.);
#1313=VECTOR('',#4819,10.);
#1314=VECTOR('',#4822,10.);
#1315=VECTOR('',#4827,10.);
#1316=VECTOR('',#4828,10.);
#1317=VECTOR('',#4831,10.);
#1318=VECTOR('',#4836,10.);
#1319=VECTOR('',#4837,10.);
#1320=VECTOR('',#4840,10.);
#1321=VECTOR('',#4845,10.);
#1322=VECTOR('',#4846,10.);
#1323=VECTOR('',#4849,10.);
#1324=VECTOR('',#4854,10.);
#1325=VECTOR('',#4855,10.);
#1326=VECTOR('',#4858,10.);
#1327=VECTOR('',#4859,10.);
#1328=VECTOR('',#4860,10.);
#1329=VECTOR('',#4861,10.);
#1330=VECTOR('',#4864,10.);
#1331=VECTOR('',#4865,10.);
#1332=VECTOR('',#4866,10.);
#1333=VECTOR('',#4869,10.);
#1334=VECTOR('',#4874,10.);
#1335=VECTOR('',#4877,10.);
#1336=VECTOR('',#4878,10.);
#1337=VECTOR('',#4881,10.);
#1338=VECTOR('',#4886,10.);
#1339=VECTOR('',#4887,10.);
#1340=VECTOR('',#4888,10.);
#1341=VECTOR('',#4891,10.);
#1342=VECTOR('',#4896,10.);
#1343=VECTOR('',#4897,10.);
#1344=VECTOR('',#4900,10.);
#1345=VECTOR('',#4903,10.);
#1346=VECTOR('',#4906,10.);
#1347=VECTOR('',#4909,10.);
#1348=VECTOR('',#4910,10.);
#1349=VECTOR('',#4911,10.);
#1350=VECTOR('',#4916,10.);
#1351=VECTOR('',#4919,10.);
#1352=VECTOR('',#4920,10.);
#1353=VECTOR('',#4925,10.);
#1354=VECTOR('',#4928,10.);
#1355=VECTOR('',#4929,10.);
#1356=VECTOR('',#4934,10.);
#1357=VECTOR('',#4937,10.);
#1358=VECTOR('',#4938,10.);
#1359=VECTOR('',#4943,10.);
#1360=VECTOR('',#4946,10.);
#1361=VECTOR('',#4947,10.);
#1362=VECTOR('',#4952,10.);
#1363=VECTOR('',#4955,10.);
#1364=VECTOR('',#4958,10.);
#1365=VECTOR('',#4963,10.);
#1366=VECTOR('',#4964,10.);
#1367=VECTOR('',#4967,10.);
#1368=VECTOR('',#4970,10.);
#1369=VECTOR('',#4971,10.);
#1370=VECTOR('',#4974,10.);
#1371=VECTOR('',#4979,10.);
#1372=VECTOR('',#4980,10.);
#1373=VECTOR('',#4983,10.);
#1374=VECTOR('',#4984,10.);
#1375=VECTOR('',#4985,10.);
#1376=VECTOR('',#4988,10.);
#1377=VECTOR('',#4991,10.);
#1378=VECTOR('',#4996,10.);
#1379=VECTOR('',#4997,10.);
#1380=VECTOR('',#5000,10.);
#1381=VECTOR('',#5005,10.);
#1382=VECTOR('',#5006,10.);
#1383=VECTOR('',#5009,10.);
#1384=VECTOR('',#5014,10.);
#1385=VECTOR('',#5015,10.);
#1386=VECTOR('',#5018,10.);
#1387=VECTOR('',#5019,10.);
#1388=VECTOR('',#5022,10.);
#1389=VECTOR('',#5023,10.);
#1390=VECTOR('',#5026,10.);
#1391=VECTOR('',#5027,10.);
#1392=VECTOR('',#5030,10.);
#1393=VECTOR('',#5033,10.);
#1394=VECTOR('',#5038,10.);
#1395=VECTOR('',#5039,10.);
#1396=VECTOR('',#5042,10.);
#1397=VECTOR('',#5045,10.);
#1398=VECTOR('',#5048,10.);
#1399=VECTOR('',#5049,10.);
#1400=VECTOR('',#5050,10.);
#1401=VECTOR('',#5051,10.);
#1402=VECTOR('',#5052,10.);
#1403=VECTOR('',#5055,10.);
#1404=VECTOR('',#5056,10.);
#1405=VECTOR('',#5059,10.);
#1406=VECTOR('',#5060,10.);
#1407=VECTOR('',#5061,10.);
#1408=VECTOR('',#5064,10.);
#1409=VECTOR('',#5067,10.);
#1410=VECTOR('',#5072,10.);
#1411=VECTOR('',#5073,10.);
#1412=VECTOR('',#5076,10.);
#1413=VECTOR('',#5077,10.);
#1414=VECTOR('',#5080,10.);
#1415=VECTOR('',#5081,10.);
#1416=VECTOR('',#5084,10.);
#1417=VECTOR('',#5087,10.);
#1418=VECTOR('',#5090,10.);
#1419=VECTOR('',#5095,10.);
#1420=VECTOR('',#5098,10.);
#1421=VECTOR('',#5101,10.);
#1422=VECTOR('',#5104,10.);
#1423=VECTOR('',#5107,10.);
#1424=VECTOR('',#5110,10.);
#1425=VECTOR('',#5113,10.);
#1426=VECTOR('',#5116,10.);
#1427=VECTOR('',#5119,10.);
#1428=VECTOR('',#5122,10.);
#1429=VECTOR('',#5127,10.);
#1430=VECTOR('',#5130,10.);
#1431=VECTOR('',#5133,10.);
#1432=VECTOR('',#5138,10.);
#1433=VECTOR('',#5143,10.);
#1434=VECTOR('',#5144,10.);
#1435=VECTOR('',#5145,10.);
#1436=VECTOR('',#5148,10.);
#1437=VECTOR('',#5149,10.);
#1438=VECTOR('',#5150,10.);
#1439=VECTOR('',#5153,10.);
#1440=VECTOR('',#5154,10.);
#1441=VECTOR('',#5155,10.);
#1442=VECTOR('',#5158,10.);
#1443=VECTOR('',#5159,10.);
#1444=VECTOR('',#5162,10.);
#1445=VECTOR('',#5163,10.);
#1446=VECTOR('',#5164,10.);
#1447=VECTOR('',#5167,10.);
#1448=VECTOR('',#5168,10.);
#1449=VECTOR('',#5169,10.);
#1450=VECTOR('',#5172,10.);
#1451=VECTOR('',#5173,10.);
#1452=VECTOR('',#5174,10.);
#1453=VECTOR('',#5177,10.);
#1454=VECTOR('',#5180,10.);
#1455=VECTOR('',#5181,10.);
#1456=VECTOR('',#5182,10.);
#1457=VECTOR('',#5185,10.);
#1458=VECTOR('',#5186,10.);
#1459=VECTOR('',#5189,10.);
#1460=VECTOR('',#5190,10.);
#1461=VECTOR('',#5193,10.);
#1462=VECTOR('',#5194,10.);
#1463=VECTOR('',#5195,10.);
#1464=VECTOR('',#5198,10.);
#1465=VECTOR('',#5201,10.);
#1466=VECTOR('',#5204,10.);
#1467=VECTOR('',#5205,10.);
#1468=VECTOR('',#5208,10.);
#1469=VECTOR('',#5209,10.);
#1470=VECTOR('',#5212,10.);
#1471=VECTOR('',#5215,10.);
#1472=VECTOR('',#5216,10.);
#1473=VECTOR('',#5219,10.);
#1474=VECTOR('',#5220,10.);
#1475=VECTOR('',#5223,10.);
#1476=VECTOR('',#5224,10.);
#1477=VECTOR('',#5227,10.);
#1478=VECTOR('',#5228,10.);
#1479=VECTOR('',#5229,10.);
#1480=VECTOR('',#5230,10.);
#1481=VECTOR('',#5241,10.);
#1482=VECTOR('',#5242,10.);
#1483=VECTOR('',#5243,10.);
#1484=VECTOR('',#5246,10.);
#1485=VECTOR('',#5247,10.);
#1486=VECTOR('',#5248,10.);
#1487=VECTOR('',#5251,10.);
#1488=VECTOR('',#5252,10.);
#1489=VECTOR('',#5253,10.);
#1490=VECTOR('',#5256,10.);
#1491=VECTOR('',#5259,10.);
#1492=VECTOR('',#5260,10.);
#1493=VECTOR('',#5261,10.);
#1494=VECTOR('',#5264,10.);
#1495=VECTOR('',#5267,10.);
#1496=VECTOR('',#5268,10.);
#1497=VECTOR('',#5269,10.);
#1498=VECTOR('',#5272,10.);
#1499=VECTOR('',#5275,10.);
#1500=VECTOR('',#5276,10.);
#1501=VECTOR('',#5277,10.);
#1502=VECTOR('',#5280,10.);
#1503=VECTOR('',#5281,10.);
#1504=VECTOR('',#5282,10.);
#1505=VECTOR('',#5285,10.);
#1506=VECTOR('',#5288,10.);
#1507=VECTOR('',#5291,10.);
#1508=VECTOR('',#5292,10.);
#1509=VECTOR('',#5293,10.);
#1510=VECTOR('',#5296,10.);
#1511=VECTOR('',#5299,10.);
#1512=VECTOR('',#5300,10.);
#1513=VECTOR('',#5303,10.);
#1514=VECTOR('',#5306,10.);
#1515=VECTOR('',#5309,10.);
#1516=VECTOR('',#5310,10.);
#1517=VECTOR('',#5313,10.);
#1518=VECTOR('',#5314,10.);
#1519=VECTOR('',#5317,10.);
#1520=VECTOR('',#5318,10.);
#1521=VECTOR('',#5329,10.);
#1522=VECTOR('',#5334,10.);
#1523=VECTOR('',#5335,10.);
#1524=VECTOR('',#5336,10.);
#1525=VECTOR('',#5339,10.);
#1526=VECTOR('',#5340,10.);
#1527=VECTOR('',#5341,10.);
#1528=VECTOR('',#5342,10.);
#1529=VECTOR('',#5343,10.);
#1530=VECTOR('',#5346,10.);
#1531=VECTOR('',#5347,10.);
#1532=VECTOR('',#5348,10.);
#1533=VECTOR('',#5349,10.);
#1534=VECTOR('',#5350,10.);
#1535=VECTOR('',#5353,10.);
#1536=VECTOR('',#5354,10.);
#1537=VECTOR('',#5357,10.);
#1538=VECTOR('',#5362,10.);
#1539=VECTOR('',#5367,10.);
#1540=VECTOR('',#5368,10.);
#1541=VECTOR('',#5369,10.);
#1542=VECTOR('',#5372,10.);
#1543=VECTOR('',#5373,10.);
#1544=VECTOR('',#5374,10.);
#1545=VECTOR('',#5375,10.);
#1546=VECTOR('',#5376,10.);
#1547=VECTOR('',#5379,10.);
#1548=VECTOR('',#5380,10.);
#1549=VECTOR('',#5381,10.);
#1550=VECTOR('',#5382,10.);
#1551=VECTOR('',#5383,10.);
#1552=VECTOR('',#5386,10.);
#1553=VECTOR('',#5387,10.);
#1554=VECTOR('',#5390,10.);
#1555=VECTOR('',#5395,10.);
#1556=VECTOR('',#5400,10.);
#1557=VECTOR('',#5401,10.);
#1558=VECTOR('',#5402,10.);
#1559=VECTOR('',#5405,10.);
#1560=VECTOR('',#5406,10.);
#1561=VECTOR('',#5407,10.);
#1562=VECTOR('',#5408,10.);
#1563=VECTOR('',#5409,10.);
#1564=VECTOR('',#5412,10.);
#1565=VECTOR('',#5413,10.);
#1566=VECTOR('',#5414,10.);
#1567=VECTOR('',#5415,10.);
#1568=VECTOR('',#5416,10.);
#1569=VECTOR('',#5419,10.);
#1570=VECTOR('',#5420,10.);
#1571=VECTOR('',#5423,10.);
#1572=VECTOR('',#5428,10.);
#1573=VECTOR('',#5433,10.);
#1574=VECTOR('',#5434,10.);
#1575=VECTOR('',#5435,10.);
#1576=VECTOR('',#5438,10.);
#1577=VECTOR('',#5439,10.);
#1578=VECTOR('',#5440,10.);
#1579=VECTOR('',#5441,10.);
#1580=VECTOR('',#5442,10.);
#1581=VECTOR('',#5445,10.);
#1582=VECTOR('',#5446,10.);
#1583=VECTOR('',#5447,10.);
#1584=VECTOR('',#5448,10.);
#1585=VECTOR('',#5449,10.);
#1586=VECTOR('',#5452,10.);
#1587=VECTOR('',#5453,10.);
#1588=VECTOR('',#5456,10.);
#1589=VECTOR('',#5461,10.);
#1590=VECTOR('',#5466,10.);
#1591=VECTOR('',#5467,10.);
#1592=VECTOR('',#5468,10.);
#1593=VECTOR('',#5471,10.);
#1594=VECTOR('',#5472,10.);
#1595=VECTOR('',#5473,10.);
#1596=VECTOR('',#5474,10.);
#1597=VECTOR('',#5475,10.);
#1598=VECTOR('',#5478,10.);
#1599=VECTOR('',#5479,10.);
#1600=VECTOR('',#5480,10.);
#1601=VECTOR('',#5481,10.);
#1602=VECTOR('',#5482,10.);
#1603=VECTOR('',#5485,10.);
#1604=VECTOR('',#5486,10.);
#1605=VECTOR('',#5489,10.);
#1606=VECTOR('',#5494,10.);
#1607=VECTOR('',#5499,10.);
#1608=VECTOR('',#5500,10.);
#1609=VECTOR('',#5501,10.);
#1610=VECTOR('',#5504,10.);
#1611=VECTOR('',#5505,10.);
#1612=VECTOR('',#5506,10.);
#1613=VECTOR('',#5507,10.);
#1614=VECTOR('',#5508,10.);
#1615=VECTOR('',#5511,10.);
#1616=VECTOR('',#5512,10.);
#1617=VECTOR('',#5513,10.);
#1618=VECTOR('',#5514,10.);
#1619=VECTOR('',#5515,10.);
#1620=VECTOR('',#5518,10.);
#1621=VECTOR('',#5519,10.);
#1622=VECTOR('',#5522,10.);
#1623=VECTOR('',#5527,10.);
#1624=VECTOR('',#5532,10.);
#1625=VECTOR('',#5533,10.);
#1626=VECTOR('',#5534,10.);
#1627=VECTOR('',#5537,10.);
#1628=VECTOR('',#5538,10.);
#1629=VECTOR('',#5539,10.);
#1630=VECTOR('',#5540,10.);
#1631=VECTOR('',#5541,10.);
#1632=VECTOR('',#5544,10.);
#1633=VECTOR('',#5545,10.);
#1634=VECTOR('',#5546,10.);
#1635=VECTOR('',#5547,10.);
#1636=VECTOR('',#5548,10.);
#1637=VECTOR('',#5551,10.);
#1638=VECTOR('',#5552,10.);
#1639=VECTOR('',#5555,10.);
#1640=VECTOR('',#5560,10.);
#1641=VECTOR('',#5565,10.);
#1642=VECTOR('',#5566,10.);
#1643=VECTOR('',#5567,10.);
#1644=VECTOR('',#5570,10.);
#1645=VECTOR('',#5571,10.);
#1646=VECTOR('',#5572,10.);
#1647=VECTOR('',#5573,10.);
#1648=VECTOR('',#5574,10.);
#1649=VECTOR('',#5577,10.);
#1650=VECTOR('',#5578,10.);
#1651=VECTOR('',#5579,10.);
#1652=VECTOR('',#5580,10.);
#1653=VECTOR('',#5581,10.);
#1654=VECTOR('',#5584,10.);
#1655=VECTOR('',#5585,10.);
#1656=VECTOR('',#5588,10.);
#1657=VECTOR('',#5593,10.);
#1658=VERTEX_POINT('',#5598);
#1659=VERTEX_POINT('',#5599);
#1660=VERTEX_POINT('',#5601);
#1661=VERTEX_POINT('',#5603);
#1662=VERTEX_POINT('',#5607);
#1663=VERTEX_POINT('',#5609);
#1664=VERTEX_POINT('',#5613);
#1665=VERTEX_POINT('',#5614);
#1666=VERTEX_POINT('',#5619);
#1667=VERTEX_POINT('',#5621);
#1668=VERTEX_POINT('',#5625);
#1669=VERTEX_POINT('',#5626);
#1670=VERTEX_POINT('',#5631);
#1671=VERTEX_POINT('',#5633);
#1672=VERTEX_POINT('',#5637);
#1673=VERTEX_POINT('',#5638);
#1674=VERTEX_POINT('',#5646);
#1675=VERTEX_POINT('',#5648);
#1676=VERTEX_POINT('',#5652);
#1677=VERTEX_POINT('',#5656);
#1678=VERTEX_POINT('',#5660);
#1679=VERTEX_POINT('',#5664);
#1680=VERTEX_POINT('',#5665);
#1681=VERTEX_POINT('',#5667);
#1682=VERTEX_POINT('',#5669);
#1683=VERTEX_POINT('',#5671);
#1684=VERTEX_POINT('',#5673);
#1685=VERTEX_POINT('',#5675);
#1686=VERTEX_POINT('',#5677);
#1687=VERTEX_POINT('',#5679);
#1688=VERTEX_POINT('',#5681);
#1689=VERTEX_POINT('',#5683);
#1690=VERTEX_POINT('',#5685);
#1691=VERTEX_POINT('',#5687);
#1692=VERTEX_POINT('',#5689);
#1693=VERTEX_POINT('',#5691);
#1694=VERTEX_POINT('',#5693);
#1695=VERTEX_POINT('',#5695);
#1696=VERTEX_POINT('',#5697);
#1697=VERTEX_POINT('',#5699);
#1698=VERTEX_POINT('',#5701);
#1699=VERTEX_POINT('',#5703);
#1700=VERTEX_POINT('',#5705);
#1701=VERTEX_POINT('',#5707);
#1702=VERTEX_POINT('',#5709);
#1703=VERTEX_POINT('',#5711);
#1704=VERTEX_POINT('',#5713);
#1705=VERTEX_POINT('',#5715);
#1706=VERTEX_POINT('',#5717);
#1707=VERTEX_POINT('',#5719);
#1708=VERTEX_POINT('',#5721);
#1709=VERTEX_POINT('',#5723);
#1710=VERTEX_POINT('',#5725);
#1711=VERTEX_POINT('',#5727);
#1712=VERTEX_POINT('',#5729);
#1713=VERTEX_POINT('',#5731);
#1714=VERTEX_POINT('',#5733);
#1715=VERTEX_POINT('',#5736);
#1716=VERTEX_POINT('',#5737);
#1717=VERTEX_POINT('',#5739);
#1718=VERTEX_POINT('',#5741);
#1719=VERTEX_POINT('',#5744);
#1720=VERTEX_POINT('',#5745);
#1721=VERTEX_POINT('',#5747);
#1722=VERTEX_POINT('',#5749);
#1723=VERTEX_POINT('',#5752);
#1724=VERTEX_POINT('',#5753);
#1725=VERTEX_POINT('',#5755);
#1726=VERTEX_POINT('',#5757);
#1727=VERTEX_POINT('',#5760);
#1728=VERTEX_POINT('',#5761);
#1729=VERTEX_POINT('',#5763);
#1730=VERTEX_POINT('',#5765);
#1731=VERTEX_POINT('',#5768);
#1732=VERTEX_POINT('',#5769);
#1733=VERTEX_POINT('',#5771);
#1734=VERTEX_POINT('',#5773);
#1735=VERTEX_POINT('',#5776);
#1736=VERTEX_POINT('',#5777);
#1737=VERTEX_POINT('',#5779);
#1738=VERTEX_POINT('',#5781);
#1739=VERTEX_POINT('',#5784);
#1740=VERTEX_POINT('',#5785);
#1741=VERTEX_POINT('',#5787);
#1742=VERTEX_POINT('',#5789);
#1743=VERTEX_POINT('',#5792);
#1744=VERTEX_POINT('',#5793);
#1745=VERTEX_POINT('',#5795);
#1746=VERTEX_POINT('',#5797);
#1747=VERTEX_POINT('',#5800);
#1748=VERTEX_POINT('',#5801);
#1749=VERTEX_POINT('',#5803);
#1750=VERTEX_POINT('',#5805);
#1751=VERTEX_POINT('',#5808);
#1752=VERTEX_POINT('',#5809);
#1753=VERTEX_POINT('',#5811);
#1754=VERTEX_POINT('',#5813);
#1755=VERTEX_POINT('',#5817);
#1756=VERTEX_POINT('',#5819);
#1757=VERTEX_POINT('',#5823);
#1758=VERTEX_POINT('',#5825);
#1759=VERTEX_POINT('',#5829);
#1760=VERTEX_POINT('',#5830);
#1761=VERTEX_POINT('',#5835);
#1762=VERTEX_POINT('',#5837);
#1763=VERTEX_POINT('',#5841);
#1764=VERTEX_POINT('',#5846);
#1765=VERTEX_POINT('',#5850);
#1766=VERTEX_POINT('',#5862);
#1767=VERTEX_POINT('',#5863);
#1768=VERTEX_POINT('',#5865);
#1769=VERTEX_POINT('',#5867);
#1770=VERTEX_POINT('',#5869);
#1771=VERTEX_POINT('',#5871);
#1772=VERTEX_POINT('',#5873);
#1773=VERTEX_POINT('',#5875);
#1774=VERTEX_POINT('',#5877);
#1775=VERTEX_POINT('',#5879);
#1776=VERTEX_POINT('',#5881);
#1777=VERTEX_POINT('',#5883);
#1778=VERTEX_POINT('',#5885);
#1779=VERTEX_POINT('',#5887);
#1780=VERTEX_POINT('',#5889);
#1781=VERTEX_POINT('',#5891);
#1782=VERTEX_POINT('',#5893);
#1783=VERTEX_POINT('',#5895);
#1784=VERTEX_POINT('',#5897);
#1785=VERTEX_POINT('',#5899);
#1786=VERTEX_POINT('',#5901);
#1787=VERTEX_POINT('',#5903);
#1788=VERTEX_POINT('',#5905);
#1789=VERTEX_POINT('',#5907);
#1790=VERTEX_POINT('',#5909);
#1791=VERTEX_POINT('',#5911);
#1792=VERTEX_POINT('',#5913);
#1793=VERTEX_POINT('',#5915);
#1794=VERTEX_POINT('',#5917);
#1795=VERTEX_POINT('',#5919);
#1796=VERTEX_POINT('',#5924);
#1797=VERTEX_POINT('',#5926);
#1798=VERTEX_POINT('',#5930);
#1799=VERTEX_POINT('',#5934);
#1800=VERTEX_POINT('',#5938);
#1801=VERTEX_POINT('',#5942);
#1802=VERTEX_POINT('',#5946);
#1803=VERTEX_POINT('',#5950);
#1804=VERTEX_POINT('',#5954);
#1805=VERTEX_POINT('',#5958);
#1806=VERTEX_POINT('',#5962);
#1807=VERTEX_POINT('',#5966);
#1808=VERTEX_POINT('',#5970);
#1809=VERTEX_POINT('',#5974);
#1810=VERTEX_POINT('',#5978);
#1811=VERTEX_POINT('',#5980);
#1812=VERTEX_POINT('',#5984);
#1813=VERTEX_POINT('',#5988);
#1814=VERTEX_POINT('',#5992);
#1815=VERTEX_POINT('',#5996);
#1816=VERTEX_POINT('',#6000);
#1817=VERTEX_POINT('',#6004);
#1818=VERTEX_POINT('',#6008);
#1819=VERTEX_POINT('',#6012);
#1820=VERTEX_POINT('',#6016);
#1821=VERTEX_POINT('',#6020);
#1822=VERTEX_POINT('',#6024);
#1823=VERTEX_POINT('',#6028);
#1824=VERTEX_POINT('',#6032);
#1825=VERTEX_POINT('',#6034);
#1826=VERTEX_POINT('',#6039);
#1827=VERTEX_POINT('',#6040);
#1828=VERTEX_POINT('',#6047);
#1829=VERTEX_POINT('',#6051);
#1830=VERTEX_POINT('',#6055);
#1831=VERTEX_POINT('',#6059);
#1832=VERTEX_POINT('',#6061);
#1833=VERTEX_POINT('',#6065);
#1834=VERTEX_POINT('',#6069);
#1835=VERTEX_POINT('',#6079);
#1836=VERTEX_POINT('',#6080);
#1837=VERTEX_POINT('',#6085);
#1838=VERTEX_POINT('',#6089);
#1839=VERTEX_POINT('',#6093);
#1840=VERTEX_POINT('',#6097);
#1841=VERTEX_POINT('',#6101);
#1842=VERTEX_POINT('',#6105);
#1843=VERTEX_POINT('',#6109);
#1844=VERTEX_POINT('',#6113);
#1845=VERTEX_POINT('',#6125);
#1846=VERTEX_POINT('',#6131);
#1847=VERTEX_POINT('',#6135);
#1848=VERTEX_POINT('',#6139);
#1849=VERTEX_POINT('',#6141);
#1850=VERTEX_POINT('',#6143);
#1851=VERTEX_POINT('',#6145);
#1852=VERTEX_POINT('',#6147);
#1853=VERTEX_POINT('',#6149);
#1854=VERTEX_POINT('',#6151);
#1855=VERTEX_POINT('',#6155);
#1856=VERTEX_POINT('',#6159);
#1857=VERTEX_POINT('',#6163);
#1858=VERTEX_POINT('',#6167);
#1859=VERTEX_POINT('',#6171);
#1860=VERTEX_POINT('',#6175);
#1861=VERTEX_POINT('',#6179);
#1862=VERTEX_POINT('',#6228);
#1863=VERTEX_POINT('',#6293);
#1864=VERTEX_POINT('',#6390);
#1865=VERTEX_POINT('',#6455);
#1866=VERTEX_POINT('',#6525);
#1867=VERTEX_POINT('',#6526);
#1868=VERTEX_POINT('',#6528);
#1869=VERTEX_POINT('',#6530);
#1870=VERTEX_POINT('',#6557);
#1871=VERTEX_POINT('',#6564);
#1872=VERTEX_POINT('',#6576);
#1873=VERTEX_POINT('',#6578);
#1874=VERTEX_POINT('',#6620);
#1875=VERTEX_POINT('',#6624);
#1876=VERTEX_POINT('',#6628);
#1877=VERTEX_POINT('',#6667);
#1878=VERTEX_POINT('',#6674);
#1879=VERTEX_POINT('',#6675);
#1880=VERTEX_POINT('',#6677);
#1881=VERTEX_POINT('',#6681);
#1882=VERTEX_POINT('',#6683);
#1883=VERTEX_POINT('',#6687);
#1884=VERTEX_POINT('',#6688);
#1885=VERTEX_POINT('',#6690);
#1886=VERTEX_POINT('',#6697);
#1887=VERTEX_POINT('',#6698);
#1888=VERTEX_POINT('',#6700);
#1889=VERTEX_POINT('',#6704);
#1890=VERTEX_POINT('',#6705);
#1891=VERTEX_POINT('',#6710);
#1892=VERTEX_POINT('',#6711);
#1893=VERTEX_POINT('',#6718);
#1894=VERTEX_POINT('',#6719);
#1895=VERTEX_POINT('',#6721);
#1896=VERTEX_POINT('',#6731);
#1897=VERTEX_POINT('',#6732);
#1898=VERTEX_POINT('',#6758);
#1899=VERTEX_POINT('',#6759);
#1900=VERTEX_POINT('',#6761);
#1901=VERTEX_POINT('',#6763);
#1902=VERTEX_POINT('',#6771);
#1903=VERTEX_POINT('',#6772);
#1904=VERTEX_POINT('',#6777);
#1905=VERTEX_POINT('',#6778);
#1906=VERTEX_POINT('',#6783);
#1907=VERTEX_POINT('',#6785);
#1908=VERTEX_POINT('',#6791);
#1909=VERTEX_POINT('',#6792);
#1910=VERTEX_POINT('',#6799);
#1911=VERTEX_POINT('',#6800);
#1912=VERTEX_POINT('',#6807);
#1913=VERTEX_POINT('',#6808);
#1914=VERTEX_POINT('',#6813);
#1915=VERTEX_POINT('',#6814);
#1916=VERTEX_POINT('',#6823);
#1917=VERTEX_POINT('',#6825);
#1918=VERTEX_POINT('',#6854);
#1919=VERTEX_POINT('',#6856);
#1920=VERTEX_POINT('',#6860);
#1921=VERTEX_POINT('',#6862);
#1922=VERTEX_POINT('',#6864);
#1923=VERTEX_POINT('',#6866);
#1924=VERTEX_POINT('',#6870);
#1925=VERTEX_POINT('',#6872);
#1926=VERTEX_POINT('',#6874);
#1927=VERTEX_POINT('',#6876);
#1928=VERTEX_POINT('',#6889);
#1929=VERTEX_POINT('',#6891);
#1930=VERTEX_POINT('',#6895);
#1931=VERTEX_POINT('',#6897);
#1932=VERTEX_POINT('',#6899);
#1933=VERTEX_POINT('',#6901);
#1934=VERTEX_POINT('',#6905);
#1935=VERTEX_POINT('',#6907);
#1936=VERTEX_POINT('',#6909);
#1937=VERTEX_POINT('',#6911);
#1938=VERTEX_POINT('',#6924);
#1939=VERTEX_POINT('',#6926);
#1940=VERTEX_POINT('',#6930);
#1941=VERTEX_POINT('',#6932);
#1942=VERTEX_POINT('',#6934);
#1943=VERTEX_POINT('',#6936);
#1944=VERTEX_POINT('',#6940);
#1945=VERTEX_POINT('',#6942);
#1946=VERTEX_POINT('',#6944);
#1947=VERTEX_POINT('',#6946);
#1948=VERTEX_POINT('',#6959);
#1949=VERTEX_POINT('',#6961);
#1950=VERTEX_POINT('',#6965);
#1951=VERTEX_POINT('',#6967);
#1952=VERTEX_POINT('',#6969);
#1953=VERTEX_POINT('',#6971);
#1954=VERTEX_POINT('',#6975);
#1955=VERTEX_POINT('',#6977);
#1956=VERTEX_POINT('',#6979);
#1957=VERTEX_POINT('',#6981);
#1958=VERTEX_POINT('',#6994);
#1959=VERTEX_POINT('',#6996);
#1960=VERTEX_POINT('',#7000);
#1961=VERTEX_POINT('',#7002);
#1962=VERTEX_POINT('',#7004);
#1963=VERTEX_POINT('',#7006);
#1964=VERTEX_POINT('',#7010);
#1965=VERTEX_POINT('',#7012);
#1966=VERTEX_POINT('',#7014);
#1967=VERTEX_POINT('',#7016);
#1968=VERTEX_POINT('',#7029);
#1969=VERTEX_POINT('',#7031);
#1970=VERTEX_POINT('',#7035);
#1971=VERTEX_POINT('',#7037);
#1972=VERTEX_POINT('',#7039);
#1973=VERTEX_POINT('',#7041);
#1974=VERTEX_POINT('',#7045);
#1975=VERTEX_POINT('',#7047);
#1976=VERTEX_POINT('',#7049);
#1977=VERTEX_POINT('',#7051);
#1978=VERTEX_POINT('',#7064);
#1979=VERTEX_POINT('',#7066);
#1980=VERTEX_POINT('',#7070);
#1981=VERTEX_POINT('',#7072);
#1982=VERTEX_POINT('',#7074);
#1983=VERTEX_POINT('',#7076);
#1984=VERTEX_POINT('',#7080);
#1985=VERTEX_POINT('',#7082);
#1986=VERTEX_POINT('',#7084);
#1987=VERTEX_POINT('',#7086);
#1988=VERTEX_POINT('',#7099);
#1989=VERTEX_POINT('',#7101);
#1990=VERTEX_POINT('',#7105);
#1991=VERTEX_POINT('',#7107);
#1992=VERTEX_POINT('',#7109);
#1993=VERTEX_POINT('',#7111);
#1994=VERTEX_POINT('',#7115);
#1995=VERTEX_POINT('',#7117);
#1996=VERTEX_POINT('',#7119);
#1997=VERTEX_POINT('',#7121);
#1998=EDGE_CURVE('',#1658,#1659,#666,.T.);
#1999=EDGE_CURVE('',#1659,#1660,#667,.T.);
#2000=EDGE_CURVE('',#1660,#1661,#668,.T.);
#2001=EDGE_CURVE('',#1661,#1658,#669,.T.);
#2002=EDGE_CURVE('',#1658,#1662,#62,.T.);
#2003=EDGE_CURVE('',#1662,#1663,#670,.T.);
#2004=EDGE_CURVE('',#1663,#1659,#63,.T.);
#2005=EDGE_CURVE('',#1664,#1665,#671,.T.);
#2006=EDGE_CURVE('',#1665,#1663,#672,.T.);
#2007=EDGE_CURVE('',#1662,#1664,#673,.T.);
#2008=EDGE_CURVE('',#1664,#1666,#64,.T.);
#2009=EDGE_CURVE('',#1666,#1667,#674,.T.);
#2010=EDGE_CURVE('',#1667,#1665,#65,.T.);
#2011=EDGE_CURVE('',#1668,#1669,#675,.T.);
#2012=EDGE_CURVE('',#1669,#1667,#676,.T.);
#2013=EDGE_CURVE('',#1666,#1668,#677,.T.);
#2014=EDGE_CURVE('',#1668,#1670,#66,.T.);
#2015=EDGE_CURVE('',#1670,#1671,#678,.T.);
#2016=EDGE_CURVE('',#1671,#1669,#67,.T.);
#2017=EDGE_CURVE('',#1672,#1673,#679,.T.);
#2018=EDGE_CURVE('',#1673,#1671,#680,.T.);
#2019=EDGE_CURVE('',#1670,#1672,#681,.T.);
#2020=EDGE_CURVE('',#1672,#1661,#68,.T.);
#2021=EDGE_CURVE('',#1660,#1673,#69,.T.);
#2022=EDGE_CURVE('',#1664,#1674,#682,.T.);
#2023=EDGE_CURVE('',#1675,#1674,#70,.T.);
#2024=EDGE_CURVE('',#1675,#1666,#683,.T.);
#2025=EDGE_CURVE('',#1676,#1662,#684,.T.);
#2026=EDGE_CURVE('',#1674,#1676,#685,.T.);
#2027=EDGE_CURVE('',#1658,#1677,#686,.T.);
#2028=EDGE_CURVE('',#1676,#1677,#71,.T.);
#2029=EDGE_CURVE('',#1678,#1661,#687,.T.);
#2030=EDGE_CURVE('',#1677,#1678,#688,.T.);
#2031=EDGE_CURVE('',#1679,#1680,#72,.T.);
#2032=EDGE_CURVE('',#1681,#1679,#689,.T.);
#2033=EDGE_CURVE('',#1682,#1681,#73,.T.);
#2034=EDGE_CURVE('',#1683,#1682,#690,.T.);
#2035=EDGE_CURVE('',#1684,#1683,#691,.T.);
#2036=EDGE_CURVE('',#1685,#1684,#692,.T.);
#2037=EDGE_CURVE('',#1686,#1685,#693,.T.);
#2038=EDGE_CURVE('',#1687,#1686,#694,.T.);
#2039=EDGE_CURVE('',#1688,#1687,#695,.T.);
#2040=EDGE_CURVE('',#1689,#1688,#696,.T.);
#2041=EDGE_CURVE('',#1690,#1689,#74,.T.);
#2042=EDGE_CURVE('',#1691,#1690,#697,.T.);
#2043=EDGE_CURVE('',#1692,#1691,#75,.T.);
#2044=EDGE_CURVE('',#1693,#1692,#698,.T.);
#2045=EDGE_CURVE('',#1694,#1693,#76,.T.);
#2046=EDGE_CURVE('',#1695,#1694,#699,.T.);
#2047=EDGE_CURVE('',#1696,#1695,#700,.T.);
#2048=EDGE_CURVE('',#1697,#1696,#701,.T.);
#2049=EDGE_CURVE('',#1698,#1697,#702,.T.);
#2050=EDGE_CURVE('',#1699,#1698,#77,.T.);
#2051=EDGE_CURVE('',#1700,#1699,#703,.T.);
#2052=EDGE_CURVE('',#1701,#1700,#78,.T.);
#2053=EDGE_CURVE('',#1702,#1701,#704,.T.);
#2054=EDGE_CURVE('',#1703,#1702,#79,.T.);
#2055=EDGE_CURVE('',#1704,#1703,#705,.T.);
#2056=EDGE_CURVE('',#1705,#1704,#80,.T.);
#2057=EDGE_CURVE('',#1706,#1705,#706,.T.);
#2058=EDGE_CURVE('',#1707,#1706,#81,.T.);
#2059=EDGE_CURVE('',#1708,#1707,#707,.T.);
#2060=EDGE_CURVE('',#1709,#1708,#82,.T.);
#2061=EDGE_CURVE('',#1710,#1709,#708,.T.);
#2062=EDGE_CURVE('',#1711,#1710,#709,.T.);
#2063=EDGE_CURVE('',#1712,#1711,#710,.T.);
#2064=EDGE_CURVE('',#1713,#1712,#711,.T.);
#2065=EDGE_CURVE('',#1714,#1713,#83,.T.);
#2066=EDGE_CURVE('',#1680,#1714,#712,.T.);
#2067=EDGE_CURVE('',#1715,#1716,#713,.T.);
#2068=EDGE_CURVE('',#1717,#1715,#714,.T.);
#2069=EDGE_CURVE('',#1718,#1717,#715,.T.);
#2070=EDGE_CURVE('',#1716,#1718,#716,.T.);
#2071=EDGE_CURVE('',#1719,#1720,#717,.T.);
#2072=EDGE_CURVE('',#1720,#1721,#718,.T.);
#2073=EDGE_CURVE('',#1721,#1722,#719,.T.);
#2074=EDGE_CURVE('',#1722,#1719,#720,.T.);
#2075=EDGE_CURVE('',#1723,#1724,#721,.T.);
#2076=EDGE_CURVE('',#1724,#1725,#722,.T.);
#2077=EDGE_CURVE('',#1725,#1726,#723,.T.);
#2078=EDGE_CURVE('',#1726,#1723,#724,.T.);
#2079=EDGE_CURVE('',#1727,#1728,#725,.T.);
#2080=EDGE_CURVE('',#1728,#1729,#726,.T.);
#2081=EDGE_CURVE('',#1729,#1730,#727,.T.);
#2082=EDGE_CURVE('',#1730,#1727,#728,.T.);
#2083=EDGE_CURVE('',#1731,#1732,#729,.T.);
#2084=EDGE_CURVE('',#1732,#1733,#730,.T.);
#2085=EDGE_CURVE('',#1733,#1734,#731,.T.);
#2086=EDGE_CURVE('',#1734,#1731,#732,.T.);
#2087=EDGE_CURVE('',#1735,#1736,#733,.T.);
#2088=EDGE_CURVE('',#1736,#1737,#734,.T.);
#2089=EDGE_CURVE('',#1737,#1738,#735,.T.);
#2090=EDGE_CURVE('',#1738,#1735,#736,.T.);
#2091=EDGE_CURVE('',#1739,#1740,#737,.T.);
#2092=EDGE_CURVE('',#1740,#1741,#738,.T.);
#2093=EDGE_CURVE('',#1741,#1742,#739,.T.);
#2094=EDGE_CURVE('',#1742,#1739,#740,.T.);
#2095=EDGE_CURVE('',#1743,#1744,#741,.T.);
#2096=EDGE_CURVE('',#1744,#1745,#742,.T.);
#2097=EDGE_CURVE('',#1745,#1746,#743,.T.);
#2098=EDGE_CURVE('',#1746,#1743,#744,.T.);
#2099=EDGE_CURVE('',#1747,#1748,#745,.T.);
#2100=EDGE_CURVE('',#1748,#1749,#746,.T.);
#2101=EDGE_CURVE('',#1749,#1750,#747,.T.);
#2102=EDGE_CURVE('',#1750,#1747,#748,.T.);
#2103=EDGE_CURVE('',#1751,#1752,#749,.T.);
#2104=EDGE_CURVE('',#1753,#1751,#750,.T.);
#2105=EDGE_CURVE('',#1754,#1753,#751,.T.);
#2106=EDGE_CURVE('',#1752,#1754,#752,.T.);
#2107=EDGE_CURVE('',#1678,#1755,#753,.T.);
#2108=EDGE_CURVE('',#1755,#1756,#754,.T.);
#2109=EDGE_CURVE('',#1756,#1677,#755,.T.);
#2110=EDGE_CURVE('',#1678,#1757,#84,.T.);
#2111=EDGE_CURVE('',#1757,#1758,#756,.T.);
#2112=EDGE_CURVE('',#1758,#1755,#85,.T.);
#2113=EDGE_CURVE('',#1759,#1760,#757,.T.);
#2114=EDGE_CURVE('',#1760,#1758,#758,.T.);
#2115=EDGE_CURVE('',#1757,#1759,#759,.T.);
#2116=EDGE_CURVE('',#1759,#1761,#86,.T.);
#2117=EDGE_CURVE('',#1761,#1762,#760,.T.);
#2118=EDGE_CURVE('',#1762,#1760,#87,.T.);
#2119=EDGE_CURVE('',#1675,#1763,#761,.T.);
#2120=EDGE_CURVE('',#1763,#1762,#762,.T.);
#2121=EDGE_CURVE('',#1761,#1675,#763,.T.);
#2122=EDGE_CURVE('',#1674,#1764,#764,.T.);
#2123=EDGE_CURVE('',#1764,#1763,#88,.T.);
#2124=EDGE_CURVE('',#1676,#1765,#765,.T.);
#2125=EDGE_CURVE('',#1765,#1764,#766,.T.);
#2126=EDGE_CURVE('',#1756,#1765,#89,.T.);
#2127=EDGE_CURVE('',#1668,#1761,#767,.T.);
#2128=EDGE_CURVE('',#1759,#1670,#768,.T.);
#2129=EDGE_CURVE('',#1672,#1757,#769,.T.);
#2130=EDGE_CURVE('',#1766,#1767,#770,.T.);
#2131=EDGE_CURVE('',#1766,#1768,#771,.T.);
#2132=EDGE_CURVE('',#1769,#1768,#772,.T.);
#2133=EDGE_CURVE('',#1770,#1769,#773,.T.);
#2134=EDGE_CURVE('',#1771,#1770,#90,.T.);
#2135=EDGE_CURVE('',#1772,#1771,#774,.T.);
#2136=EDGE_CURVE('',#1773,#1772,#91,.T.);
#2137=EDGE_CURVE('',#1774,#1773,#775,.T.);
#2138=EDGE_CURVE('',#1775,#1774,#92,.T.);
#2139=EDGE_CURVE('',#1776,#1775,#776,.T.);
#2140=EDGE_CURVE('',#1777,#1776,#93,.T.);
#2141=EDGE_CURVE('',#1778,#1777,#777,.T.);
#2142=EDGE_CURVE('',#1779,#1778,#94,.T.);
#2143=EDGE_CURVE('',#1780,#1779,#778,.T.);
#2144=EDGE_CURVE('',#1781,#1780,#95,.T.);
#2145=EDGE_CURVE('',#1782,#1781,#779,.T.);
#2146=EDGE_CURVE('',#1783,#1782,#780,.T.);
#2147=EDGE_CURVE('',#1783,#1784,#781,.T.);
#2148=EDGE_CURVE('',#1785,#1784,#782,.T.);
#2149=EDGE_CURVE('',#1786,#1785,#96,.T.);
#2150=EDGE_CURVE('',#1787,#1786,#783,.T.);
#2151=EDGE_CURVE('',#1788,#1787,#97,.T.);
#2152=EDGE_CURVE('',#1789,#1788,#784,.T.);
#2153=EDGE_CURVE('',#1790,#1789,#98,.T.);
#2154=EDGE_CURVE('',#1791,#1790,#785,.T.);
#2155=EDGE_CURVE('',#1792,#1791,#99,.T.);
#2156=EDGE_CURVE('',#1793,#1792,#786,.T.);
#2157=EDGE_CURVE('',#1794,#1793,#100,.T.);
#2158=EDGE_CURVE('',#1795,#1794,#787,.T.);
#2159=EDGE_CURVE('',#1767,#1795,#101,.T.);
#2160=EDGE_CURVE('',#1796,#1766,#788,.T.);
#2161=EDGE_CURVE('',#1767,#1797,#789,.T.);
#2162=EDGE_CURVE('',#1797,#1796,#790,.T.);
#2163=EDGE_CURVE('',#1795,#1798,#791,.T.);
#2164=EDGE_CURVE('',#1798,#1797,#102,.T.);
#2165=EDGE_CURVE('',#1794,#1799,#792,.T.);
#2166=EDGE_CURVE('',#1799,#1798,#793,.T.);
#2167=EDGE_CURVE('',#1793,#1800,#794,.T.);
#2168=EDGE_CURVE('',#1800,#1799,#103,.T.);
#2169=EDGE_CURVE('',#1792,#1801,#795,.T.);
#2170=EDGE_CURVE('',#1801,#1800,#796,.T.);
#2171=EDGE_CURVE('',#1791,#1802,#797,.T.);
#2172=EDGE_CURVE('',#1802,#1801,#104,.T.);
#2173=EDGE_CURVE('',#1790,#1803,#798,.T.);
#2174=EDGE_CURVE('',#1803,#1802,#799,.T.);
#2175=EDGE_CURVE('',#1789,#1804,#800,.T.);
#2176=EDGE_CURVE('',#1804,#1803,#105,.T.);
#2177=EDGE_CURVE('',#1788,#1805,#801,.T.);
#2178=EDGE_CURVE('',#1805,#1804,#802,.T.);
#2179=EDGE_CURVE('',#1787,#1806,#803,.T.);
#2180=EDGE_CURVE('',#1806,#1805,#106,.T.);
#2181=EDGE_CURVE('',#1786,#1807,#804,.T.);
#2182=EDGE_CURVE('',#1807,#1806,#805,.T.);
#2183=EDGE_CURVE('',#1785,#1808,#806,.T.);
#2184=EDGE_CURVE('',#1808,#1807,#107,.T.);
#2185=EDGE_CURVE('',#1784,#1809,#807,.T.);
#2186=EDGE_CURVE('',#1809,#1808,#808,.T.);
#2187=EDGE_CURVE('',#1810,#1797,#809,.T.);
#2188=EDGE_CURVE('',#1811,#1810,#810,.T.);
#2189=EDGE_CURVE('',#1811,#1796,#811,.T.);
#2190=EDGE_CURVE('',#1798,#1812,#812,.T.);
#2191=EDGE_CURVE('',#1810,#1812,#108,.T.);
#2192=EDGE_CURVE('',#1813,#1799,#813,.T.);
#2193=EDGE_CURVE('',#1812,#1813,#814,.T.);
#2194=EDGE_CURVE('',#1800,#1814,#815,.T.);
#2195=EDGE_CURVE('',#1813,#1814,#109,.T.);
#2196=EDGE_CURVE('',#1815,#1801,#816,.T.);
#2197=EDGE_CURVE('',#1814,#1815,#817,.T.);
#2198=EDGE_CURVE('',#1802,#1816,#818,.T.);
#2199=EDGE_CURVE('',#1815,#1816,#110,.T.);
#2200=EDGE_CURVE('',#1817,#1803,#819,.T.);
#2201=EDGE_CURVE('',#1816,#1817,#820,.T.);
#2202=EDGE_CURVE('',#1804,#1818,#821,.T.);
#2203=EDGE_CURVE('',#1817,#1818,#111,.T.);
#2204=EDGE_CURVE('',#1819,#1805,#822,.T.);
#2205=EDGE_CURVE('',#1818,#1819,#823,.T.);
#2206=EDGE_CURVE('',#1806,#1820,#824,.T.);
#2207=EDGE_CURVE('',#1819,#1820,#112,.T.);
#2208=EDGE_CURVE('',#1821,#1807,#825,.T.);
#2209=EDGE_CURVE('',#1820,#1821,#826,.T.);
#2210=EDGE_CURVE('',#1808,#1822,#827,.T.);
#2211=EDGE_CURVE('',#1821,#1822,#113,.T.);
#2212=EDGE_CURVE('',#1809,#1823,#828,.T.);
#2213=EDGE_CURVE('',#1822,#1823,#829,.T.);
#2214=EDGE_CURVE('',#1824,#1783,#830,.F.);
#2215=EDGE_CURVE('',#1825,#1824,#831,.T.);
#2216=EDGE_CURVE('',#1711,#1825,#832,.F.);
#2217=EDGE_CURVE('',#1710,#1823,#833,.T.);
#2218=EDGE_CURVE('',#1826,#1827,#834,.T.);
#2219=EDGE_CURVE('',#1827,#1713,#835,.T.);
#2220=EDGE_CURVE('',#1712,#1826,#836,.T.);
#2221=EDGE_CURVE('',#1825,#1826,#837,.T.);
#2222=EDGE_CURVE('',#1827,#1828,#114,.T.);
#2223=EDGE_CURVE('',#1828,#1714,#838,.T.);
#2224=EDGE_CURVE('',#1829,#1680,#839,.T.);
#2225=EDGE_CURVE('',#1828,#1829,#840,.T.);
#2226=EDGE_CURVE('',#1679,#1830,#841,.T.);
#2227=EDGE_CURVE('',#1829,#1830,#115,.T.);
#2228=EDGE_CURVE('',#1831,#1828,#842,.T.);
#2229=EDGE_CURVE('',#1832,#1831,#843,.T.);
#2230=EDGE_CURVE('',#1829,#1832,#844,.T.);
#2231=EDGE_CURVE('',#1827,#1833,#845,.T.);
#2232=EDGE_CURVE('',#1831,#1833,#116,.T.);
#2233=EDGE_CURVE('',#1834,#1826,#846,.T.);
#2234=EDGE_CURVE('',#1833,#1834,#847,.T.);
#2235=EDGE_CURVE('',#1834,#1824,#848,.T.);
#2236=EDGE_CURVE('',#1822,#1709,#849,.T.);
#2237=EDGE_CURVE('',#1782,#1834,#850,.T.);
#2238=EDGE_CURVE('',#1835,#1836,#851,.T.);
#2239=EDGE_CURVE('',#1836,#1770,#852,.T.);
#2240=EDGE_CURVE('',#1769,#1835,#853,.T.);
#2241=EDGE_CURVE('',#1836,#1837,#117,.T.);
#2242=EDGE_CURVE('',#1837,#1771,#854,.T.);
#2243=EDGE_CURVE('',#1838,#1772,#855,.T.);
#2244=EDGE_CURVE('',#1837,#1838,#856,.T.);
#2245=EDGE_CURVE('',#1838,#1839,#118,.T.);
#2246=EDGE_CURVE('',#1839,#1773,#857,.T.);
#2247=EDGE_CURVE('',#1839,#1840,#858,.T.);
#2248=EDGE_CURVE('',#1840,#1774,#859,.T.);
#2249=EDGE_CURVE('',#1840,#1841,#119,.T.);
#2250=EDGE_CURVE('',#1841,#1775,#860,.T.);
#2251=EDGE_CURVE('',#1842,#1776,#861,.T.);
#2252=EDGE_CURVE('',#1841,#1842,#862,.T.);
#2253=EDGE_CURVE('',#1842,#1843,#120,.T.);
#2254=EDGE_CURVE('',#1843,#1777,#863,.T.);
#2255=EDGE_CURVE('',#1843,#1844,#864,.T.);
#2256=EDGE_CURVE('',#1844,#1778,#865,.T.);
#2257=EDGE_CURVE('',#1844,#1832,#121,.T.);
#2258=EDGE_CURVE('',#1832,#1779,#866,.T.);
#2259=EDGE_CURVE('',#1831,#1780,#867,.T.);
#2260=EDGE_CURVE('',#1833,#1781,#868,.T.);
#2261=EDGE_CURVE('',#1768,#1845,#869,.F.);
#2262=EDGE_CURVE('',#1845,#1835,#870,.T.);
#2263=EDGE_CURVE('',#1844,#1830,#871,.T.);
#2264=EDGE_CURVE('',#1846,#1843,#872,.T.);
#2265=EDGE_CURVE('',#1830,#1846,#873,.T.);
#2266=EDGE_CURVE('',#1842,#1847,#874,.T.);
#2267=EDGE_CURVE('',#1846,#1847,#122,.T.);
#2268=EDGE_CURVE('',#1848,#1841,#875,.T.);
#2269=EDGE_CURVE('',#1849,#1848,#876,.T.);
#2270=EDGE_CURVE('',#1850,#1849,#123,.T.);
#2271=EDGE_CURVE('',#1851,#1850,#877,.T.);
#2272=EDGE_CURVE('',#1852,#1851,#878,.T.);
#2273=EDGE_CURVE('',#1853,#1852,#879,.T.);
#2274=EDGE_CURVE('',#1854,#1853,#124,.T.);
#2275=EDGE_CURVE('',#1847,#1854,#880,.T.);
#2276=EDGE_CURVE('',#1840,#1855,#881,.T.);
#2277=EDGE_CURVE('',#1848,#1855,#125,.T.);
#2278=EDGE_CURVE('',#1856,#1839,#882,.T.);
#2279=EDGE_CURVE('',#1855,#1856,#883,.T.);
#2280=EDGE_CURVE('',#1838,#1857,#884,.T.);
#2281=EDGE_CURVE('',#1856,#1857,#126,.T.);
#2282=EDGE_CURVE('',#1858,#1837,#885,.T.);
#2283=EDGE_CURVE('',#1857,#1858,#886,.T.);
#2284=EDGE_CURVE('',#1836,#1859,#887,.T.);
#2285=EDGE_CURVE('',#1858,#1859,#127,.T.);
#2286=EDGE_CURVE('',#1860,#1835,#888,.T.);
#2287=EDGE_CURVE('',#1859,#1860,#889,.T.);
#2288=EDGE_CURVE('',#1845,#1861,#890,.T.);
#2289=EDGE_CURVE('',#1860,#1861,#891,.T.);
#2290=EDGE_CURVE('',#1696,#1861,#892,.T.);
#2291=EDGE_CURVE('',#1695,#1860,#893,.T.);
#2292=EDGE_CURVE('',#1691,#1856,#894,.T.);
#2293=EDGE_CURVE('',#1857,#1692,#895,.T.);
#2294=EDGE_CURVE('',#1858,#1693,#896,.T.);
#2295=EDGE_CURVE('',#1859,#1694,#897,.T.);
#2296=EDGE_CURVE('',#1697,#1811,#898,.T.);
#2297=EDGE_CURVE('',#1810,#1698,#899,.T.);
#2298=EDGE_CURVE('',#1846,#1681,#900,.T.);
#2299=EDGE_CURVE('',#1855,#1690,#901,.T.);
#2300=EDGE_CURVE('',#1684,#1862,#15,.T.);
#2301=EDGE_CURVE('',#1863,#1862,#16,.T.);
#2302=EDGE_CURVE('',#1863,#1685,#17,.T.);
#2303=EDGE_CURVE('',#1686,#1864,#18,.T.);
#2304=EDGE_CURVE('',#1865,#1864,#19,.T.);
#2305=EDGE_CURVE('',#1865,#1687,#20,.T.);
#2306=EDGE_CURVE('',#1866,#1867,#902,.T.);
#2307=EDGE_CURVE('',#1867,#1868,#903,.T.);
#2308=EDGE_CURVE('',#1868,#1869,#904,.T.);
#2309=EDGE_CURVE('',#1869,#1866,#905,.T.);
#2310=EDGE_CURVE('',#1864,#1870,#21,.T.);
#2311=EDGE_CURVE('',#1870,#1871,#906,.T.);
#2312=EDGE_CURVE('',#1871,#1865,#22,.T.);
#2313=EDGE_CURVE('',#1867,#1871,#907,.T.);
#2314=EDGE_CURVE('',#1870,#1868,#908,.T.);
#2315=EDGE_CURVE('',#1869,#1872,#909,.T.);
#2316=EDGE_CURVE('',#1872,#1873,#910,.T.);
#2317=EDGE_CURVE('',#1873,#1866,#911,.T.);
#2318=EDGE_CURVE('',#1862,#1873,#23,.T.);
#2319=EDGE_CURVE('',#1872,#1863,#24,.T.);
#2320=EDGE_CURVE('',#1872,#1870,#912,.T.);
#2321=EDGE_CURVE('',#1871,#1874,#913,.T.);
#2322=EDGE_CURVE('',#1688,#1874,#128,.T.);
#2323=EDGE_CURVE('',#1867,#1875,#914,.T.);
#2324=EDGE_CURVE('',#1874,#1875,#915,.T.);
#2325=EDGE_CURVE('',#1876,#1866,#916,.T.);
#2326=EDGE_CURVE('',#1875,#1876,#917,.T.);
#2327=EDGE_CURVE('',#1851,#1875,#918,.T.);
#2328=EDGE_CURVE('',#1876,#1852,#919,.T.);
#2329=EDGE_CURVE('',#1850,#1874,#920,.T.);
#2330=EDGE_CURVE('',#1849,#1688,#921,.T.);
#2331=EDGE_CURVE('',#1848,#1689,#922,.T.);
#2332=EDGE_CURVE('',#1812,#1699,#923,.T.);
#2333=EDGE_CURVE('',#1813,#1700,#924,.T.);
#2334=EDGE_CURVE('',#1814,#1701,#925,.T.);
#2335=EDGE_CURVE('',#1815,#1702,#926,.T.);
#2336=EDGE_CURVE('',#1816,#1703,#927,.T.);
#2337=EDGE_CURVE('',#1817,#1704,#928,.T.);
#2338=EDGE_CURVE('',#1818,#1705,#929,.T.);
#2339=EDGE_CURVE('',#1819,#1706,#930,.T.);
#2340=EDGE_CURVE('',#1820,#1707,#931,.T.);
#2341=EDGE_CURVE('',#1821,#1708,#932,.T.);
#2342=EDGE_CURVE('',#1847,#1682,#933,.T.);
#2343=EDGE_CURVE('',#1854,#1683,#934,.T.);
#2344=EDGE_CURVE('',#1853,#1877,#935,.T.);
#2345=EDGE_CURVE('',#1877,#1683,#129,.T.);
#2346=EDGE_CURVE('',#1876,#1877,#936,.T.);
#2347=EDGE_CURVE('',#1878,#1879,#937,.T.);
#2348=EDGE_CURVE('',#1880,#1878,#938,.T.);
#2349=EDGE_CURVE('',#1879,#1880,#939,.T.);
#2350=EDGE_CURVE('',#1751,#1881,#940,.T.);
#2351=EDGE_CURVE('',#1882,#1751,#941,.T.);
#2352=EDGE_CURVE('',#1881,#1882,#942,.T.);
#2353=EDGE_CURVE('',#1883,#1884,#943,.T.);
#2354=EDGE_CURVE('',#1885,#1883,#944,.T.);
#2355=EDGE_CURVE('',#1884,#1885,#945,.T.);
#2356=EDGE_CURVE('',#1878,#1885,#946,.T.);
#2357=EDGE_CURVE('',#1883,#1880,#947,.T.);
#2358=EDGE_CURVE('',#1886,#1887,#948,.T.);
#2359=EDGE_CURVE('',#1888,#1886,#949,.T.);
#2360=EDGE_CURVE('',#1887,#1888,#950,.T.);
#2361=EDGE_CURVE('',#1889,#1890,#951,.T.);
#2362=EDGE_CURVE('',#1753,#1889,#952,.T.);
#2363=EDGE_CURVE('',#1890,#1753,#953,.T.);
#2364=EDGE_CURVE('',#1891,#1892,#954,.T.);
#2365=EDGE_CURVE('',#1752,#1891,#955,.T.);
#2366=EDGE_CURVE('',#1892,#1752,#956,.T.);
#2367=EDGE_CURVE('',#1891,#1882,#957,.T.);
#2368=EDGE_CURVE('',#1893,#1894,#958,.T.);
#2369=EDGE_CURVE('',#1895,#1893,#959,.T.);
#2370=EDGE_CURVE('',#1894,#1895,#960,.T.);
#2371=EDGE_CURVE('',#1885,#1895,#961,.T.);
#2372=EDGE_CURVE('',#1893,#1884,#962,.T.);
#2373=EDGE_CURVE('',#1895,#1888,#963,.T.);
#2374=EDGE_CURVE('',#1886,#1894,#964,.T.);
#2375=EDGE_CURVE('',#1896,#1897,#965,.T.);
#2376=EDGE_CURVE('',#1754,#1896,#966,.T.);
#2377=EDGE_CURVE('',#1897,#1754,#967,.T.);
#2378=EDGE_CURVE('',#1896,#1892,#968,.T.);
#2379=EDGE_CURVE('',#1889,#1897,#969,.T.);
#2380=EDGE_CURVE('',#1894,#1896,#970,.T.);
#2381=EDGE_CURVE('',#1897,#1893,#971,.T.);
#2382=EDGE_CURVE('',#1887,#1891,#972,.T.);
#2383=EDGE_CURVE('',#1892,#1886,#973,.T.);
#2384=EDGE_CURVE('',#1881,#1890,#974,.T.);
#2385=EDGE_CURVE('',#1890,#1883,#975,.T.);
#2386=EDGE_CURVE('',#1884,#1889,#976,.T.);
#2387=EDGE_CURVE('',#1879,#1887,#977,.T.);
#2388=EDGE_CURVE('',#1888,#1878,#978,.T.);
#2389=EDGE_CURVE('',#1882,#1879,#979,.T.);
#2390=EDGE_CURVE('',#1880,#1881,#980,.T.);
#2391=EDGE_CURVE('',#1898,#1899,#981,.T.);
#2392=EDGE_CURVE('',#1900,#1898,#982,.T.);
#2393=EDGE_CURVE('',#1901,#1900,#983,.T.);
#2394=EDGE_CURVE('',#1899,#1901,#984,.T.);
#2395=EDGE_CURVE('',#1902,#1903,#985,.T.);
#2396=EDGE_CURVE('',#1716,#1902,#986,.T.);
#2397=EDGE_CURVE('',#1903,#1716,#987,.T.);
#2398=EDGE_CURVE('',#1904,#1905,#988,.T.);
#2399=EDGE_CURVE('',#1901,#1904,#989,.T.);
#2400=EDGE_CURVE('',#1905,#1901,#990,.T.);
#2401=EDGE_CURVE('',#1715,#1906,#991,.T.);
#2402=EDGE_CURVE('',#1907,#1715,#992,.T.);
#2403=EDGE_CURVE('',#1906,#1907,#993,.T.);
#2404=EDGE_CURVE('',#1902,#1907,#994,.T.);
#2405=EDGE_CURVE('',#1908,#1909,#995,.T.);
#2406=EDGE_CURVE('',#1718,#1908,#996,.T.);
#2407=EDGE_CURVE('',#1909,#1718,#997,.T.);
#2408=EDGE_CURVE('',#1908,#1903,#998,.T.);
#2409=EDGE_CURVE('',#1910,#1911,#999,.T.);
#2410=EDGE_CURVE('',#1900,#1910,#1000,.T.);
#2411=EDGE_CURVE('',#1911,#1900,#1001,.T.);
#2412=EDGE_CURVE('',#1910,#1905,#1002,.T.);
#2413=EDGE_CURVE('',#1912,#1913,#1003,.T.);
#2414=EDGE_CURVE('',#1899,#1912,#1004,.T.);
#2415=EDGE_CURVE('',#1913,#1899,#1005,.T.);
#2416=EDGE_CURVE('',#1914,#1915,#1006,.T.);
#2417=EDGE_CURVE('',#1717,#1914,#1007,.T.);
#2418=EDGE_CURVE('',#1915,#1717,#1008,.T.);
#2419=EDGE_CURVE('',#1914,#1909,#1009,.T.);
#2420=EDGE_CURVE('',#1906,#1915,#1010,.T.);
#2421=EDGE_CURVE('',#1898,#1916,#1011,.T.);
#2422=EDGE_CURVE('',#1917,#1898,#1012,.T.);
#2423=EDGE_CURVE('',#1916,#1917,#1013,.T.);
#2424=EDGE_CURVE('',#1912,#1917,#1014,.T.);
#2425=EDGE_CURVE('',#1915,#1916,#1015,.T.);
#2426=EDGE_CURVE('',#1917,#1914,#1016,.T.);
#2427=EDGE_CURVE('',#1916,#1911,#1017,.T.);
#2428=EDGE_CURVE('',#1904,#1913,#1018,.T.);
#2429=EDGE_CURVE('',#1909,#1912,#1019,.T.);
#2430=EDGE_CURVE('',#1913,#1908,#1020,.T.);
#2431=EDGE_CURVE('',#1911,#1906,#1021,.T.);
#2432=EDGE_CURVE('',#1907,#1910,#1022,.T.);
#2433=EDGE_CURVE('',#1905,#1902,#1023,.T.);
#2434=EDGE_CURVE('',#1903,#1904,#1024,.T.);
#2435=EDGE_CURVE('',#1877,#1873,#1025,.T.);
#2436=EDGE_CURVE('',#1918,#1747,#1026,.T.);
#2437=EDGE_CURVE('',#1919,#1918,#1027,.T.);
#2438=EDGE_CURVE('',#1748,#1919,#1028,.T.);
#2439=EDGE_CURVE('',#1919,#1920,#1029,.T.);
#2440=EDGE_CURVE('',#1920,#1921,#1030,.T.);
#2441=EDGE_CURVE('',#1921,#1922,#1031,.T.);
#2442=EDGE_CURVE('',#1922,#1923,#1032,.T.);
#2443=EDGE_CURVE('',#1923,#1749,#1033,.T.);
#2444=EDGE_CURVE('',#1750,#1924,#1034,.T.);
#2445=EDGE_CURVE('',#1924,#1925,#1035,.T.);
#2446=EDGE_CURVE('',#1925,#1926,#1036,.T.);
#2447=EDGE_CURVE('',#1926,#1927,#1037,.T.);
#2448=EDGE_CURVE('',#1927,#1918,#1038,.T.);
#2449=EDGE_CURVE('',#1922,#1925,#1039,.T.);
#2450=EDGE_CURVE('',#1921,#1926,#1040,.T.);
#2451=EDGE_CURVE('',#1923,#1924,#1041,.T.);
#2452=EDGE_CURVE('',#1920,#1927,#1042,.T.);
#2453=EDGE_CURVE('',#1928,#1743,#1043,.T.);
#2454=EDGE_CURVE('',#1929,#1928,#1044,.T.);
#2455=EDGE_CURVE('',#1744,#1929,#1045,.T.);
#2456=EDGE_CURVE('',#1929,#1930,#1046,.T.);
#2457=EDGE_CURVE('',#1930,#1931,#1047,.T.);
#2458=EDGE_CURVE('',#1931,#1932,#1048,.T.);
#2459=EDGE_CURVE('',#1932,#1933,#1049,.T.);
#2460=EDGE_CURVE('',#1933,#1745,#1050,.T.);
#2461=EDGE_CURVE('',#1746,#1934,#1051,.T.);
#2462=EDGE_CURVE('',#1934,#1935,#1052,.T.);
#2463=EDGE_CURVE('',#1935,#1936,#1053,.T.);
#2464=EDGE_CURVE('',#1936,#1937,#1054,.T.);
#2465=EDGE_CURVE('',#1937,#1928,#1055,.T.);
#2466=EDGE_CURVE('',#1932,#1935,#1056,.T.);
#2467=EDGE_CURVE('',#1931,#1936,#1057,.T.);
#2468=EDGE_CURVE('',#1933,#1934,#1058,.T.);
#2469=EDGE_CURVE('',#1930,#1937,#1059,.T.);
#2470=EDGE_CURVE('',#1938,#1739,#1060,.T.);
#2471=EDGE_CURVE('',#1939,#1938,#1061,.T.);
#2472=EDGE_CURVE('',#1740,#1939,#1062,.T.);
#2473=EDGE_CURVE('',#1939,#1940,#1063,.T.);
#2474=EDGE_CURVE('',#1940,#1941,#1064,.T.);
#2475=EDGE_CURVE('',#1941,#1942,#1065,.T.);
#2476=EDGE_CURVE('',#1942,#1943,#1066,.T.);
#2477=EDGE_CURVE('',#1943,#1741,#1067,.T.);
#2478=EDGE_CURVE('',#1742,#1944,#1068,.T.);
#2479=EDGE_CURVE('',#1944,#1945,#1069,.T.);
#2480=EDGE_CURVE('',#1945,#1946,#1070,.T.);
#2481=EDGE_CURVE('',#1946,#1947,#1071,.T.);
#2482=EDGE_CURVE('',#1947,#1938,#1072,.T.);
#2483=EDGE_CURVE('',#1942,#1945,#1073,.T.);
#2484=EDGE_CURVE('',#1941,#1946,#1074,.T.);
#2485=EDGE_CURVE('',#1943,#1944,#1075,.T.);
#2486=EDGE_CURVE('',#1940,#1947,#1076,.T.);
#2487=EDGE_CURVE('',#1948,#1735,#1077,.T.);
#2488=EDGE_CURVE('',#1949,#1948,#1078,.T.);
#2489=EDGE_CURVE('',#1736,#1949,#1079,.T.);
#2490=EDGE_CURVE('',#1949,#1950,#1080,.T.);
#2491=EDGE_CURVE('',#1950,#1951,#1081,.T.);
#2492=EDGE_CURVE('',#1951,#1952,#1082,.T.);
#2493=EDGE_CURVE('',#1952,#1953,#1083,.T.);
#2494=EDGE_CURVE('',#1953,#1737,#1084,.T.);
#2495=EDGE_CURVE('',#1738,#1954,#1085,.T.);
#2496=EDGE_CURVE('',#1954,#1955,#1086,.T.);
#2497=EDGE_CURVE('',#1955,#1956,#1087,.T.);
#2498=EDGE_CURVE('',#1956,#1957,#1088,.T.);
#2499=EDGE_CURVE('',#1957,#1948,#1089,.T.);
#2500=EDGE_CURVE('',#1952,#1955,#1090,.T.);
#2501=EDGE_CURVE('',#1951,#1956,#1091,.T.);
#2502=EDGE_CURVE('',#1953,#1954,#1092,.T.);
#2503=EDGE_CURVE('',#1950,#1957,#1093,.T.);
#2504=EDGE_CURVE('',#1958,#1731,#1094,.T.);
#2505=EDGE_CURVE('',#1959,#1958,#1095,.T.);
#2506=EDGE_CURVE('',#1732,#1959,#1096,.T.);
#2507=EDGE_CURVE('',#1959,#1960,#1097,.T.);
#2508=EDGE_CURVE('',#1960,#1961,#1098,.T.);
#2509=EDGE_CURVE('',#1961,#1962,#1099,.T.);
#2510=EDGE_CURVE('',#1962,#1963,#1100,.T.);
#2511=EDGE_CURVE('',#1963,#1733,#1101,.T.);
#2512=EDGE_CURVE('',#1734,#1964,#1102,.T.);
#2513=EDGE_CURVE('',#1964,#1965,#1103,.T.);
#2514=EDGE_CURVE('',#1965,#1966,#1104,.T.);
#2515=EDGE_CURVE('',#1966,#1967,#1105,.T.);
#2516=EDGE_CURVE('',#1967,#1958,#1106,.T.);
#2517=EDGE_CURVE('',#1962,#1965,#1107,.T.);
#2518=EDGE_CURVE('',#1961,#1966,#1108,.T.);
#2519=EDGE_CURVE('',#1963,#1964,#1109,.T.);
#2520=EDGE_CURVE('',#1960,#1967,#1110,.T.);
#2521=EDGE_CURVE('',#1968,#1727,#1111,.T.);
#2522=EDGE_CURVE('',#1969,#1968,#1112,.T.);
#2523=EDGE_CURVE('',#1728,#1969,#1113,.T.);
#2524=EDGE_CURVE('',#1969,#1970,#1114,.T.);
#2525=EDGE_CURVE('',#1970,#1971,#1115,.T.);
#2526=EDGE_CURVE('',#1971,#1972,#1116,.T.);
#2527=EDGE_CURVE('',#1972,#1973,#1117,.T.);
#2528=EDGE_CURVE('',#1973,#1729,#1118,.T.);
#2529=EDGE_CURVE('',#1730,#1974,#1119,.T.);
#2530=EDGE_CURVE('',#1974,#1975,#1120,.T.);
#2531=EDGE_CURVE('',#1975,#1976,#1121,.T.);
#2532=EDGE_CURVE('',#1976,#1977,#1122,.T.);
#2533=EDGE_CURVE('',#1977,#1968,#1123,.T.);
#2534=EDGE_CURVE('',#1972,#1975,#1124,.T.);
#2535=EDGE_CURVE('',#1971,#1976,#1125,.T.);
#2536=EDGE_CURVE('',#1973,#1974,#1126,.T.);
#2537=EDGE_CURVE('',#1970,#1977,#1127,.T.);
#2538=EDGE_CURVE('',#1978,#1723,#1128,.T.);
#2539=EDGE_CURVE('',#1979,#1978,#1129,.T.);
#2540=EDGE_CURVE('',#1724,#1979,#1130,.T.);
#2541=EDGE_CURVE('',#1979,#1980,#1131,.T.);
#2542=EDGE_CURVE('',#1980,#1981,#1132,.T.);
#2543=EDGE_CURVE('',#1981,#1982,#1133,.T.);
#2544=EDGE_CURVE('',#1982,#1983,#1134,.T.);
#2545=EDGE_CURVE('',#1983,#1725,#1135,.T.);
#2546=EDGE_CURVE('',#1726,#1984,#1136,.T.);
#2547=EDGE_CURVE('',#1984,#1985,#1137,.T.);
#2548=EDGE_CURVE('',#1985,#1986,#1138,.T.);
#2549=EDGE_CURVE('',#1986,#1987,#1139,.T.);
#2550=EDGE_CURVE('',#1987,#1978,#1140,.T.);
#2551=EDGE_CURVE('',#1982,#1985,#1141,.T.);
#2552=EDGE_CURVE('',#1981,#1986,#1142,.T.);
#2553=EDGE_CURVE('',#1983,#1984,#1143,.T.);
#2554=EDGE_CURVE('',#1980,#1987,#1144,.T.);
#2555=EDGE_CURVE('',#1988,#1719,#1145,.T.);
#2556=EDGE_CURVE('',#1989,#1988,#1146,.T.);
#2557=EDGE_CURVE('',#1720,#1989,#1147,.T.);
#2558=EDGE_CURVE('',#1989,#1990,#1148,.T.);
#2559=EDGE_CURVE('',#1990,#1991,#1149,.T.);
#2560=EDGE_CURVE('',#1991,#1992,#1150,.T.);
#2561=EDGE_CURVE('',#1992,#1993,#1151,.T.);
#2562=EDGE_CURVE('',#1993,#1721,#1152,.T.);
#2563=EDGE_CURVE('',#1722,#1994,#1153,.T.);
#2564=EDGE_CURVE('',#1994,#1995,#1154,.T.);
#2565=EDGE_CURVE('',#1995,#1996,#1155,.T.);
#2566=EDGE_CURVE('',#1996,#1997,#1156,.T.);
#2567=EDGE_CURVE('',#1997,#1988,#1157,.T.);
#2568=EDGE_CURVE('',#1992,#1995,#1158,.T.);
#2569=EDGE_CURVE('',#1991,#1996,#1159,.T.);
#2570=EDGE_CURVE('',#1993,#1994,#1160,.T.);
#2571=EDGE_CURVE('',#1990,#1997,#1161,.T.);
#2572=ORIENTED_EDGE('',*,*,#1998,.T.);
#2573=ORIENTED_EDGE('',*,*,#1999,.T.);
#2574=ORIENTED_EDGE('',*,*,#2000,.T.);
#2575=ORIENTED_EDGE('',*,*,#2001,.T.);
#2576=ORIENTED_EDGE('',*,*,#1998,.F.);
#2577=ORIENTED_EDGE('',*,*,#2002,.T.);
#2578=ORIENTED_EDGE('',*,*,#2003,.T.);
#2579=ORIENTED_EDGE('',*,*,#2004,.T.);
#2580=ORIENTED_EDGE('',*,*,#2005,.T.);
#2581=ORIENTED_EDGE('',*,*,#2006,.T.);
#2582=ORIENTED_EDGE('',*,*,#2003,.F.);
#2583=ORIENTED_EDGE('',*,*,#2007,.T.);
#2584=ORIENTED_EDGE('',*,*,#2005,.F.);
#2585=ORIENTED_EDGE('',*,*,#2008,.T.);
#2586=ORIENTED_EDGE('',*,*,#2009,.T.);
#2587=ORIENTED_EDGE('',*,*,#2010,.T.);
#2588=ORIENTED_EDGE('',*,*,#2011,.T.);
#2589=ORIENTED_EDGE('',*,*,#2012,.T.);
#2590=ORIENTED_EDGE('',*,*,#2009,.F.);
#2591=ORIENTED_EDGE('',*,*,#2013,.T.);
#2592=ORIENTED_EDGE('',*,*,#2011,.F.);
#2593=ORIENTED_EDGE('',*,*,#2014,.T.);
#2594=ORIENTED_EDGE('',*,*,#2015,.T.);
#2595=ORIENTED_EDGE('',*,*,#2016,.T.);
#2596=ORIENTED_EDGE('',*,*,#2017,.T.);
#2597=ORIENTED_EDGE('',*,*,#2018,.T.);
#2598=ORIENTED_EDGE('',*,*,#2015,.F.);
#2599=ORIENTED_EDGE('',*,*,#2019,.T.);
#2600=ORIENTED_EDGE('',*,*,#2017,.F.);
#2601=ORIENTED_EDGE('',*,*,#2020,.T.);
#2602=ORIENTED_EDGE('',*,*,#2000,.F.);
#2603=ORIENTED_EDGE('',*,*,#2021,.T.);
#2604=ORIENTED_EDGE('',*,*,#2008,.F.);
#2605=ORIENTED_EDGE('',*,*,#2022,.T.);
#2606=ORIENTED_EDGE('',*,*,#2023,.F.);
#2607=ORIENTED_EDGE('',*,*,#2024,.T.);
#2608=ORIENTED_EDGE('',*,*,#2007,.F.);
#2609=ORIENTED_EDGE('',*,*,#2025,.F.);
#2610=ORIENTED_EDGE('',*,*,#2026,.F.);
#2611=ORIENTED_EDGE('',*,*,#2022,.F.);
#2612=ORIENTED_EDGE('',*,*,#2002,.F.);
#2613=ORIENTED_EDGE('',*,*,#2027,.T.);
#2614=ORIENTED_EDGE('',*,*,#2028,.F.);
#2615=ORIENTED_EDGE('',*,*,#2025,.T.);
#2616=ORIENTED_EDGE('',*,*,#2001,.F.);
#2617=ORIENTED_EDGE('',*,*,#2029,.F.);
#2618=ORIENTED_EDGE('',*,*,#2030,.F.);
#2619=ORIENTED_EDGE('',*,*,#2027,.F.);
#2620=ORIENTED_EDGE('',*,*,#2031,.F.);
#2621=ORIENTED_EDGE('',*,*,#2032,.F.);
#2622=ORIENTED_EDGE('',*,*,#2033,.F.);
#2623=ORIENTED_EDGE('',*,*,#2034,.F.);
#2624=ORIENTED_EDGE('',*,*,#2035,.F.);
#2625=ORIENTED_EDGE('',*,*,#2036,.F.);
#2626=ORIENTED_EDGE('',*,*,#2037,.F.);
#2627=ORIENTED_EDGE('',*,*,#2038,.F.);
#2628=ORIENTED_EDGE('',*,*,#2039,.F.);
#2629=ORIENTED_EDGE('',*,*,#2040,.F.);
#2630=ORIENTED_EDGE('',*,*,#2041,.F.);
#2631=ORIENTED_EDGE('',*,*,#2042,.F.);
#2632=ORIENTED_EDGE('',*,*,#2043,.F.);
#2633=ORIENTED_EDGE('',*,*,#2044,.F.);
#2634=ORIENTED_EDGE('',*,*,#2045,.F.);
#2635=ORIENTED_EDGE('',*,*,#2046,.F.);
#2636=ORIENTED_EDGE('',*,*,#2047,.F.);
#2637=ORIENTED_EDGE('',*,*,#2048,.F.);
#2638=ORIENTED_EDGE('',*,*,#2049,.F.);
#2639=ORIENTED_EDGE('',*,*,#2050,.F.);
#2640=ORIENTED_EDGE('',*,*,#2051,.F.);
#2641=ORIENTED_EDGE('',*,*,#2052,.F.);
#2642=ORIENTED_EDGE('',*,*,#2053,.F.);
#2643=ORIENTED_EDGE('',*,*,#2054,.F.);
#2644=ORIENTED_EDGE('',*,*,#2055,.F.);
#2645=ORIENTED_EDGE('',*,*,#2056,.F.);
#2646=ORIENTED_EDGE('',*,*,#2057,.F.);
#2647=ORIENTED_EDGE('',*,*,#2058,.F.);
#2648=ORIENTED_EDGE('',*,*,#2059,.F.);
#2649=ORIENTED_EDGE('',*,*,#2060,.F.);
#2650=ORIENTED_EDGE('',*,*,#2061,.F.);
#2651=ORIENTED_EDGE('',*,*,#2062,.F.);
#2652=ORIENTED_EDGE('',*,*,#2063,.F.);
#2653=ORIENTED_EDGE('',*,*,#2064,.F.);
#2654=ORIENTED_EDGE('',*,*,#2065,.F.);
#2655=ORIENTED_EDGE('',*,*,#2066,.F.);
#2656=ORIENTED_EDGE('',*,*,#2067,.F.);
#2657=ORIENTED_EDGE('',*,*,#2068,.F.);
#2658=ORIENTED_EDGE('',*,*,#2069,.F.);
#2659=ORIENTED_EDGE('',*,*,#2070,.F.);
#2660=ORIENTED_EDGE('',*,*,#2071,.T.);
#2661=ORIENTED_EDGE('',*,*,#2072,.T.);
#2662=ORIENTED_EDGE('',*,*,#2073,.T.);
#2663=ORIENTED_EDGE('',*,*,#2074,.T.);
#2664=ORIENTED_EDGE('',*,*,#2075,.T.);
#2665=ORIENTED_EDGE('',*,*,#2076,.T.);
#2666=ORIENTED_EDGE('',*,*,#2077,.T.);
#2667=ORIENTED_EDGE('',*,*,#2078,.T.);
#2668=ORIENTED_EDGE('',*,*,#2079,.T.);
#2669=ORIENTED_EDGE('',*,*,#2080,.T.);
#2670=ORIENTED_EDGE('',*,*,#2081,.T.);
#2671=ORIENTED_EDGE('',*,*,#2082,.T.);
#2672=ORIENTED_EDGE('',*,*,#2083,.T.);
#2673=ORIENTED_EDGE('',*,*,#2084,.T.);
#2674=ORIENTED_EDGE('',*,*,#2085,.T.);
#2675=ORIENTED_EDGE('',*,*,#2086,.T.);
#2676=ORIENTED_EDGE('',*,*,#2087,.T.);
#2677=ORIENTED_EDGE('',*,*,#2088,.T.);
#2678=ORIENTED_EDGE('',*,*,#2089,.T.);
#2679=ORIENTED_EDGE('',*,*,#2090,.T.);
#2680=ORIENTED_EDGE('',*,*,#2091,.T.);
#2681=ORIENTED_EDGE('',*,*,#2092,.T.);
#2682=ORIENTED_EDGE('',*,*,#2093,.T.);
#2683=ORIENTED_EDGE('',*,*,#2094,.T.);
#2684=ORIENTED_EDGE('',*,*,#2095,.T.);
#2685=ORIENTED_EDGE('',*,*,#2096,.T.);
#2686=ORIENTED_EDGE('',*,*,#2097,.T.);
#2687=ORIENTED_EDGE('',*,*,#2098,.T.);
#2688=ORIENTED_EDGE('',*,*,#2099,.T.);
#2689=ORIENTED_EDGE('',*,*,#2100,.T.);
#2690=ORIENTED_EDGE('',*,*,#2101,.T.);
#2691=ORIENTED_EDGE('',*,*,#2102,.T.);
#2692=ORIENTED_EDGE('',*,*,#2103,.F.);
#2693=ORIENTED_EDGE('',*,*,#2104,.F.);
#2694=ORIENTED_EDGE('',*,*,#2105,.F.);
#2695=ORIENTED_EDGE('',*,*,#2106,.F.);
#2696=ORIENTED_EDGE('',*,*,#1999,.F.);
#2697=ORIENTED_EDGE('',*,*,#2004,.F.);
#2698=ORIENTED_EDGE('',*,*,#2006,.F.);
#2699=ORIENTED_EDGE('',*,*,#2010,.F.);
#2700=ORIENTED_EDGE('',*,*,#2012,.F.);
#2701=ORIENTED_EDGE('',*,*,#2016,.F.);
#2702=ORIENTED_EDGE('',*,*,#2018,.F.);
#2703=ORIENTED_EDGE('',*,*,#2021,.F.);
#2704=ORIENTED_EDGE('',*,*,#2107,.T.);
#2705=ORIENTED_EDGE('',*,*,#2108,.T.);
#2706=ORIENTED_EDGE('',*,*,#2109,.T.);
#2707=ORIENTED_EDGE('',*,*,#2030,.T.);
#2708=ORIENTED_EDGE('',*,*,#2107,.F.);
#2709=ORIENTED_EDGE('',*,*,#2110,.T.);
#2710=ORIENTED_EDGE('',*,*,#2111,.T.);
#2711=ORIENTED_EDGE('',*,*,#2112,.T.);
#2712=ORIENTED_EDGE('',*,*,#2113,.T.);
#2713=ORIENTED_EDGE('',*,*,#2114,.T.);
#2714=ORIENTED_EDGE('',*,*,#2111,.F.);
#2715=ORIENTED_EDGE('',*,*,#2115,.T.);
#2716=ORIENTED_EDGE('',*,*,#2113,.F.);
#2717=ORIENTED_EDGE('',*,*,#2116,.T.);
#2718=ORIENTED_EDGE('',*,*,#2117,.T.);
#2719=ORIENTED_EDGE('',*,*,#2118,.T.);
#2720=ORIENTED_EDGE('',*,*,#2119,.T.);
#2721=ORIENTED_EDGE('',*,*,#2120,.T.);
#2722=ORIENTED_EDGE('',*,*,#2117,.F.);
#2723=ORIENTED_EDGE('',*,*,#2121,.T.);
#2724=ORIENTED_EDGE('',*,*,#2119,.F.);
#2725=ORIENTED_EDGE('',*,*,#2023,.T.);
#2726=ORIENTED_EDGE('',*,*,#2122,.T.);
#2727=ORIENTED_EDGE('',*,*,#2123,.T.);
#2728=ORIENTED_EDGE('',*,*,#2124,.T.);
#2729=ORIENTED_EDGE('',*,*,#2125,.T.);
#2730=ORIENTED_EDGE('',*,*,#2122,.F.);
#2731=ORIENTED_EDGE('',*,*,#2026,.T.);
#2732=ORIENTED_EDGE('',*,*,#2124,.F.);
#2733=ORIENTED_EDGE('',*,*,#2028,.T.);
#2734=ORIENTED_EDGE('',*,*,#2109,.F.);
#2735=ORIENTED_EDGE('',*,*,#2126,.T.);
#2736=ORIENTED_EDGE('',*,*,#2014,.F.);
#2737=ORIENTED_EDGE('',*,*,#2127,.T.);
#2738=ORIENTED_EDGE('',*,*,#2116,.F.);
#2739=ORIENTED_EDGE('',*,*,#2128,.T.);
#2740=ORIENTED_EDGE('',*,*,#2019,.F.);
#2741=ORIENTED_EDGE('',*,*,#2128,.F.);
#2742=ORIENTED_EDGE('',*,*,#2115,.F.);
#2743=ORIENTED_EDGE('',*,*,#2129,.F.);
#2744=ORIENTED_EDGE('',*,*,#2020,.F.);
#2745=ORIENTED_EDGE('',*,*,#2129,.T.);
#2746=ORIENTED_EDGE('',*,*,#2110,.F.);
#2747=ORIENTED_EDGE('',*,*,#2029,.T.);
#2748=ORIENTED_EDGE('',*,*,#2130,.F.);
#2749=ORIENTED_EDGE('',*,*,#2131,.T.);
#2750=ORIENTED_EDGE('',*,*,#2132,.F.);
#2751=ORIENTED_EDGE('',*,*,#2133,.F.);
#2752=ORIENTED_EDGE('',*,*,#2134,.F.);
#2753=ORIENTED_EDGE('',*,*,#2135,.F.);
#2754=ORIENTED_EDGE('',*,*,#2136,.F.);
#2755=ORIENTED_EDGE('',*,*,#2137,.F.);
#2756=ORIENTED_EDGE('',*,*,#2138,.F.);
#2757=ORIENTED_EDGE('',*,*,#2139,.F.);
#2758=ORIENTED_EDGE('',*,*,#2140,.F.);
#2759=ORIENTED_EDGE('',*,*,#2141,.F.);
#2760=ORIENTED_EDGE('',*,*,#2142,.F.);
#2761=ORIENTED_EDGE('',*,*,#2143,.F.);
#2762=ORIENTED_EDGE('',*,*,#2144,.F.);
#2763=ORIENTED_EDGE('',*,*,#2145,.F.);
#2764=ORIENTED_EDGE('',*,*,#2146,.F.);
#2765=ORIENTED_EDGE('',*,*,#2147,.T.);
#2766=ORIENTED_EDGE('',*,*,#2148,.F.);
#2767=ORIENTED_EDGE('',*,*,#2149,.F.);
#2768=ORIENTED_EDGE('',*,*,#2150,.F.);
#2769=ORIENTED_EDGE('',*,*,#2151,.F.);
#2770=ORIENTED_EDGE('',*,*,#2152,.F.);
#2771=ORIENTED_EDGE('',*,*,#2153,.F.);
#2772=ORIENTED_EDGE('',*,*,#2154,.F.);
#2773=ORIENTED_EDGE('',*,*,#2155,.F.);
#2774=ORIENTED_EDGE('',*,*,#2156,.F.);
#2775=ORIENTED_EDGE('',*,*,#2157,.F.);
#2776=ORIENTED_EDGE('',*,*,#2158,.F.);
#2777=ORIENTED_EDGE('',*,*,#2159,.F.);
#2778=ORIENTED_EDGE('',*,*,#2108,.F.);
#2779=ORIENTED_EDGE('',*,*,#2112,.F.);
#2780=ORIENTED_EDGE('',*,*,#2114,.F.);
#2781=ORIENTED_EDGE('',*,*,#2118,.F.);
#2782=ORIENTED_EDGE('',*,*,#2120,.F.);
#2783=ORIENTED_EDGE('',*,*,#2123,.F.);
#2784=ORIENTED_EDGE('',*,*,#2125,.F.);
#2785=ORIENTED_EDGE('',*,*,#2126,.F.);
#2786=ORIENTED_EDGE('',*,*,#2013,.F.);
#2787=ORIENTED_EDGE('',*,*,#2024,.F.);
#2788=ORIENTED_EDGE('',*,*,#2121,.F.);
#2789=ORIENTED_EDGE('',*,*,#2127,.F.);
#2790=ORIENTED_EDGE('',*,*,#2160,.T.);
#2791=ORIENTED_EDGE('',*,*,#2130,.T.);
#2792=ORIENTED_EDGE('',*,*,#2161,.T.);
#2793=ORIENTED_EDGE('',*,*,#2162,.T.);
#2794=ORIENTED_EDGE('',*,*,#2163,.T.);
#2795=ORIENTED_EDGE('',*,*,#2164,.T.);
#2796=ORIENTED_EDGE('',*,*,#2161,.F.);
#2797=ORIENTED_EDGE('',*,*,#2159,.T.);
#2798=ORIENTED_EDGE('',*,*,#2163,.F.);
#2799=ORIENTED_EDGE('',*,*,#2158,.T.);
#2800=ORIENTED_EDGE('',*,*,#2165,.T.);
#2801=ORIENTED_EDGE('',*,*,#2166,.T.);
#2802=ORIENTED_EDGE('',*,*,#2167,.T.);
#2803=ORIENTED_EDGE('',*,*,#2168,.T.);
#2804=ORIENTED_EDGE('',*,*,#2165,.F.);
#2805=ORIENTED_EDGE('',*,*,#2157,.T.);
#2806=ORIENTED_EDGE('',*,*,#2169,.T.);
#2807=ORIENTED_EDGE('',*,*,#2170,.T.);
#2808=ORIENTED_EDGE('',*,*,#2167,.F.);
#2809=ORIENTED_EDGE('',*,*,#2156,.T.);
#2810=ORIENTED_EDGE('',*,*,#2171,.T.);
#2811=ORIENTED_EDGE('',*,*,#2172,.T.);
#2812=ORIENTED_EDGE('',*,*,#2169,.F.);
#2813=ORIENTED_EDGE('',*,*,#2155,.T.);
#2814=ORIENTED_EDGE('',*,*,#2171,.F.);
#2815=ORIENTED_EDGE('',*,*,#2154,.T.);
#2816=ORIENTED_EDGE('',*,*,#2173,.T.);
#2817=ORIENTED_EDGE('',*,*,#2174,.T.);
#2818=ORIENTED_EDGE('',*,*,#2175,.T.);
#2819=ORIENTED_EDGE('',*,*,#2176,.T.);
#2820=ORIENTED_EDGE('',*,*,#2173,.F.);
#2821=ORIENTED_EDGE('',*,*,#2153,.T.);
#2822=ORIENTED_EDGE('',*,*,#2177,.T.);
#2823=ORIENTED_EDGE('',*,*,#2178,.T.);
#2824=ORIENTED_EDGE('',*,*,#2175,.F.);
#2825=ORIENTED_EDGE('',*,*,#2152,.T.);
#2826=ORIENTED_EDGE('',*,*,#2179,.T.);
#2827=ORIENTED_EDGE('',*,*,#2180,.T.);
#2828=ORIENTED_EDGE('',*,*,#2177,.F.);
#2829=ORIENTED_EDGE('',*,*,#2151,.T.);
#2830=ORIENTED_EDGE('',*,*,#2179,.F.);
#2831=ORIENTED_EDGE('',*,*,#2150,.T.);
#2832=ORIENTED_EDGE('',*,*,#2181,.T.);
#2833=ORIENTED_EDGE('',*,*,#2182,.T.);
#2834=ORIENTED_EDGE('',*,*,#2183,.T.);
#2835=ORIENTED_EDGE('',*,*,#2184,.T.);
#2836=ORIENTED_EDGE('',*,*,#2181,.F.);
#2837=ORIENTED_EDGE('',*,*,#2149,.T.);
#2838=ORIENTED_EDGE('',*,*,#2185,.T.);
#2839=ORIENTED_EDGE('',*,*,#2186,.T.);
#2840=ORIENTED_EDGE('',*,*,#2183,.F.);
#2841=ORIENTED_EDGE('',*,*,#2148,.T.);
#2842=ORIENTED_EDGE('',*,*,#2162,.F.);
#2843=ORIENTED_EDGE('',*,*,#2187,.F.);
#2844=ORIENTED_EDGE('',*,*,#2188,.F.);
#2845=ORIENTED_EDGE('',*,*,#2189,.T.);
#2846=ORIENTED_EDGE('',*,*,#2164,.F.);
#2847=ORIENTED_EDGE('',*,*,#2190,.T.);
#2848=ORIENTED_EDGE('',*,*,#2191,.F.);
#2849=ORIENTED_EDGE('',*,*,#2187,.T.);
#2850=ORIENTED_EDGE('',*,*,#2166,.F.);
#2851=ORIENTED_EDGE('',*,*,#2192,.F.);
#2852=ORIENTED_EDGE('',*,*,#2193,.F.);
#2853=ORIENTED_EDGE('',*,*,#2190,.F.);
#2854=ORIENTED_EDGE('',*,*,#2168,.F.);
#2855=ORIENTED_EDGE('',*,*,#2194,.T.);
#2856=ORIENTED_EDGE('',*,*,#2195,.F.);
#2857=ORIENTED_EDGE('',*,*,#2192,.T.);
#2858=ORIENTED_EDGE('',*,*,#2170,.F.);
#2859=ORIENTED_EDGE('',*,*,#2196,.F.);
#2860=ORIENTED_EDGE('',*,*,#2197,.F.);
#2861=ORIENTED_EDGE('',*,*,#2194,.F.);
#2862=ORIENTED_EDGE('',*,*,#2172,.F.);
#2863=ORIENTED_EDGE('',*,*,#2198,.T.);
#2864=ORIENTED_EDGE('',*,*,#2199,.F.);
#2865=ORIENTED_EDGE('',*,*,#2196,.T.);
#2866=ORIENTED_EDGE('',*,*,#2174,.F.);
#2867=ORIENTED_EDGE('',*,*,#2200,.F.);
#2868=ORIENTED_EDGE('',*,*,#2201,.F.);
#2869=ORIENTED_EDGE('',*,*,#2198,.F.);
#2870=ORIENTED_EDGE('',*,*,#2176,.F.);
#2871=ORIENTED_EDGE('',*,*,#2202,.T.);
#2872=ORIENTED_EDGE('',*,*,#2203,.F.);
#2873=ORIENTED_EDGE('',*,*,#2200,.T.);
#2874=ORIENTED_EDGE('',*,*,#2178,.F.);
#2875=ORIENTED_EDGE('',*,*,#2204,.F.);
#2876=ORIENTED_EDGE('',*,*,#2205,.F.);
#2877=ORIENTED_EDGE('',*,*,#2202,.F.);
#2878=ORIENTED_EDGE('',*,*,#2180,.F.);
#2879=ORIENTED_EDGE('',*,*,#2206,.T.);
#2880=ORIENTED_EDGE('',*,*,#2207,.F.);
#2881=ORIENTED_EDGE('',*,*,#2204,.T.);
#2882=ORIENTED_EDGE('',*,*,#2182,.F.);
#2883=ORIENTED_EDGE('',*,*,#2208,.F.);
#2884=ORIENTED_EDGE('',*,*,#2209,.F.);
#2885=ORIENTED_EDGE('',*,*,#2206,.F.);
#2886=ORIENTED_EDGE('',*,*,#2184,.F.);
#2887=ORIENTED_EDGE('',*,*,#2210,.T.);
#2888=ORIENTED_EDGE('',*,*,#2211,.F.);
#2889=ORIENTED_EDGE('',*,*,#2208,.T.);
#2890=ORIENTED_EDGE('',*,*,#2186,.F.);
#2891=ORIENTED_EDGE('',*,*,#2212,.T.);
#2892=ORIENTED_EDGE('',*,*,#2213,.F.);
#2893=ORIENTED_EDGE('',*,*,#2210,.F.);
#2894=ORIENTED_EDGE('',*,*,#2185,.F.);
#2895=ORIENTED_EDGE('',*,*,#2147,.F.);
#2896=ORIENTED_EDGE('',*,*,#2214,.F.);
#2897=ORIENTED_EDGE('',*,*,#2215,.F.);
#2898=ORIENTED_EDGE('',*,*,#2216,.F.);
#2899=ORIENTED_EDGE('',*,*,#2062,.T.);
#2900=ORIENTED_EDGE('',*,*,#2217,.T.);
#2901=ORIENTED_EDGE('',*,*,#2212,.F.);
#2902=ORIENTED_EDGE('',*,*,#2218,.T.);
#2903=ORIENTED_EDGE('',*,*,#2219,.T.);
#2904=ORIENTED_EDGE('',*,*,#2064,.T.);
#2905=ORIENTED_EDGE('',*,*,#2220,.T.);
#2906=ORIENTED_EDGE('',*,*,#2063,.T.);
#2907=ORIENTED_EDGE('',*,*,#2216,.T.);
#2908=ORIENTED_EDGE('',*,*,#2221,.T.);
#2909=ORIENTED_EDGE('',*,*,#2220,.F.);
#2910=ORIENTED_EDGE('',*,*,#2219,.F.);
#2911=ORIENTED_EDGE('',*,*,#2222,.T.);
#2912=ORIENTED_EDGE('',*,*,#2223,.T.);
#2913=ORIENTED_EDGE('',*,*,#2065,.T.);
#2914=ORIENTED_EDGE('',*,*,#2224,.T.);
#2915=ORIENTED_EDGE('',*,*,#2066,.T.);
#2916=ORIENTED_EDGE('',*,*,#2223,.F.);
#2917=ORIENTED_EDGE('',*,*,#2225,.T.);
#2918=ORIENTED_EDGE('',*,*,#2226,.F.);
#2919=ORIENTED_EDGE('',*,*,#2031,.T.);
#2920=ORIENTED_EDGE('',*,*,#2224,.F.);
#2921=ORIENTED_EDGE('',*,*,#2227,.T.);
#2922=ORIENTED_EDGE('',*,*,#2225,.F.);
#2923=ORIENTED_EDGE('',*,*,#2228,.F.);
#2924=ORIENTED_EDGE('',*,*,#2229,.F.);
#2925=ORIENTED_EDGE('',*,*,#2230,.F.);
#2926=ORIENTED_EDGE('',*,*,#2222,.F.);
#2927=ORIENTED_EDGE('',*,*,#2231,.T.);
#2928=ORIENTED_EDGE('',*,*,#2232,.F.);
#2929=ORIENTED_EDGE('',*,*,#2228,.T.);
#2930=ORIENTED_EDGE('',*,*,#2218,.F.);
#2931=ORIENTED_EDGE('',*,*,#2233,.F.);
#2932=ORIENTED_EDGE('',*,*,#2234,.F.);
#2933=ORIENTED_EDGE('',*,*,#2231,.F.);
#2934=ORIENTED_EDGE('',*,*,#2221,.F.);
#2935=ORIENTED_EDGE('',*,*,#2215,.T.);
#2936=ORIENTED_EDGE('',*,*,#2235,.F.);
#2937=ORIENTED_EDGE('',*,*,#2233,.T.);
#2938=ORIENTED_EDGE('',*,*,#2217,.F.);
#2939=ORIENTED_EDGE('',*,*,#2061,.T.);
#2940=ORIENTED_EDGE('',*,*,#2236,.F.);
#2941=ORIENTED_EDGE('',*,*,#2213,.T.);
#2942=ORIENTED_EDGE('',*,*,#2235,.T.);
#2943=ORIENTED_EDGE('',*,*,#2214,.T.);
#2944=ORIENTED_EDGE('',*,*,#2146,.T.);
#2945=ORIENTED_EDGE('',*,*,#2237,.T.);
#2946=ORIENTED_EDGE('',*,*,#2238,.T.);
#2947=ORIENTED_EDGE('',*,*,#2239,.T.);
#2948=ORIENTED_EDGE('',*,*,#2133,.T.);
#2949=ORIENTED_EDGE('',*,*,#2240,.T.);
#2950=ORIENTED_EDGE('',*,*,#2239,.F.);
#2951=ORIENTED_EDGE('',*,*,#2241,.T.);
#2952=ORIENTED_EDGE('',*,*,#2242,.T.);
#2953=ORIENTED_EDGE('',*,*,#2134,.T.);
#2954=ORIENTED_EDGE('',*,*,#2243,.T.);
#2955=ORIENTED_EDGE('',*,*,#2135,.T.);
#2956=ORIENTED_EDGE('',*,*,#2242,.F.);
#2957=ORIENTED_EDGE('',*,*,#2244,.T.);
#2958=ORIENTED_EDGE('',*,*,#2243,.F.);
#2959=ORIENTED_EDGE('',*,*,#2245,.T.);
#2960=ORIENTED_EDGE('',*,*,#2246,.T.);
#2961=ORIENTED_EDGE('',*,*,#2136,.T.);
#2962=ORIENTED_EDGE('',*,*,#2246,.F.);
#2963=ORIENTED_EDGE('',*,*,#2247,.T.);
#2964=ORIENTED_EDGE('',*,*,#2248,.T.);
#2965=ORIENTED_EDGE('',*,*,#2137,.T.);
#2966=ORIENTED_EDGE('',*,*,#2248,.F.);
#2967=ORIENTED_EDGE('',*,*,#2249,.T.);
#2968=ORIENTED_EDGE('',*,*,#2250,.T.);
#2969=ORIENTED_EDGE('',*,*,#2138,.T.);
#2970=ORIENTED_EDGE('',*,*,#2251,.T.);
#2971=ORIENTED_EDGE('',*,*,#2139,.T.);
#2972=ORIENTED_EDGE('',*,*,#2250,.F.);
#2973=ORIENTED_EDGE('',*,*,#2252,.T.);
#2974=ORIENTED_EDGE('',*,*,#2251,.F.);
#2975=ORIENTED_EDGE('',*,*,#2253,.T.);
#2976=ORIENTED_EDGE('',*,*,#2254,.T.);
#2977=ORIENTED_EDGE('',*,*,#2140,.T.);
#2978=ORIENTED_EDGE('',*,*,#2254,.F.);
#2979=ORIENTED_EDGE('',*,*,#2255,.T.);
#2980=ORIENTED_EDGE('',*,*,#2256,.T.);
#2981=ORIENTED_EDGE('',*,*,#2141,.T.);
#2982=ORIENTED_EDGE('',*,*,#2256,.F.);
#2983=ORIENTED_EDGE('',*,*,#2257,.T.);
#2984=ORIENTED_EDGE('',*,*,#2258,.T.);
#2985=ORIENTED_EDGE('',*,*,#2142,.T.);
#2986=ORIENTED_EDGE('',*,*,#2259,.T.);
#2987=ORIENTED_EDGE('',*,*,#2143,.T.);
#2988=ORIENTED_EDGE('',*,*,#2258,.F.);
#2989=ORIENTED_EDGE('',*,*,#2229,.T.);
#2990=ORIENTED_EDGE('',*,*,#2259,.F.);
#2991=ORIENTED_EDGE('',*,*,#2232,.T.);
#2992=ORIENTED_EDGE('',*,*,#2260,.T.);
#2993=ORIENTED_EDGE('',*,*,#2144,.T.);
#2994=ORIENTED_EDGE('',*,*,#2145,.T.);
#2995=ORIENTED_EDGE('',*,*,#2260,.F.);
#2996=ORIENTED_EDGE('',*,*,#2234,.T.);
#2997=ORIENTED_EDGE('',*,*,#2237,.F.);
#2998=ORIENTED_EDGE('',*,*,#2132,.T.);
#2999=ORIENTED_EDGE('',*,*,#2261,.T.);
#3000=ORIENTED_EDGE('',*,*,#2262,.T.);
#3001=ORIENTED_EDGE('',*,*,#2240,.F.);
#3002=ORIENTED_EDGE('',*,*,#2227,.F.);
#3003=ORIENTED_EDGE('',*,*,#2230,.T.);
#3004=ORIENTED_EDGE('',*,*,#2257,.F.);
#3005=ORIENTED_EDGE('',*,*,#2263,.T.);
#3006=ORIENTED_EDGE('',*,*,#2255,.F.);
#3007=ORIENTED_EDGE('',*,*,#2264,.F.);
#3008=ORIENTED_EDGE('',*,*,#2265,.F.);
#3009=ORIENTED_EDGE('',*,*,#2263,.F.);
#3010=ORIENTED_EDGE('',*,*,#2253,.F.);
#3011=ORIENTED_EDGE('',*,*,#2266,.T.);
#3012=ORIENTED_EDGE('',*,*,#2267,.F.);
#3013=ORIENTED_EDGE('',*,*,#2264,.T.);
#3014=ORIENTED_EDGE('',*,*,#2252,.F.);
#3015=ORIENTED_EDGE('',*,*,#2268,.F.);
#3016=ORIENTED_EDGE('',*,*,#2269,.F.);
#3017=ORIENTED_EDGE('',*,*,#2270,.F.);
#3018=ORIENTED_EDGE('',*,*,#2271,.F.);
#3019=ORIENTED_EDGE('',*,*,#2272,.F.);
#3020=ORIENTED_EDGE('',*,*,#2273,.F.);
#3021=ORIENTED_EDGE('',*,*,#2274,.F.);
#3022=ORIENTED_EDGE('',*,*,#2275,.F.);
#3023=ORIENTED_EDGE('',*,*,#2266,.F.);
#3024=ORIENTED_EDGE('',*,*,#2249,.F.);
#3025=ORIENTED_EDGE('',*,*,#2276,.T.);
#3026=ORIENTED_EDGE('',*,*,#2277,.F.);
#3027=ORIENTED_EDGE('',*,*,#2268,.T.);
#3028=ORIENTED_EDGE('',*,*,#2247,.F.);
#3029=ORIENTED_EDGE('',*,*,#2278,.F.);
#3030=ORIENTED_EDGE('',*,*,#2279,.F.);
#3031=ORIENTED_EDGE('',*,*,#2276,.F.);
#3032=ORIENTED_EDGE('',*,*,#2245,.F.);
#3033=ORIENTED_EDGE('',*,*,#2280,.T.);
#3034=ORIENTED_EDGE('',*,*,#2281,.F.);
#3035=ORIENTED_EDGE('',*,*,#2278,.T.);
#3036=ORIENTED_EDGE('',*,*,#2244,.F.);
#3037=ORIENTED_EDGE('',*,*,#2282,.F.);
#3038=ORIENTED_EDGE('',*,*,#2283,.F.);
#3039=ORIENTED_EDGE('',*,*,#2280,.F.);
#3040=ORIENTED_EDGE('',*,*,#2241,.F.);
#3041=ORIENTED_EDGE('',*,*,#2284,.T.);
#3042=ORIENTED_EDGE('',*,*,#2285,.F.);
#3043=ORIENTED_EDGE('',*,*,#2282,.T.);
#3044=ORIENTED_EDGE('',*,*,#2238,.F.);
#3045=ORIENTED_EDGE('',*,*,#2286,.F.);
#3046=ORIENTED_EDGE('',*,*,#2287,.F.);
#3047=ORIENTED_EDGE('',*,*,#2284,.F.);
#3048=ORIENTED_EDGE('',*,*,#2262,.F.);
#3049=ORIENTED_EDGE('',*,*,#2288,.T.);
#3050=ORIENTED_EDGE('',*,*,#2289,.F.);
#3051=ORIENTED_EDGE('',*,*,#2286,.T.);
#3052=ORIENTED_EDGE('',*,*,#2289,.T.);
#3053=ORIENTED_EDGE('',*,*,#2290,.F.);
#3054=ORIENTED_EDGE('',*,*,#2047,.T.);
#3055=ORIENTED_EDGE('',*,*,#2291,.T.);
#3056=ORIENTED_EDGE('',*,*,#2292,.T.);
#3057=ORIENTED_EDGE('',*,*,#2281,.T.);
#3058=ORIENTED_EDGE('',*,*,#2293,.T.);
#3059=ORIENTED_EDGE('',*,*,#2043,.T.);
#3060=ORIENTED_EDGE('',*,*,#2294,.T.);
#3061=ORIENTED_EDGE('',*,*,#2044,.T.);
#3062=ORIENTED_EDGE('',*,*,#2293,.F.);
#3063=ORIENTED_EDGE('',*,*,#2283,.T.);
#3064=ORIENTED_EDGE('',*,*,#2294,.F.);
#3065=ORIENTED_EDGE('',*,*,#2285,.T.);
#3066=ORIENTED_EDGE('',*,*,#2295,.T.);
#3067=ORIENTED_EDGE('',*,*,#2045,.T.);
#3068=ORIENTED_EDGE('',*,*,#2046,.T.);
#3069=ORIENTED_EDGE('',*,*,#2295,.F.);
#3070=ORIENTED_EDGE('',*,*,#2287,.T.);
#3071=ORIENTED_EDGE('',*,*,#2291,.F.);
#3072=ORIENTED_EDGE('',*,*,#2296,.T.);
#3073=ORIENTED_EDGE('',*,*,#2188,.T.);
#3074=ORIENTED_EDGE('',*,*,#2297,.T.);
#3075=ORIENTED_EDGE('',*,*,#2049,.T.);
#3076=ORIENTED_EDGE('',*,*,#2226,.T.);
#3077=ORIENTED_EDGE('',*,*,#2265,.T.);
#3078=ORIENTED_EDGE('',*,*,#2298,.T.);
#3079=ORIENTED_EDGE('',*,*,#2032,.T.);
#3080=ORIENTED_EDGE('',*,*,#2292,.F.);
#3081=ORIENTED_EDGE('',*,*,#2042,.T.);
#3082=ORIENTED_EDGE('',*,*,#2299,.F.);
#3083=ORIENTED_EDGE('',*,*,#2279,.T.);
#3084=ORIENTED_EDGE('',*,*,#2036,.T.);
#3085=ORIENTED_EDGE('',*,*,#2300,.T.);
#3086=ORIENTED_EDGE('',*,*,#2301,.F.);
#3087=ORIENTED_EDGE('',*,*,#2302,.T.);
#3088=ORIENTED_EDGE('',*,*,#2038,.T.);
#3089=ORIENTED_EDGE('',*,*,#2303,.T.);
#3090=ORIENTED_EDGE('',*,*,#2304,.F.);
#3091=ORIENTED_EDGE('',*,*,#2305,.T.);
#3092=ORIENTED_EDGE('',*,*,#2306,.T.);
#3093=ORIENTED_EDGE('',*,*,#2307,.T.);
#3094=ORIENTED_EDGE('',*,*,#2308,.T.);
#3095=ORIENTED_EDGE('',*,*,#2309,.T.);
#3096=ORIENTED_EDGE('',*,*,#2304,.T.);
#3097=ORIENTED_EDGE('',*,*,#2310,.T.);
#3098=ORIENTED_EDGE('',*,*,#2311,.T.);
#3099=ORIENTED_EDGE('',*,*,#2312,.T.);
#3100=ORIENTED_EDGE('',*,*,#2313,.T.);
#3101=ORIENTED_EDGE('',*,*,#2311,.F.);
#3102=ORIENTED_EDGE('',*,*,#2314,.T.);
#3103=ORIENTED_EDGE('',*,*,#2307,.F.);
#3104=ORIENTED_EDGE('',*,*,#2315,.T.);
#3105=ORIENTED_EDGE('',*,*,#2316,.T.);
#3106=ORIENTED_EDGE('',*,*,#2317,.T.);
#3107=ORIENTED_EDGE('',*,*,#2309,.F.);
#3108=ORIENTED_EDGE('',*,*,#2301,.T.);
#3109=ORIENTED_EDGE('',*,*,#2318,.T.);
#3110=ORIENTED_EDGE('',*,*,#2316,.F.);
#3111=ORIENTED_EDGE('',*,*,#2319,.T.);
#3112=ORIENTED_EDGE('',*,*,#2310,.F.);
#3113=ORIENTED_EDGE('',*,*,#2303,.F.);
#3114=ORIENTED_EDGE('',*,*,#2037,.T.);
#3115=ORIENTED_EDGE('',*,*,#2302,.F.);
#3116=ORIENTED_EDGE('',*,*,#2319,.F.);
#3117=ORIENTED_EDGE('',*,*,#2320,.T.);
#3118=ORIENTED_EDGE('',*,*,#2305,.F.);
#3119=ORIENTED_EDGE('',*,*,#2312,.F.);
#3120=ORIENTED_EDGE('',*,*,#2321,.T.);
#3121=ORIENTED_EDGE('',*,*,#2322,.F.);
#3122=ORIENTED_EDGE('',*,*,#2039,.T.);
#3123=ORIENTED_EDGE('',*,*,#2313,.F.);
#3124=ORIENTED_EDGE('',*,*,#2323,.T.);
#3125=ORIENTED_EDGE('',*,*,#2324,.F.);
#3126=ORIENTED_EDGE('',*,*,#2321,.F.);
#3127=ORIENTED_EDGE('',*,*,#2306,.F.);
#3128=ORIENTED_EDGE('',*,*,#2325,.F.);
#3129=ORIENTED_EDGE('',*,*,#2326,.F.);
#3130=ORIENTED_EDGE('',*,*,#2323,.F.);
#3131=ORIENTED_EDGE('',*,*,#2272,.T.);
#3132=ORIENTED_EDGE('',*,*,#2327,.T.);
#3133=ORIENTED_EDGE('',*,*,#2326,.T.);
#3134=ORIENTED_EDGE('',*,*,#2328,.T.);
#3135=ORIENTED_EDGE('',*,*,#2271,.T.);
#3136=ORIENTED_EDGE('',*,*,#2329,.T.);
#3137=ORIENTED_EDGE('',*,*,#2324,.T.);
#3138=ORIENTED_EDGE('',*,*,#2327,.F.);
#3139=ORIENTED_EDGE('',*,*,#2330,.T.);
#3140=ORIENTED_EDGE('',*,*,#2322,.T.);
#3141=ORIENTED_EDGE('',*,*,#2329,.F.);
#3142=ORIENTED_EDGE('',*,*,#2270,.T.);
#3143=ORIENTED_EDGE('',*,*,#2330,.F.);
#3144=ORIENTED_EDGE('',*,*,#2269,.T.);
#3145=ORIENTED_EDGE('',*,*,#2331,.T.);
#3146=ORIENTED_EDGE('',*,*,#2040,.T.);
#3147=ORIENTED_EDGE('',*,*,#2331,.F.);
#3148=ORIENTED_EDGE('',*,*,#2277,.T.);
#3149=ORIENTED_EDGE('',*,*,#2299,.T.);
#3150=ORIENTED_EDGE('',*,*,#2041,.T.);
#3151=ORIENTED_EDGE('',*,*,#2297,.F.);
#3152=ORIENTED_EDGE('',*,*,#2191,.T.);
#3153=ORIENTED_EDGE('',*,*,#2332,.T.);
#3154=ORIENTED_EDGE('',*,*,#2050,.T.);
#3155=ORIENTED_EDGE('',*,*,#2333,.T.);
#3156=ORIENTED_EDGE('',*,*,#2051,.T.);
#3157=ORIENTED_EDGE('',*,*,#2332,.F.);
#3158=ORIENTED_EDGE('',*,*,#2193,.T.);
#3159=ORIENTED_EDGE('',*,*,#2333,.F.);
#3160=ORIENTED_EDGE('',*,*,#2195,.T.);
#3161=ORIENTED_EDGE('',*,*,#2334,.T.);
#3162=ORIENTED_EDGE('',*,*,#2052,.T.);
#3163=ORIENTED_EDGE('',*,*,#2334,.F.);
#3164=ORIENTED_EDGE('',*,*,#2197,.T.);
#3165=ORIENTED_EDGE('',*,*,#2335,.T.);
#3166=ORIENTED_EDGE('',*,*,#2053,.T.);
#3167=ORIENTED_EDGE('',*,*,#2335,.F.);
#3168=ORIENTED_EDGE('',*,*,#2199,.T.);
#3169=ORIENTED_EDGE('',*,*,#2336,.T.);
#3170=ORIENTED_EDGE('',*,*,#2054,.T.);
#3171=ORIENTED_EDGE('',*,*,#2337,.T.);
#3172=ORIENTED_EDGE('',*,*,#2055,.T.);
#3173=ORIENTED_EDGE('',*,*,#2336,.F.);
#3174=ORIENTED_EDGE('',*,*,#2201,.T.);
#3175=ORIENTED_EDGE('',*,*,#2337,.F.);
#3176=ORIENTED_EDGE('',*,*,#2203,.T.);
#3177=ORIENTED_EDGE('',*,*,#2338,.T.);
#3178=ORIENTED_EDGE('',*,*,#2056,.T.);
#3179=ORIENTED_EDGE('',*,*,#2338,.F.);
#3180=ORIENTED_EDGE('',*,*,#2205,.T.);
#3181=ORIENTED_EDGE('',*,*,#2339,.T.);
#3182=ORIENTED_EDGE('',*,*,#2057,.T.);
#3183=ORIENTED_EDGE('',*,*,#2339,.F.);
#3184=ORIENTED_EDGE('',*,*,#2207,.T.);
#3185=ORIENTED_EDGE('',*,*,#2340,.T.);
#3186=ORIENTED_EDGE('',*,*,#2058,.T.);
#3187=ORIENTED_EDGE('',*,*,#2341,.T.);
#3188=ORIENTED_EDGE('',*,*,#2059,.T.);
#3189=ORIENTED_EDGE('',*,*,#2340,.F.);
#3190=ORIENTED_EDGE('',*,*,#2209,.T.);
#3191=ORIENTED_EDGE('',*,*,#2341,.F.);
#3192=ORIENTED_EDGE('',*,*,#2211,.T.);
#3193=ORIENTED_EDGE('',*,*,#2236,.T.);
#3194=ORIENTED_EDGE('',*,*,#2060,.T.);
#3195=ORIENTED_EDGE('',*,*,#2298,.F.);
#3196=ORIENTED_EDGE('',*,*,#2267,.T.);
#3197=ORIENTED_EDGE('',*,*,#2342,.T.);
#3198=ORIENTED_EDGE('',*,*,#2033,.T.);
#3199=ORIENTED_EDGE('',*,*,#2342,.F.);
#3200=ORIENTED_EDGE('',*,*,#2275,.T.);
#3201=ORIENTED_EDGE('',*,*,#2343,.T.);
#3202=ORIENTED_EDGE('',*,*,#2034,.T.);
#3203=ORIENTED_EDGE('',*,*,#2344,.T.);
#3204=ORIENTED_EDGE('',*,*,#2345,.T.);
#3205=ORIENTED_EDGE('',*,*,#2343,.F.);
#3206=ORIENTED_EDGE('',*,*,#2274,.T.);
#3207=ORIENTED_EDGE('',*,*,#2346,.T.);
#3208=ORIENTED_EDGE('',*,*,#2344,.F.);
#3209=ORIENTED_EDGE('',*,*,#2273,.T.);
#3210=ORIENTED_EDGE('',*,*,#2328,.F.);
#3211=ORIENTED_EDGE('',*,*,#2160,.F.);
#3212=ORIENTED_EDGE('',*,*,#2189,.F.);
#3213=ORIENTED_EDGE('',*,*,#2296,.F.);
#3214=ORIENTED_EDGE('',*,*,#2048,.T.);
#3215=ORIENTED_EDGE('',*,*,#2290,.T.);
#3216=ORIENTED_EDGE('',*,*,#2288,.F.);
#3217=ORIENTED_EDGE('',*,*,#2261,.F.);
#3218=ORIENTED_EDGE('',*,*,#2131,.F.);
#3219=ORIENTED_EDGE('',*,*,#2347,.F.);
#3220=ORIENTED_EDGE('',*,*,#2348,.F.);
#3221=ORIENTED_EDGE('',*,*,#2349,.F.);
#3222=ORIENTED_EDGE('',*,*,#2350,.F.);
#3223=ORIENTED_EDGE('',*,*,#2351,.F.);
#3224=ORIENTED_EDGE('',*,*,#2352,.F.);
#3225=ORIENTED_EDGE('',*,*,#2353,.F.);
#3226=ORIENTED_EDGE('',*,*,#2354,.F.);
#3227=ORIENTED_EDGE('',*,*,#2355,.F.);
#3228=ORIENTED_EDGE('',*,*,#2348,.T.);
#3229=ORIENTED_EDGE('',*,*,#2356,.T.);
#3230=ORIENTED_EDGE('',*,*,#2354,.T.);
#3231=ORIENTED_EDGE('',*,*,#2357,.T.);
#3232=ORIENTED_EDGE('',*,*,#2358,.F.);
#3233=ORIENTED_EDGE('',*,*,#2359,.F.);
#3234=ORIENTED_EDGE('',*,*,#2360,.F.);
#3235=ORIENTED_EDGE('',*,*,#2361,.F.);
#3236=ORIENTED_EDGE('',*,*,#2362,.F.);
#3237=ORIENTED_EDGE('',*,*,#2363,.F.);
#3238=ORIENTED_EDGE('',*,*,#2364,.F.);
#3239=ORIENTED_EDGE('',*,*,#2365,.F.);
#3240=ORIENTED_EDGE('',*,*,#2366,.F.);
#3241=ORIENTED_EDGE('',*,*,#2351,.T.);
#3242=ORIENTED_EDGE('',*,*,#2103,.T.);
#3243=ORIENTED_EDGE('',*,*,#2365,.T.);
#3244=ORIENTED_EDGE('',*,*,#2367,.T.);
#3245=ORIENTED_EDGE('',*,*,#2368,.F.);
#3246=ORIENTED_EDGE('',*,*,#2369,.F.);
#3247=ORIENTED_EDGE('',*,*,#2370,.F.);
#3248=ORIENTED_EDGE('',*,*,#2355,.T.);
#3249=ORIENTED_EDGE('',*,*,#2371,.T.);
#3250=ORIENTED_EDGE('',*,*,#2369,.T.);
#3251=ORIENTED_EDGE('',*,*,#2372,.T.);
#3252=ORIENTED_EDGE('',*,*,#2370,.T.);
#3253=ORIENTED_EDGE('',*,*,#2373,.T.);
#3254=ORIENTED_EDGE('',*,*,#2359,.T.);
#3255=ORIENTED_EDGE('',*,*,#2374,.T.);
#3256=ORIENTED_EDGE('',*,*,#2375,.F.);
#3257=ORIENTED_EDGE('',*,*,#2376,.F.);
#3258=ORIENTED_EDGE('',*,*,#2377,.F.);
#3259=ORIENTED_EDGE('',*,*,#2366,.T.);
#3260=ORIENTED_EDGE('',*,*,#2106,.T.);
#3261=ORIENTED_EDGE('',*,*,#2376,.T.);
#3262=ORIENTED_EDGE('',*,*,#2378,.T.);
#3263=ORIENTED_EDGE('',*,*,#2377,.T.);
#3264=ORIENTED_EDGE('',*,*,#2105,.T.);
#3265=ORIENTED_EDGE('',*,*,#2362,.T.);
#3266=ORIENTED_EDGE('',*,*,#2379,.T.);
#3267=ORIENTED_EDGE('',*,*,#2368,.T.);
#3268=ORIENTED_EDGE('',*,*,#2380,.T.);
#3269=ORIENTED_EDGE('',*,*,#2375,.T.);
#3270=ORIENTED_EDGE('',*,*,#2381,.T.);
#3271=ORIENTED_EDGE('',*,*,#2358,.T.);
#3272=ORIENTED_EDGE('',*,*,#2382,.T.);
#3273=ORIENTED_EDGE('',*,*,#2364,.T.);
#3274=ORIENTED_EDGE('',*,*,#2383,.T.);
#3275=ORIENTED_EDGE('',*,*,#2363,.T.);
#3276=ORIENTED_EDGE('',*,*,#2104,.T.);
#3277=ORIENTED_EDGE('',*,*,#2350,.T.);
#3278=ORIENTED_EDGE('',*,*,#2384,.T.);
#3279=ORIENTED_EDGE('',*,*,#2361,.T.);
#3280=ORIENTED_EDGE('',*,*,#2385,.T.);
#3281=ORIENTED_EDGE('',*,*,#2353,.T.);
#3282=ORIENTED_EDGE('',*,*,#2386,.T.);
#3283=ORIENTED_EDGE('',*,*,#2347,.T.);
#3284=ORIENTED_EDGE('',*,*,#2387,.T.);
#3285=ORIENTED_EDGE('',*,*,#2360,.T.);
#3286=ORIENTED_EDGE('',*,*,#2388,.T.);
#3287=ORIENTED_EDGE('',*,*,#2352,.T.);
#3288=ORIENTED_EDGE('',*,*,#2389,.T.);
#3289=ORIENTED_EDGE('',*,*,#2349,.T.);
#3290=ORIENTED_EDGE('',*,*,#2390,.T.);
#3291=ORIENTED_EDGE('',*,*,#2314,.F.);
#3292=ORIENTED_EDGE('',*,*,#2320,.F.);
#3293=ORIENTED_EDGE('',*,*,#2315,.F.);
#3294=ORIENTED_EDGE('',*,*,#2308,.F.);
#3295=ORIENTED_EDGE('',*,*,#2391,.F.);
#3296=ORIENTED_EDGE('',*,*,#2392,.F.);
#3297=ORIENTED_EDGE('',*,*,#2393,.F.);
#3298=ORIENTED_EDGE('',*,*,#2394,.F.);
#3299=ORIENTED_EDGE('',*,*,#2356,.F.);
#3300=ORIENTED_EDGE('',*,*,#2388,.F.);
#3301=ORIENTED_EDGE('',*,*,#2373,.F.);
#3302=ORIENTED_EDGE('',*,*,#2371,.F.);
#3303=ORIENTED_EDGE('',*,*,#2367,.F.);
#3304=ORIENTED_EDGE('',*,*,#2382,.F.);
#3305=ORIENTED_EDGE('',*,*,#2387,.F.);
#3306=ORIENTED_EDGE('',*,*,#2389,.F.);
#3307=ORIENTED_EDGE('',*,*,#2378,.F.);
#3308=ORIENTED_EDGE('',*,*,#2380,.F.);
#3309=ORIENTED_EDGE('',*,*,#2374,.F.);
#3310=ORIENTED_EDGE('',*,*,#2383,.F.);
#3311=ORIENTED_EDGE('',*,*,#2379,.F.);
#3312=ORIENTED_EDGE('',*,*,#2386,.F.);
#3313=ORIENTED_EDGE('',*,*,#2372,.F.);
#3314=ORIENTED_EDGE('',*,*,#2381,.F.);
#3315=ORIENTED_EDGE('',*,*,#2384,.F.);
#3316=ORIENTED_EDGE('',*,*,#2390,.F.);
#3317=ORIENTED_EDGE('',*,*,#2357,.F.);
#3318=ORIENTED_EDGE('',*,*,#2385,.F.);
#3319=ORIENTED_EDGE('',*,*,#2395,.F.);
#3320=ORIENTED_EDGE('',*,*,#2396,.F.);
#3321=ORIENTED_EDGE('',*,*,#2397,.F.);
#3322=ORIENTED_EDGE('',*,*,#2398,.F.);
#3323=ORIENTED_EDGE('',*,*,#2399,.F.);
#3324=ORIENTED_EDGE('',*,*,#2400,.F.);
#3325=ORIENTED_EDGE('',*,*,#2401,.F.);
#3326=ORIENTED_EDGE('',*,*,#2402,.F.);
#3327=ORIENTED_EDGE('',*,*,#2403,.F.);
#3328=ORIENTED_EDGE('',*,*,#2402,.T.);
#3329=ORIENTED_EDGE('',*,*,#2067,.T.);
#3330=ORIENTED_EDGE('',*,*,#2396,.T.);
#3331=ORIENTED_EDGE('',*,*,#2404,.T.);
#3332=ORIENTED_EDGE('',*,*,#2405,.F.);
#3333=ORIENTED_EDGE('',*,*,#2406,.F.);
#3334=ORIENTED_EDGE('',*,*,#2407,.F.);
#3335=ORIENTED_EDGE('',*,*,#2397,.T.);
#3336=ORIENTED_EDGE('',*,*,#2070,.T.);
#3337=ORIENTED_EDGE('',*,*,#2406,.T.);
#3338=ORIENTED_EDGE('',*,*,#2408,.T.);
#3339=ORIENTED_EDGE('',*,*,#2409,.F.);
#3340=ORIENTED_EDGE('',*,*,#2410,.F.);
#3341=ORIENTED_EDGE('',*,*,#2411,.F.);
#3342=ORIENTED_EDGE('',*,*,#2400,.T.);
#3343=ORIENTED_EDGE('',*,*,#2393,.T.);
#3344=ORIENTED_EDGE('',*,*,#2410,.T.);
#3345=ORIENTED_EDGE('',*,*,#2412,.T.);
#3346=ORIENTED_EDGE('',*,*,#2413,.F.);
#3347=ORIENTED_EDGE('',*,*,#2414,.F.);
#3348=ORIENTED_EDGE('',*,*,#2415,.F.);
#3349=ORIENTED_EDGE('',*,*,#2416,.F.);
#3350=ORIENTED_EDGE('',*,*,#2417,.F.);
#3351=ORIENTED_EDGE('',*,*,#2418,.F.);
#3352=ORIENTED_EDGE('',*,*,#2407,.T.);
#3353=ORIENTED_EDGE('',*,*,#2069,.T.);
#3354=ORIENTED_EDGE('',*,*,#2417,.T.);
#3355=ORIENTED_EDGE('',*,*,#2419,.T.);
#3356=ORIENTED_EDGE('',*,*,#2418,.T.);
#3357=ORIENTED_EDGE('',*,*,#2068,.T.);
#3358=ORIENTED_EDGE('',*,*,#2401,.T.);
#3359=ORIENTED_EDGE('',*,*,#2420,.T.);
#3360=ORIENTED_EDGE('',*,*,#2421,.F.);
#3361=ORIENTED_EDGE('',*,*,#2422,.F.);
#3362=ORIENTED_EDGE('',*,*,#2423,.F.);
#3363=ORIENTED_EDGE('',*,*,#2422,.T.);
#3364=ORIENTED_EDGE('',*,*,#2391,.T.);
#3365=ORIENTED_EDGE('',*,*,#2414,.T.);
#3366=ORIENTED_EDGE('',*,*,#2424,.T.);
#3367=ORIENTED_EDGE('',*,*,#2416,.T.);
#3368=ORIENTED_EDGE('',*,*,#2425,.T.);
#3369=ORIENTED_EDGE('',*,*,#2423,.T.);
#3370=ORIENTED_EDGE('',*,*,#2426,.T.);
#3371=ORIENTED_EDGE('',*,*,#2421,.T.);
#3372=ORIENTED_EDGE('',*,*,#2427,.T.);
#3373=ORIENTED_EDGE('',*,*,#2411,.T.);
#3374=ORIENTED_EDGE('',*,*,#2392,.T.);
#3375=ORIENTED_EDGE('',*,*,#2415,.T.);
#3376=ORIENTED_EDGE('',*,*,#2394,.T.);
#3377=ORIENTED_EDGE('',*,*,#2399,.T.);
#3378=ORIENTED_EDGE('',*,*,#2428,.T.);
#3379=ORIENTED_EDGE('',*,*,#2405,.T.);
#3380=ORIENTED_EDGE('',*,*,#2429,.T.);
#3381=ORIENTED_EDGE('',*,*,#2413,.T.);
#3382=ORIENTED_EDGE('',*,*,#2430,.T.);
#3383=ORIENTED_EDGE('',*,*,#2409,.T.);
#3384=ORIENTED_EDGE('',*,*,#2431,.T.);
#3385=ORIENTED_EDGE('',*,*,#2403,.T.);
#3386=ORIENTED_EDGE('',*,*,#2432,.T.);
#3387=ORIENTED_EDGE('',*,*,#2398,.T.);
#3388=ORIENTED_EDGE('',*,*,#2433,.T.);
#3389=ORIENTED_EDGE('',*,*,#2395,.T.);
#3390=ORIENTED_EDGE('',*,*,#2434,.T.);
#3391=ORIENTED_EDGE('',*,*,#2412,.F.);
#3392=ORIENTED_EDGE('',*,*,#2432,.F.);
#3393=ORIENTED_EDGE('',*,*,#2404,.F.);
#3394=ORIENTED_EDGE('',*,*,#2433,.F.);
#3395=ORIENTED_EDGE('',*,*,#2420,.F.);
#3396=ORIENTED_EDGE('',*,*,#2431,.F.);
#3397=ORIENTED_EDGE('',*,*,#2427,.F.);
#3398=ORIENTED_EDGE('',*,*,#2425,.F.);
#3399=ORIENTED_EDGE('',*,*,#2424,.F.);
#3400=ORIENTED_EDGE('',*,*,#2429,.F.);
#3401=ORIENTED_EDGE('',*,*,#2419,.F.);
#3402=ORIENTED_EDGE('',*,*,#2426,.F.);
#3403=ORIENTED_EDGE('',*,*,#2428,.F.);
#3404=ORIENTED_EDGE('',*,*,#2434,.F.);
#3405=ORIENTED_EDGE('',*,*,#2408,.F.);
#3406=ORIENTED_EDGE('',*,*,#2430,.F.);
#3407=ORIENTED_EDGE('',*,*,#2300,.F.);
#3408=ORIENTED_EDGE('',*,*,#2035,.T.);
#3409=ORIENTED_EDGE('',*,*,#2345,.F.);
#3410=ORIENTED_EDGE('',*,*,#2435,.T.);
#3411=ORIENTED_EDGE('',*,*,#2318,.F.);
#3412=ORIENTED_EDGE('',*,*,#2317,.F.);
#3413=ORIENTED_EDGE('',*,*,#2435,.F.);
#3414=ORIENTED_EDGE('',*,*,#2346,.F.);
#3415=ORIENTED_EDGE('',*,*,#2325,.T.);
#3416=ORIENTED_EDGE('',*,*,#2099,.F.);
#3417=ORIENTED_EDGE('',*,*,#2436,.F.);
#3418=ORIENTED_EDGE('',*,*,#2437,.F.);
#3419=ORIENTED_EDGE('',*,*,#2438,.F.);
#3420=ORIENTED_EDGE('',*,*,#2100,.F.);
#3421=ORIENTED_EDGE('',*,*,#2438,.T.);
#3422=ORIENTED_EDGE('',*,*,#2439,.T.);
#3423=ORIENTED_EDGE('',*,*,#2440,.T.);
#3424=ORIENTED_EDGE('',*,*,#2441,.T.);
#3425=ORIENTED_EDGE('',*,*,#2442,.T.);
#3426=ORIENTED_EDGE('',*,*,#2443,.T.);
#3427=ORIENTED_EDGE('',*,*,#2102,.F.);
#3428=ORIENTED_EDGE('',*,*,#2444,.T.);
#3429=ORIENTED_EDGE('',*,*,#2445,.T.);
#3430=ORIENTED_EDGE('',*,*,#2446,.T.);
#3431=ORIENTED_EDGE('',*,*,#2447,.T.);
#3432=ORIENTED_EDGE('',*,*,#2448,.T.);
#3433=ORIENTED_EDGE('',*,*,#2436,.T.);
#3434=ORIENTED_EDGE('',*,*,#2446,.F.);
#3435=ORIENTED_EDGE('',*,*,#2449,.F.);
#3436=ORIENTED_EDGE('',*,*,#2441,.F.);
#3437=ORIENTED_EDGE('',*,*,#2450,.T.);
#3438=ORIENTED_EDGE('',*,*,#2445,.F.);
#3439=ORIENTED_EDGE('',*,*,#2451,.F.);
#3440=ORIENTED_EDGE('',*,*,#2442,.F.);
#3441=ORIENTED_EDGE('',*,*,#2449,.T.);
#3442=ORIENTED_EDGE('',*,*,#2101,.F.);
#3443=ORIENTED_EDGE('',*,*,#2443,.F.);
#3444=ORIENTED_EDGE('',*,*,#2451,.T.);
#3445=ORIENTED_EDGE('',*,*,#2444,.F.);
#3446=ORIENTED_EDGE('',*,*,#2448,.F.);
#3447=ORIENTED_EDGE('',*,*,#2452,.F.);
#3448=ORIENTED_EDGE('',*,*,#2439,.F.);
#3449=ORIENTED_EDGE('',*,*,#2437,.T.);
#3450=ORIENTED_EDGE('',*,*,#2447,.F.);
#3451=ORIENTED_EDGE('',*,*,#2450,.F.);
#3452=ORIENTED_EDGE('',*,*,#2440,.F.);
#3453=ORIENTED_EDGE('',*,*,#2452,.T.);
#3454=ORIENTED_EDGE('',*,*,#2095,.F.);
#3455=ORIENTED_EDGE('',*,*,#2453,.F.);
#3456=ORIENTED_EDGE('',*,*,#2454,.F.);
#3457=ORIENTED_EDGE('',*,*,#2455,.F.);
#3458=ORIENTED_EDGE('',*,*,#2096,.F.);
#3459=ORIENTED_EDGE('',*,*,#2455,.T.);
#3460=ORIENTED_EDGE('',*,*,#2456,.T.);
#3461=ORIENTED_EDGE('',*,*,#2457,.T.);
#3462=ORIENTED_EDGE('',*,*,#2458,.T.);
#3463=ORIENTED_EDGE('',*,*,#2459,.T.);
#3464=ORIENTED_EDGE('',*,*,#2460,.T.);
#3465=ORIENTED_EDGE('',*,*,#2098,.F.);
#3466=ORIENTED_EDGE('',*,*,#2461,.T.);
#3467=ORIENTED_EDGE('',*,*,#2462,.T.);
#3468=ORIENTED_EDGE('',*,*,#2463,.T.);
#3469=ORIENTED_EDGE('',*,*,#2464,.T.);
#3470=ORIENTED_EDGE('',*,*,#2465,.T.);
#3471=ORIENTED_EDGE('',*,*,#2453,.T.);
#3472=ORIENTED_EDGE('',*,*,#2463,.F.);
#3473=ORIENTED_EDGE('',*,*,#2466,.F.);
#3474=ORIENTED_EDGE('',*,*,#2458,.F.);
#3475=ORIENTED_EDGE('',*,*,#2467,.T.);
#3476=ORIENTED_EDGE('',*,*,#2462,.F.);
#3477=ORIENTED_EDGE('',*,*,#2468,.F.);
#3478=ORIENTED_EDGE('',*,*,#2459,.F.);
#3479=ORIENTED_EDGE('',*,*,#2466,.T.);
#3480=ORIENTED_EDGE('',*,*,#2097,.F.);
#3481=ORIENTED_EDGE('',*,*,#2460,.F.);
#3482=ORIENTED_EDGE('',*,*,#2468,.T.);
#3483=ORIENTED_EDGE('',*,*,#2461,.F.);
#3484=ORIENTED_EDGE('',*,*,#2465,.F.);
#3485=ORIENTED_EDGE('',*,*,#2469,.F.);
#3486=ORIENTED_EDGE('',*,*,#2456,.F.);
#3487=ORIENTED_EDGE('',*,*,#2454,.T.);
#3488=ORIENTED_EDGE('',*,*,#2464,.F.);
#3489=ORIENTED_EDGE('',*,*,#2467,.F.);
#3490=ORIENTED_EDGE('',*,*,#2457,.F.);
#3491=ORIENTED_EDGE('',*,*,#2469,.T.);
#3492=ORIENTED_EDGE('',*,*,#2091,.F.);
#3493=ORIENTED_EDGE('',*,*,#2470,.F.);
#3494=ORIENTED_EDGE('',*,*,#2471,.F.);
#3495=ORIENTED_EDGE('',*,*,#2472,.F.);
#3496=ORIENTED_EDGE('',*,*,#2092,.F.);
#3497=ORIENTED_EDGE('',*,*,#2472,.T.);
#3498=ORIENTED_EDGE('',*,*,#2473,.T.);
#3499=ORIENTED_EDGE('',*,*,#2474,.T.);
#3500=ORIENTED_EDGE('',*,*,#2475,.T.);
#3501=ORIENTED_EDGE('',*,*,#2476,.T.);
#3502=ORIENTED_EDGE('',*,*,#2477,.T.);
#3503=ORIENTED_EDGE('',*,*,#2094,.F.);
#3504=ORIENTED_EDGE('',*,*,#2478,.T.);
#3505=ORIENTED_EDGE('',*,*,#2479,.T.);
#3506=ORIENTED_EDGE('',*,*,#2480,.T.);
#3507=ORIENTED_EDGE('',*,*,#2481,.T.);
#3508=ORIENTED_EDGE('',*,*,#2482,.T.);
#3509=ORIENTED_EDGE('',*,*,#2470,.T.);
#3510=ORIENTED_EDGE('',*,*,#2480,.F.);
#3511=ORIENTED_EDGE('',*,*,#2483,.F.);
#3512=ORIENTED_EDGE('',*,*,#2475,.F.);
#3513=ORIENTED_EDGE('',*,*,#2484,.T.);
#3514=ORIENTED_EDGE('',*,*,#2479,.F.);
#3515=ORIENTED_EDGE('',*,*,#2485,.F.);
#3516=ORIENTED_EDGE('',*,*,#2476,.F.);
#3517=ORIENTED_EDGE('',*,*,#2483,.T.);
#3518=ORIENTED_EDGE('',*,*,#2093,.F.);
#3519=ORIENTED_EDGE('',*,*,#2477,.F.);
#3520=ORIENTED_EDGE('',*,*,#2485,.T.);
#3521=ORIENTED_EDGE('',*,*,#2478,.F.);
#3522=ORIENTED_EDGE('',*,*,#2482,.F.);
#3523=ORIENTED_EDGE('',*,*,#2486,.F.);
#3524=ORIENTED_EDGE('',*,*,#2473,.F.);
#3525=ORIENTED_EDGE('',*,*,#2471,.T.);
#3526=ORIENTED_EDGE('',*,*,#2481,.F.);
#3527=ORIENTED_EDGE('',*,*,#2484,.F.);
#3528=ORIENTED_EDGE('',*,*,#2474,.F.);
#3529=ORIENTED_EDGE('',*,*,#2486,.T.);
#3530=ORIENTED_EDGE('',*,*,#2087,.F.);
#3531=ORIENTED_EDGE('',*,*,#2487,.F.);
#3532=ORIENTED_EDGE('',*,*,#2488,.F.);
#3533=ORIENTED_EDGE('',*,*,#2489,.F.);
#3534=ORIENTED_EDGE('',*,*,#2088,.F.);
#3535=ORIENTED_EDGE('',*,*,#2489,.T.);
#3536=ORIENTED_EDGE('',*,*,#2490,.T.);
#3537=ORIENTED_EDGE('',*,*,#2491,.T.);
#3538=ORIENTED_EDGE('',*,*,#2492,.T.);
#3539=ORIENTED_EDGE('',*,*,#2493,.T.);
#3540=ORIENTED_EDGE('',*,*,#2494,.T.);
#3541=ORIENTED_EDGE('',*,*,#2090,.F.);
#3542=ORIENTED_EDGE('',*,*,#2495,.T.);
#3543=ORIENTED_EDGE('',*,*,#2496,.T.);
#3544=ORIENTED_EDGE('',*,*,#2497,.T.);
#3545=ORIENTED_EDGE('',*,*,#2498,.T.);
#3546=ORIENTED_EDGE('',*,*,#2499,.T.);
#3547=ORIENTED_EDGE('',*,*,#2487,.T.);
#3548=ORIENTED_EDGE('',*,*,#2497,.F.);
#3549=ORIENTED_EDGE('',*,*,#2500,.F.);
#3550=ORIENTED_EDGE('',*,*,#2492,.F.);
#3551=ORIENTED_EDGE('',*,*,#2501,.T.);
#3552=ORIENTED_EDGE('',*,*,#2496,.F.);
#3553=ORIENTED_EDGE('',*,*,#2502,.F.);
#3554=ORIENTED_EDGE('',*,*,#2493,.F.);
#3555=ORIENTED_EDGE('',*,*,#2500,.T.);
#3556=ORIENTED_EDGE('',*,*,#2089,.F.);
#3557=ORIENTED_EDGE('',*,*,#2494,.F.);
#3558=ORIENTED_EDGE('',*,*,#2502,.T.);
#3559=ORIENTED_EDGE('',*,*,#2495,.F.);
#3560=ORIENTED_EDGE('',*,*,#2499,.F.);
#3561=ORIENTED_EDGE('',*,*,#2503,.F.);
#3562=ORIENTED_EDGE('',*,*,#2490,.F.);
#3563=ORIENTED_EDGE('',*,*,#2488,.T.);
#3564=ORIENTED_EDGE('',*,*,#2498,.F.);
#3565=ORIENTED_EDGE('',*,*,#2501,.F.);
#3566=ORIENTED_EDGE('',*,*,#2491,.F.);
#3567=ORIENTED_EDGE('',*,*,#2503,.T.);
#3568=ORIENTED_EDGE('',*,*,#2083,.F.);
#3569=ORIENTED_EDGE('',*,*,#2504,.F.);
#3570=ORIENTED_EDGE('',*,*,#2505,.F.);
#3571=ORIENTED_EDGE('',*,*,#2506,.F.);
#3572=ORIENTED_EDGE('',*,*,#2084,.F.);
#3573=ORIENTED_EDGE('',*,*,#2506,.T.);
#3574=ORIENTED_EDGE('',*,*,#2507,.T.);
#3575=ORIENTED_EDGE('',*,*,#2508,.T.);
#3576=ORIENTED_EDGE('',*,*,#2509,.T.);
#3577=ORIENTED_EDGE('',*,*,#2510,.T.);
#3578=ORIENTED_EDGE('',*,*,#2511,.T.);
#3579=ORIENTED_EDGE('',*,*,#2086,.F.);
#3580=ORIENTED_EDGE('',*,*,#2512,.T.);
#3581=ORIENTED_EDGE('',*,*,#2513,.T.);
#3582=ORIENTED_EDGE('',*,*,#2514,.T.);
#3583=ORIENTED_EDGE('',*,*,#2515,.T.);
#3584=ORIENTED_EDGE('',*,*,#2516,.T.);
#3585=ORIENTED_EDGE('',*,*,#2504,.T.);
#3586=ORIENTED_EDGE('',*,*,#2514,.F.);
#3587=ORIENTED_EDGE('',*,*,#2517,.F.);
#3588=ORIENTED_EDGE('',*,*,#2509,.F.);
#3589=ORIENTED_EDGE('',*,*,#2518,.T.);
#3590=ORIENTED_EDGE('',*,*,#2513,.F.);
#3591=ORIENTED_EDGE('',*,*,#2519,.F.);
#3592=ORIENTED_EDGE('',*,*,#2510,.F.);
#3593=ORIENTED_EDGE('',*,*,#2517,.T.);
#3594=ORIENTED_EDGE('',*,*,#2085,.F.);
#3595=ORIENTED_EDGE('',*,*,#2511,.F.);
#3596=ORIENTED_EDGE('',*,*,#2519,.T.);
#3597=ORIENTED_EDGE('',*,*,#2512,.F.);
#3598=ORIENTED_EDGE('',*,*,#2516,.F.);
#3599=ORIENTED_EDGE('',*,*,#2520,.F.);
#3600=ORIENTED_EDGE('',*,*,#2507,.F.);
#3601=ORIENTED_EDGE('',*,*,#2505,.T.);
#3602=ORIENTED_EDGE('',*,*,#2515,.F.);
#3603=ORIENTED_EDGE('',*,*,#2518,.F.);
#3604=ORIENTED_EDGE('',*,*,#2508,.F.);
#3605=ORIENTED_EDGE('',*,*,#2520,.T.);
#3606=ORIENTED_EDGE('',*,*,#2079,.F.);
#3607=ORIENTED_EDGE('',*,*,#2521,.F.);
#3608=ORIENTED_EDGE('',*,*,#2522,.F.);
#3609=ORIENTED_EDGE('',*,*,#2523,.F.);
#3610=ORIENTED_EDGE('',*,*,#2080,.F.);
#3611=ORIENTED_EDGE('',*,*,#2523,.T.);
#3612=ORIENTED_EDGE('',*,*,#2524,.T.);
#3613=ORIENTED_EDGE('',*,*,#2525,.T.);
#3614=ORIENTED_EDGE('',*,*,#2526,.T.);
#3615=ORIENTED_EDGE('',*,*,#2527,.T.);
#3616=ORIENTED_EDGE('',*,*,#2528,.T.);
#3617=ORIENTED_EDGE('',*,*,#2082,.F.);
#3618=ORIENTED_EDGE('',*,*,#2529,.T.);
#3619=ORIENTED_EDGE('',*,*,#2530,.T.);
#3620=ORIENTED_EDGE('',*,*,#2531,.T.);
#3621=ORIENTED_EDGE('',*,*,#2532,.T.);
#3622=ORIENTED_EDGE('',*,*,#2533,.T.);
#3623=ORIENTED_EDGE('',*,*,#2521,.T.);
#3624=ORIENTED_EDGE('',*,*,#2531,.F.);
#3625=ORIENTED_EDGE('',*,*,#2534,.F.);
#3626=ORIENTED_EDGE('',*,*,#2526,.F.);
#3627=ORIENTED_EDGE('',*,*,#2535,.T.);
#3628=ORIENTED_EDGE('',*,*,#2530,.F.);
#3629=ORIENTED_EDGE('',*,*,#2536,.F.);
#3630=ORIENTED_EDGE('',*,*,#2527,.F.);
#3631=ORIENTED_EDGE('',*,*,#2534,.T.);
#3632=ORIENTED_EDGE('',*,*,#2081,.F.);
#3633=ORIENTED_EDGE('',*,*,#2528,.F.);
#3634=ORIENTED_EDGE('',*,*,#2536,.T.);
#3635=ORIENTED_EDGE('',*,*,#2529,.F.);
#3636=ORIENTED_EDGE('',*,*,#2533,.F.);
#3637=ORIENTED_EDGE('',*,*,#2537,.F.);
#3638=ORIENTED_EDGE('',*,*,#2524,.F.);
#3639=ORIENTED_EDGE('',*,*,#2522,.T.);
#3640=ORIENTED_EDGE('',*,*,#2532,.F.);
#3641=ORIENTED_EDGE('',*,*,#2535,.F.);
#3642=ORIENTED_EDGE('',*,*,#2525,.F.);
#3643=ORIENTED_EDGE('',*,*,#2537,.T.);
#3644=ORIENTED_EDGE('',*,*,#2075,.F.);
#3645=ORIENTED_EDGE('',*,*,#2538,.F.);
#3646=ORIENTED_EDGE('',*,*,#2539,.F.);
#3647=ORIENTED_EDGE('',*,*,#2540,.F.);
#3648=ORIENTED_EDGE('',*,*,#2076,.F.);
#3649=ORIENTED_EDGE('',*,*,#2540,.T.);
#3650=ORIENTED_EDGE('',*,*,#2541,.T.);
#3651=ORIENTED_EDGE('',*,*,#2542,.T.);
#3652=ORIENTED_EDGE('',*,*,#2543,.T.);
#3653=ORIENTED_EDGE('',*,*,#2544,.T.);
#3654=ORIENTED_EDGE('',*,*,#2545,.T.);
#3655=ORIENTED_EDGE('',*,*,#2078,.F.);
#3656=ORIENTED_EDGE('',*,*,#2546,.T.);
#3657=ORIENTED_EDGE('',*,*,#2547,.T.);
#3658=ORIENTED_EDGE('',*,*,#2548,.T.);
#3659=ORIENTED_EDGE('',*,*,#2549,.T.);
#3660=ORIENTED_EDGE('',*,*,#2550,.T.);
#3661=ORIENTED_EDGE('',*,*,#2538,.T.);
#3662=ORIENTED_EDGE('',*,*,#2548,.F.);
#3663=ORIENTED_EDGE('',*,*,#2551,.F.);
#3664=ORIENTED_EDGE('',*,*,#2543,.F.);
#3665=ORIENTED_EDGE('',*,*,#2552,.T.);
#3666=ORIENTED_EDGE('',*,*,#2547,.F.);
#3667=ORIENTED_EDGE('',*,*,#2553,.F.);
#3668=ORIENTED_EDGE('',*,*,#2544,.F.);
#3669=ORIENTED_EDGE('',*,*,#2551,.T.);
#3670=ORIENTED_EDGE('',*,*,#2077,.F.);
#3671=ORIENTED_EDGE('',*,*,#2545,.F.);
#3672=ORIENTED_EDGE('',*,*,#2553,.T.);
#3673=ORIENTED_EDGE('',*,*,#2546,.F.);
#3674=ORIENTED_EDGE('',*,*,#2550,.F.);
#3675=ORIENTED_EDGE('',*,*,#2554,.F.);
#3676=ORIENTED_EDGE('',*,*,#2541,.F.);
#3677=ORIENTED_EDGE('',*,*,#2539,.T.);
#3678=ORIENTED_EDGE('',*,*,#2549,.F.);
#3679=ORIENTED_EDGE('',*,*,#2552,.F.);
#3680=ORIENTED_EDGE('',*,*,#2542,.F.);
#3681=ORIENTED_EDGE('',*,*,#2554,.T.);
#3682=ORIENTED_EDGE('',*,*,#2071,.F.);
#3683=ORIENTED_EDGE('',*,*,#2555,.F.);
#3684=ORIENTED_EDGE('',*,*,#2556,.F.);
#3685=ORIENTED_EDGE('',*,*,#2557,.F.);
#3686=ORIENTED_EDGE('',*,*,#2072,.F.);
#3687=ORIENTED_EDGE('',*,*,#2557,.T.);
#3688=ORIENTED_EDGE('',*,*,#2558,.T.);
#3689=ORIENTED_EDGE('',*,*,#2559,.T.);
#3690=ORIENTED_EDGE('',*,*,#2560,.T.);
#3691=ORIENTED_EDGE('',*,*,#2561,.T.);
#3692=ORIENTED_EDGE('',*,*,#2562,.T.);
#3693=ORIENTED_EDGE('',*,*,#2074,.F.);
#3694=ORIENTED_EDGE('',*,*,#2563,.T.);
#3695=ORIENTED_EDGE('',*,*,#2564,.T.);
#3696=ORIENTED_EDGE('',*,*,#2565,.T.);
#3697=ORIENTED_EDGE('',*,*,#2566,.T.);
#3698=ORIENTED_EDGE('',*,*,#2567,.T.);
#3699=ORIENTED_EDGE('',*,*,#2555,.T.);
#3700=ORIENTED_EDGE('',*,*,#2565,.F.);
#3701=ORIENTED_EDGE('',*,*,#2568,.F.);
#3702=ORIENTED_EDGE('',*,*,#2560,.F.);
#3703=ORIENTED_EDGE('',*,*,#2569,.T.);
#3704=ORIENTED_EDGE('',*,*,#2564,.F.);
#3705=ORIENTED_EDGE('',*,*,#2570,.F.);
#3706=ORIENTED_EDGE('',*,*,#2561,.F.);
#3707=ORIENTED_EDGE('',*,*,#2568,.T.);
#3708=ORIENTED_EDGE('',*,*,#2073,.F.);
#3709=ORIENTED_EDGE('',*,*,#2562,.F.);
#3710=ORIENTED_EDGE('',*,*,#2570,.T.);
#3711=ORIENTED_EDGE('',*,*,#2563,.F.);
#3712=ORIENTED_EDGE('',*,*,#2567,.F.);
#3713=ORIENTED_EDGE('',*,*,#2571,.F.);
#3714=ORIENTED_EDGE('',*,*,#2558,.F.);
#3715=ORIENTED_EDGE('',*,*,#2556,.T.);
#3716=ORIENTED_EDGE('',*,*,#2566,.F.);
#3717=ORIENTED_EDGE('',*,*,#2569,.F.);
#3718=ORIENTED_EDGE('',*,*,#2559,.F.);
#3719=ORIENTED_EDGE('',*,*,#2571,.T.);
#3720=PLANE('',#4174);
#3721=PLANE('',#4178);
#3722=PLANE('',#4182);
#3723=PLANE('',#4186);
#3724=PLANE('',#4192);
#3725=PLANE('',#4195);
#3726=PLANE('',#4196);
#3727=PLANE('',#4209);
#3728=PLANE('',#4213);
#3729=PLANE('',#4217);
#3730=PLANE('',#4220);
#3731=PLANE('',#4224);
#3732=PLANE('',#4226);
#3733=PLANE('',#4239);
#3734=PLANE('',#4240);
#3735=PLANE('',#4243);
#3736=PLANE('',#4246);
#3737=PLANE('',#4249);
#3738=PLANE('',#4252);
#3739=PLANE('',#4255);
#3740=PLANE('',#4258);
#3741=PLANE('',#4259);
#3742=PLANE('',#4262);
#3743=PLANE('',#4265);
#3744=PLANE('',#4268);
#3745=PLANE('',#4271);
#3746=PLANE('',#4274);
#3747=PLANE('',#4277);
#3748=PLANE('',#4278);
#3749=PLANE('',#4279);
#3750=PLANE('',#4280);
#3751=PLANE('',#4283);
#3752=PLANE('',#4286);
#3753=PLANE('',#4289);
#3754=PLANE('',#4290);
#3755=PLANE('',#4291);
#3756=PLANE('',#4292);
#3757=PLANE('',#4293);
#3758=PLANE('',#4296);
#3759=PLANE('',#4299);
#3760=PLANE('',#4302);
#3761=PLANE('',#4305);
#3762=PLANE('',#4308);
#3763=PLANE('',#4310);
#3764=PLANE('',#4311);
#3765=PLANE('',#4313);
#3766=PLANE('',#4316);
#3767=PLANE('',#4321);
#3768=PLANE('',#4324);
#3769=PLANE('',#4327);
#3770=PLANE('',#4328);
#3771=PLANE('',#4329);
#3772=PLANE('',#4331);
#3773=PLANE('',#4333);
#3774=PLANE('',#4334);
#3775=PLANE('',#4335);
#3776=PLANE('',#4336);
#3777=PLANE('',#4337);
#3778=PLANE('',#4338);
#3779=PLANE('',#4339);
#3780=PLANE('',#4343);
#3781=PLANE('',#4344);
#3782=PLANE('',#4345);
#3783=PLANE('',#4346);
#3784=PLANE('',#4348);
#3785=PLANE('',#4351);
#3786=PLANE('',#4353);
#3787=PLANE('',#4355);
#3788=PLANE('',#4357);
#3789=PLANE('',#4359);
#3790=PLANE('',#4362);
#3791=PLANE('',#4365);
#3792=PLANE('',#4366);
#3793=PLANE('',#4367);
#3794=PLANE('',#4368);
#3795=PLANE('',#4369);
#3796=PLANE('',#4370);
#3797=PLANE('',#4371);
#3798=PLANE('',#4372);
#3799=PLANE('',#4373);
#3800=PLANE('',#4374);
#3801=PLANE('',#4375);
#3802=PLANE('',#4376);
#3803=PLANE('',#4377);
#3804=PLANE('',#4378);
#3805=PLANE('',#4379);
#3806=PLANE('',#4380);
#3807=PLANE('',#4381);
#3808=PLANE('',#4382);
#3809=PLANE('',#4383);
#3810=PLANE('',#4384);
#3811=PLANE('',#4385);
#3812=PLANE('',#4386);
#3813=PLANE('',#4387);
#3814=PLANE('',#4388);
#3815=PLANE('',#4389);
#3816=PLANE('',#4390);
#3817=PLANE('',#4391);
#3818=PLANE('',#4392);
#3819=PLANE('',#4393);
#3820=PLANE('',#4394);
#3821=PLANE('',#4395);
#3822=PLANE('',#4396);
#3823=PLANE('',#4397);
#3824=PLANE('',#4398);
#3825=PLANE('',#4399);
#3826=PLANE('',#4400);
#3827=PLANE('',#4401);
#3828=PLANE('',#4402);
#3829=PLANE('',#4403);
#3830=PLANE('',#4404);
#3831=PLANE('',#4405);
#3832=PLANE('',#4406);
#3833=PLANE('',#4407);
#3834=PLANE('',#4408);
#3835=PLANE('',#4409);
#3836=PLANE('',#4410);
#3837=PLANE('',#4411);
#3838=PLANE('',#4412);
#3839=PLANE('',#4413);
#3840=PLANE('',#4414);
#3841=PLANE('',#4415);
#3842=PLANE('',#4417);
#3843=PLANE('',#4418);
#3844=PLANE('',#4419);
#3845=PLANE('',#4420);
#3846=PLANE('',#4421);
#3847=PLANE('',#4422);
#3848=PLANE('',#4423);
#3849=PLANE('',#4424);
#3850=PLANE('',#4425);
#3851=PLANE('',#4426);
#3852=PLANE('',#4427);
#3853=PLANE('',#4428);
#3854=PLANE('',#4429);
#3855=PLANE('',#4430);
#3856=PLANE('',#4431);
#3857=PLANE('',#4432);
#3858=PLANE('',#4433);
#3859=PLANE('',#4434);
#3860=PLANE('',#4435);
#3861=PLANE('',#4436);
#3862=PLANE('',#4437);
#3863=PLANE('',#4438);
#3864=PLANE('',#4439);
#3865=PLANE('',#4440);
#3866=PLANE('',#4441);
#3867=PLANE('',#4442);
#3868=PLANE('',#4443);
#3869=PLANE('',#4444);
#3870=PLANE('',#4445);
#3871=PLANE('',#4446);
#3872=PLANE('',#4447);
#3873=PLANE('',#4448);
#3874=PLANE('',#4449);
#3875=PLANE('',#4450);
#3876=PLANE('',#4451);
#3877=PLANE('',#4452);
#3878=PLANE('',#4453);
#3879=PLANE('',#4454);
#3880=PLANE('',#4455);
#3881=PLANE('',#4456);
#3882=PLANE('',#4457);
#3883=PLANE('',#4458);
#3884=PLANE('',#4459);
#3885=PLANE('',#4460);
#3886=PLANE('',#4461);
#3887=PLANE('',#4462);
#3888=PLANE('',#4463);
#3889=PLANE('',#4464);
#3890=PLANE('',#4465);
#3891=PLANE('',#4466);
#3892=PLANE('',#4467);
#3893=PLANE('',#4468);
#3894=PLANE('',#4469);
#3895=PLANE('',#4470);
#3896=PLANE('',#4471);
#3897=PLANE('',#4472);
#3898=PLANE('',#4473);
#3899=PLANE('',#4474);
#3900=PLANE('',#4475);
#3901=PLANE('',#4476);
#3902=PLANE('',#4477);
#3903=PLANE('',#4478);
#3904=PLANE('',#4479);
#3905=PLANE('',#4480);
#3906=PLANE('',#4481);
#3907=ADVANCED_FACE('',(#164),#3720,.T.);
#3908=ADVANCED_FACE('',(#165),#130,.F.);
#3909=ADVANCED_FACE('',(#166),#3721,.T.);
#3910=ADVANCED_FACE('',(#167),#131,.F.);
#3911=ADVANCED_FACE('',(#168),#3722,.T.);
#3912=ADVANCED_FACE('',(#169),#132,.F.);
#3913=ADVANCED_FACE('',(#170),#3723,.T.);
#3914=ADVANCED_FACE('',(#171),#133,.F.);
#3915=ADVANCED_FACE('',(#172),#43,.F.);
#3916=ADVANCED_FACE('',(#173),#3724,.F.);
#3917=ADVANCED_FACE('',(#174),#44,.F.);
#3918=ADVANCED_FACE('',(#175),#3725,.F.);
#3919=ADVANCED_FACE('',(#176,#29,#30,#31,#32,#33,#34,#35,#36,#37,#38,#39),
#3726,.T.);
#3920=ADVANCED_FACE('',(#177),#3727,.T.);
#3921=ADVANCED_FACE('',(#178),#134,.F.);
#3922=ADVANCED_FACE('',(#179),#3728,.T.);
#3923=ADVANCED_FACE('',(#180),#135,.F.);
#3924=ADVANCED_FACE('',(#181),#3729,.T.);
#3925=ADVANCED_FACE('',(#182),#136,.F.);
#3926=ADVANCED_FACE('',(#183),#3730,.T.);
#3927=ADVANCED_FACE('',(#184),#137,.F.);
#3928=ADVANCED_FACE('',(#185),#45,.F.);
#3929=ADVANCED_FACE('',(#186),#3731,.F.);
#3930=ADVANCED_FACE('',(#187),#46,.F.);
#3931=ADVANCED_FACE('',(#188,#40),#3732,.T.);
#3932=ADVANCED_FACE('',(#189),#3733,.F.);
#3933=ADVANCED_FACE('',(#190),#3734,.T.);
#3934=ADVANCED_FACE('',(#191),#138,.T.);
#3935=ADVANCED_FACE('',(#192),#3735,.T.);
#3936=ADVANCED_FACE('',(#193),#139,.T.);
#3937=ADVANCED_FACE('',(#194),#3736,.T.);
#3938=ADVANCED_FACE('',(#195),#140,.F.);
#3939=ADVANCED_FACE('',(#196),#3737,.T.);
#3940=ADVANCED_FACE('',(#197),#141,.F.);
#3941=ADVANCED_FACE('',(#198),#3738,.T.);
#3942=ADVANCED_FACE('',(#199),#142,.T.);
#3943=ADVANCED_FACE('',(#200),#3739,.T.);
#3944=ADVANCED_FACE('',(#201),#143,.T.);
#3945=ADVANCED_FACE('',(#202),#3740,.T.);
#3946=ADVANCED_FACE('',(#203),#3741,.T.);
#3947=ADVANCED_FACE('',(#204),#47,.T.);
#3948=ADVANCED_FACE('',(#205),#3742,.T.);
#3949=ADVANCED_FACE('',(#206),#48,.T.);
#3950=ADVANCED_FACE('',(#207),#3743,.T.);
#3951=ADVANCED_FACE('',(#208),#49,.F.);
#3952=ADVANCED_FACE('',(#209),#3744,.F.);
#3953=ADVANCED_FACE('',(#210),#50,.F.);
#3954=ADVANCED_FACE('',(#211),#3745,.T.);
#3955=ADVANCED_FACE('',(#212),#51,.T.);
#3956=ADVANCED_FACE('',(#213),#3746,.T.);
#3957=ADVANCED_FACE('',(#214),#52,.T.);
#3958=ADVANCED_FACE('',(#215),#3747,.T.);
#3959=ADVANCED_FACE('',(#216),#3748,.T.);
#3960=ADVANCED_FACE('',(#217),#3749,.T.);
#3961=ADVANCED_FACE('',(#218),#3750,.T.);
#3962=ADVANCED_FACE('',(#219),#144,.F.);
#3963=ADVANCED_FACE('',(#220),#3751,.T.);
#3964=ADVANCED_FACE('',(#221),#145,.T.);
#3965=ADVANCED_FACE('',(#222),#3752,.T.);
#3966=ADVANCED_FACE('',(#223),#53,.F.);
#3967=ADVANCED_FACE('',(#224),#3753,.T.);
#3968=ADVANCED_FACE('',(#225),#3754,.T.);
#3969=ADVANCED_FACE('',(#226),#3755,.T.);
#3970=ADVANCED_FACE('',(#227),#3756,.T.);
#3971=ADVANCED_FACE('',(#228),#3757,.T.);
#3972=ADVANCED_FACE('',(#229),#146,.F.);
#3973=ADVANCED_FACE('',(#230),#3758,.T.);
#3974=ADVANCED_FACE('',(#231),#147,.T.);
#3975=ADVANCED_FACE('',(#232),#3759,.T.);
#3976=ADVANCED_FACE('',(#233),#148,.T.);
#3977=ADVANCED_FACE('',(#234),#3760,.T.);
#3978=ADVANCED_FACE('',(#235),#149,.T.);
#3979=ADVANCED_FACE('',(#236),#3761,.T.);
#3980=ADVANCED_FACE('',(#237),#150,.T.);
#3981=ADVANCED_FACE('',(#238),#3762,.T.);
#3982=ADVANCED_FACE('',(#239),#151,.F.);
#3983=ADVANCED_FACE('',(#240),#3763,.T.);
#3984=ADVANCED_FACE('',(#241),#3764,.T.);
#3985=ADVANCED_FACE('',(#242),#54,.T.);
#3986=ADVANCED_FACE('',(#243),#3765,.T.);
#3987=ADVANCED_FACE('',(#244),#55,.T.);
#3988=ADVANCED_FACE('',(#245),#3766,.T.);
#3989=ADVANCED_FACE('',(#246),#56,.T.);
#3990=ADVANCED_FACE('',(#247),#3767,.T.);
#3991=ADVANCED_FACE('',(#248),#57,.T.);
#3992=ADVANCED_FACE('',(#249),#3768,.F.);
#3993=ADVANCED_FACE('',(#250),#58,.F.);
#3994=ADVANCED_FACE('',(#251),#3769,.F.);
#3995=ADVANCED_FACE('',(#252),#3770,.T.);
#3996=ADVANCED_FACE('',(#253),#3771,.T.);
#3997=ADVANCED_FACE('',(#254),#152,.T.);
#3998=ADVANCED_FACE('',(#255),#3772,.T.);
#3999=ADVANCED_FACE('',(#256),#153,.F.);
#4000=ADVANCED_FACE('',(#257),#3773,.T.);
#4001=ADVANCED_FACE('',(#258),#3774,.T.);
#4002=ADVANCED_FACE('',(#259),#3775,.T.);
#4003=ADVANCED_FACE('',(#260),#3776,.T.);
#4004=ADVANCED_FACE('',(#261),#25,.T.);
#4005=ADVANCED_FACE('',(#262),#26,.T.);
#4006=ADVANCED_FACE('',(#263),#3777,.T.);
#4007=ADVANCED_FACE('',(#264),#27,.T.);
#4008=ADVANCED_FACE('',(#265),#3778,.T.);
#4009=ADVANCED_FACE('',(#266),#3779,.T.);
#4010=ADVANCED_FACE('',(#267),#28,.T.);
#4011=ADVANCED_FACE('',(#268),#59,.F.);
#4012=ADVANCED_FACE('',(#269),#60,.F.);
#4013=ADVANCED_FACE('',(#270),#3780,.T.);
#4014=ADVANCED_FACE('',(#271),#3781,.T.);
#4015=ADVANCED_FACE('',(#272),#3782,.T.);
#4016=ADVANCED_FACE('',(#273),#3783,.T.);
#4017=ADVANCED_FACE('',(#274),#154,.F.);
#4018=ADVANCED_FACE('',(#275),#3784,.T.);
#4019=ADVANCED_FACE('',(#276),#155,.T.);
#4020=ADVANCED_FACE('',(#277),#156,.T.);
#4021=ADVANCED_FACE('',(#278),#3785,.T.);
#4022=ADVANCED_FACE('',(#279),#157,.T.);
#4023=ADVANCED_FACE('',(#280),#3786,.T.);
#4024=ADVANCED_FACE('',(#281),#158,.F.);
#4025=ADVANCED_FACE('',(#282),#3787,.T.);
#4026=ADVANCED_FACE('',(#283),#159,.F.);
#4027=ADVANCED_FACE('',(#284),#3788,.T.);
#4028=ADVANCED_FACE('',(#285),#160,.T.);
#4029=ADVANCED_FACE('',(#286),#3789,.T.);
#4030=ADVANCED_FACE('',(#287),#161,.T.);
#4031=ADVANCED_FACE('',(#288),#162,.T.);
#4032=ADVANCED_FACE('',(#289),#3790,.T.);
#4033=ADVANCED_FACE('',(#290),#163,.F.);
#4034=ADVANCED_FACE('',(#291),#3791,.T.);
#4035=ADVANCED_FACE('',(#292),#3792,.F.);
#4036=ADVANCED_FACE('',(#293),#3793,.T.);
#4037=ADVANCED_FACE('',(#294),#3794,.T.);
#4038=ADVANCED_FACE('',(#295),#3795,.T.);
#4039=ADVANCED_FACE('',(#296),#3796,.T.);
#4040=ADVANCED_FACE('',(#297),#3797,.T.);
#4041=ADVANCED_FACE('',(#298),#3798,.T.);
#4042=ADVANCED_FACE('',(#299),#3799,.T.);
#4043=ADVANCED_FACE('',(#300),#3800,.T.);
#4044=ADVANCED_FACE('',(#301),#3801,.T.);
#4045=ADVANCED_FACE('',(#302),#3802,.T.);
#4046=ADVANCED_FACE('',(#303),#3803,.T.);
#4047=ADVANCED_FACE('',(#304),#3804,.T.);
#4048=ADVANCED_FACE('',(#305),#3805,.T.);
#4049=ADVANCED_FACE('',(#306),#3806,.T.);
#4050=ADVANCED_FACE('',(#307),#3807,.T.);
#4051=ADVANCED_FACE('',(#308),#3808,.T.);
#4052=ADVANCED_FACE('',(#309),#3809,.T.);
#4053=ADVANCED_FACE('',(#310),#3810,.T.);
#4054=ADVANCED_FACE('',(#311),#3811,.T.);
#4055=ADVANCED_FACE('',(#312),#3812,.T.);
#4056=ADVANCED_FACE('',(#313,#41,#42),#3813,.T.);
#4057=ADVANCED_FACE('',(#314),#3814,.T.);
#4058=ADVANCED_FACE('',(#315),#3815,.T.);
#4059=ADVANCED_FACE('',(#316),#3816,.F.);
#4060=ADVANCED_FACE('',(#317),#3817,.T.);
#4061=ADVANCED_FACE('',(#318),#3818,.T.);
#4062=ADVANCED_FACE('',(#319),#3819,.T.);
#4063=ADVANCED_FACE('',(#320),#3820,.T.);
#4064=ADVANCED_FACE('',(#321),#3821,.T.);
#4065=ADVANCED_FACE('',(#322),#3822,.T.);
#4066=ADVANCED_FACE('',(#323),#3823,.T.);
#4067=ADVANCED_FACE('',(#324),#3824,.T.);
#4068=ADVANCED_FACE('',(#325),#3825,.T.);
#4069=ADVANCED_FACE('',(#326),#3826,.T.);
#4070=ADVANCED_FACE('',(#327),#3827,.T.);
#4071=ADVANCED_FACE('',(#328),#3828,.T.);
#4072=ADVANCED_FACE('',(#329),#3829,.T.);
#4073=ADVANCED_FACE('',(#330),#3830,.T.);
#4074=ADVANCED_FACE('',(#331),#3831,.T.);
#4075=ADVANCED_FACE('',(#332),#3832,.T.);
#4076=ADVANCED_FACE('',(#333),#3833,.T.);
#4077=ADVANCED_FACE('',(#334),#3834,.T.);
#4078=ADVANCED_FACE('',(#335),#3835,.T.);
#4079=ADVANCED_FACE('',(#336),#3836,.T.);
#4080=ADVANCED_FACE('',(#337),#3837,.T.);
#4081=ADVANCED_FACE('',(#338),#3838,.T.);
#4082=ADVANCED_FACE('',(#339),#3839,.T.);
#4083=ADVANCED_FACE('',(#340),#3840,.T.);
#4084=ADVANCED_FACE('',(#341),#3841,.F.);
#4085=ADVANCED_FACE('',(#342),#61,.F.);
#4086=ADVANCED_FACE('',(#343),#3842,.T.);
#4087=ADVANCED_FACE('',(#344),#3843,.T.);
#4088=ADVANCED_FACE('',(#345),#3844,.T.);
#4089=ADVANCED_FACE('',(#346),#3845,.T.);
#4090=ADVANCED_FACE('',(#347),#3846,.T.);
#4091=ADVANCED_FACE('',(#348),#3847,.T.);
#4092=ADVANCED_FACE('',(#349),#3848,.T.);
#4093=ADVANCED_FACE('',(#350),#3849,.T.);
#4094=ADVANCED_FACE('',(#351),#3850,.T.);
#4095=ADVANCED_FACE('',(#352),#3851,.T.);
#4096=ADVANCED_FACE('',(#353),#3852,.T.);
#4097=ADVANCED_FACE('',(#354),#3853,.T.);
#4098=ADVANCED_FACE('',(#355),#3854,.T.);
#4099=ADVANCED_FACE('',(#356),#3855,.T.);
#4100=ADVANCED_FACE('',(#357),#3856,.T.);
#4101=ADVANCED_FACE('',(#358),#3857,.T.);
#4102=ADVANCED_FACE('',(#359),#3858,.T.);
#4103=ADVANCED_FACE('',(#360),#3859,.T.);
#4104=ADVANCED_FACE('',(#361),#3860,.T.);
#4105=ADVANCED_FACE('',(#362),#3861,.T.);
#4106=ADVANCED_FACE('',(#363),#3862,.T.);
#4107=ADVANCED_FACE('',(#364),#3863,.T.);
#4108=ADVANCED_FACE('',(#365),#3864,.T.);
#4109=ADVANCED_FACE('',(#366),#3865,.T.);
#4110=ADVANCED_FACE('',(#367),#3866,.T.);
#4111=ADVANCED_FACE('',(#368),#3867,.T.);
#4112=ADVANCED_FACE('',(#369),#3868,.T.);
#4113=ADVANCED_FACE('',(#370),#3869,.T.);
#4114=ADVANCED_FACE('',(#371),#3870,.T.);
#4115=ADVANCED_FACE('',(#372),#3871,.T.);
#4116=ADVANCED_FACE('',(#373),#3872,.T.);
#4117=ADVANCED_FACE('',(#374),#3873,.T.);
#4118=ADVANCED_FACE('',(#375),#3874,.T.);
#4119=ADVANCED_FACE('',(#376),#3875,.T.);
#4120=ADVANCED_FACE('',(#377),#3876,.T.);
#4121=ADVANCED_FACE('',(#378),#3877,.T.);
#4122=ADVANCED_FACE('',(#379),#3878,.T.);
#4123=ADVANCED_FACE('',(#380),#3879,.T.);
#4124=ADVANCED_FACE('',(#381),#3880,.T.);
#4125=ADVANCED_FACE('',(#382),#3881,.T.);
#4126=ADVANCED_FACE('',(#383),#3882,.T.);
#4127=ADVANCED_FACE('',(#384),#3883,.T.);
#4128=ADVANCED_FACE('',(#385),#3884,.T.);
#4129=ADVANCED_FACE('',(#386),#3885,.T.);
#4130=ADVANCED_FACE('',(#387),#3886,.T.);
#4131=ADVANCED_FACE('',(#388),#3887,.T.);
#4132=ADVANCED_FACE('',(#389),#3888,.T.);
#4133=ADVANCED_FACE('',(#390),#3889,.T.);
#4134=ADVANCED_FACE('',(#391),#3890,.T.);
#4135=ADVANCED_FACE('',(#392),#3891,.T.);
#4136=ADVANCED_FACE('',(#393),#3892,.T.);
#4137=ADVANCED_FACE('',(#394),#3893,.T.);
#4138=ADVANCED_FACE('',(#395),#3894,.T.);
#4139=ADVANCED_FACE('',(#396),#3895,.T.);
#4140=ADVANCED_FACE('',(#397),#3896,.T.);
#4141=ADVANCED_FACE('',(#398),#3897,.T.);
#4142=ADVANCED_FACE('',(#399),#3898,.T.);
#4143=ADVANCED_FACE('',(#400),#3899,.T.);
#4144=ADVANCED_FACE('',(#401),#3900,.T.);
#4145=ADVANCED_FACE('',(#402),#3901,.T.);
#4146=ADVANCED_FACE('',(#403),#3902,.T.);
#4147=ADVANCED_FACE('',(#404),#3903,.T.);
#4148=ADVANCED_FACE('',(#405),#3904,.T.);
#4149=ADVANCED_FACE('',(#406),#3905,.T.);
#4150=ADVANCED_FACE('',(#407),#3906,.T.);
#4151=CLOSED_SHELL('',(#3907,#3908,#3909,#3910,#3911,#3912,#3913,#3914,
#3915,#3916,#3917,#3918,#3919,#3920,#3921,#3922,#3923,#3924,#3925,#3926,
#3927,#3928,#3929,#3930,#3931,#3932,#3933,#3934,#3935,#3936,#3937,#3938,
#3939,#3940,#3941,#3942,#3943,#3944,#3945,#3946,#3947,#3948,#3949,#3950,
#3951,#3952,#3953,#3954,#3955,#3956,#3957,#3958,#3959,#3960,#3961,#3962,
#3963,#3964,#3965,#3966,#3967,#3968,#3969,#3970,#3971,#3972,#3973,#3974,
#3975,#3976,#3977,#3978,#3979,#3980,#3981,#3982,#3983,#3984,#3985,#3986,
#3987,#3988,#3989,#3990,#3991,#3992,#3993,#3994,#3995,#3996,#3997,#3998,
#3999,#4000,#4001,#4002,#4003,#4004,#4005,#4006,#4007,#4008,#4009,#4010,
#4011,#4012,#4013,#4014,#4015,#4016,#4017,#4018,#4019,#4020,#4021,#4022,
#4023,#4024,#4025,#4026,#4027,#4028,#4029,#4030,#4031,#4032,#4033,#4034,
#4035,#4036,#4037,#4038,#4039,#4040,#4041,#4042,#4043,#4044,#4045,#4046,
#4047,#4048,#4049,#4050,#4051,#4052,#4053,#4054,#4055,#4056,#4057,#4058,
#4059,#4060,#4061,#4062,#4063,#4064,#4065,#4066,#4067,#4068,#4069,#4070,
#4071,#4072,#4073,#4074,#4075,#4076,#4077,#4078,#4079,#4080,#4081,#4082,
#4083,#4084,#4085,#4086,#4087,#4088,#4089,#4090,#4091,#4092,#4093,#4094,
#4095,#4096,#4097,#4098,#4099,#4100,#4101,#4102,#4103,#4104,#4105,#4106,
#4107,#4108,#4109,#4110,#4111,#4112,#4113,#4114,#4115,#4116,#4117,#4118,
#4119,#4120,#4121,#4122,#4123,#4124,#4125,#4126,#4127,#4128,#4129,#4130,
#4131,#4132,#4133,#4134,#4135,#4136,#4137,#4138,#4139,#4140,#4141,#4142,
#4143,#4144,#4145,#4146,#4147,#4148,#4149,#4150));
#4152=DERIVED_UNIT_ELEMENT(#4155,1.);
#4153=DERIVED_UNIT_ELEMENT(#7138,-3.);
#4154=DIMENSIONAL_EXPONENTS(0.,1.,0.,0.,0.,0.,0.);
#4155=(
CONVERSION_BASED_UNIT('gram',#4157)
MASS_UNIT()
NAMED_UNIT(#4154)
);
#4156=(
MASS_UNIT()
NAMED_UNIT(*)
SI_UNIT(.KILO.,.GRAM.)
);
#4157=MASS_MEASURE_WITH_UNIT(MASS_MEASURE(0.001),#4156);
#4158=DERIVED_UNIT((#4152,#4153));
#4159=MEASURE_REPRESENTATION_ITEM('density measure',
POSITIVE_RATIO_MEASURE(1.),#4158);
#4160=PROPERTY_DEFINITION_REPRESENTATION(#4165,#4162);
#4161=PROPERTY_DEFINITION_REPRESENTATION(#4166,#4163);
#4162=REPRESENTATION('material name',(#4164),#7135);
#4163=REPRESENTATION('density',(#4159),#7135);
#4164=DESCRIPTIVE_REPRESENTATION_ITEM('Og\X\F3lny','Og\X\F3lny');
#4165=PROPERTY_DEFINITION('material property','material name',#7145);
#4166=PROPERTY_DEFINITION('material property','density of part',#7145);
#4167=DATE_TIME_ROLE('creation_date');
#4168=APPLIED_DATE_AND_TIME_ASSIGNMENT(#4169,#4167,(#7145));
#4169=DATE_AND_TIME(#4170,#4171);
#4170=CALENDAR_DATE(2026,6,8);
#4171=LOCAL_TIME(0,0,0.,#4172);
#4172=COORDINATED_UNIVERSAL_TIME_OFFSET(0,0,.BEHIND.);
#4173=AXIS2_PLACEMENT_3D('',#5596,#4482,#4483);
#4174=AXIS2_PLACEMENT_3D('',#5597,#4484,#4485);
#4175=AXIS2_PLACEMENT_3D('',#5606,#4490,#4491);
#4176=AXIS2_PLACEMENT_3D('',#5608,#4492,#4493);
#4177=AXIS2_PLACEMENT_3D('',#5611,#4495,#4496);
#4178=AXIS2_PLACEMENT_3D('',#5612,#4497,#4498);
#4179=AXIS2_PLACEMENT_3D('',#5618,#4502,#4503);
#4180=AXIS2_PLACEMENT_3D('',#5620,#4504,#4505);
#4181=AXIS2_PLACEMENT_3D('',#5623,#4507,#4508);
#4182=AXIS2_PLACEMENT_3D('',#5624,#4509,#4510);
#4183=AXIS2_PLACEMENT_3D('',#5630,#4514,#4515);
#4184=AXIS2_PLACEMENT_3D('',#5632,#4516,#4517);
#4185=AXIS2_PLACEMENT_3D('',#5635,#4519,#4520);
#4186=AXIS2_PLACEMENT_3D('',#5636,#4521,#4522);
#4187=AXIS2_PLACEMENT_3D('',#5642,#4526,#4527);
#4188=AXIS2_PLACEMENT_3D('',#5643,#4528,#4529);
#4189=AXIS2_PLACEMENT_3D('',#5644,#4530,#4531);
#4190=AXIS2_PLACEMENT_3D('',#5645,#4532,#4533);
#4191=AXIS2_PLACEMENT_3D('',#5649,#4535,#4536);
#4192=AXIS2_PLACEMENT_3D('',#5651,#4538,#4539);
#4193=AXIS2_PLACEMENT_3D('',#5655,#4542,#4543);
#4194=AXIS2_PLACEMENT_3D('',#5658,#4545,#4546);
#4195=AXIS2_PLACEMENT_3D('',#5659,#4547,#4548);
#4196=AXIS2_PLACEMENT_3D('',#5663,#4551,#4552);
#4197=AXIS2_PLACEMENT_3D('',#5666,#4553,#4554);
#4198=AXIS2_PLACEMENT_3D('',#5670,#4556,#4557);
#4199=AXIS2_PLACEMENT_3D('',#5686,#4565,#4566);
#4200=AXIS2_PLACEMENT_3D('',#5690,#4568,#4569);
#4201=AXIS2_PLACEMENT_3D('',#5694,#4571,#4572);
#4202=AXIS2_PLACEMENT_3D('',#5704,#4577,#4578);
#4203=AXIS2_PLACEMENT_3D('',#5708,#4580,#4581);
#4204=AXIS2_PLACEMENT_3D('',#5712,#4583,#4584);
#4205=AXIS2_PLACEMENT_3D('',#5716,#4586,#4587);
#4206=AXIS2_PLACEMENT_3D('',#5720,#4589,#4590);
#4207=AXIS2_PLACEMENT_3D('',#5724,#4592,#4593);
#4208=AXIS2_PLACEMENT_3D('',#5734,#4598,#4599);
#4209=AXIS2_PLACEMENT_3D('',#5816,#4641,#4642);
#4210=AXIS2_PLACEMENT_3D('',#5822,#4646,#4647);
#4211=AXIS2_PLACEMENT_3D('',#5824,#4648,#4649);
#4212=AXIS2_PLACEMENT_3D('',#5827,#4651,#4652);
#4213=AXIS2_PLACEMENT_3D('',#5828,#4653,#4654);
#4214=AXIS2_PLACEMENT_3D('',#5834,#4658,#4659);
#4215=AXIS2_PLACEMENT_3D('',#5836,#4660,#4661);
#4216=AXIS2_PLACEMENT_3D('',#5839,#4663,#4664);
#4217=AXIS2_PLACEMENT_3D('',#5840,#4665,#4666);
#4218=AXIS2_PLACEMENT_3D('',#5845,#4670,#4671);
#4219=AXIS2_PLACEMENT_3D('',#5848,#4673,#4674);
#4220=AXIS2_PLACEMENT_3D('',#5849,#4675,#4676);
#4221=AXIS2_PLACEMENT_3D('',#5853,#4679,#4680);
#4222=AXIS2_PLACEMENT_3D('',#5854,#4681,#4682);
#4223=AXIS2_PLACEMENT_3D('',#5855,#4683,#4684);
#4224=AXIS2_PLACEMENT_3D('',#5858,#4687,#4688);
#4225=AXIS2_PLACEMENT_3D('',#5860,#4690,#4691);
#4226=AXIS2_PLACEMENT_3D('',#5861,#4692,#4693);
#4227=AXIS2_PLACEMENT_3D('',#5872,#4698,#4699);
#4228=AXIS2_PLACEMENT_3D('',#5876,#4701,#4702);
#4229=AXIS2_PLACEMENT_3D('',#5880,#4704,#4705);
#4230=AXIS2_PLACEMENT_3D('',#5884,#4707,#4708);
#4231=AXIS2_PLACEMENT_3D('',#5888,#4710,#4711);
#4232=AXIS2_PLACEMENT_3D('',#5892,#4713,#4714);
#4233=AXIS2_PLACEMENT_3D('',#5902,#4719,#4720);
#4234=AXIS2_PLACEMENT_3D('',#5906,#4722,#4723);
#4235=AXIS2_PLACEMENT_3D('',#5910,#4725,#4726);
#4236=AXIS2_PLACEMENT_3D('',#5914,#4728,#4729);
#4237=AXIS2_PLACEMENT_3D('',#5918,#4731,#4732);
#4238=AXIS2_PLACEMENT_3D('',#5921,#4734,#4735);
#4239=AXIS2_PLACEMENT_3D('',#5922,#4736,#4737);
#4240=AXIS2_PLACEMENT_3D('',#5923,#4738,#4739);
#4241=AXIS2_PLACEMENT_3D('',#5929,#4743,#4744);
#4242=AXIS2_PLACEMENT_3D('',#5932,#4746,#4747);
#4243=AXIS2_PLACEMENT_3D('',#5933,#4748,#4749);
#4244=AXIS2_PLACEMENT_3D('',#5937,#4752,#4753);
#4245=AXIS2_PLACEMENT_3D('',#5940,#4755,#4756);
#4246=AXIS2_PLACEMENT_3D('',#5941,#4757,#4758);
#4247=AXIS2_PLACEMENT_3D('',#5945,#4761,#4762);
#4248=AXIS2_PLACEMENT_3D('',#5948,#4764,#4765);
#4249=AXIS2_PLACEMENT_3D('',#5949,#4766,#4767);
#4250=AXIS2_PLACEMENT_3D('',#5953,#4770,#4771);
#4251=AXIS2_PLACEMENT_3D('',#5956,#4773,#4774);
#4252=AXIS2_PLACEMENT_3D('',#5957,#4775,#4776);
#4253=AXIS2_PLACEMENT_3D('',#5961,#4779,#4780);
#4254=AXIS2_PLACEMENT_3D('',#5964,#4782,#4783);
#4255=AXIS2_PLACEMENT_3D('',#5965,#4784,#4785);
#4256=AXIS2_PLACEMENT_3D('',#5969,#4788,#4789);
#4257=AXIS2_PLACEMENT_3D('',#5972,#4791,#4792);
#4258=AXIS2_PLACEMENT_3D('',#5973,#4793,#4794);
#4259=AXIS2_PLACEMENT_3D('',#5977,#4797,#4798);
#4260=AXIS2_PLACEMENT_3D('',#5983,#4802,#4803);
#4261=AXIS2_PLACEMENT_3D('',#5986,#4805,#4806);
#4262=AXIS2_PLACEMENT_3D('',#5987,#4807,#4808);
#4263=AXIS2_PLACEMENT_3D('',#5991,#4811,#4812);
#4264=AXIS2_PLACEMENT_3D('',#5994,#4814,#4815);
#4265=AXIS2_PLACEMENT_3D('',#5995,#4816,#4817);
#4266=AXIS2_PLACEMENT_3D('',#5999,#4820,#4821);
#4267=AXIS2_PLACEMENT_3D('',#6002,#4823,#4824);
#4268=AXIS2_PLACEMENT_3D('',#6003,#4825,#4826);
#4269=AXIS2_PLACEMENT_3D('',#6007,#4829,#4830);
#4270=AXIS2_PLACEMENT_3D('',#6010,#4832,#4833);
#4271=AXIS2_PLACEMENT_3D('',#6011,#4834,#4835);
#4272=AXIS2_PLACEMENT_3D('',#6015,#4838,#4839);
#4273=AXIS2_PLACEMENT_3D('',#6018,#4841,#4842);
#4274=AXIS2_PLACEMENT_3D('',#6019,#4843,#4844);
#4275=AXIS2_PLACEMENT_3D('',#6023,#4847,#4848);
#4276=AXIS2_PLACEMENT_3D('',#6026,#4850,#4851);
#4277=AXIS2_PLACEMENT_3D('',#6027,#4852,#4853);
#4278=AXIS2_PLACEMENT_3D('',#6031,#4856,#4857);
#4279=AXIS2_PLACEMENT_3D('',#6038,#4862,#4863);
#4280=AXIS2_PLACEMENT_3D('',#6044,#4867,#4868);
#4281=AXIS2_PLACEMENT_3D('',#6046,#4870,#4871);
#4282=AXIS2_PLACEMENT_3D('',#6048,#4872,#4873);
#4283=AXIS2_PLACEMENT_3D('',#6050,#4875,#4876);
#4284=AXIS2_PLACEMENT_3D('',#6054,#4879,#4880);
#4285=AXIS2_PLACEMENT_3D('',#6057,#4882,#4883);
#4286=AXIS2_PLACEMENT_3D('',#6058,#4884,#4885);
#4287=AXIS2_PLACEMENT_3D('',#6064,#4889,#4890);
#4288=AXIS2_PLACEMENT_3D('',#6067,#4892,#4893);
#4289=AXIS2_PLACEMENT_3D('',#6068,#4894,#4895);
#4290=AXIS2_PLACEMENT_3D('',#6072,#4898,#4899);
#4291=AXIS2_PLACEMENT_3D('',#6074,#4901,#4902);
#4292=AXIS2_PLACEMENT_3D('',#6076,#4904,#4905);
#4293=AXIS2_PLACEMENT_3D('',#6078,#4907,#4908);
#4294=AXIS2_PLACEMENT_3D('',#6084,#4912,#4913);
#4295=AXIS2_PLACEMENT_3D('',#6086,#4914,#4915);
#4296=AXIS2_PLACEMENT_3D('',#6088,#4917,#4918);
#4297=AXIS2_PLACEMENT_3D('',#6092,#4921,#4922);
#4298=AXIS2_PLACEMENT_3D('',#6094,#4923,#4924);
#4299=AXIS2_PLACEMENT_3D('',#6096,#4926,#4927);
#4300=AXIS2_PLACEMENT_3D('',#6100,#4930,#4931);
#4301=AXIS2_PLACEMENT_3D('',#6102,#4932,#4933);
#4302=AXIS2_PLACEMENT_3D('',#6104,#4935,#4936);
#4303=AXIS2_PLACEMENT_3D('',#6108,#4939,#4940);
#4304=AXIS2_PLACEMENT_3D('',#6110,#4941,#4942);
#4305=AXIS2_PLACEMENT_3D('',#6112,#4944,#4945);
#4306=AXIS2_PLACEMENT_3D('',#6116,#4948,#4949);
#4307=AXIS2_PLACEMENT_3D('',#6117,#4950,#4951);
#4308=AXIS2_PLACEMENT_3D('',#6119,#4953,#4954);
#4309=AXIS2_PLACEMENT_3D('',#6121,#4956,#4957);
#4310=AXIS2_PLACEMENT_3D('',#6123,#4959,#4960);
#4311=AXIS2_PLACEMENT_3D('',#6124,#4961,#4962);
#4312=AXIS2_PLACEMENT_3D('',#6128,#4965,#4966);
#4313=AXIS2_PLACEMENT_3D('',#6130,#4968,#4969);
#4314=AXIS2_PLACEMENT_3D('',#6134,#4972,#4973);
#4315=AXIS2_PLACEMENT_3D('',#6137,#4975,#4976);
#4316=AXIS2_PLACEMENT_3D('',#6138,#4977,#4978);
#4317=AXIS2_PLACEMENT_3D('',#6144,#4981,#4982);
#4318=AXIS2_PLACEMENT_3D('',#6152,#4986,#4987);
#4319=AXIS2_PLACEMENT_3D('',#6154,#4989,#4990);
#4320=AXIS2_PLACEMENT_3D('',#6157,#4992,#4993);
#4321=AXIS2_PLACEMENT_3D('',#6158,#4994,#4995);
#4322=AXIS2_PLACEMENT_3D('',#6162,#4998,#4999);
#4323=AXIS2_PLACEMENT_3D('',#6165,#5001,#5002);
#4324=AXIS2_PLACEMENT_3D('',#6166,#5003,#5004);
#4325=AXIS2_PLACEMENT_3D('',#6170,#5007,#5008);
#4326=AXIS2_PLACEMENT_3D('',#6173,#5010,#5011);
#4327=AXIS2_PLACEMENT_3D('',#6174,#5012,#5013);
#4328=AXIS2_PLACEMENT_3D('',#6178,#5016,#5017);
#4329=AXIS2_PLACEMENT_3D('',#6182,#5020,#5021);
#4330=AXIS2_PLACEMENT_3D('',#6185,#5024,#5025);
#4331=AXIS2_PLACEMENT_3D('',#6188,#5028,#5029);
#4332=AXIS2_PLACEMENT_3D('',#6190,#5031,#5032);
#4333=AXIS2_PLACEMENT_3D('',#6192,#5034,#5035);
#4334=AXIS2_PLACEMENT_3D('',#6193,#5036,#5037);
#4335=AXIS2_PLACEMENT_3D('',#6196,#5040,#5041);
#4336=AXIS2_PLACEMENT_3D('',#6198,#5043,#5044);
#4337=AXIS2_PLACEMENT_3D('',#6524,#5046,#5047);
#4338=AXIS2_PLACEMENT_3D('',#6572,#5053,#5054);
#4339=AXIS2_PLACEMENT_3D('',#6575,#5057,#5058);
#4340=AXIS2_PLACEMENT_3D('',#6617,#5062,#5063);
#4341=AXIS2_PLACEMENT_3D('',#6619,#5065,#5066);
#4342=AXIS2_PLACEMENT_3D('',#6622,#5068,#5069);
#4343=AXIS2_PLACEMENT_3D('',#6623,#5070,#5071);
#4344=AXIS2_PLACEMENT_3D('',#6627,#5074,#5075);
#4345=AXIS2_PLACEMENT_3D('',#6631,#5078,#5079);
#4346=AXIS2_PLACEMENT_3D('',#6634,#5082,#5083);
#4347=AXIS2_PLACEMENT_3D('',#6636,#5085,#5086);
#4348=AXIS2_PLACEMENT_3D('',#6638,#5088,#5089);
#4349=AXIS2_PLACEMENT_3D('',#6640,#5091,#5092);
#4350=AXIS2_PLACEMENT_3D('',#6641,#5093,#5094);
#4351=AXIS2_PLACEMENT_3D('',#6643,#5096,#5097);
#4352=AXIS2_PLACEMENT_3D('',#6645,#5099,#5100);
#4353=AXIS2_PLACEMENT_3D('',#6647,#5102,#5103);
#4354=AXIS2_PLACEMENT_3D('',#6649,#5105,#5106);
#4355=AXIS2_PLACEMENT_3D('',#6651,#5108,#5109);
#4356=AXIS2_PLACEMENT_3D('',#6653,#5111,#5112);
#4357=AXIS2_PLACEMENT_3D('',#6655,#5114,#5115);
#4358=AXIS2_PLACEMENT_3D('',#6657,#5117,#5118);
#4359=AXIS2_PLACEMENT_3D('',#6659,#5120,#5121);
#4360=AXIS2_PLACEMENT_3D('',#6661,#5123,#5124);
#4361=AXIS2_PLACEMENT_3D('',#6662,#5125,#5126);
#4362=AXIS2_PLACEMENT_3D('',#6664,#5128,#5129);
#4363=AXIS2_PLACEMENT_3D('',#6666,#5131,#5132);
#4364=AXIS2_PLACEMENT_3D('',#6669,#5134,#5135);
#4365=AXIS2_PLACEMENT_3D('',#6670,#5136,#5137);
#4366=AXIS2_PLACEMENT_3D('',#6672,#5139,#5140);
#4367=AXIS2_PLACEMENT_3D('',#6673,#5141,#5142);
#4368=AXIS2_PLACEMENT_3D('',#6680,#5146,#5147);
#4369=AXIS2_PLACEMENT_3D('',#6686,#5151,#5152);
#4370=AXIS2_PLACEMENT_3D('',#6693,#5156,#5157);
#4371=AXIS2_PLACEMENT_3D('',#6696,#5160,#5161);
#4372=AXIS2_PLACEMENT_3D('',#6703,#5165,#5166);
#4373=AXIS2_PLACEMENT_3D('',#6709,#5170,#5171);
#4374=AXIS2_PLACEMENT_3D('',#6715,#5175,#5176);
#4375=AXIS2_PLACEMENT_3D('',#6717,#5178,#5179);
#4376=AXIS2_PLACEMENT_3D('',#6724,#5183,#5184);
#4377=AXIS2_PLACEMENT_3D('',#6727,#5187,#5188);
#4378=AXIS2_PLACEMENT_3D('',#6730,#5191,#5192);
#4379=AXIS2_PLACEMENT_3D('',#6736,#5196,#5197);
#4380=AXIS2_PLACEMENT_3D('',#6738,#5199,#5200);
#4381=AXIS2_PLACEMENT_3D('',#6740,#5202,#5203);
#4382=AXIS2_PLACEMENT_3D('',#6743,#5206,#5207);
#4383=AXIS2_PLACEMENT_3D('',#6746,#5210,#5211);
#4384=AXIS2_PLACEMENT_3D('',#6748,#5213,#5214);
#4385=AXIS2_PLACEMENT_3D('',#6751,#5217,#5218);
#4386=AXIS2_PLACEMENT_3D('',#6754,#5221,#5222);
#4387=AXIS2_PLACEMENT_3D('',#6757,#5225,#5226);
#4388=AXIS2_PLACEMENT_3D('',#6766,#5231,#5232);
#4389=AXIS2_PLACEMENT_3D('',#6767,#5233,#5234);
#4390=AXIS2_PLACEMENT_3D('',#6768,#5235,#5236);
#4391=AXIS2_PLACEMENT_3D('',#6769,#5237,#5238);
#4392=AXIS2_PLACEMENT_3D('',#6770,#5239,#5240);
#4393=AXIS2_PLACEMENT_3D('',#6776,#5244,#5245);
#4394=AXIS2_PLACEMENT_3D('',#6782,#5249,#5250);
#4395=AXIS2_PLACEMENT_3D('',#6788,#5254,#5255);
#4396=AXIS2_PLACEMENT_3D('',#6790,#5257,#5258);
#4397=AXIS2_PLACEMENT_3D('',#6796,#5262,#5263);
#4398=AXIS2_PLACEMENT_3D('',#6798,#5265,#5266);
#4399=AXIS2_PLACEMENT_3D('',#6804,#5270,#5271);
#4400=AXIS2_PLACEMENT_3D('',#6806,#5273,#5274);
#4401=AXIS2_PLACEMENT_3D('',#6812,#5278,#5279);
#4402=AXIS2_PLACEMENT_3D('',#6818,#5283,#5284);
#4403=AXIS2_PLACEMENT_3D('',#6820,#5286,#5287);
#4404=AXIS2_PLACEMENT_3D('',#6822,#5289,#5290);
#4405=AXIS2_PLACEMENT_3D('',#6828,#5294,#5295);
#4406=AXIS2_PLACEMENT_3D('',#6830,#5297,#5298);
#4407=AXIS2_PLACEMENT_3D('',#6833,#5301,#5302);
#4408=AXIS2_PLACEMENT_3D('',#6835,#5304,#5305);
#4409=AXIS2_PLACEMENT_3D('',#6837,#5307,#5308);
#4410=AXIS2_PLACEMENT_3D('',#6840,#5311,#5312);
#4411=AXIS2_PLACEMENT_3D('',#6843,#5315,#5316);
#4412=AXIS2_PLACEMENT_3D('',#6846,#5319,#5320);
#4413=AXIS2_PLACEMENT_3D('',#6847,#5321,#5322);
#4414=AXIS2_PLACEMENT_3D('',#6848,#5323,#5324);
#4415=AXIS2_PLACEMENT_3D('',#6849,#5325,#5326);
#4416=AXIS2_PLACEMENT_3D('',#6850,#5327,#5328);
#4417=AXIS2_PLACEMENT_3D('',#6852,#5330,#5331);
#4418=AXIS2_PLACEMENT_3D('',#6853,#5332,#5333);
#4419=AXIS2_PLACEMENT_3D('',#6859,#5337,#5338);
#4420=AXIS2_PLACEMENT_3D('',#6869,#5344,#5345);
#4421=AXIS2_PLACEMENT_3D('',#6879,#5351,#5352);
#4422=AXIS2_PLACEMENT_3D('',#6882,#5355,#5356);
#4423=AXIS2_PLACEMENT_3D('',#6884,#5358,#5359);
#4424=AXIS2_PLACEMENT_3D('',#6885,#5360,#5361);
#4425=AXIS2_PLACEMENT_3D('',#6887,#5363,#5364);
#4426=AXIS2_PLACEMENT_3D('',#6888,#5365,#5366);
#4427=AXIS2_PLACEMENT_3D('',#6894,#5370,#5371);
#4428=AXIS2_PLACEMENT_3D('',#6904,#5377,#5378);
#4429=AXIS2_PLACEMENT_3D('',#6914,#5384,#5385);
#4430=AXIS2_PLACEMENT_3D('',#6917,#5388,#5389);
#4431=AXIS2_PLACEMENT_3D('',#6919,#5391,#5392);
#4432=AXIS2_PLACEMENT_3D('',#6920,#5393,#5394);
#4433=AXIS2_PLACEMENT_3D('',#6922,#5396,#5397);
#4434=AXIS2_PLACEMENT_3D('',#6923,#5398,#5399);
#4435=AXIS2_PLACEMENT_3D('',#6929,#5403,#5404);
#4436=AXIS2_PLACEMENT_3D('',#6939,#5410,#5411);
#4437=AXIS2_PLACEMENT_3D('',#6949,#5417,#5418);
#4438=AXIS2_PLACEMENT_3D('',#6952,#5421,#5422);
#4439=AXIS2_PLACEMENT_3D('',#6954,#5424,#5425);
#4440=AXIS2_PLACEMENT_3D('',#6955,#5426,#5427);
#4441=AXIS2_PLACEMENT_3D('',#6957,#5429,#5430);
#4442=AXIS2_PLACEMENT_3D('',#6958,#5431,#5432);
#4443=AXIS2_PLACEMENT_3D('',#6964,#5436,#5437);
#4444=AXIS2_PLACEMENT_3D('',#6974,#5443,#5444);
#4445=AXIS2_PLACEMENT_3D('',#6984,#5450,#5451);
#4446=AXIS2_PLACEMENT_3D('',#6987,#5454,#5455);
#4447=AXIS2_PLACEMENT_3D('',#6989,#5457,#5458);
#4448=AXIS2_PLACEMENT_3D('',#6990,#5459,#5460);
#4449=AXIS2_PLACEMENT_3D('',#6992,#5462,#5463);
#4450=AXIS2_PLACEMENT_3D('',#6993,#5464,#5465);
#4451=AXIS2_PLACEMENT_3D('',#6999,#5469,#5470);
#4452=AXIS2_PLACEMENT_3D('',#7009,#5476,#5477);
#4453=AXIS2_PLACEMENT_3D('',#7019,#5483,#5484);
#4454=AXIS2_PLACEMENT_3D('',#7022,#5487,#5488);
#4455=AXIS2_PLACEMENT_3D('',#7024,#5490,#5491);
#4456=AXIS2_PLACEMENT_3D('',#7025,#5492,#5493);
#4457=AXIS2_PLACEMENT_3D('',#7027,#5495,#5496);
#4458=AXIS2_PLACEMENT_3D('',#7028,#5497,#5498);
#4459=AXIS2_PLACEMENT_3D('',#7034,#5502,#5503);
#4460=AXIS2_PLACEMENT_3D('',#7044,#5509,#5510);
#4461=AXIS2_PLACEMENT_3D('',#7054,#5516,#5517);
#4462=AXIS2_PLACEMENT_3D('',#7057,#5520,#5521);
#4463=AXIS2_PLACEMENT_3D('',#7059,#5523,#5524);
#4464=AXIS2_PLACEMENT_3D('',#7060,#5525,#5526);
#4465=AXIS2_PLACEMENT_3D('',#7062,#5528,#5529);
#4466=AXIS2_PLACEMENT_3D('',#7063,#5530,#5531);
#4467=AXIS2_PLACEMENT_3D('',#7069,#5535,#5536);
#4468=AXIS2_PLACEMENT_3D('',#7079,#5542,#5543);
#4469=AXIS2_PLACEMENT_3D('',#7089,#5549,#5550);
#4470=AXIS2_PLACEMENT_3D('',#7092,#5553,#5554);
#4471=AXIS2_PLACEMENT_3D('',#7094,#5556,#5557);
#4472=AXIS2_PLACEMENT_3D('',#7095,#5558,#5559);
#4473=AXIS2_PLACEMENT_3D('',#7097,#5561,#5562);
#4474=AXIS2_PLACEMENT_3D('',#7098,#5563,#5564);
#4475=AXIS2_PLACEMENT_3D('',#7104,#5568,#5569);
#4476=AXIS2_PLACEMENT_3D('',#7114,#5575,#5576);
#4477=AXIS2_PLACEMENT_3D('',#7124,#5582,#5583);
#4478=AXIS2_PLACEMENT_3D('',#7127,#5586,#5587);
#4479=AXIS2_PLACEMENT_3D('',#7129,#5589,#5590);
#4480=AXIS2_PLACEMENT_3D('',#7130,#5591,#5592);
#4481=AXIS2_PLACEMENT_3D('',#7132,#5594,#5595);
#4482=DIRECTION('axis',(0.,0.,1.));
#4483=DIRECTION('refdir',(1.,0.,0.));
#4484=DIRECTION('center_axis',(-0.252538136138053,0.707106781186548,-0.660472928889532));
#4485=DIRECTION('ref_axis',(-0.934049773615858,0.,0.357142857142858));
#4486=DIRECTION('',(0.252538136138048,0.707106781186546,0.660472928889536));
#4487=DIRECTION('',(0.934049773615858,3.11101069444272E-16,-0.357142857142858));
#4488=DIRECTION('',(-0.252538136138053,-0.707106781186547,-0.660472928889533));
#4489=DIRECTION('',(-0.934049773615858,-3.11101069444272E-16,0.357142857142858));
#4490=DIRECTION('center_axis',(0.,1.,0.));
#4491=DIRECTION('ref_axis',(-0.566946709513841,-1.0490621510629E-16,0.823754471047914));
#4492=DIRECTION('center_axis',(3.33066907387547E-16,-1.,0.));
#4493=DIRECTION('ref_axis',(-0.566946709513841,0.,0.823754471047914));
#4494=DIRECTION('',(-0.707106781186559,0.707106781186536,0.));
#4495=DIRECTION('center_axis',(-3.33066907387547E-16,1.,0.));
#4496=DIRECTION('ref_axis',(-0.566946709513841,-1.88831187191321E-16,0.823754471047913));
#4497=DIRECTION('center_axis',(0.707106781186549,0.707106781186546,-2.51214793389405E-16));
#4498=DIRECTION('ref_axis',(-3.5527136788005E-16,0.,-1.));
#4499=DIRECTION('',(-0.707106781186546,0.707106781186549,-1.57009245868378E-15));
#4500=DIRECTION('',(3.5527136788005E-16,1.18329135783152E-31,1.));
#4501=DIRECTION('',(-3.5527136788005E-16,-1.18329135783152E-31,-1.));
#4502=DIRECTION('center_axis',(0.,1.,0.));
#4503=DIRECTION('ref_axis',(-0.566946709513843,-1.0490621510629E-16,-0.823754471047913));
#4504=DIRECTION('center_axis',(3.33066907387547E-16,-1.,0.));
#4505=DIRECTION('ref_axis',(-0.566946709513843,0.,-0.823754471047913));
#4506=DIRECTION('',(0.252538136138058,0.707106781186537,-0.660472928889542));
#4507=DIRECTION('center_axis',(-3.33066907387547E-16,1.,0.));
#4508=DIRECTION('ref_axis',(-0.566946709513843,-1.88831187191322E-16,-0.823754471047913));
#4509=DIRECTION('center_axis',(-0.252538136138053,0.707106781186547,0.660472928889533));
#4510=DIRECTION('ref_axis',(0.934049773615858,0.,0.357142857142858));
#4511=DIRECTION('',(0.252538136138052,0.707106781186549,-0.660472928889532));
#4512=DIRECTION('',(-0.934049773615859,-3.11101069444272E-16,-0.357142857142858));
#4513=DIRECTION('',(0.934049773615859,3.11101069444272E-16,0.357142857142858));
#4514=DIRECTION('center_axis',(0.,1.,0.));
#4515=DIRECTION('ref_axis',(0.823754471047914,1.52425196732552E-16,-0.566946709513841));
#4516=DIRECTION('center_axis',(3.33066907387547E-16,-1.,0.));
#4517=DIRECTION('ref_axis',(0.823754471047914,0.,-0.566946709513841));
#4518=DIRECTION('',(0.707106781186553,0.707106781186542,7.85046229341889E-16));
#4519=DIRECTION('center_axis',(-3.33066907387547E-16,1.,0.));
#4520=DIRECTION('ref_axis',(0.823754471047914,2.74365354118593E-16,-0.566946709513841));
#4521=DIRECTION('center_axis',(-0.707106781186547,0.707106781186548,0.));
#4522=DIRECTION('ref_axis',(0.,0.,1.));
#4523=DIRECTION('',(0.707106781186548,0.707106781186547,7.85046229341887E-16));
#4524=DIRECTION('',(0.,0.,-1.));
#4525=DIRECTION('',(0.,0.,1.));
#4526=DIRECTION('center_axis',(0.,1.,0.));
#4527=DIRECTION('ref_axis',(0.823754471047914,1.52425196732552E-16,0.566946709513841));
#4528=DIRECTION('center_axis',(3.33066907387547E-16,-1.,0.));
#4529=DIRECTION('ref_axis',(0.823754471047914,0.,0.566946709513841));
#4530=DIRECTION('center_axis',(-3.33066907387547E-16,1.,0.));
#4531=DIRECTION('ref_axis',(0.823754471047914,2.74365354118593E-16,0.566946709513841));
#4532=DIRECTION('center_axis',(0.,-1.,0.));
#4533=DIRECTION('ref_axis',(-0.566946709513843,0.,-0.823754471047913));
#4534=DIRECTION('',(0.,-1.,0.));
#4535=DIRECTION('center_axis',(-1.22464679914735E-16,1.,0.));
#4536=DIRECTION('ref_axis',(-0.566946709513843,0.,-0.823754471047913));
#4537=DIRECTION('',(0.,1.,0.));
#4538=DIRECTION('center_axis',(-1.,0.,3.5527136788005E-16));
#4539=DIRECTION('ref_axis',(-3.5527136788005E-16,-1.18329135783152E-31,
-1.));
#4540=DIRECTION('',(0.,1.,0.));
#4541=DIRECTION('',(3.5527136788005E-16,4.35081943503005E-32,1.));
#4542=DIRECTION('center_axis',(0.,-1.,0.));
#4543=DIRECTION('ref_axis',(-0.566946709513841,0.,0.823754471047914));
#4544=DIRECTION('',(0.,-1.,0.));
#4545=DIRECTION('center_axis',(-1.22464679914735E-16,1.,0.));
#4546=DIRECTION('ref_axis',(-0.566946709513841,0.,0.823754471047914));
#4547=DIRECTION('center_axis',(0.357142857142858,0.,0.934049773615858));
#4548=DIRECTION('ref_axis',(-0.934049773615858,-3.11101069444272E-16,0.357142857142858));
#4549=DIRECTION('',(0.,1.,0.));
#4550=DIRECTION('',(0.934049773615858,1.14388106550297E-16,-0.357142857142858));
#4551=DIRECTION('center_axis',(-3.33066907387547E-16,1.,0.));
#4552=DIRECTION('ref_axis',(-1.,-3.33066907387547E-16,0.));
#4553=DIRECTION('center_axis',(3.33066907387547E-16,-1.,0.));
#4554=DIRECTION('ref_axis',(-0.707106781186548,-2.35513868802566E-16,0.707106781186548));
#4555=DIRECTION('',(-1.,-3.33066907387547E-16,0.));
#4556=DIRECTION('center_axis',(3.33066907387547E-16,-1.,0.));
#4557=DIRECTION('ref_axis',(0.707106781186547,2.35513868802566E-16,0.707106781186547));
#4558=DIRECTION('',(0.,0.,1.));
#4559=DIRECTION('',(1.,3.33066907387547E-16,0.));
#4560=DIRECTION('',(0.707106781186548,0.,0.707106781186547));
#4561=DIRECTION('',(0.,0.,1.));
#4562=DIRECTION('',(-0.707106781186548,0.,0.707106781186548));
#4563=DIRECTION('',(-1.,-3.33066907387547E-16,0.));
#4564=DIRECTION('',(0.,0.,1.));
#4565=DIRECTION('center_axis',(3.33066907387547E-16,-1.,0.));
#4566=DIRECTION('ref_axis',(0.707106781186547,2.35513868802566E-16,-0.707106781186547));
#4567=DIRECTION('',(1.,3.33066907387547E-16,0.));
#4568=DIRECTION('center_axis',(3.33066907387547E-16,-1.,0.));
#4569=DIRECTION('ref_axis',(-0.707106781186548,-2.35513868802566E-16,-0.707106781186548));
#4570=DIRECTION('',(0.,0.,-1.));
#4571=DIRECTION('center_axis',(-3.33066907387547E-16,1.,0.));
#4572=DIRECTION('ref_axis',(0.707106781186549,2.35513868802567E-16,0.707106781186547));
#4573=DIRECTION('',(1.,3.33066907387547E-16,-2.69144975666705E-16));
#4574=DIRECTION('',(0.906382730865498,3.01886093078851E-16,0.422457506962301));
#4575=DIRECTION('',(0.,0.,1.));
#4576=DIRECTION('',(1.,3.33066907387547E-16,0.));
#4577=DIRECTION('center_axis',(3.33066907387547E-16,-1.,0.));
#4578=DIRECTION('ref_axis',(-0.707106781186548,-2.35513868802566E-16,-0.707106781186548));
#4579=DIRECTION('',(0.,0.,-1.));
#4580=DIRECTION('center_axis',(3.33066907387547E-16,-1.,0.));
#4581=DIRECTION('ref_axis',(-0.850650808352041,-2.83323634004531E-16,0.525731112119132));
#4582=DIRECTION('',(-0.894427190999916,-2.97904098389673E-16,-0.447213595499958));
#4583=DIRECTION('center_axis',(-3.33066907387547E-16,1.,0.));
#4584=DIRECTION('ref_axis',(0.85065080835204,2.83323634004531E-16,-0.525731112119133));
#4585=DIRECTION('',(2.03171370914403E-16,6.76696601801483E-32,-1.));
#4586=DIRECTION('center_axis',(-3.33066907387547E-16,1.,0.));
#4587=DIRECTION('ref_axis',(0.85065080835204,2.83323634004531E-16,0.525731112119133));
#4588=DIRECTION('',(0.894427190999916,2.97904098389673E-16,-0.447213595499958));
#4589=DIRECTION('center_axis',(3.33066907387547E-16,-1.,0.));
#4590=DIRECTION('ref_axis',(-0.85065080835204,-2.83323634004531E-16,-0.525731112119133));
#4591=DIRECTION('',(0.,0.,-1.));
#4592=DIRECTION('center_axis',(3.33066907387547E-16,-1.,0.));
#4593=DIRECTION('ref_axis',(-0.707106781186548,-2.35513868802566E-16,0.707106781186548));
#4594=DIRECTION('',(-1.,-3.33066907387547E-16,0.));
#4595=DIRECTION('',(0.,0.,1.));
#4596=DIRECTION('',(-0.906382730865498,-3.01886093078851E-16,0.422457506962301));
#4597=DIRECTION('',(-1.,-3.33066907387547E-16,-2.69144975666705E-16));
#4598=DIRECTION('center_axis',(-3.33066907387547E-16,1.,0.));
#4599=DIRECTION('ref_axis',(0.707106781186549,2.35513868802567E-16,-0.707106781186547));
#4600=DIRECTION('',(0.,0.,-1.));
#4601=DIRECTION('',(0.,0.,-1.));
#4602=DIRECTION('',(1.,3.33066907387547E-16,0.));
#4603=DIRECTION('',(0.,0.,1.));
#4604=DIRECTION('',(-1.,-3.33066907387547E-16,0.));
#4605=DIRECTION('',(-1.,-3.33066907387547E-16,0.));
#4606=DIRECTION('',(0.,0.,-1.));
#4607=DIRECTION('',(1.,3.33066907387547E-16,0.));
#4608=DIRECTION('',(0.,0.,1.));
#4609=DIRECTION('',(1.,3.33066907387547E-16,-3.5527136788005E-16));
#4610=DIRECTION('',(3.70579452869392E-16,1.23427752308578E-31,1.));
#4611=DIRECTION('',(-1.,-3.33066907387547E-16,3.5527136788005E-16));
#4612=DIRECTION('',(-3.39963282890708E-16,-1.13230519257726E-31,-1.));
#4613=DIRECTION('',(-1.,-3.33066907387547E-16,9.99200722162641E-17));
#4614=DIRECTION('',(0.,0.,-1.));
#4615=DIRECTION('',(1.,3.33066907387547E-16,0.));
#4616=DIRECTION('',(0.,0.,1.));
#4617=DIRECTION('',(1.,3.33066907387547E-16,4.55191440096314E-16));
#4618=DIRECTION('',(-3.39963282890708E-16,-1.13230519257726E-31,1.));
#4619=DIRECTION('',(-1.,-3.33066907387547E-16,-3.5527136788005E-16));
#4620=DIRECTION('',(3.70579452869392E-16,1.23427752308578E-31,-1.));
#4621=DIRECTION('',(1.,3.33066907387547E-16,0.));
#4622=DIRECTION('',(0.,0.,1.));
#4623=DIRECTION('',(-1.,-3.33066907387547E-16,0.));
#4624=DIRECTION('',(0.,0.,-1.));
#4625=DIRECTION('',(-1.,-3.33066907387547E-16,-3.5527136788005E-16));
#4626=DIRECTION('',(3.39963282890708E-16,1.13230519257726E-31,-1.));
#4627=DIRECTION('',(1.,3.33066907387547E-16,3.5527136788005E-16));
#4628=DIRECTION('',(-3.70579452869392E-16,-1.23427752308578E-31,1.));
#4629=DIRECTION('',(1.,3.33066907387547E-16,9.99200722162641E-17));
#4630=DIRECTION('',(0.,0.,1.));
#4631=DIRECTION('',(-1.,-3.33066907387547E-16,0.));
#4632=DIRECTION('',(0.,0.,-1.));
#4633=DIRECTION('',(-1.,-3.33066907387547E-16,4.55191440096314E-16));
#4634=DIRECTION('',(-3.70579452869392E-16,-1.23427752308578E-31,-1.));
#4635=DIRECTION('',(1.,3.33066907387547E-16,-3.5527136788005E-16));
#4636=DIRECTION('',(3.39963282890708E-16,1.13230519257726E-31,1.));
#4637=DIRECTION('',(-1.,-3.33066907387547E-16,0.));
#4638=DIRECTION('',(0.,0.,-1.));
#4639=DIRECTION('',(1.,3.33066907387547E-16,0.));
#4640=DIRECTION('',(0.,0.,1.));
#4641=DIRECTION('center_axis',(-0.252538136138053,-0.707106781186548,-0.660472928889533));
#4642=DIRECTION('ref_axis',(-0.934049773615858,0.,0.357142857142858));
#4643=DIRECTION('',(0.252538136138054,-0.707106781186546,0.660472928889534));
#4644=DIRECTION('',(-0.934049773615858,-1.14388106550297E-16,0.357142857142858));
#4645=DIRECTION('',(-0.252538136138051,0.707106781186546,-0.660472928889535));
#4646=DIRECTION('center_axis',(0.,-1.,0.));
#4647=DIRECTION('ref_axis',(0.823754471047914,5.60449042362305E-17,0.566946709513841));
#4648=DIRECTION('center_axis',(-1.22464679914735E-16,1.,0.));
#4649=DIRECTION('ref_axis',(0.823754471047914,0.,0.566946709513841));
#4650=DIRECTION('',(0.707106781186555,-0.70710678118654,0.));
#4651=DIRECTION('center_axis',(1.22464679914735E-16,-1.,0.));
#4652=DIRECTION('ref_axis',(0.823754471047914,1.00880827625215E-16,0.566946709513841));
#4653=DIRECTION('center_axis',(-0.707106781186546,-0.707106781186549,0.));
#4654=DIRECTION('ref_axis',(0.,0.,1.));
#4655=DIRECTION('',(0.707106781186549,-0.707106781186546,0.));
#4656=DIRECTION('',(0.,0.,1.));
#4657=DIRECTION('',(0.,0.,-1.));
#4658=DIRECTION('center_axis',(0.,-1.,0.));
#4659=DIRECTION('ref_axis',(0.823754471047914,5.60449042362305E-17,-0.566946709513841));
#4660=DIRECTION('center_axis',(-1.22464679914735E-16,1.,0.));
#4661=DIRECTION('ref_axis',(0.823754471047914,0.,-0.566946709513841));
#4662=DIRECTION('',(0.252538136138055,-0.707106781186541,-0.660472928889539));
#4663=DIRECTION('center_axis',(1.22464679914735E-16,-1.,0.));
#4664=DIRECTION('ref_axis',(0.823754471047914,1.00880827625215E-16,-0.566946709513841));
#4665=DIRECTION('center_axis',(-0.252538136138051,-0.707106781186552,0.660472928889529));
#4666=DIRECTION('ref_axis',(0.934049773615859,0.,0.357142857142857));
#4667=DIRECTION('',(0.25253813613806,-0.707106781186544,-0.660472928889534));
#4668=DIRECTION('',(0.934049773615859,1.14388106550297E-16,0.357142857142858));
#4669=DIRECTION('',(-0.934049773615859,-1.14388106550297E-16,-0.357142857142858));
#4670=DIRECTION('center_axis',(0.,-1.,0.));
#4671=DIRECTION('ref_axis',(-0.566946709513843,-3.85727485051807E-17,-0.823754471047913));
#4672=DIRECTION('',(-0.707106781186551,-0.707106781186544,0.));
#4673=DIRECTION('center_axis',(1.22464679914735E-16,-1.,0.));
#4674=DIRECTION('ref_axis',(-0.566946709513843,-6.94309473093252E-17,-0.823754471047913));
#4675=DIRECTION('center_axis',(0.707106781186549,-0.707106781186546,-2.51214793389404E-16));
#4676=DIRECTION('ref_axis',(-3.5527136788005E-16,0.,-1.));
#4677=DIRECTION('',(-0.707106781186549,-0.707106781186546,0.));
#4678=DIRECTION('',(-3.5527136788005E-16,-4.35081943503005E-32,-1.));
#4679=DIRECTION('center_axis',(0.,-1.,0.));
#4680=DIRECTION('ref_axis',(-0.566946709513841,-3.85727485051806E-17,0.823754471047914));
#4681=DIRECTION('center_axis',(1.22464679914735E-16,-1.,0.));
#4682=DIRECTION('ref_axis',(-0.566946709513841,-6.9430947309325E-17,0.823754471047914));
#4683=DIRECTION('center_axis',(0.,-1.,0.));
#4684=DIRECTION('ref_axis',(0.823754471047914,0.,-0.566946709513841));
#4685=DIRECTION('',(0.,-1.,0.));
#4686=DIRECTION('',(0.,1.,0.));
#4687=DIRECTION('center_axis',(1.,0.,0.));
#4688=DIRECTION('ref_axis',(0.,0.,1.));
#4689=DIRECTION('',(0.,-1.,0.));
#4690=DIRECTION('center_axis',(0.,-1.,0.));
#4691=DIRECTION('ref_axis',(0.823754471047914,0.,0.566946709513841));
#4692=DIRECTION('center_axis',(1.22464679914735E-16,-1.,0.));
#4693=DIRECTION('ref_axis',(1.,1.22464679914735E-16,0.));
#4694=DIRECTION('',(-1.,-1.22464679914735E-16,0.));
#4695=DIRECTION('',(0.,0.,1.));
#4696=DIRECTION('',(-0.906382730865498,-1.10999871015687E-16,-0.422457506962301));
#4697=DIRECTION('',(-1.,-1.22464679914735E-16,2.69144975666705E-16));
#4698=DIRECTION('center_axis',(1.22464679914735E-16,-1.,0.));
#4699=DIRECTION('ref_axis',(0.707106781186549,8.65956056235495E-17,0.707106781186547));
#4700=DIRECTION('',(0.,0.,1.));
#4701=DIRECTION('center_axis',(-1.22464679914735E-16,1.,0.));
#4702=DIRECTION('ref_axis',(-0.707106781186548,-8.65956056235493E-17,-0.707106781186548));
#4703=DIRECTION('',(-1.,-1.22464679914735E-16,0.));
#4704=DIRECTION('center_axis',(-1.22464679914735E-16,1.,0.));
#4705=DIRECTION('ref_axis',(0.707106781186548,8.65956056235493E-17,-0.707106781186548));
#4706=DIRECTION('',(0.,0.,-1.));
#4707=DIRECTION('center_axis',(-1.22464679914735E-16,1.,0.));
#4708=DIRECTION('ref_axis',(0.707106781186548,8.65956056235493E-17,0.707106781186548));
#4709=DIRECTION('',(1.,1.22464679914735E-16,0.));
#4710=DIRECTION('center_axis',(-1.22464679914735E-16,1.,0.));
#4711=DIRECTION('ref_axis',(-0.707106781186548,-8.65956056235493E-17,0.707106781186548));
#4712=DIRECTION('',(0.,0.,1.));
#4713=DIRECTION('center_axis',(1.22464679914735E-16,-1.,0.));
#4714=DIRECTION('ref_axis',(0.707106781186549,8.65956056235495E-17,-0.707106781186547));
#4715=DIRECTION('',(1.,1.22464679914735E-16,2.69144975666705E-16));
#4716=DIRECTION('',(0.906382730865498,1.10999871015687E-16,-0.422457506962301));
#4717=DIRECTION('',(0.,0.,1.));
#4718=DIRECTION('',(1.,1.22464679914735E-16,0.));
#4719=DIRECTION('center_axis',(-1.22464679914735E-16,1.,0.));
#4720=DIRECTION('ref_axis',(-0.707106781186548,-8.65956056235493E-17,0.707106781186548));
#4721=DIRECTION('',(0.,0.,1.));
#4722=DIRECTION('center_axis',(-1.22464679914735E-16,1.,0.));
#4723=DIRECTION('ref_axis',(-0.85065080835204,-1.04174678964043E-16,-0.525731112119133));
#4724=DIRECTION('',(-0.894427190999916,-1.09535739652841E-16,0.447213595499958));
#4725=DIRECTION('center_axis',(1.22464679914735E-16,-1.,0.));
#4726=DIRECTION('ref_axis',(0.85065080835204,1.04174678964043E-16,0.525731112119133));
#4727=DIRECTION('',(-2.03171370914403E-16,-2.48813169068703E-32,1.));
#4728=DIRECTION('center_axis',(1.22464679914735E-16,-1.,0.));
#4729=DIRECTION('ref_axis',(0.85065080835204,1.04174678964043E-16,-0.525731112119133));
#4730=DIRECTION('',(0.894427190999916,1.09535739652841E-16,0.447213595499958));
#4731=DIRECTION('center_axis',(-1.22464679914735E-16,1.,0.));
#4732=DIRECTION('ref_axis',(-0.850650808352041,-1.04174678964044E-16,0.525731112119132));
#4733=DIRECTION('',(0.,0.,1.));
#4734=DIRECTION('center_axis',(-1.22464679914735E-16,1.,0.));
#4735=DIRECTION('ref_axis',(-0.707106781186548,-8.65956056235493E-17,-0.707106781186548));
#4736=DIRECTION('center_axis',(0.357142857142858,0.,-0.934049773615859));
#4737=DIRECTION('ref_axis',(0.934049773615859,3.11101069444272E-16,0.357142857142858));
#4738=DIRECTION('center_axis',(8.65956056235492E-17,-0.707106781186546,
-0.707106781186549));
#4739=DIRECTION('ref_axis',(-1.,0.,-1.22464679914735E-16));
#4740=DIRECTION('',(3.14018491736756E-16,-0.707106781186549,0.707106781186546));
#4741=DIRECTION('',(0.,0.707106781186549,-0.707106781186546));
#4742=DIRECTION('',(1.,1.22464679914735E-16,0.));
#4743=DIRECTION('center_axis',(0.,1.,0.));
#4744=DIRECTION('ref_axis',(-0.707106781186548,-3.84869358326886E-17,-0.707106781186548));
#4745=DIRECTION('',(-0.707106781186553,0.707106781186542,0.));
#4746=DIRECTION('center_axis',(1.22464679914735E-16,-1.,0.));
#4747=DIRECTION('ref_axis',(-0.707106781186547,0.,-0.707106781186547));
#4748=DIRECTION('center_axis',(-0.707106781186549,-0.707106781186546,0.));
#4749=DIRECTION('ref_axis',(0.,0.,1.));
#4750=DIRECTION('',(-0.707106781186546,0.707106781186549,0.));
#4751=DIRECTION('',(0.,0.,-1.));
#4752=DIRECTION('center_axis',(0.,1.,0.));
#4753=DIRECTION('ref_axis',(-0.850650808352041,-4.62998573173527E-17,0.525731112119132));
#4754=DIRECTION('',(-0.31622776601684,0.707106781186548,0.632455532033674));
#4755=DIRECTION('center_axis',(1.22464679914735E-16,-1.,0.));
#4756=DIRECTION('ref_axis',(-0.850650808352041,0.,0.525731112119132));
#4757=DIRECTION('center_axis',(-0.316227766016837,-0.707106781186549,0.632455532033675));
#4758=DIRECTION('ref_axis',(0.894427190999916,0.,0.447213595499958));
#4759=DIRECTION('',(-0.316227766016839,0.707106781186546,0.632455532033677));
#4760=DIRECTION('',(-0.894427190999916,-1.09535739652841E-16,-0.447213595499958));
#4761=DIRECTION('center_axis',(0.,-1.,0.));
#4762=DIRECTION('ref_axis',(0.85065080835204,5.68225521622055E-17,-0.525731112119133));
#4763=DIRECTION('',(-0.707106781186549,0.707106781186546,0.));
#4764=DIRECTION('center_axis',(-1.22464679914735E-16,1.,0.));
#4765=DIRECTION('ref_axis',(0.85065080835204,0.,-0.525731112119133));
#4766=DIRECTION('center_axis',(-0.707106781186552,-0.707106781186543,-1.43663854116542E-16));
#4767=DIRECTION('ref_axis',(-2.03171370914403E-16,0.,1.));
#4768=DIRECTION('',(-0.707106781186543,0.707106781186552,0.));
#4769=DIRECTION('',(2.03171370914403E-16,2.48813169068703E-32,-1.));
#4770=DIRECTION('center_axis',(0.,-1.,0.));
#4771=DIRECTION('ref_axis',(0.85065080835204,5.68225521622055E-17,0.525731112119133));
#4772=DIRECTION('',(-0.316227766016837,0.70710678118655,-0.632455532033674));
#4773=DIRECTION('center_axis',(-1.22464679914735E-16,1.,0.));
#4774=DIRECTION('ref_axis',(0.85065080835204,0.,0.525731112119133));
#4775=DIRECTION('center_axis',(-0.316227766016837,-0.70710678118655,-0.632455532033674));
#4776=DIRECTION('ref_axis',(-0.894427190999916,0.,0.447213595499958));
#4777=DIRECTION('',(-0.316227766016839,0.707106781186545,-0.632455532033678));
#4778=DIRECTION('',(0.894427190999916,1.09535739652841E-16,-0.447213595499958));
#4779=DIRECTION('center_axis',(0.,1.,0.));
#4780=DIRECTION('ref_axis',(-0.85065080835204,-4.62998573173527E-17,-0.525731112119133));
#4781=DIRECTION('',(-0.707106781186547,0.707106781186548,0.));
#4782=DIRECTION('center_axis',(1.22464679914735E-16,-1.,0.));
#4783=DIRECTION('ref_axis',(-0.85065080835204,0.,-0.525731112119133));
#4784=DIRECTION('center_axis',(-0.707106781186549,-0.707106781186546,0.));
#4785=DIRECTION('ref_axis',(0.,0.,1.));
#4786=DIRECTION('',(-0.707106781186546,0.707106781186549,0.));
#4787=DIRECTION('',(0.,0.,-1.));
#4788=DIRECTION('center_axis',(0.,1.,0.));
#4789=DIRECTION('ref_axis',(-0.707106781186548,-3.84869358326886E-17,0.707106781186548));
#4790=DIRECTION('',(0.,0.707106781186548,0.707106781186547));
#4791=DIRECTION('center_axis',(1.22464679914735E-16,-1.,0.));
#4792=DIRECTION('ref_axis',(-0.707106781186547,0.,0.707106781186547));
#4793=DIRECTION('center_axis',(8.65956056235492E-17,-0.707106781186546,
0.707106781186549));
#4794=DIRECTION('ref_axis',(1.,0.,-1.22464679914735E-16));
#4795=DIRECTION('',(-3.14018491736756E-16,0.707106781186549,0.707106781186546));
#4796=DIRECTION('',(-1.,-1.22464679914735E-16,0.));
#4797=DIRECTION('center_axis',(0.,0.,-1.));
#4798=DIRECTION('ref_axis',(-1.,0.,0.));
#4799=DIRECTION('',(0.,-1.,0.));
#4800=DIRECTION('',(-1.,-3.33066907387547E-16,0.));
#4801=DIRECTION('',(4.44089209850063E-16,-1.,0.));
#4802=DIRECTION('center_axis',(0.,1.,0.));
#4803=DIRECTION('ref_axis',(-0.707106781186547,0.,-0.707106781186547));
#4804=DIRECTION('',(0.,1.,0.));
#4805=DIRECTION('center_axis',(-3.33066907387547E-16,1.,0.));
#4806=DIRECTION('ref_axis',(-0.707106781186547,0.,-0.707106781186547));
#4807=DIRECTION('center_axis',(-1.,0.,0.));
#4808=DIRECTION('ref_axis',(0.,-1.,0.));
#4809=DIRECTION('',(0.,-1.,0.));
#4810=DIRECTION('',(0.,0.,1.));
#4811=DIRECTION('center_axis',(0.,1.,0.));
#4812=DIRECTION('ref_axis',(-0.850650808352041,0.,0.525731112119132));
#4813=DIRECTION('',(0.,1.,0.));
#4814=DIRECTION('center_axis',(-3.33066907387547E-16,1.,0.));
#4815=DIRECTION('ref_axis',(-0.850650808352041,0.,0.525731112119132));
#4816=DIRECTION('center_axis',(-0.447213595499958,0.,0.894427190999916));
#4817=DIRECTION('ref_axis',(0.894427190999916,0.,0.447213595499958));
#4818=DIRECTION('',(0.,-1.,0.));
#4819=DIRECTION('',(0.894427190999916,2.97904098389673E-16,0.447213595499958));
#4820=DIRECTION('center_axis',(0.,1.,0.));
#4821=DIRECTION('ref_axis',(0.85065080835204,0.,-0.525731112119133));
#4822=DIRECTION('',(0.,1.,0.));
#4823=DIRECTION('center_axis',(3.33066907387547E-16,-1.,0.));
#4824=DIRECTION('ref_axis',(0.85065080835204,0.,-0.525731112119133));
#4825=DIRECTION('center_axis',(1.,0.,2.03171370914403E-16));
#4826=DIRECTION('ref_axis',(-2.03171370914403E-16,-6.76696601801483E-32,
1.));
#4827=DIRECTION('',(0.,-1.,0.));
#4828=DIRECTION('',(-2.03171370914403E-16,-6.76696601801483E-32,1.));
#4829=DIRECTION('center_axis',(0.,-1.,0.));
#4830=DIRECTION('ref_axis',(0.85065080835204,0.,0.525731112119133));
#4831=DIRECTION('',(0.,1.,0.));
#4832=DIRECTION('center_axis',(3.33066907387547E-16,-1.,0.));
#4833=DIRECTION('ref_axis',(0.85065080835204,0.,0.525731112119133));
#4834=DIRECTION('center_axis',(-0.447213595499958,0.,-0.894427190999916));
#4835=DIRECTION('ref_axis',(-0.894427190999916,0.,0.447213595499958));
#4836=DIRECTION('',(0.,-1.,0.));
#4837=DIRECTION('',(-0.894427190999916,-2.97904098389673E-16,0.447213595499958));
#4838=DIRECTION('center_axis',(0.,-1.,0.));
#4839=DIRECTION('ref_axis',(-0.85065080835204,0.,-0.525731112119133));
#4840=DIRECTION('',(0.,1.,0.));
#4841=DIRECTION('center_axis',(-3.33066907387547E-16,1.,0.));
#4842=DIRECTION('ref_axis',(-0.85065080835204,0.,-0.525731112119133));
#4843=DIRECTION('center_axis',(-1.,0.,0.));
#4844=DIRECTION('ref_axis',(0.,-1.,0.));
#4845=DIRECTION('',(0.,-1.,0.));
#4846=DIRECTION('',(0.,0.,1.));
#4847=DIRECTION('center_axis',(0.,-1.,0.));
#4848=DIRECTION('ref_axis',(-0.707106781186547,0.,0.707106781186547));
#4849=DIRECTION('',(0.,1.,0.));
#4850=DIRECTION('center_axis',(-3.33066907387547E-16,1.,0.));
#4851=DIRECTION('ref_axis',(-0.707106781186547,0.,0.707106781186547));
#4852=DIRECTION('center_axis',(0.,0.,1.));
#4853=DIRECTION('ref_axis',(1.,0.,0.));
#4854=DIRECTION('',(-4.44089209850063E-16,1.,0.));
#4855=DIRECTION('',(1.,3.33066907387547E-16,0.));
#4856=DIRECTION('center_axis',(1.,4.44089209850063E-16,0.));
#4857=DIRECTION('ref_axis',(0.,0.,1.));
#4858=DIRECTION('',(-2.982385097167E-16,0.671573420613831,0.740938014090949));
#4859=DIRECTION('',(4.44089209850063E-16,-1.,0.));
#4860=DIRECTION('',(-2.98238509716697E-16,0.671573420613824,-0.740938014090955));
#4861=DIRECTION('',(3.14018491736756E-16,-0.707106781186549,0.707106781186546));
#4862=DIRECTION('center_axis',(-4.25828106218781E-16,0.707106781186546,
0.707106781186549));
#4863=DIRECTION('ref_axis',(1.,0.,6.0221188305425E-16));
#4864=DIRECTION('',(1.,3.33066907387547E-16,2.69144975666705E-16));
#4865=DIRECTION('',(0.,0.707106781186546,-0.707106781186549));
#4866=DIRECTION('',(0.154806997846475,-0.698582419410107,0.69858241941011));
#4867=DIRECTION('center_axis',(0.298722567936207,0.707106781186545,0.640909375345378));
#4868=DIRECTION('ref_axis',(0.906382730865498,0.,-0.422457506962301));
#4869=DIRECTION('',(0.906382730865498,3.01886093078851E-16,-0.422457506962301));
#4870=DIRECTION('center_axis',(0.,1.,0.));
#4871=DIRECTION('ref_axis',(0.707106781186548,2.46728814936022E-16,-0.707106781186547));
#4872=DIRECTION('center_axis',(3.33066907387547E-16,-1.,0.));
#4873=DIRECTION('ref_axis',(0.707106781186548,2.61682076447296E-16,-0.707106781186547));
#4874=DIRECTION('',(0.707106781186545,0.70710678118655,0.));
#4875=DIRECTION('center_axis',(-0.707106781186548,0.707106781186548,0.));
#4876=DIRECTION('ref_axis',(0.,0.,1.));
#4877=DIRECTION('',(0.707106781186547,0.707106781186547,0.));
#4878=DIRECTION('',(0.,0.,1.));
#4879=DIRECTION('center_axis',(0.,-1.,0.));
#4880=DIRECTION('ref_axis',(-0.707106781186548,-2.79127548210449E-16,0.707106781186548));
#4881=DIRECTION('',(0.,-0.707106781186548,0.707106781186547));
#4882=DIRECTION('center_axis',(-3.33066907387547E-16,1.,0.));
#4883=DIRECTION('ref_axis',(-0.707106781186547,-3.14018491736755E-16,0.707106781186547));
#4884=DIRECTION('center_axis',(-1.,-4.44089209850063E-16,0.));
#4885=DIRECTION('ref_axis',(0.,0.,-1.));
#4886=DIRECTION('',(-4.44089209850063E-16,1.,0.));
#4887=DIRECTION('',(0.,0.,-1.));
#4888=DIRECTION('',(4.44089209850063E-16,-1.,0.));
#4889=DIRECTION('center_axis',(4.44089209850063E-16,-1.,0.));
#4890=DIRECTION('ref_axis',(0.707106781186548,2.61682076447296E-16,-0.707106781186547));
#4891=DIRECTION('',(4.44089209850063E-16,-1.,0.));
#4892=DIRECTION('center_axis',(-1.22464679914735E-16,1.,0.));
#4893=DIRECTION('ref_axis',(0.707106781186548,2.61682076447296E-16,-0.707106781186547));
#4894=DIRECTION('center_axis',(-2.69144975666705E-16,-1.19524379578941E-31,
1.));
#4895=DIRECTION('ref_axis',(-1.,-3.33066907387547E-16,-2.69144975666705E-16));
#4896=DIRECTION('',(-4.44089209850063E-16,1.,0.));
#4897=DIRECTION('',(-1.,-1.22464679914735E-16,-2.69144975666705E-16));
#4898=DIRECTION('center_axis',(0.422457506962301,1.87608820462116E-16,0.906382730865498));
#4899=DIRECTION('ref_axis',(0.906382730865498,0.,-0.422457506962301));
#4900=DIRECTION('',(-0.906382730865498,-1.10999871015687E-16,0.422457506962301));
#4901=DIRECTION('center_axis',(-2.35513868802566E-16,0.707106781186546,
0.707106781186549));
#4902=DIRECTION('ref_axis',(1.,0.,3.33066907387546E-16));
#4903=DIRECTION('',(0.,0.707106781186526,-0.707106781186569));
#4904=DIRECTION('center_axis',(0.29872256793621,-0.707106781186538,0.640909375345383));
#4905=DIRECTION('ref_axis',(0.906382730865498,0.,-0.422457506962301));
#4906=DIRECTION('',(0.154806997846454,0.698582419410112,0.69858241941011));
#4907=DIRECTION('center_axis',(-1.03718631792666E-16,-0.707106781186546,
-0.707106781186549));
#4908=DIRECTION('ref_axis',(-1.,0.,1.4668029575197E-16));
#4909=DIRECTION('',(1.,1.22464679914735E-16,-2.69144975666705E-16));
#4910=DIRECTION('',(0.,-0.707106781186549,0.707106781186546));
#4911=DIRECTION('',(0.154806997846454,0.698582419410112,-0.69858241941011));
#4912=DIRECTION('center_axis',(0.,-1.,0.));
#4913=DIRECTION('ref_axis',(0.707106781186548,1.61632664548012E-16,0.707106781186547));
#4914=DIRECTION('center_axis',(-1.22464679914735E-16,1.,0.));
#4915=DIRECTION('ref_axis',(0.707106781186548,2.61682076447296E-16,0.707106781186547));
#4916=DIRECTION('',(0.707106781186533,-0.707106781186562,0.));
#4917=DIRECTION('center_axis',(-0.707106781186547,-0.707106781186548,0.));
#4918=DIRECTION('ref_axis',(0.,0.,1.));
#4919=DIRECTION('',(0.707106781186548,-0.707106781186547,0.));
#4920=DIRECTION('',(0.,0.,-1.));
#4921=DIRECTION('center_axis',(0.,1.,0.));
#4922=DIRECTION('ref_axis',(-0.707106781186548,-2.12941653464219E-16,-0.707106781186548));
#4923=DIRECTION('center_axis',(1.22464679914735E-16,-1.,0.));
#4924=DIRECTION('ref_axis',(-0.707106781186547,-3.14018491736755E-16,-0.707106781186547));
#4925=DIRECTION('',(0.,-0.707106781186565,0.70710678118653));
#4926=DIRECTION('center_axis',(8.65956056235492E-17,-0.707106781186546,
-0.707106781186549));
#4927=DIRECTION('ref_axis',(-1.,0.,-1.22464679914735E-16));
#4928=DIRECTION('',(1.,1.22464679914735E-16,0.));
#4929=DIRECTION('',(0.,-0.707106781186549,0.707106781186546));
#4930=DIRECTION('center_axis',(0.,1.,0.));
#4931=DIRECTION('ref_axis',(0.707106781186547,8.21006152405712E-17,-0.707106781186547));
#4932=DIRECTION('center_axis',(1.22464679914735E-16,-1.,0.));
#4933=DIRECTION('ref_axis',(0.707106781186547,7.85046229341887E-17,-0.707106781186547));
#4934=DIRECTION('',(-0.707106781186547,-0.707106781186548,0.));
#4935=DIRECTION('center_axis',(0.707106781186549,-0.707106781186546,0.));
#4936=DIRECTION('ref_axis',(0.,0.,-1.));
#4937=DIRECTION('',(-0.707106781186546,-0.707106781186549,0.));
#4938=DIRECTION('',(0.,0.,1.));
#4939=DIRECTION('center_axis',(0.,1.,0.));
#4940=DIRECTION('ref_axis',(0.707106781186547,8.21006152405712E-17,0.707106781186547));
#4941=DIRECTION('center_axis',(1.22464679914735E-16,-1.,0.));
#4942=DIRECTION('ref_axis',(0.707106781186547,7.85046229341887E-17,0.707106781186547));
#4943=DIRECTION('',(0.,-0.707106781186549,-0.707106781186546));
#4944=DIRECTION('center_axis',(8.65956056235492E-17,-0.707106781186546,
0.707106781186549));
#4945=DIRECTION('ref_axis',(1.,0.,-1.22464679914735E-16));
#4946=DIRECTION('',(-1.,-1.22464679914735E-16,0.));
#4947=DIRECTION('',(0.,-0.707106781186549,-0.707106781186546));
#4948=DIRECTION('center_axis',(0.,1.,0.));
#4949=DIRECTION('ref_axis',(-0.707106781186548,-2.12941653464219E-16,0.707106781186548));
#4950=DIRECTION('center_axis',(1.22464679914735E-16,-1.,0.));
#4951=DIRECTION('ref_axis',(-0.707106781186547,-3.14018491736755E-16,0.707106781186547));
#4952=DIRECTION('',(0.70710678118653,-0.707106781186565,0.));
#4953=DIRECTION('center_axis',(-0.707106781186547,-0.707106781186548,0.));
#4954=DIRECTION('ref_axis',(0.,0.,1.));
#4955=DIRECTION('',(0.707106781186548,-0.707106781186547,0.));
#4956=DIRECTION('center_axis',(0.,-1.,0.));
#4957=DIRECTION('ref_axis',(0.707106781186548,1.61632664548012E-16,-0.707106781186547));
#4958=DIRECTION('',(0.,-0.707106781186563,-0.707106781186532));
#4959=DIRECTION('center_axis',(-1.03718631792666E-16,-0.707106781186546,
0.707106781186549));
#4960=DIRECTION('ref_axis',(1.,0.,1.4668029575197E-16));
#4961=DIRECTION('center_axis',(0.29872256793621,-0.707106781186538,-0.640909375345383));
#4962=DIRECTION('ref_axis',(-0.906382730865498,0.,-0.422457506962301));
#4963=DIRECTION('',(2.982385097167E-16,-0.671573420613831,0.740938014090949));
#4964=DIRECTION('',(0.906382730865498,1.10999871015687E-16,0.422457506962301));
#4965=DIRECTION('center_axis',(4.44089209850063E-16,-1.,0.));
#4966=DIRECTION('ref_axis',(-0.707106781186547,-3.14018491736755E-16,0.707106781186547));
#4967=DIRECTION('',(-4.44089209850063E-16,1.,0.));
#4968=DIRECTION('center_axis',(0.,0.,1.));
#4969=DIRECTION('ref_axis',(1.,0.,0.));
#4970=DIRECTION('',(1.22464679914735E-16,-1.,0.));
#4971=DIRECTION('',(1.,3.33066907387547E-16,0.));
#4972=DIRECTION('center_axis',(-1.22464679914735E-16,1.,0.));
#4973=DIRECTION('ref_axis',(0.707106781186547,7.85046229341887E-17,0.707106781186547));
#4974=DIRECTION('',(-1.22464679914735E-16,1.,0.));
#4975=DIRECTION('center_axis',(-3.33066907387547E-16,1.,0.));
#4976=DIRECTION('ref_axis',(0.707106781186547,7.85046229341887E-17,0.707106781186547));
#4977=DIRECTION('center_axis',(1.,1.22464679914735E-16,0.));
#4978=DIRECTION('ref_axis',(-1.22464679914735E-16,1.,0.));
#4979=DIRECTION('',(1.22464679914735E-16,-1.,0.));
#4980=DIRECTION('',(0.,0.,-1.));
#4981=DIRECTION('center_axis',(1.,1.22464679914735E-16,0.));
#4982=DIRECTION('ref_axis',(8.65956056235493E-17,-0.707106781186547,0.707106781186548));
#4983=DIRECTION('',(1.22464679914735E-16,-1.,0.));
#4984=DIRECTION('',(0.,0.,-1.));
#4985=DIRECTION('',(-1.22464679914735E-16,1.,0.));
#4986=DIRECTION('center_axis',(1.,1.22464679914735E-16,0.));
#4987=DIRECTION('ref_axis',(8.65956056235493E-17,-0.707106781186547,-0.707106781186548));
#4988=DIRECTION('',(0.,0.,-1.));
#4989=DIRECTION('center_axis',(1.22464679914735E-16,-1.,0.));
#4990=DIRECTION('ref_axis',(0.707106781186547,7.85046229341887E-17,-0.707106781186547));
#4991=DIRECTION('',(-1.22464679914735E-16,1.,0.));
#4992=DIRECTION('center_axis',(-3.33066907387547E-16,1.,0.));
#4993=DIRECTION('ref_axis',(0.707106781186547,7.85046229341887E-17,-0.707106781186547));
#4994=DIRECTION('center_axis',(0.,0.,-1.));
#4995=DIRECTION('ref_axis',(-1.,0.,0.));
#4996=DIRECTION('',(4.44089209850063E-16,-1.,0.));
#4997=DIRECTION('',(-1.,-3.33066907387547E-16,0.));
#4998=DIRECTION('center_axis',(-4.44089209850063E-16,1.,0.));
#4999=DIRECTION('ref_axis',(-0.707106781186547,-3.14018491736755E-16,-0.707106781186547));
#5000=DIRECTION('',(-4.44089209850063E-16,1.,0.));
#5001=DIRECTION('center_axis',(-3.33066907387547E-16,1.,0.));
#5002=DIRECTION('ref_axis',(-0.707106781186547,-3.14018491736755E-16,-0.707106781186547));
#5003=DIRECTION('center_axis',(1.,4.44089209850063E-16,0.));
#5004=DIRECTION('ref_axis',(0.,0.,1.));
#5005=DIRECTION('',(4.44089209850063E-16,-1.,0.));
#5006=DIRECTION('',(0.,0.,1.));
#5007=DIRECTION('center_axis',(4.44089209850063E-16,-1.,0.));
#5008=DIRECTION('ref_axis',(0.707106781186548,2.61682076447296E-16,0.707106781186547));
#5009=DIRECTION('',(-4.44089209850063E-16,1.,0.));
#5010=DIRECTION('center_axis',(3.33066907387547E-16,-1.,0.));
#5011=DIRECTION('ref_axis',(0.707106781186548,2.61682076447296E-16,0.707106781186547));
#5012=DIRECTION('center_axis',(2.69144975666705E-16,1.19524379578941E-31,
1.));
#5013=DIRECTION('ref_axis',(-1.,-3.33066907387547E-16,2.69144975666705E-16));
#5014=DIRECTION('',(4.44089209850063E-16,-1.,0.));
#5015=DIRECTION('',(-1.,-3.33066907387547E-16,2.69144975666705E-16));
#5016=DIRECTION('center_axis',(0.422457506962301,1.87608820462116E-16,-0.906382730865498));
#5017=DIRECTION('ref_axis',(-0.906382730865498,0.,-0.422457506962301));
#5018=DIRECTION('',(-4.44089209850063E-16,1.,0.));
#5019=DIRECTION('',(-0.906382730865498,-3.01886093078851E-16,-0.422457506962301));
#5020=DIRECTION('center_axis',(0.298722567936206,0.707106781186548,-0.640909375345375));
#5021=DIRECTION('ref_axis',(-0.906382730865498,0.,-0.422457506962301));
#5022=DIRECTION('',(2.98238509716695E-16,-0.671573420613821,-0.740938014090958));
#5023=DIRECTION('',(0.154806997846493,-0.698582419410105,-0.698582419410108));
#5024=DIRECTION('center_axis',(0.,-1.,0.));
#5025=DIRECTION('ref_axis',(-0.707106781186547,-2.79127548210449E-16,-0.707106781186547));
#5026=DIRECTION('',(0.,-0.707106781186549,-0.707106781186546));
#5027=DIRECTION('',(0.707106781186547,0.707106781186548,0.));
#5028=DIRECTION('center_axis',(-0.707106781186548,0.707106781186548,0.));
#5029=DIRECTION('ref_axis',(0.,0.,1.));
#5030=DIRECTION('',(0.707106781186547,0.707106781186547,0.));
#5031=DIRECTION('center_axis',(0.,1.,0.));
#5032=DIRECTION('ref_axis',(0.707106781186548,2.46728814936022E-16,0.707106781186547));
#5033=DIRECTION('',(0.,0.707106781186552,0.707106781186543));
#5034=DIRECTION('center_axis',(-4.25828106218781E-16,0.707106781186546,
-0.707106781186549));
#5035=DIRECTION('ref_axis',(-1.,0.,6.0221188305425E-16));
#5036=DIRECTION('center_axis',(-2.35513868802566E-16,0.707106781186546,
-0.707106781186549));
#5037=DIRECTION('ref_axis',(-1.,0.,3.33066907387546E-16));
#5038=DIRECTION('',(3.14018491736756E-16,-0.707106781186549,-0.707106781186546));
#5039=DIRECTION('',(0.,0.707106781186549,0.707106781186546));
#5040=DIRECTION('center_axis',(-2.35513868802566E-16,0.707106781186546,
0.707106781186549));
#5041=DIRECTION('ref_axis',(1.,0.,3.33066907387546E-16));
#5042=DIRECTION('',(0.,0.707106781186548,-0.707106781186547));
#5043=DIRECTION('center_axis',(-2.35513868802566E-16,0.707106781186546,
-0.707106781186549));
#5044=DIRECTION('ref_axis',(-1.,0.,3.33066907387546E-16));
#5045=DIRECTION('',(0.,0.707106781186548,0.707106781186547));
#5046=DIRECTION('center_axis',(-0.707106781186546,0.707106781186549,0.));
#5047=DIRECTION('ref_axis',(0.,0.,1.));
#5048=DIRECTION('',(0.,0.,-1.));
#5049=DIRECTION('',(-0.577350269189627,-0.577350269189625,0.577350269189625));
#5050=DIRECTION('',(0.,0.,1.));
#5051=DIRECTION('',(0.577350269189627,0.577350269189625,0.577350269189625));
#5052=DIRECTION('',(0.707106781186549,1.57009245868378E-15,-0.707106781186546));
#5053=DIRECTION('center_axis',(-0.707106781186546,-8.96463883424666E-17,
-0.707106781186549));
#5054=DIRECTION('ref_axis',(-0.707106781186549,0.,0.707106781186546));
#5055=DIRECTION('',(1.26779138211682E-16,-1.,0.));
#5056=DIRECTION('',(-1.26779138211682E-16,1.,0.));
#5057=DIRECTION('center_axis',(-0.707106781186546,-8.96463883424666E-17,
0.707106781186549));
#5058=DIRECTION('ref_axis',(0.707106781186549,0.,0.707106781186546));
#5059=DIRECTION('',(1.26779138211682E-16,-1.,0.));
#5060=DIRECTION('',(0.707106781186549,3.14018491736756E-15,0.707106781186546));
#5061=DIRECTION('',(-1.26779138211682E-16,1.,0.));
#5062=DIRECTION('center_axis',(0.,0.,-1.));
#5063=DIRECTION('ref_axis',(0.707106781186548,-0.707106781186547,0.));
#5064=DIRECTION('',(0.,0.,-1.));
#5065=DIRECTION('center_axis',(1.,3.33066907387547E-16,0.));
#5066=DIRECTION('ref_axis',(1.96261557335472E-16,-0.707106781186547,0.707106781186548));
#5067=DIRECTION('',(1.,3.33066907387547E-16,0.));
#5068=DIRECTION('center_axis',(-1.,-1.22464679914735E-16,0.));
#5069=DIRECTION('ref_axis',(1.96261557335472E-16,-0.707106781186547,0.707106781186548));
#5070=DIRECTION('center_axis',(0.,0.,-1.));
#5071=DIRECTION('ref_axis',(-1.,0.,0.));
#5072=DIRECTION('',(1.,0.,0.));
#5073=DIRECTION('',(-1.22464679914735E-16,1.,0.));
#5074=DIRECTION('center_axis',(0.,1.,0.));
#5075=DIRECTION('ref_axis',(-1.,0.,0.));
#5076=DIRECTION('',(-1.,0.,0.));
#5077=DIRECTION('',(0.,0.,1.));
#5078=DIRECTION('center_axis',(0.707106781186546,0.707106781186549,0.));
#5079=DIRECTION('ref_axis',(0.,0.,-1.));
#5080=DIRECTION('',(-0.577350269189627,0.577350269189625,-0.577350269189625));
#5081=DIRECTION('',(0.577350269189627,-0.577350269189625,-0.577350269189625));
#5082=DIRECTION('center_axis',(0.707106781186546,8.65956056235492E-17,-0.707106781186549));
#5083=DIRECTION('ref_axis',(-0.707106781186549,0.,-0.707106781186546));
#5084=DIRECTION('',(-0.707106781186549,0.,-0.707106781186546));
#5085=DIRECTION('center_axis',(1.,0.,0.));
#5086=DIRECTION('ref_axis',(1.33595299214373E-16,-0.707106781186547,0.707106781186548));
#5087=DIRECTION('',(-0.707106781186549,0.707106781186546,0.));
#5088=DIRECTION('center_axis',(0.707106781186547,0.707106781186548,0.));
#5089=DIRECTION('ref_axis',(0.,0.,-1.));
#5090=DIRECTION('',(-0.707106781186548,0.707106781186547,0.));
#5091=DIRECTION('center_axis',(0.,-1.,0.));
#5092=DIRECTION('ref_axis',(0.707106781186547,1.48286509986801E-16,-0.707106781186547));
#5093=DIRECTION('center_axis',(0.,-1.,0.));
#5094=DIRECTION('ref_axis',(-0.707106781186548,-1.04672830578918E-16,-0.707106781186548));
#5095=DIRECTION('',(0.707106781186575,0.70710678118652,0.));
#5096=DIRECTION('center_axis',(-0.707106781186542,0.707106781186553,0.));
#5097=DIRECTION('ref_axis',(0.,0.,1.));
#5098=DIRECTION('',(0.707106781186553,0.707106781186542,0.));
#5099=DIRECTION('center_axis',(0.,-1.,0.));
#5100=DIRECTION('ref_axis',(-0.850650808352041,-1.25921615113125E-16,0.525731112119132));
#5101=DIRECTION('',(0.31622776601685,0.707106781186526,-0.632455532033694));
#5102=DIRECTION('center_axis',(-0.316227766016836,0.707106781186551,0.632455532033673));
#5103=DIRECTION('ref_axis',(0.894427190999916,0.,0.447213595499958));
#5104=DIRECTION('',(0.316227766016832,0.707106781186544,-0.632455532033682));
#5105=DIRECTION('center_axis',(0.,1.,0.));
#5106=DIRECTION('ref_axis',(0.85065080835204,1.54540164002471E-16,-0.525731112119133));
#5107=DIRECTION('',(0.707106781186561,0.707106781186534,0.));
#5108=DIRECTION('center_axis',(-0.707106781186552,0.707106781186543,-1.43663854116542E-16));
#5109=DIRECTION('ref_axis',(-2.03171370914403E-16,0.,1.));
#5110=DIRECTION('',(0.707106781186543,0.707106781186552,0.));
#5111=DIRECTION('center_axis',(0.,1.,0.));
#5112=DIRECTION('ref_axis',(0.85065080835204,1.54540164002471E-16,0.525731112119133));
#5113=DIRECTION('',(0.316227766016842,0.707106781186538,0.632455532033684));
#5114=DIRECTION('center_axis',(-0.316227766016837,0.707106781186549,-0.632455532033674));
#5115=DIRECTION('ref_axis',(-0.894427190999916,0.,0.447213595499958));
#5116=DIRECTION('',(0.316227766016827,0.707106781186549,0.63245553203368));
#5117=DIRECTION('center_axis',(0.,-1.,0.));
#5118=DIRECTION('ref_axis',(-0.85065080835204,-1.25921615113125E-16,-0.525731112119133));
#5119=DIRECTION('',(0.707106781186569,0.707106781186526,0.));
#5120=DIRECTION('center_axis',(-0.707106781186542,0.707106781186553,0.));
#5121=DIRECTION('ref_axis',(0.,0.,1.));
#5122=DIRECTION('',(0.707106781186553,0.707106781186542,0.));
#5123=DIRECTION('center_axis',(0.,-1.,0.));
#5124=DIRECTION('ref_axis',(-0.707106781186548,-1.04672830578918E-16,0.707106781186548));
#5125=DIRECTION('center_axis',(0.,-1.,0.));
#5126=DIRECTION('ref_axis',(0.707106781186547,1.48286509986801E-16,0.707106781186547));
#5127=DIRECTION('',(-0.707106781186548,0.707106781186547,0.));
#5128=DIRECTION('center_axis',(0.707106781186547,0.707106781186548,0.));
#5129=DIRECTION('ref_axis',(0.,0.,-1.));
#5130=DIRECTION('',(-0.707106781186548,0.707106781186547,0.));
#5131=DIRECTION('center_axis',(1.,0.,0.));
#5132=DIRECTION('ref_axis',(1.33595299214373E-16,-0.707106781186547,-0.707106781186548));
#5133=DIRECTION('',(-0.70710678118655,7.85046229341888E-16,0.707106781186545));
#5134=DIRECTION('center_axis',(-1.,-1.22464679914735E-16,0.));
#5135=DIRECTION('ref_axis',(1.96261557335472E-16,-0.707106781186547,-0.707106781186548));
#5136=DIRECTION('center_axis',(0.707106781186546,8.65956056235492E-17,0.707106781186549));
#5137=DIRECTION('ref_axis',(0.707106781186549,0.,-0.707106781186546));
#5138=DIRECTION('',(1.22464679914735E-16,-1.,0.));
#5139=DIRECTION('center_axis',(-1.,-4.44089209850063E-16,0.));
#5140=DIRECTION('ref_axis',(0.,0.,-1.));
#5141=DIRECTION('center_axis',(-0.871034877644638,-0.417339872008919,-0.259086227264535));
#5142=DIRECTION('ref_axis',(-0.285101613195315,0.,0.958497297937469));
#5143=DIRECTION('',(-0.490877254684745,0.719777077758341,0.490877254684743));
#5144=DIRECTION('',(0.352808964131768,-0.164517521840377,-0.921118787038767));
#5145=DIRECTION('',(0.154777082052269,-0.733739910105176,0.66156617143732));
#5146=DIRECTION('center_axis',(0.466201652336336,0.856682340223281,-0.220797163270798));
#5147=DIRECTION('ref_axis',(-0.428030613965114,0.,-0.903764235577314));
#5148=DIRECTION('',(-0.11068304606838,0.304099169789333,0.946188648339465));
#5149=DIRECTION('',(0.694205271035638,-0.508959252625561,-0.508959252625559));
#5150=DIRECTION('',(-0.72873333397526,0.23036211948393,-0.644888379380629));
#5151=DIRECTION('center_axis',(-0.871034877644638,-0.417339872008919,0.259086227264534));
#5152=DIRECTION('ref_axis',(0.285101613195314,0.,0.958497297937469));
#5153=DIRECTION('',(-0.154777082052269,0.733739910105176,0.66156617143732));
#5154=DIRECTION('',(-0.352808964131767,0.164517521840376,-0.921118787038768));
#5155=DIRECTION('',(0.490877254684744,-0.719777077758341,0.490877254684745));
#5156=DIRECTION('center_axis',(-0.422618261740702,-0.906307787036649,0.));
#5157=DIRECTION('ref_axis',(0.,0.,-1.));
#5158=DIRECTION('',(0.,0.,1.));
#5159=DIRECTION('',(0.,0.,-1.));
#5160=DIRECTION('center_axis',(-0.954453311200286,0.253485927826052,-0.157365056899479));
#5161=DIRECTION('ref_axis',(-0.162678280143231,0.,0.986679166279313));
#5162=DIRECTION('',(-0.128595622455653,-0.825432539852732,-0.549658337549347));
#5163=DIRECTION('',(-0.283806307551837,-0.608624590629176,0.740965645273288));
#5164=DIRECTION('',(0.290032719084971,0.912009892336896,-0.290032719084971));
#5165=DIRECTION('center_axis',(0.466201652336344,0.856682340223278,0.220797163270796));
#5166=DIRECTION('ref_axis',(0.428030613965105,0.,-0.903764235577319));
#5167=DIRECTION('',(0.728733333975254,-0.230362119483936,-0.644888379380634));
#5168=DIRECTION('',(-0.694205271035633,0.508959252625565,-0.508959252625561));
#5169=DIRECTION('',(0.11068304606838,-0.304099169789332,0.946188648339465));
#5170=DIRECTION('center_axis',(-0.229163350969451,0.967318242209533,-0.108533759084961));
#5171=DIRECTION('ref_axis',(0.,0.111501026696774,0.993764318661908));
#5172=DIRECTION('',(-0.881405247489473,-0.158899583811721,0.444832229006041));
#5173=DIRECTION('',(0.935595852053904,0.249660170651558,0.249660170651557));
#5174=DIRECTION('',(-0.643493123501823,-0.234212342909646,-0.728739444818682));
#5175=DIRECTION('center_axis',(-2.35513868802566E-16,0.707106781186546,
-0.707106781186549));
#5176=DIRECTION('ref_axis',(-1.,0.,3.33066907387546E-16));
#5177=DIRECTION('',(1.,3.33066907387547E-16,0.));
#5178=DIRECTION('center_axis',(-0.954453311200286,0.253485927826052,0.157365056899478));
#5179=DIRECTION('ref_axis',(0.16267828014323,0.,0.986679166279313));
#5180=DIRECTION('',(0.12859562245565,0.82543253985273,-0.549658337549351));
#5181=DIRECTION('',(-0.290032719084971,-0.912009892336896,-0.290032719084972));
#5182=DIRECTION('',(0.283806307551836,0.608624590629174,0.74096564527329));
#5183=DIRECTION('center_axis',(-0.707106781186548,-8.96463883424669E-17,
0.707106781186547));
#5184=DIRECTION('ref_axis',(0.707106781186547,0.,0.707106781186548));
#5185=DIRECTION('',(-1.26779138211682E-16,1.,0.));
#5186=DIRECTION('',(1.26779138211682E-16,-1.,0.));
#5187=DIRECTION('center_axis',(-0.906307787036649,0.422618261740701,0.));
#5188=DIRECTION('ref_axis',(0.,0.,1.));
#5189=DIRECTION('',(0.,0.,-1.));
#5190=DIRECTION('',(0.,0.,1.));
#5191=DIRECTION('center_axis',(-0.229163350969453,0.967318242209532,0.108533759084958));
#5192=DIRECTION('ref_axis',(0.,-0.111501026696771,0.993764318661908));
#5193=DIRECTION('',(0.881405247489471,0.158899583811722,0.444832229006045));
#5194=DIRECTION('',(0.643493123501821,0.234212342909646,-0.728739444818684));
#5195=DIRECTION('',(-0.935595852053903,-0.24966017065156,0.249660170651557));
#5196=DIRECTION('center_axis',(-0.342020143325665,0.93969262078591,0.));
#5197=DIRECTION('ref_axis',(0.,0.,1.));
#5198=DIRECTION('',(0.,0.,-1.));
#5199=DIRECTION('center_axis',(-2.35513868802565E-16,0.707106781186545,
0.70710678118655));
#5200=DIRECTION('ref_axis',(1.,0.,3.33066907387544E-16));
#5201=DIRECTION('',(-1.,-3.33066907387547E-16,0.));
#5202=DIRECTION('center_axis',(-0.454519477672045,0.541675220419704,0.707106781186545));
#5203=DIRECTION('ref_axis',(0.841205080671391,0.,0.540716203060939));
#5204=DIRECTION('',(-0.766044443118978,-0.64278760968654,0.));
#5205=DIRECTION('',(0.766044443118978,0.64278760968654,0.));
#5206=DIRECTION('center_axis',(-0.454519477672043,0.541675220419701,-0.707106781186548));
#5207=DIRECTION('ref_axis',(-0.841205080671393,0.,0.540716203060936));
#5208=DIRECTION('',(-0.766044443118978,-0.64278760968654,0.));
#5209=DIRECTION('',(0.766044443118978,0.64278760968654,0.));
#5210=DIRECTION('center_axis',(0.93969262078591,0.342020143325666,0.));
#5211=DIRECTION('ref_axis',(0.,0.,-1.));
#5212=DIRECTION('',(0.,0.,1.));
#5213=DIRECTION('center_axis',(0.454519477672043,-0.541675220419701,0.707106781186548));
#5214=DIRECTION('ref_axis',(0.841205080671393,0.,-0.540716203060936));
#5215=DIRECTION('',(0.766044443118978,0.64278760968654,0.));
#5216=DIRECTION('',(-0.766044443118978,-0.64278760968654,0.));
#5217=DIRECTION('center_axis',(-0.707106781186546,-8.96463883424666E-17,
-0.707106781186549));
#5218=DIRECTION('ref_axis',(-0.707106781186549,0.,0.707106781186546));
#5219=DIRECTION('',(-1.26779138211682E-16,1.,0.));
#5220=DIRECTION('',(1.26779138211682E-16,-1.,0.));
#5221=DIRECTION('center_axis',(0.454519477672042,-0.5416752204197,-0.70710678118655));
#5222=DIRECTION('ref_axis',(-0.841205080671394,0.,-0.540716203060934));
#5223=DIRECTION('',(0.766044443118978,0.64278760968654,0.));
#5224=DIRECTION('',(-0.766044443118978,-0.64278760968654,0.));
#5225=DIRECTION('center_axis',(-1.,-1.26779138211682E-16,0.));
#5226=DIRECTION('ref_axis',(1.26779138211682E-16,-1.,0.));
#5227=DIRECTION('',(0.,0.,-1.));
#5228=DIRECTION('',(-1.26779138211682E-16,1.,0.));
#5229=DIRECTION('',(0.,0.,1.));
#5230=DIRECTION('',(1.26779138211682E-16,-1.,0.));
#5231=DIRECTION('center_axis',(0.,0.,-1.));
#5232=DIRECTION('ref_axis',(-1.,0.,0.));
#5233=DIRECTION('center_axis',(-0.64278760968654,0.766044443118978,0.));
#5234=DIRECTION('ref_axis',(-0.766044443118978,-0.64278760968654,0.));
#5235=DIRECTION('center_axis',(0.,0.,-1.));
#5236=DIRECTION('ref_axis',(-1.,0.,0.));
#5237=DIRECTION('center_axis',(0.64278760968654,-0.766044443118978,0.));
#5238=DIRECTION('ref_axis',(0.766044443118978,0.64278760968654,0.));
#5239=DIRECTION('center_axis',(0.466201652336344,0.856682340223278,-0.220797163270796));
#5240=DIRECTION('ref_axis',(-0.428030613965105,0.,-0.903764235577319));
#5241=DIRECTION('',(-0.728733333975254,0.230362119483936,-0.644888379380634));
#5242=DIRECTION('',(-0.11068304606838,0.304099169789332,0.946188648339465));
#5243=DIRECTION('',(0.694205271035633,-0.508959252625565,-0.508959252625561));
#5244=DIRECTION('center_axis',(-0.871034877644638,-0.417339872008919,-0.259086227264534));
#5245=DIRECTION('ref_axis',(-0.285101613195314,0.,0.958497297937469));
#5246=DIRECTION('',(0.154777082052269,-0.733739910105176,0.66156617143732));
#5247=DIRECTION('',(-0.490877254684744,0.719777077758341,0.490877254684745));
#5248=DIRECTION('',(0.352808964131767,-0.164517521840376,-0.921118787038768));
#5249=DIRECTION('center_axis',(0.466201652336333,0.856682340223283,0.2207971632708));
#5250=DIRECTION('ref_axis',(0.428030613965118,0.,-0.903764235577313));
#5251=DIRECTION('',(-0.694205271035638,0.508959252625561,-0.508959252625559));
#5252=DIRECTION('',(0.11068304606838,-0.304099169789333,0.946188648339465));
#5253=DIRECTION('',(0.728733333975262,-0.230362119483927,-0.644888379380628));
#5254=DIRECTION('center_axis',(0.93969262078591,0.342020143325666,0.));
#5255=DIRECTION('ref_axis',(0.,0.,-1.));
#5256=DIRECTION('',(0.,0.,1.));
#5257=DIRECTION('center_axis',(-0.229163350969453,0.967318242209532,-0.108533759084958));
#5258=DIRECTION('ref_axis',(0.,0.111501026696771,0.993764318661908));
#5259=DIRECTION('',(-0.881405247489471,-0.158899583811722,0.444832229006045));
#5260=DIRECTION('',(0.935595852053903,0.24966017065156,0.249660170651557));
#5261=DIRECTION('',(-0.643493123501821,-0.234212342909646,-0.728739444818684));
#5262=DIRECTION('center_axis',(-2.35513868802565E-16,0.707106781186545,
-0.70710678118655));
#5263=DIRECTION('ref_axis',(-1.,0.,3.33066907387544E-16));
#5264=DIRECTION('',(1.,3.33066907387547E-16,0.));
#5265=DIRECTION('center_axis',(-0.871034877644637,-0.41733987200892,0.259086227264535));
#5266=DIRECTION('ref_axis',(0.285101613195315,0.,0.958497297937469));
#5267=DIRECTION('',(-0.154777082052269,0.733739910105177,0.661566171437318));
#5268=DIRECTION('',(-0.352808964131768,0.164517521840377,-0.921118787038767));
#5269=DIRECTION('',(0.490877254684745,-0.719777077758341,0.490877254684743));
#5270=DIRECTION('center_axis',(-0.422618261740702,-0.906307787036649,0.));
#5271=DIRECTION('ref_axis',(0.,0.,-1.));
#5272=DIRECTION('',(0.,0.,-1.));
#5273=DIRECTION('center_axis',(-0.954453311200286,0.253485927826052,-0.157365056899478));
#5274=DIRECTION('ref_axis',(-0.16267828014323,0.,0.986679166279313));
#5275=DIRECTION('',(-0.128595622455651,-0.825432539852729,-0.549658337549351));
#5276=DIRECTION('',(-0.283806307551836,-0.608624590629174,0.74096564527329));
#5277=DIRECTION('',(0.290032719084971,0.912009892336896,-0.290032719084972));
#5278=DIRECTION('center_axis',(-0.229163350969451,0.967318242209533,0.108533759084961));
#5279=DIRECTION('ref_axis',(0.,-0.111501026696774,0.993764318661908));
#5280=DIRECTION('',(0.881405247489472,0.158899583811723,0.444832229006041));
#5281=DIRECTION('',(0.643493123501823,0.234212342909646,-0.728739444818682));
#5282=DIRECTION('',(-0.935595852053904,-0.249660170651558,0.249660170651557));
#5283=DIRECTION('center_axis',(-0.342020143325665,0.93969262078591,0.));
#5284=DIRECTION('ref_axis',(0.,0.,1.));
#5285=DIRECTION('',(0.,0.,-1.));
#5286=DIRECTION('center_axis',(-2.35513868802566E-16,0.707106781186546,
0.707106781186549));
#5287=DIRECTION('ref_axis',(1.,0.,3.33066907387546E-16));
#5288=DIRECTION('',(-1.,-3.33066907387547E-16,0.));
#5289=DIRECTION('center_axis',(-0.954453311200286,0.253485927826052,0.157365056899479));
#5290=DIRECTION('ref_axis',(0.162678280143231,0.,0.986679166279313));
#5291=DIRECTION('',(-0.290032719084971,-0.912009892336896,-0.290032719084971));
#5292=DIRECTION('',(0.283806307551837,0.608624590629176,0.740965645273288));
#5293=DIRECTION('',(0.128595622455652,0.825432539852732,-0.549658337549347));
#5294=DIRECTION('center_axis',(-0.906307787036649,0.422618261740701,0.));
#5295=DIRECTION('ref_axis',(0.,0.,1.));
#5296=DIRECTION('',(0.,0.,1.));
#5297=DIRECTION('center_axis',(-0.454519477672043,0.541675220419701,0.707106781186548));
#5298=DIRECTION('ref_axis',(0.841205080671393,0.,0.540716203060936));
#5299=DIRECTION('',(0.766044443118978,0.64278760968654,0.));
#5300=DIRECTION('',(-0.766044443118978,-0.64278760968654,0.));
#5301=DIRECTION('center_axis',(-0.707106781186546,-8.96463883424666E-17,
0.707106781186549));
#5302=DIRECTION('ref_axis',(0.707106781186549,0.,0.707106781186546));
#5303=DIRECTION('',(1.26779138211682E-16,-1.,0.));
#5304=DIRECTION('center_axis',(-0.707106781186548,-8.96463883424669E-17,
-0.707106781186547));
#5305=DIRECTION('ref_axis',(-0.707106781186547,0.,0.707106781186548));
#5306=DIRECTION('',(-1.26779138211682E-16,1.,0.));
#5307=DIRECTION('center_axis',(-0.454519477672045,0.541675220419704,-0.707106781186545));
#5308=DIRECTION('ref_axis',(-0.841205080671391,0.,0.540716203060939));
#5309=DIRECTION('',(0.766044443118978,0.64278760968654,0.));
#5310=DIRECTION('',(-0.766044443118978,-0.64278760968654,0.));
#5311=DIRECTION('center_axis',(0.454519477672042,-0.5416752204197,0.70710678118655));
#5312=DIRECTION('ref_axis',(0.841205080671394,0.,-0.540716203060934));
#5313=DIRECTION('',(-0.766044443118978,-0.64278760968654,0.));
#5314=DIRECTION('',(0.766044443118978,0.64278760968654,0.));
#5315=DIRECTION('center_axis',(0.454519477672043,-0.541675220419701,-0.707106781186548));
#5316=DIRECTION('ref_axis',(-0.841205080671393,0.,-0.540716203060936));
#5317=DIRECTION('',(-0.766044443118978,-0.64278760968654,0.));
#5318=DIRECTION('',(0.766044443118978,0.64278760968654,0.));
#5319=DIRECTION('center_axis',(0.64278760968654,-0.766044443118978,0.));
#5320=DIRECTION('ref_axis',(0.766044443118978,0.64278760968654,0.));
#5321=DIRECTION('center_axis',(0.,0.,1.));
#5322=DIRECTION('ref_axis',(1.,0.,0.));
#5323=DIRECTION('center_axis',(-0.64278760968654,0.766044443118978,0.));
#5324=DIRECTION('ref_axis',(-0.766044443118978,-0.64278760968654,0.));
#5325=DIRECTION('center_axis',(0.,0.,1.));
#5326=DIRECTION('ref_axis',(1.,0.,0.));
#5327=DIRECTION('center_axis',(-1.,-3.33066907387547E-16,0.));
#5328=DIRECTION('ref_axis',(1.96261557335472E-16,-0.707106781186547,-0.707106781186548));
#5329=DIRECTION('',(-1.,-3.33066907387547E-16,0.));
#5330=DIRECTION('center_axis',(0.,0.,1.));
#5331=DIRECTION('ref_axis',(1.,0.,0.));
#5332=DIRECTION('center_axis',(4.00748066727773E-16,0.148340452930245,0.988936352868298));
#5333=DIRECTION('ref_axis',(-2.7668085702849E-16,-0.988936352868298,0.148340452930245));
#5334=DIRECTION('',(0.122683226202979,-0.981465809623833,0.147219871443575));
#5335=DIRECTION('',(1.,-3.33066907387547E-16,-3.5527136788005E-16));
#5336=DIRECTION('',(0.122683226202979,0.981465809623833,-0.147219871443575));
#5337=DIRECTION('center_axis',(-0.992277876713668,0.124034734589209,3.67717792646953E-16));
#5338=DIRECTION('ref_axis',(0.124034734589209,0.992277876713668,7.74530027360654E-17));
#5339=DIRECTION('',(-3.5527136788005E-16,1.22464679914735E-16,-1.));
#5340=DIRECTION('',(-0.0953195540281537,-0.762556432225226,-0.63986082103205));
#5341=DIRECTION('',(-0.124034734589209,-0.992277876713668,-7.74530027360654E-17));
#5342=DIRECTION('',(-0.0800903405649413,-0.640722724519531,0.763583608802901));
#5343=DIRECTION('',(-0.124034734589209,-0.992277876713668,-7.74530027360654E-17));
#5344=DIRECTION('center_axis',(0.992277876713668,0.124034734589208,-3.373380445074E-16));
#5345=DIRECTION('ref_axis',(0.124034734589208,-0.992277876713668,-1.6558498238036E-16));
#5346=DIRECTION('',(-0.124034734589208,0.992277876713668,1.6558498238036E-16));
#5347=DIRECTION('',(-0.0800903405649414,0.640722724519531,-0.763583608802901));
#5348=DIRECTION('',(-0.124034734589208,0.992277876713668,1.6558498238036E-16));
#5349=DIRECTION('',(-0.0953195540281528,0.762556432225226,0.63986082103205));
#5350=DIRECTION('',(3.5527136788005E-16,-1.22464679914735E-16,1.));
#5351=DIRECTION('center_axis',(-3.5527136788005E-16,1.22464679914735E-16,
-1.));
#5352=DIRECTION('ref_axis',(3.33066907387547E-16,1.,1.22464679914735E-16));
#5353=DIRECTION('',(1.,-3.33066907387547E-16,-3.5527136788005E-16));
#5354=DIRECTION('',(1.,-3.33066907387547E-16,-3.5527136788005E-16));
#5355=DIRECTION('center_axis',(-4.83508086940738E-16,-0.766044443118978,
-0.64278760968654));
#5356=DIRECTION('ref_axis',(-1.,3.33066907387547E-16,3.5527136788005E-16));
#5357=DIRECTION('',(1.,-3.33066907387547E-16,-3.5527136788005E-16));
#5358=DIRECTION('center_axis',(-3.5527136788005E-16,1.22464679914735E-16,
-1.));
#5359=DIRECTION('ref_axis',(3.33066907387547E-16,1.,1.22464679914735E-16));
#5360=DIRECTION('center_axis',(3.33066907387547E-16,1.,1.22464679914735E-16));
#5361=DIRECTION('ref_axis',(1.,-3.33066907387547E-16,-3.5527136788005E-16));
#5362=DIRECTION('',(1.,-3.33066907387547E-16,-3.5527136788005E-16));
#5363=DIRECTION('center_axis',(-5.80623758984612E-17,0.642787609686539,
-0.766044443118978));
#5364=DIRECTION('ref_axis',(1.,-3.33066907387547E-16,-3.5527136788005E-16));
#5365=DIRECTION('center_axis',(4.94072958979446E-17,0.148340452930245,-0.988936352868298));
#5366=DIRECTION('ref_axis',(-3.29381972652964E-16,-0.988936352868298,-0.148340452930245));
#5367=DIRECTION('',(-0.122683226202979,-0.981465809623833,-0.147219871443575));
#5368=DIRECTION('',(-1.,3.33066907387547E-16,0.));
#5369=DIRECTION('',(-0.122683226202979,0.981465809623833,0.147219871443575));
#5370=DIRECTION('center_axis',(0.992277876713668,0.124034734589208,0.));
#5371=DIRECTION('ref_axis',(-0.124034734589208,0.992277876713668,0.));
#5372=DIRECTION('',(0.,0.,1.));
#5373=DIRECTION('',(0.095319554028153,-0.762556432225226,0.63986082103205));
#5374=DIRECTION('',(0.124034734589208,-0.992277876713668,0.));
#5375=DIRECTION('',(0.0800903405649411,-0.640722724519531,-0.763583608802901));
#5376=DIRECTION('',(0.124034734589208,-0.992277876713668,0.));
#5377=DIRECTION('center_axis',(-0.992277876713668,0.124034734589209,0.));
#5378=DIRECTION('ref_axis',(-0.124034734589209,-0.992277876713668,0.));
#5379=DIRECTION('',(0.124034734589209,0.992277876713668,0.));
#5380=DIRECTION('',(0.0800903405649416,0.640722724519531,0.763583608802901));
#5381=DIRECTION('',(0.124034734589209,0.992277876713668,0.));
#5382=DIRECTION('',(0.0953195540281535,0.762556432225226,-0.63986082103205));
#5383=DIRECTION('',(0.,0.,-1.));
#5384=DIRECTION('center_axis',(0.,0.,1.));
#5385=DIRECTION('ref_axis',(3.33066907387547E-16,1.,0.));
#5386=DIRECTION('',(-1.,3.33066907387547E-16,0.));
#5387=DIRECTION('',(-1.,3.33066907387547E-16,0.));
#5388=DIRECTION('center_axis',(-2.55144053591054E-16,-0.766044443118978,
0.642787609686539));
#5389=DIRECTION('ref_axis',(1.,-3.33066907387547E-16,0.));
#5390=DIRECTION('',(-1.,3.33066907387547E-16,0.));
#5391=DIRECTION('center_axis',(0.,0.,1.));
#5392=DIRECTION('ref_axis',(3.33066907387547E-16,1.,0.));
#5393=DIRECTION('center_axis',(3.33066907387547E-16,1.,0.));
#5394=DIRECTION('ref_axis',(-1.,3.33066907387547E-16,0.));
#5395=DIRECTION('',(-1.,3.33066907387547E-16,0.));
#5396=DIRECTION('center_axis',(2.14091281265329E-16,0.642787609686539,0.766044443118978));
#5397=DIRECTION('ref_axis',(-1.,3.33066907387547E-16,0.));
#5398=DIRECTION('center_axis',(-4.00748066727773E-16,0.148340452930245,
0.988936352868298));
#5399=DIRECTION('ref_axis',(2.7668085702849E-16,-0.988936352868297,0.148340452930245));
#5400=DIRECTION('',(0.122683226202979,-0.981465809623833,0.147219871443575));
#5401=DIRECTION('',(1.,3.33066907387547E-16,3.5527136788005E-16));
#5402=DIRECTION('',(0.122683226202979,0.981465809623833,-0.147219871443575));
#5403=DIRECTION('center_axis',(-0.992277876713668,0.124034734589208,-3.373380445074E-16));
#5404=DIRECTION('ref_axis',(0.124034734589208,0.992277876713668,1.6558498238036E-16));
#5405=DIRECTION('',(3.5527136788005E-16,1.22464679914735E-16,-1.));
#5406=DIRECTION('',(-0.0953195540281528,-0.762556432225226,-0.63986082103205));
#5407=DIRECTION('',(-0.124034734589208,-0.992277876713668,-1.6558498238036E-16));
#5408=DIRECTION('',(-0.0800903405649414,-0.640722724519531,0.763583608802901));
#5409=DIRECTION('',(-0.124034734589208,-0.992277876713668,-1.6558498238036E-16));
#5410=DIRECTION('center_axis',(0.992277876713668,0.124034734589209,3.67717792646953E-16));
#5411=DIRECTION('ref_axis',(0.124034734589209,-0.992277876713668,-7.74530027360654E-17));
#5412=DIRECTION('',(-0.124034734589209,0.992277876713668,7.74530027360654E-17));
#5413=DIRECTION('',(-0.0800903405649413,0.640722724519531,-0.763583608802901));
#5414=DIRECTION('',(-0.124034734589209,0.992277876713668,7.74530027360654E-17));
#5415=DIRECTION('',(-0.0953195540281537,0.762556432225226,0.63986082103205));
#5416=DIRECTION('',(-3.5527136788005E-16,-1.22464679914735E-16,1.));
#5417=DIRECTION('center_axis',(3.5527136788005E-16,1.22464679914735E-16,
-1.));
#5418=DIRECTION('ref_axis',(-3.33066907387547E-16,1.,1.22464679914735E-16));
#5419=DIRECTION('',(1.,3.33066907387547E-16,3.5527136788005E-16));
#5420=DIRECTION('',(1.,3.33066907387547E-16,3.5527136788005E-16));
#5421=DIRECTION('center_axis',(4.83508086940738E-16,-0.766044443118978,
-0.64278760968654));
#5422=DIRECTION('ref_axis',(-1.,-3.33066907387547E-16,-3.5527136788005E-16));
#5423=DIRECTION('',(1.,3.33066907387547E-16,3.5527136788005E-16));
#5424=DIRECTION('center_axis',(3.5527136788005E-16,1.22464679914735E-16,
-1.));
#5425=DIRECTION('ref_axis',(-3.33066907387547E-16,1.,1.22464679914735E-16));
#5426=DIRECTION('center_axis',(-3.33066907387547E-16,1.,1.22464679914735E-16));
#5427=DIRECTION('ref_axis',(1.,3.33066907387547E-16,3.5527136788005E-16));
#5428=DIRECTION('',(1.,3.33066907387547E-16,3.5527136788005E-16));
#5429=DIRECTION('center_axis',(5.80623758984612E-17,0.642787609686539,-0.766044443118978));
#5430=DIRECTION('ref_axis',(1.,3.33066907387547E-16,3.5527136788005E-16));
#5431=DIRECTION('center_axis',(-4.94072958979446E-17,0.148340452930245,
-0.988936352868298));
#5432=DIRECTION('ref_axis',(3.29381972652964E-16,-0.988936352868297,-0.148340452930245));
#5433=DIRECTION('',(-0.122683226202979,-0.981465809623833,-0.147219871443575));
#5434=DIRECTION('',(-1.,-3.33066907387547E-16,0.));
#5435=DIRECTION('',(-0.12268322620298,0.981465809623833,0.147219871443575));
#5436=DIRECTION('center_axis',(0.992277876713668,0.124034734589209,0.));
#5437=DIRECTION('ref_axis',(-0.124034734589209,0.992277876713668,0.));
#5438=DIRECTION('',(0.,0.,1.));
#5439=DIRECTION('',(0.0953195540281535,-0.762556432225226,0.63986082103205));
#5440=DIRECTION('',(0.124034734589209,-0.992277876713668,0.));
#5441=DIRECTION('',(0.0800903405649416,-0.640722724519531,-0.763583608802901));
#5442=DIRECTION('',(0.124034734589209,-0.992277876713668,0.));
#5443=DIRECTION('center_axis',(-0.992277876713668,0.124034734589208,0.));
#5444=DIRECTION('ref_axis',(-0.124034734589208,-0.992277876713668,0.));
#5445=DIRECTION('',(0.124034734589208,0.992277876713668,0.));
#5446=DIRECTION('',(0.0800903405649411,0.640722724519531,0.763583608802901));
#5447=DIRECTION('',(0.124034734589208,0.992277876713668,0.));
#5448=DIRECTION('',(0.095319554028153,0.762556432225226,-0.63986082103205));
#5449=DIRECTION('',(0.,0.,-1.));
#5450=DIRECTION('center_axis',(0.,0.,1.));
#5451=DIRECTION('ref_axis',(-3.33066907387547E-16,1.,0.));
#5452=DIRECTION('',(-1.,-3.33066907387547E-16,0.));
#5453=DIRECTION('',(-1.,-3.33066907387547E-16,0.));
#5454=DIRECTION('center_axis',(2.55144053591054E-16,-0.766044443118978,
0.642787609686539));
#5455=DIRECTION('ref_axis',(1.,3.33066907387547E-16,0.));
#5456=DIRECTION('',(-1.,-3.33066907387547E-16,0.));
#5457=DIRECTION('center_axis',(0.,0.,1.));
#5458=DIRECTION('ref_axis',(-3.33066907387547E-16,1.,0.));
#5459=DIRECTION('center_axis',(-3.33066907387547E-16,1.,0.));
#5460=DIRECTION('ref_axis',(-1.,-3.33066907387547E-16,0.));
#5461=DIRECTION('',(-1.,-3.33066907387547E-16,0.));
#5462=DIRECTION('center_axis',(-2.14091281265329E-16,0.642787609686539,
0.766044443118978));
#5463=DIRECTION('ref_axis',(-1.,-3.33066907387547E-16,0.));
#5464=DIRECTION('center_axis',(4.00748066727773E-16,0.148340452930245,-0.988936352868298));
#5465=DIRECTION('ref_axis',(-2.7668085702849E-16,-0.988936352868298,-0.148340452930245));
#5466=DIRECTION('',(-0.122683226202979,-0.981465809623833,-0.147219871443575));
#5467=DIRECTION('',(-1.,3.33066907387547E-16,-3.5527136788005E-16));
#5468=DIRECTION('',(-0.122683226202979,0.981465809623833,0.147219871443575));
#5469=DIRECTION('center_axis',(0.992277876713668,0.124034734589208,3.373380445074E-16));
#5470=DIRECTION('ref_axis',(-0.124034734589208,0.992277876713668,-1.6558498238036E-16));
#5471=DIRECTION('',(-3.5527136788005E-16,1.22464679914735E-16,1.));
#5472=DIRECTION('',(0.0953195540281528,-0.762556432225226,0.63986082103205));
#5473=DIRECTION('',(0.124034734589208,-0.992277876713668,1.6558498238036E-16));
#5474=DIRECTION('',(0.0800903405649414,-0.640722724519531,-0.763583608802901));
#5475=DIRECTION('',(0.124034734589208,-0.992277876713668,1.6558498238036E-16));
#5476=DIRECTION('center_axis',(-0.992277876713668,0.124034734589209,-3.67717792646953E-16));
#5477=DIRECTION('ref_axis',(-0.124034734589209,-0.992277876713668,7.74530027360654E-17));
#5478=DIRECTION('',(0.124034734589209,0.992277876713668,-7.74530027360654E-17));
#5479=DIRECTION('',(0.0800903405649413,0.640722724519531,0.763583608802901));
#5480=DIRECTION('',(0.124034734589209,0.992277876713668,-7.74530027360654E-17));
#5481=DIRECTION('',(0.0953195540281537,0.762556432225226,-0.63986082103205));
#5482=DIRECTION('',(3.5527136788005E-16,-1.22464679914735E-16,-1.));
#5483=DIRECTION('center_axis',(-3.5527136788005E-16,1.22464679914735E-16,
1.));
#5484=DIRECTION('ref_axis',(3.33066907387547E-16,1.,-1.22464679914735E-16));
#5485=DIRECTION('',(-1.,3.33066907387547E-16,-3.5527136788005E-16));
#5486=DIRECTION('',(-1.,3.33066907387547E-16,-3.5527136788005E-16));
#5487=DIRECTION('center_axis',(-4.83508086940738E-16,-0.766044443118978,
0.64278760968654));
#5488=DIRECTION('ref_axis',(1.,-3.33066907387547E-16,3.5527136788005E-16));
#5489=DIRECTION('',(-1.,3.33066907387547E-16,-3.5527136788005E-16));
#5490=DIRECTION('center_axis',(-3.5527136788005E-16,1.22464679914735E-16,
1.));
#5491=DIRECTION('ref_axis',(3.33066907387547E-16,1.,-1.22464679914735E-16));
#5492=DIRECTION('center_axis',(3.33066907387547E-16,1.,-1.22464679914735E-16));
#5493=DIRECTION('ref_axis',(-1.,3.33066907387547E-16,-3.5527136788005E-16));
#5494=DIRECTION('',(-1.,3.33066907387547E-16,-3.5527136788005E-16));
#5495=DIRECTION('center_axis',(-5.80623758984612E-17,0.642787609686539,
0.766044443118978));
#5496=DIRECTION('ref_axis',(-1.,3.33066907387547E-16,-3.5527136788005E-16));
#5497=DIRECTION('center_axis',(4.94072958979446E-17,0.148340452930245,0.988936352868298));
#5498=DIRECTION('ref_axis',(-3.29381972652964E-16,-0.988936352868298,0.148340452930245));
#5499=DIRECTION('',(0.122683226202979,-0.981465809623833,0.147219871443575));
#5500=DIRECTION('',(1.,-3.33066907387547E-16,0.));
#5501=DIRECTION('',(0.122683226202979,0.981465809623833,-0.147219871443575));
#5502=DIRECTION('center_axis',(-0.992277876713668,0.124034734589209,0.));
#5503=DIRECTION('ref_axis',(0.124034734589209,0.992277876713668,0.));
#5504=DIRECTION('',(0.,0.,-1.));
#5505=DIRECTION('',(-0.0953195540281535,-0.762556432225226,-0.63986082103205));
#5506=DIRECTION('',(-0.124034734589209,-0.992277876713668,0.));
#5507=DIRECTION('',(-0.0800903405649416,-0.640722724519531,0.763583608802901));
#5508=DIRECTION('',(-0.124034734589209,-0.992277876713668,0.));
#5509=DIRECTION('center_axis',(0.992277876713668,0.124034734589208,0.));
#5510=DIRECTION('ref_axis',(0.124034734589208,-0.992277876713668,0.));
#5511=DIRECTION('',(-0.124034734589208,0.992277876713668,0.));
#5512=DIRECTION('',(-0.0800903405649411,0.640722724519531,-0.763583608802901));
#5513=DIRECTION('',(-0.124034734589208,0.992277876713668,0.));
#5514=DIRECTION('',(-0.095319554028153,0.762556432225226,0.63986082103205));
#5515=DIRECTION('',(0.,0.,1.));
#5516=DIRECTION('center_axis',(0.,0.,-1.));
#5517=DIRECTION('ref_axis',(3.33066907387547E-16,1.,0.));
#5518=DIRECTION('',(1.,-3.33066907387547E-16,0.));
#5519=DIRECTION('',(1.,-3.33066907387547E-16,0.));
#5520=DIRECTION('center_axis',(-2.55144053591054E-16,-0.766044443118978,
-0.642787609686539));
#5521=DIRECTION('ref_axis',(-1.,3.33066907387547E-16,0.));
#5522=DIRECTION('',(1.,-3.33066907387547E-16,0.));
#5523=DIRECTION('center_axis',(0.,0.,-1.));
#5524=DIRECTION('ref_axis',(3.33066907387547E-16,1.,0.));
#5525=DIRECTION('center_axis',(3.33066907387547E-16,1.,0.));
#5526=DIRECTION('ref_axis',(1.,-3.33066907387547E-16,0.));
#5527=DIRECTION('',(1.,-3.33066907387547E-16,0.));
#5528=DIRECTION('center_axis',(2.14091281265329E-16,0.642787609686539,-0.766044443118978));
#5529=DIRECTION('ref_axis',(1.,-3.33066907387547E-16,0.));
#5530=DIRECTION('center_axis',(-4.00748066727773E-16,0.148340452930245,
-0.988936352868298));
#5531=DIRECTION('ref_axis',(2.7668085702849E-16,-0.988936352868297,-0.148340452930245));
#5532=DIRECTION('',(-0.122683226202979,-0.981465809623833,-0.147219871443575));
#5533=DIRECTION('',(-1.,-3.33066907387547E-16,3.5527136788005E-16));
#5534=DIRECTION('',(-0.122683226202979,0.981465809623833,0.147219871443575));
#5535=DIRECTION('center_axis',(0.992277876713668,0.124034734589209,-3.67717792646953E-16));
#5536=DIRECTION('ref_axis',(-0.124034734589209,0.992277876713668,-7.74530027360654E-17));
#5537=DIRECTION('',(3.5527136788005E-16,1.22464679914735E-16,1.));
#5538=DIRECTION('',(0.0953195540281537,-0.762556432225226,0.63986082103205));
#5539=DIRECTION('',(0.124034734589209,-0.992277876713668,7.74530027360654E-17));
#5540=DIRECTION('',(0.0800903405649413,-0.640722724519531,-0.763583608802901));
#5541=DIRECTION('',(0.124034734589209,-0.992277876713668,7.74530027360654E-17));
#5542=DIRECTION('center_axis',(-0.992277876713668,0.124034734589208,3.373380445074E-16));
#5543=DIRECTION('ref_axis',(-0.124034734589208,-0.992277876713668,1.6558498238036E-16));
#5544=DIRECTION('',(0.124034734589208,0.992277876713668,-1.6558498238036E-16));
#5545=DIRECTION('',(0.0800903405649414,0.640722724519531,0.763583608802901));
#5546=DIRECTION('',(0.124034734589208,0.992277876713668,-1.6558498238036E-16));
#5547=DIRECTION('',(0.0953195540281528,0.762556432225226,-0.63986082103205));
#5548=DIRECTION('',(-3.5527136788005E-16,-1.22464679914735E-16,-1.));
#5549=DIRECTION('center_axis',(3.5527136788005E-16,1.22464679914735E-16,
1.));
#5550=DIRECTION('ref_axis',(-3.33066907387547E-16,1.,-1.22464679914735E-16));
#5551=DIRECTION('',(-1.,-3.33066907387547E-16,3.5527136788005E-16));
#5552=DIRECTION('',(-1.,-3.33066907387547E-16,3.5527136788005E-16));
#5553=DIRECTION('center_axis',(4.83508086940738E-16,-0.766044443118978,
0.64278760968654));
#5554=DIRECTION('ref_axis',(1.,3.33066907387547E-16,-3.5527136788005E-16));
#5555=DIRECTION('',(-1.,-3.33066907387547E-16,3.5527136788005E-16));
#5556=DIRECTION('center_axis',(3.5527136788005E-16,1.22464679914735E-16,
1.));
#5557=DIRECTION('ref_axis',(-3.33066907387547E-16,1.,-1.22464679914735E-16));
#5558=DIRECTION('center_axis',(-3.33066907387547E-16,1.,-1.22464679914735E-16));
#5559=DIRECTION('ref_axis',(-1.,-3.33066907387547E-16,3.5527136788005E-16));
#5560=DIRECTION('',(-1.,-3.33066907387547E-16,3.5527136788005E-16));
#5561=DIRECTION('center_axis',(5.80623758984612E-17,0.642787609686539,0.766044443118978));
#5562=DIRECTION('ref_axis',(-1.,-3.33066907387547E-16,3.5527136788005E-16));
#5563=DIRECTION('center_axis',(-4.94072958979446E-17,0.148340452930245,
0.988936352868298));
#5564=DIRECTION('ref_axis',(3.29381972652964E-16,-0.988936352868297,0.148340452930245));
#5565=DIRECTION('',(0.12268322620298,-0.981465809623833,0.147219871443575));
#5566=DIRECTION('',(1.,3.33066907387547E-16,0.));
#5567=DIRECTION('',(0.122683226202979,0.981465809623833,-0.147219871443575));
#5568=DIRECTION('center_axis',(-0.992277876713668,0.124034734589208,0.));
#5569=DIRECTION('ref_axis',(0.124034734589208,0.992277876713668,0.));
#5570=DIRECTION('',(0.,0.,-1.));
#5571=DIRECTION('',(-0.095319554028153,-0.762556432225226,-0.63986082103205));
#5572=DIRECTION('',(-0.124034734589208,-0.992277876713668,0.));
#5573=DIRECTION('',(-0.0800903405649411,-0.640722724519531,0.763583608802901));
#5574=DIRECTION('',(-0.124034734589208,-0.992277876713668,0.));
#5575=DIRECTION('center_axis',(0.992277876713668,0.124034734589209,0.));
#5576=DIRECTION('ref_axis',(0.124034734589209,-0.992277876713668,0.));
#5577=DIRECTION('',(-0.124034734589209,0.992277876713668,0.));
#5578=DIRECTION('',(-0.0800903405649416,0.640722724519531,-0.763583608802901));
#5579=DIRECTION('',(-0.124034734589209,0.992277876713668,0.));
#5580=DIRECTION('',(-0.0953195540281535,0.762556432225226,0.63986082103205));
#5581=DIRECTION('',(0.,0.,1.));
#5582=DIRECTION('center_axis',(0.,0.,-1.));
#5583=DIRECTION('ref_axis',(-3.33066907387547E-16,1.,0.));
#5584=DIRECTION('',(1.,3.33066907387547E-16,0.));
#5585=DIRECTION('',(1.,3.33066907387547E-16,0.));
#5586=DIRECTION('center_axis',(2.55144053591054E-16,-0.766044443118978,
-0.642787609686539));
#5587=DIRECTION('ref_axis',(-1.,-3.33066907387547E-16,0.));
#5588=DIRECTION('',(1.,3.33066907387547E-16,0.));
#5589=DIRECTION('center_axis',(0.,0.,-1.));
#5590=DIRECTION('ref_axis',(-3.33066907387547E-16,1.,0.));
#5591=DIRECTION('center_axis',(-3.33066907387547E-16,1.,0.));
#5592=DIRECTION('ref_axis',(1.,3.33066907387547E-16,0.));
#5593=DIRECTION('',(1.,3.33066907387547E-16,0.));
#5594=DIRECTION('center_axis',(-2.14091281265329E-16,0.642787609686539,
-0.766044443118978));
#5595=DIRECTION('ref_axis',(1.,3.33066907387547E-16,0.));
#5596=CARTESIAN_POINT('',(0.,0.,0.));
#5597=CARTESIAN_POINT('Origin',(-4.67559043154965,4.5,10.1168800222927));
#5598=CARTESIAN_POINT('',(-39.5714285714286,3.99999999999999,22.9243338364092));
#5599=CARTESIAN_POINT('',(-39.2142857142857,4.99999999999999,23.8583836100251));
#5600=CARTESIAN_POINT('',(-39.5714285714286,3.99999999999999,22.9243338364092));
#5601=CARTESIAN_POINT('',(-14.5225436377307,5.,14.4172600616325));
#5602=CARTESIAN_POINT('',(-4.49701900297822,5.,10.5839049091006));
#5603=CARTESIAN_POINT('',(-14.8796864948735,4.,13.4832102880167));
#5604=CARTESIAN_POINT('',(-14.5225436377307,5.,14.4172600616325));
#5605=CARTESIAN_POINT('',(-4.85416186012108,4.,9.64985513548478));
#5606=CARTESIAN_POINT('Origin',(-41.,4.5,19.1881347419458));
#5607=CARTESIAN_POINT('',(-45.,4.00000000000001,19.1881347419458));
#5608=CARTESIAN_POINT('Origin',(-41.,4.00000000000002,19.1881347419458));
#5609=CARTESIAN_POINT('',(-46.,4.99999999999999,19.1881347419458));
#5610=CARTESIAN_POINT('',(-45.,4.00000000000001,19.1881347419458));
#5611=CARTESIAN_POINT('Origin',(-41.,4.99999999999999,19.1881347419458));
#5612=CARTESIAN_POINT('Origin',(-45.5,4.49999999999999,12.5));
#5613=CARTESIAN_POINT('',(-45.,3.99999999999999,-19.1881347419458));
#5614=CARTESIAN_POINT('',(-46.,4.99999999999999,-19.1881347419458));
#5615=CARTESIAN_POINT('',(-45.,3.99999999999999,-19.1881347419458));
#5616=CARTESIAN_POINT('',(-46.,4.99999999999999,12.5));
#5617=CARTESIAN_POINT('',(-45.,3.99999999999999,12.5));
#5618=CARTESIAN_POINT('Origin',(-41.,4.5,-19.1881347419458));
#5619=CARTESIAN_POINT('',(-39.5714285714286,4.00000000000002,-22.9243338364092));
#5620=CARTESIAN_POINT('Origin',(-41.,4.00000000000002,-19.1881347419458));
#5621=CARTESIAN_POINT('',(-39.2142857142857,4.99999999999999,-23.8583836100251));
#5622=CARTESIAN_POINT('',(-39.5714285714286,4.00000000000002,-22.9243338364092));
#5623=CARTESIAN_POINT('Origin',(-41.,4.99999999999999,-19.1881347419458));
#5624=CARTESIAN_POINT('Origin',(-21.0214614698272,4.49999999999999,-16.3668800222927));
#5625=CARTESIAN_POINT('',(-14.8796864948735,4.,-13.4832102880167));
#5626=CARTESIAN_POINT('',(-14.5225436377307,5.,-14.4172600616325));
#5627=CARTESIAN_POINT('',(-14.8796864948735,4.,-13.4832102880167));
#5628=CARTESIAN_POINT('',(-20.8428900412557,4.99999999999999,-16.8339049091007));
#5629=CARTESIAN_POINT('',(-21.2000328983986,3.99999999999999,-15.8998551354848));
#5630=CARTESIAN_POINT('Origin',(-16.308257923445,4.5,-9.74701119355325));
#5631=CARTESIAN_POINT('',(-12.308257923445,4.00000000000001,-9.74701119355325));
#5632=CARTESIAN_POINT('Origin',(-16.308257923445,4.00000000000001,-9.74701119355325));
#5633=CARTESIAN_POINT('',(-11.308257923445,5.,-9.74701119355325));
#5634=CARTESIAN_POINT('',(-12.308257923445,4.00000000000001,-9.74701119355325));
#5635=CARTESIAN_POINT('Origin',(-16.308257923445,5.,-9.74701119355325));
#5636=CARTESIAN_POINT('Origin',(-11.808257923445,4.5,-6.25));
#5637=CARTESIAN_POINT('',(-12.308257923445,4.,9.74701119355324));
#5638=CARTESIAN_POINT('',(-11.308257923445,5.,9.74701119355324));
#5639=CARTESIAN_POINT('',(-12.308257923445,4.,9.74701119355324));
#5640=CARTESIAN_POINT('',(-11.308257923445,5.,-6.25));
#5641=CARTESIAN_POINT('',(-12.308257923445,4.,-6.25));
#5642=CARTESIAN_POINT('Origin',(-16.308257923445,4.5,9.74701119355324));
#5643=CARTESIAN_POINT('Origin',(-16.308257923445,4.00000000000001,9.74701119355324));
#5644=CARTESIAN_POINT('Origin',(-16.308257923445,5.,9.74701119355324));
#5645=CARTESIAN_POINT('Origin',(-41.,4.99999999999999,-19.1881347419458));
#5646=CARTESIAN_POINT('',(-45.,0.99999999999998,-19.1881347419458));
#5647=CARTESIAN_POINT('',(-45.,4.99999999999999,-19.1881347419458));
#5648=CARTESIAN_POINT('',(-39.5714285714286,0.999999999999995,-22.9243338364092));
#5649=CARTESIAN_POINT('Origin',(-41.,0.999999999999981,-19.1881347419458));
#5650=CARTESIAN_POINT('',(-39.5714285714286,4.99999999999999,-22.9243338364092));
#5651=CARTESIAN_POINT('Origin',(-45.,4.99999999999999,25.));
#5652=CARTESIAN_POINT('',(-45.,0.999999999999994,19.1881347419458));
#5653=CARTESIAN_POINT('',(-45.,4.99999999999999,19.1881347419458));
#5654=CARTESIAN_POINT('',(-45.,0.999999999999994,12.5));
#5655=CARTESIAN_POINT('Origin',(-41.,4.99999999999999,19.1881347419458));
#5656=CARTESIAN_POINT('',(-39.5714285714286,0.999999999999995,22.9243338364092));
#5657=CARTESIAN_POINT('',(-39.5714285714286,4.99999999999999,22.9243338364092));
#5658=CARTESIAN_POINT('Origin',(-41.,0.999999999999981,19.1881347419458));
#5659=CARTESIAN_POINT('Origin',(-12.308257923445,5.,12.5));
#5660=CARTESIAN_POINT('',(-14.8796864948735,0.999999999999998,13.4832102880167));
#5661=CARTESIAN_POINT('',(-14.8796864948735,5.,13.4832102880167));
#5662=CARTESIAN_POINT('',(-48.4766108397129,0.999999999999994,26.3293153786251));
#5663=CARTESIAN_POINT('Origin',(-6.12323399573677E-16,5.,0.));
#5664=CARTESIAN_POINT('',(-28.1893925813588,4.99999999999999,81.15));
#5665=CARTESIAN_POINT('',(-32.1893925813588,4.99999999999999,77.15));
#5666=CARTESIAN_POINT('Origin',(-28.1893925813588,4.99999999999999,77.15));
#5667=CARTESIAN_POINT('',(-5.,5.,81.15));
#5668=CARTESIAN_POINT('',(-25.,4.99999999999999,81.15));
#5669=CARTESIAN_POINT('',(-1.,5.,77.15));
#5670=CARTESIAN_POINT('Origin',(-5.,5.,77.15));
#5671=CARTESIAN_POINT('',(-1.,5.,50.65));
#5672=CARTESIAN_POINT('',(-1.,5.,0.));
#5673=CARTESIAN_POINT('',(-6.59063727281853,5.,50.65));
#5674=CARTESIAN_POINT('',(-1.25,5.,50.65));
#5675=CARTESIAN_POINT('',(-8.,5.,49.2406372728185));
#5676=CARTESIAN_POINT('',(-7.29531863640926,5.,49.9453186364093));
#5677=CARTESIAN_POINT('',(-8.,5.,-49.2406372728185));
#5678=CARTESIAN_POINT('',(-8.,5.,0.));
#5679=CARTESIAN_POINT('',(-6.59063727281853,5.,-50.65));
#5680=CARTESIAN_POINT('',(-7.29531863640927,5.,-49.9453186364093));
#5681=CARTESIAN_POINT('',(-1.,5.,-50.65));
#5682=CARTESIAN_POINT('',(-1.25,5.,-50.65));
#5683=CARTESIAN_POINT('',(-1.,5.,-77.15));
#5684=CARTESIAN_POINT('',(-1.,5.,0.));
#5685=CARTESIAN_POINT('',(-5.,5.,-81.15));
#5686=CARTESIAN_POINT('Origin',(-5.,5.,-77.15));
#5687=CARTESIAN_POINT('',(-28.1893925813588,4.99999999999999,-81.15));
#5688=CARTESIAN_POINT('',(-25.,4.99999999999999,-81.15));
#5689=CARTESIAN_POINT('',(-32.1893925813588,4.99999999999999,-77.15));
#5690=CARTESIAN_POINT('Origin',(-28.1893925813588,4.99999999999999,-77.15));
#5691=CARTESIAN_POINT('',(-32.1893925813588,4.99999999999999,-72.4482976438863));
#5692=CARTESIAN_POINT('',(-32.1893925813588,4.99999999999999,-41.075));
#5693=CARTESIAN_POINT('',(-36.1893925813588,4.99999999999999,-68.4482976438863));
#5694=CARTESIAN_POINT('Origin',(-36.1893925813588,4.99999999999999,-72.4482976438863));
#5695=CARTESIAN_POINT('',(-39.1609942042242,4.99999999999999,-68.4482976438863));
#5696=CARTESIAN_POINT('',(-16.5946962906794,5.,-68.4482976438863));
#5697=CARTESIAN_POINT('',(-66.1893925813588,4.99999999999998,-81.0460109572069));
#5698=CARTESIAN_POINT('',(-16.883256281109,5.,-58.0648279425474));
#5699=CARTESIAN_POINT('',(-66.1893925813588,4.99999999999998,-81.15));
#5700=CARTESIAN_POINT('',(-66.1893925813588,4.99999999999998,-34.7241488219432));
#5701=CARTESIAN_POINT('',(-95.,4.99999999999997,-81.15));
#5702=CARTESIAN_POINT('',(-25.,4.99999999999999,-81.15));
#5703=CARTESIAN_POINT('',(-99.,4.99999999999997,-77.15));
#5704=CARTESIAN_POINT('Origin',(-95.,4.99999999999997,-77.15));
#5705=CARTESIAN_POINT('',(-99.,4.99999999999997,-68.6637605315435));
#5706=CARTESIAN_POINT('',(-99.,4.99999999999997,0.));
#5707=CARTESIAN_POINT('',(-96.7888543819998,4.99999999999997,-65.0860517675438));
#5708=CARTESIAN_POINT('Origin',(-95.,4.99999999999997,-68.6637605315435));
#5709=CARTESIAN_POINT('',(-62.3167184270003,4.99999999999998,-47.8499837900441));
#5710=CARTESIAN_POINT('',(-36.4380682869412,4.99999999999999,-34.9106587200146));
#5711=CARTESIAN_POINT('',(-59.,4.99999999999998,-42.4834206440445));
#5712=CARTESIAN_POINT('Origin',(-65.,4.99999999999998,-42.4834206440445));
#5713=CARTESIAN_POINT('',(-59.,4.99999999999998,42.4834206440445));
#5714=CARTESIAN_POINT('',(-59.,4.99999999999998,-32.786795293897));
#5715=CARTESIAN_POINT('',(-62.3167184270003,4.99999999999998,47.849983790044));
#5716=CARTESIAN_POINT('Origin',(-65.,4.99999999999998,42.4834206440445));
#5717=CARTESIAN_POINT('',(-96.7888543819998,4.99999999999997,65.0860517675438));
#5718=CARTESIAN_POINT('',(-36.4380682869412,4.99999999999999,34.9106587200145));
#5719=CARTESIAN_POINT('',(-99.,4.99999999999997,68.6637605315435));
#5720=CARTESIAN_POINT('Origin',(-95.,4.99999999999997,68.6637605315435));
#5721=CARTESIAN_POINT('',(-99.,4.99999999999997,77.15));
#5722=CARTESIAN_POINT('',(-99.,4.99999999999997,0.));
#5723=CARTESIAN_POINT('',(-95.,4.99999999999997,81.15));
#5724=CARTESIAN_POINT('Origin',(-95.,4.99999999999997,77.15));
#5725=CARTESIAN_POINT('',(-66.1893925813588,4.99999999999998,81.15));
#5726=CARTESIAN_POINT('',(-25.,4.99999999999999,81.15));
#5727=CARTESIAN_POINT('',(-66.1893925813588,4.99999999999998,81.046010957207));
#5728=CARTESIAN_POINT('',(-66.1893925813588,4.99999999999998,34.7241488219432));
#5729=CARTESIAN_POINT('',(-39.1609942042242,4.99999999999999,68.4482976438863));
#5730=CARTESIAN_POINT('',(-16.883256281109,5.,58.0648279425474));
#5731=CARTESIAN_POINT('',(-36.1893925813588,4.99999999999999,68.4482976438863));
#5732=CARTESIAN_POINT('',(-16.5946962906794,5.,68.4482976438863));
#5733=CARTESIAN_POINT('',(-32.1893925813588,4.99999999999999,72.4482976438863));
#5734=CARTESIAN_POINT('Origin',(-36.1893925813588,4.99999999999999,72.4482976438863));
#5735=CARTESIAN_POINT('',(-32.1893925813588,4.99999999999999,41.075));
#5736=CARTESIAN_POINT('',(-36.3770327796349,4.99999999999999,46.));
#5737=CARTESIAN_POINT('',(-36.3770327796349,4.99999999999999,29.));
#5738=CARTESIAN_POINT('',(-36.3770327796349,4.99999999999999,0.));
#5739=CARTESIAN_POINT('',(-47.7113757407974,4.99999999999998,46.));
#5740=CARTESIAN_POINT('',(-12.9278439351993,5.,46.));
#5741=CARTESIAN_POINT('',(-47.7113757407974,4.99999999999998,29.));
#5742=CARTESIAN_POINT('',(-47.7113757407974,4.99999999999998,0.));
#5743=CARTESIAN_POINT('',(-12.9278439351993,5.,29.));
#5744=CARTESIAN_POINT('',(-7.,5.,-74.25));
#5745=CARTESIAN_POINT('',(-23.,4.99999999999999,-74.25));
#5746=CARTESIAN_POINT('',(-18.825,5.,-74.25));
#5747=CARTESIAN_POINT('',(-23.,4.99999999999999,-76.25));
#5748=CARTESIAN_POINT('',(-23.,4.99999999999999,-35.89));
#5749=CARTESIAN_POINT('',(-7.,5.,-76.25));
#5750=CARTESIAN_POINT('',(-18.825,4.99999999999999,-76.25));
#5751=CARTESIAN_POINT('',(-7.,5.,-35.89));
#5752=CARTESIAN_POINT('',(-23.,4.99999999999999,-70.05));
#5753=CARTESIAN_POINT('',(-7.,5.,-70.05));
#5754=CARTESIAN_POINT('',(3.82499999999999,5.,-70.05));
#5755=CARTESIAN_POINT('',(-7.,5.,-68.05));
#5756=CARTESIAN_POINT('',(-6.99999999999999,5.,-36.26));
#5757=CARTESIAN_POINT('',(-23.,4.99999999999999,-68.05));
#5758=CARTESIAN_POINT('',(3.82499999999999,5.,-68.05));
#5759=CARTESIAN_POINT('',(-23.,4.99999999999999,-36.26));
#5760=CARTESIAN_POINT('',(-77.,4.99999999999998,-74.25));
#5761=CARTESIAN_POINT('',(-93.,4.99999999999997,-74.25));
#5762=CARTESIAN_POINT('',(-53.825,4.99999999999998,-74.25));
#5763=CARTESIAN_POINT('',(-93.,4.99999999999997,-76.25));
#5764=CARTESIAN_POINT('',(-93.,4.99999999999997,-35.89));
#5765=CARTESIAN_POINT('',(-77.,4.99999999999998,-76.25));
#5766=CARTESIAN_POINT('',(-53.825,4.99999999999998,-76.25));
#5767=CARTESIAN_POINT('',(-77.,4.99999999999997,-35.89));
#5768=CARTESIAN_POINT('',(-93.,4.99999999999997,-70.05));
#5769=CARTESIAN_POINT('',(-77.,4.99999999999998,-70.05));
#5770=CARTESIAN_POINT('',(-31.175,4.99999999999999,-70.05));
#5771=CARTESIAN_POINT('',(-77.,4.99999999999998,-68.05));
#5772=CARTESIAN_POINT('',(-77.,4.99999999999998,-36.26));
#5773=CARTESIAN_POINT('',(-93.,4.99999999999997,-68.05));
#5774=CARTESIAN_POINT('',(-31.175,4.99999999999999,-68.05));
#5775=CARTESIAN_POINT('',(-93.,4.99999999999997,-36.26));
#5776=CARTESIAN_POINT('',(-23.,4.99999999999999,74.25));
#5777=CARTESIAN_POINT('',(-7.,5.,74.25));
#5778=CARTESIAN_POINT('',(3.825,5.,74.25));
#5779=CARTESIAN_POINT('',(-7.,5.,76.25));
#5780=CARTESIAN_POINT('',(-7.,5.,35.89));
#5781=CARTESIAN_POINT('',(-23.,4.99999999999999,76.25));
#5782=CARTESIAN_POINT('',(3.825,5.,76.25));
#5783=CARTESIAN_POINT('',(-23.,4.99999999999999,35.89));
#5784=CARTESIAN_POINT('',(-7.,5.,70.05));
#5785=CARTESIAN_POINT('',(-23.,4.99999999999999,70.05));
#5786=CARTESIAN_POINT('',(-18.825,4.99999999999999,70.05));
#5787=CARTESIAN_POINT('',(-23.,4.99999999999999,68.05));
#5788=CARTESIAN_POINT('',(-23.,4.99999999999999,36.26));
#5789=CARTESIAN_POINT('',(-7.,5.,68.05));
#5790=CARTESIAN_POINT('',(-18.825,4.99999999999999,68.05));
#5791=CARTESIAN_POINT('',(-6.99999999999999,5.,36.26));
#5792=CARTESIAN_POINT('',(-93.,4.99999999999997,74.25));
#5793=CARTESIAN_POINT('',(-77.,4.99999999999998,74.25));
#5794=CARTESIAN_POINT('',(-31.175,4.99999999999999,74.25));
#5795=CARTESIAN_POINT('',(-77.,4.99999999999998,76.25));
#5796=CARTESIAN_POINT('',(-77.,4.99999999999998,35.89));
#5797=CARTESIAN_POINT('',(-93.,4.99999999999997,76.25));
#5798=CARTESIAN_POINT('',(-31.175,4.99999999999999,76.25));
#5799=CARTESIAN_POINT('',(-93.,4.99999999999997,35.89));
#5800=CARTESIAN_POINT('',(-77.,4.99999999999998,70.05));
#5801=CARTESIAN_POINT('',(-93.,4.99999999999997,70.05));
#5802=CARTESIAN_POINT('',(-53.825,4.99999999999998,70.05));
#5803=CARTESIAN_POINT('',(-93.,4.99999999999997,68.05));
#5804=CARTESIAN_POINT('',(-93.,4.99999999999997,36.26));
#5805=CARTESIAN_POINT('',(-77.,4.99999999999998,68.05));
#5806=CARTESIAN_POINT('',(-53.825,4.99999999999998,68.05));
#5807=CARTESIAN_POINT('',(-77.,4.99999999999997,36.26));
#5808=CARTESIAN_POINT('',(-36.3770327796349,4.99999999999999,-46.));
#5809=CARTESIAN_POINT('',(-47.7113757407974,4.99999999999998,-46.));
#5810=CARTESIAN_POINT('',(-12.9278439351993,5.,-46.));
#5811=CARTESIAN_POINT('',(-36.3770327796349,4.99999999999999,-29.));
#5812=CARTESIAN_POINT('',(-36.3770327796349,4.99999999999999,0.));
#5813=CARTESIAN_POINT('',(-47.7113757407974,4.99999999999998,-29.));
#5814=CARTESIAN_POINT('',(-12.9278439351993,5.,-29.));
#5815=CARTESIAN_POINT('',(-47.7113757407974,4.99999999999998,0.));
#5816=CARTESIAN_POINT('Origin',(-48.2980394111414,0.499999999999994,26.7963402654331));
#5817=CARTESIAN_POINT('',(-14.5225436377307,-1.71423429327174E-15,14.4172600616325));
#5818=CARTESIAN_POINT('',(-14.8796864948735,0.999999999999998,13.4832102880167));
#5819=CARTESIAN_POINT('',(-39.2142857142857,-4.73810058321425E-15,23.8583836100251));
#5820=CARTESIAN_POINT('',(-48.11946798257,-5.82867087928207E-15,27.263365152241));
#5821=CARTESIAN_POINT('',(-39.2142857142857,-4.73810058321425E-15,23.8583836100251));
#5822=CARTESIAN_POINT('Origin',(-16.308257923445,0.499999999999988,9.74701119355324));
#5823=CARTESIAN_POINT('',(-12.308257923445,0.999999999999978,9.74701119355324));
#5824=CARTESIAN_POINT('Origin',(-16.308257923445,0.999999999999977,9.74701119355324));
#5825=CARTESIAN_POINT('',(-11.308257923445,-1.33056689352035E-15,9.74701119355324));
#5826=CARTESIAN_POINT('',(-12.308257923445,0.999999999999978,9.74701119355324));
#5827=CARTESIAN_POINT('Origin',(-16.308257923445,-1.94289029309402E-15,
9.74701119355324));
#5828=CARTESIAN_POINT('Origin',(-11.808257923445,0.499999999999999,-6.25));
#5829=CARTESIAN_POINT('',(-12.308257923445,0.999999999999999,-9.74701119355325));
#5830=CARTESIAN_POINT('',(-11.308257923445,-1.38777878078145E-15,-9.74701119355325));
#5831=CARTESIAN_POINT('',(-12.308257923445,0.999999999999999,-9.74701119355325));
#5832=CARTESIAN_POINT('',(-11.308257923445,-1.38777878078145E-15,-6.25));
#5833=CARTESIAN_POINT('',(-12.308257923445,0.999999999999999,-6.25));
#5834=CARTESIAN_POINT('Origin',(-16.308257923445,0.499999999999988,-9.74701119355325));
#5835=CARTESIAN_POINT('',(-14.8796864948735,0.999999999999977,-13.4832102880167));
#5836=CARTESIAN_POINT('Origin',(-16.308257923445,0.999999999999977,-9.74701119355325));
#5837=CARTESIAN_POINT('',(-14.5225436377307,-1.72420336467485E-15,-14.4172600616325));
#5838=CARTESIAN_POINT('',(-14.8796864948735,0.999999999999977,-13.4832102880167));
#5839=CARTESIAN_POINT('Origin',(-16.308257923445,-1.94289029309402E-15,
-9.74701119355325));
#5840=CARTESIAN_POINT('Origin',(-64.643910449419,0.499999999999992,-33.0463402654331));
#5841=CARTESIAN_POINT('',(-39.2142857142857,-4.81797688975622E-15,-23.8583836100251));
#5842=CARTESIAN_POINT('',(-39.5714285714286,0.999999999999995,-22.9243338364092));
#5843=CARTESIAN_POINT('',(-64.4653390208476,-7.91033905045424E-15,-33.513365152241));
#5844=CARTESIAN_POINT('',(-64.8224818779904,0.999999999999992,-32.5793153786251));
#5845=CARTESIAN_POINT('Origin',(-41.,0.499999999999988,-19.1881347419458));
#5846=CARTESIAN_POINT('',(-46.,-5.60832701038688E-15,-19.1881347419458));
#5847=CARTESIAN_POINT('',(-45.,0.99999999999998,-19.1881347419458));
#5848=CARTESIAN_POINT('Origin',(-41.,-4.9960036108132E-15,-19.1881347419458));
#5849=CARTESIAN_POINT('Origin',(-45.5,0.499999999999994,12.5));
#5850=CARTESIAN_POINT('',(-46.,-5.55111512312578E-15,19.1881347419458));
#5851=CARTESIAN_POINT('',(-45.,0.999999999999994,19.1881347419458));
#5852=CARTESIAN_POINT('',(-46.,-5.55111512312578E-15,12.5));
#5853=CARTESIAN_POINT('Origin',(-41.,0.499999999999988,19.1881347419458));
#5854=CARTESIAN_POINT('Origin',(-41.,-4.9960036108132E-15,19.1881347419458));
#5855=CARTESIAN_POINT('Origin',(-16.308257923445,4.99999999999999,-9.74701119355325));
#5856=CARTESIAN_POINT('',(-14.8796864948735,4.99999999999999,-13.4832102880167));
#5857=CARTESIAN_POINT('',(-12.308257923445,4.99999999999999,-9.74701119355325));
#5858=CARTESIAN_POINT('Origin',(-12.308257923445,5.,-12.5));
#5859=CARTESIAN_POINT('',(-12.308257923445,5.,9.74701119355324));
#5860=CARTESIAN_POINT('Origin',(-16.308257923445,5.,9.74701119355324));
#5861=CARTESIAN_POINT('Origin',(-100.,-1.22464679914735E-14,0.));
#5862=CARTESIAN_POINT('',(-66.1893925813588,-8.04911692853238E-15,-81.15));
#5863=CARTESIAN_POINT('',(-95.,-1.16086335514522E-14,-81.15));
#5864=CARTESIAN_POINT('',(-75.,-9.15933995315754E-15,-81.15));
#5865=CARTESIAN_POINT('',(-66.1893925813588,-8.08551367098197E-15,-81.046010957207));
#5866=CARTESIAN_POINT('',(-66.1893925813588,-8.04911692853238E-15,-34.7241488219432));
#5867=CARTESIAN_POINT('',(-39.1609942042241,-4.77548951511822E-15,-68.4482976438863));
#5868=CARTESIAN_POINT('',(-57.9597390216688,-7.07767178198537E-15,-77.2102373843034));
#5869=CARTESIAN_POINT('',(-36.1893925813588,-4.46431902013827E-15,-68.4482976438863));
#5870=CARTESIAN_POINT('',(-66.5946962906794,-8.18789480661053E-15,-68.4482976438863));
#5871=CARTESIAN_POINT('',(-32.1893925813588,-3.95103337884168E-15,-72.4482976438863));
#5872=CARTESIAN_POINT('Origin',(-36.1893925813588,-4.44089209850063E-15,
-72.4482976438863));
#5873=CARTESIAN_POINT('',(-32.1893925813588,-3.88578058618805E-15,-77.15));
#5874=CARTESIAN_POINT('',(-32.1893925813588,-3.88578058618805E-15,-41.075));
#5875=CARTESIAN_POINT('',(-28.1893925813588,-3.46944695195361E-15,-81.15));
#5876=CARTESIAN_POINT('Origin',(-28.1893925813588,-3.46944695195361E-15,
-77.15));
#5877=CARTESIAN_POINT('',(-5.,-5.86812359126069E-16,-81.15));
#5878=CARTESIAN_POINT('',(-75.,-9.15933995315754E-15,-81.15));
#5879=CARTESIAN_POINT('',(-1.,-6.52527926536371E-17,-77.15));
#5880=CARTESIAN_POINT('Origin',(-5.,-5.55111512312578E-16,-77.15));
#5881=CARTESIAN_POINT('',(-0.999999999999996,-1.38777878078145E-16,77.15));
#5882=CARTESIAN_POINT('',(-0.999999999999996,-1.38777878078145E-16,0.));
#5883=CARTESIAN_POINT('',(-5.,-5.55111512312578E-16,81.15));
#5884=CARTESIAN_POINT('Origin',(-5.,-5.55111512312578E-16,77.15));
#5885=CARTESIAN_POINT('',(-28.1893925813588,-3.42669389901931E-15,81.15));
#5886=CARTESIAN_POINT('',(-75.,-9.15933995315754E-15,81.15));
#5887=CARTESIAN_POINT('',(-32.1893925813588,-3.95930567161256E-15,77.15));
#5888=CARTESIAN_POINT('Origin',(-28.1893925813588,-3.46944695195361E-15,
77.15));
#5889=CARTESIAN_POINT('',(-32.1893925813588,-3.88578058618805E-15,72.4482976438863));
#5890=CARTESIAN_POINT('',(-32.1893925813588,-3.88578058618805E-15,41.075));
#5891=CARTESIAN_POINT('',(-36.1893925813588,-4.44089209850063E-15,68.4482976438863));
#5892=CARTESIAN_POINT('Origin',(-36.1893925813588,-4.44089209850063E-15,
72.4482976438863));
#5893=CARTESIAN_POINT('',(-39.1609942042241,-4.82823526171658E-15,68.4482976438863));
#5894=CARTESIAN_POINT('',(-66.5946962906794,-8.18789480661053E-15,68.4482976438863));
#5895=CARTESIAN_POINT('',(-66.1893925813588,-8.08551367098197E-15,81.046010957207));
#5896=CARTESIAN_POINT('',(-57.9597390216688,-7.07767178198537E-15,77.2102373843034));
#5897=CARTESIAN_POINT('',(-66.1893925813588,-8.04911692853238E-15,81.15));
#5898=CARTESIAN_POINT('',(-66.1893925813588,-8.04911692853238E-15,34.7241488219432));
#5899=CARTESIAN_POINT('',(-95.,-1.16573417585641E-14,81.15));
#5900=CARTESIAN_POINT('',(-75.,-9.15933995315754E-15,81.15));
#5901=CARTESIAN_POINT('',(-99.,-1.20736753927986E-14,77.15));
#5902=CARTESIAN_POINT('Origin',(-95.,-1.16573417585641E-14,77.15));
#5903=CARTESIAN_POINT('',(-99.,-1.21472004782231E-14,68.6637605315435));
#5904=CARTESIAN_POINT('',(-99.,-1.20736753927986E-14,0.));
#5905=CARTESIAN_POINT('',(-96.7888543819998,-1.17903703363803E-14,65.0860517675438));
#5906=CARTESIAN_POINT('Origin',(-95.,-1.16573417585641E-14,68.6637605315435));
#5907=CARTESIAN_POINT('',(-62.3167184270003,-7.58173183149572E-15,47.849983790044));
#5908=CARTESIAN_POINT('',(-76.4380682869412,-9.29811783123569E-15,54.9106587200145));
#5909=CARTESIAN_POINT('',(-59.,-7.21644966006352E-15,42.4834206440445));
#5910=CARTESIAN_POINT('Origin',(-65.,-7.91033905045424E-15,42.4834206440445));
#5911=CARTESIAN_POINT('',(-59.,-7.17555097096583E-15,-42.4834206440445));
#5912=CARTESIAN_POINT('',(-59.,-7.21644966006352E-15,-32.786795293897));
#5913=CARTESIAN_POINT('',(-62.3167184270002,-7.56875124067402E-15,-47.8499837900441));
#5914=CARTESIAN_POINT('Origin',(-65.,-7.91033905045424E-15,-42.4834206440445));
#5915=CARTESIAN_POINT('',(-96.7888543819998,-1.18764132378698E-14,-65.0860517675438));
#5916=CARTESIAN_POINT('',(-76.4380682869412,-9.29811783123569E-15,-54.9106587200146));
#5917=CARTESIAN_POINT('',(-99.,-1.20736753927986E-14,-68.6637605315435));
#5918=CARTESIAN_POINT('Origin',(-95.,-1.16573417585641E-14,-68.6637605315435));
#5919=CARTESIAN_POINT('',(-99.,-1.21472004782231E-14,-77.15));
#5920=CARTESIAN_POINT('',(-99.,-1.20736753927986E-14,0.));
#5921=CARTESIAN_POINT('Origin',(-95.,-1.16573417585641E-14,-77.15));
#5922=CARTESIAN_POINT('Origin',(-45.,4.99999999999999,-25.));
#5923=CARTESIAN_POINT('Origin',(-75.,0.499999999999991,-81.65));
#5924=CARTESIAN_POINT('',(-66.1893925813588,0.999999999999992,-82.15));
#5925=CARTESIAN_POINT('',(-66.1893925813588,-1.42542558902844,-79.7245744109716));
#5926=CARTESIAN_POINT('',(-95.,0.999999999999989,-82.15));
#5927=CARTESIAN_POINT('',(-95.,-1.16086335514522E-14,-81.15));
#5928=CARTESIAN_POINT('',(-75.,0.999999999999991,-82.15));
#5929=CARTESIAN_POINT('Origin',(-95.,0.499999999999988,-77.15));
#5930=CARTESIAN_POINT('',(-100.,0.999999999999987,-77.15));
#5931=CARTESIAN_POINT('',(-99.,-1.21472004782231E-14,-77.15));
#5932=CARTESIAN_POINT('Origin',(-95.,0.999999999999988,-77.15));
#5933=CARTESIAN_POINT('Origin',(-99.5,0.499999999999988,0.));
#5934=CARTESIAN_POINT('',(-100.,0.999999999999988,-68.6637605315435));
#5935=CARTESIAN_POINT('',(-99.,-1.20736753927986E-14,-68.6637605315435));
#5936=CARTESIAN_POINT('',(-100.,0.999999999999988,0.));
#5937=CARTESIAN_POINT('Origin',(-95.,0.499999999999988,-68.6637605315435));
#5938=CARTESIAN_POINT('',(-97.2360679774998,0.999999999999988,-64.1916245765439));
#5939=CARTESIAN_POINT('',(-96.7888543819998,-1.18764132378698E-14,-65.0860517675438));
#5940=CARTESIAN_POINT('Origin',(-95.,0.999999999999988,-68.6637605315435));
#5941=CARTESIAN_POINT('Origin',(-76.6616750846912,0.499999999999991,-54.4634451245146));
#5942=CARTESIAN_POINT('',(-62.7639320225002,0.999999999999993,-46.9555565990441));
#5943=CARTESIAN_POINT('',(-62.3167184270002,-7.56875124067402E-15,-47.8499837900441));
#5944=CARTESIAN_POINT('',(-76.8852818824412,0.999999999999991,-54.0162315290146));
#5945=CARTESIAN_POINT('Origin',(-65.,0.499999999999988,-42.4834206440445));
#5946=CARTESIAN_POINT('',(-60.,0.999999999999984,-42.4834206440445));
#5947=CARTESIAN_POINT('',(-59.,-7.17555097096583E-15,-42.4834206440445));
#5948=CARTESIAN_POINT('Origin',(-65.,0.999999999999983,-42.4834206440445));
#5949=CARTESIAN_POINT('Origin',(-59.5,0.499999999999993,-32.786795293897));
#5950=CARTESIAN_POINT('',(-60.,0.999999999999993,42.4834206440445));
#5951=CARTESIAN_POINT('',(-59.,-7.21644966006352E-15,42.4834206440445));
#5952=CARTESIAN_POINT('',(-60.,0.999999999999993,-32.786795293897));
#5953=CARTESIAN_POINT('Origin',(-65.,0.499999999999988,42.4834206440445));
#5954=CARTESIAN_POINT('',(-62.7639320225002,0.999999999999983,46.9555565990441));
#5955=CARTESIAN_POINT('',(-62.3167184270003,-7.58173183149572E-15,47.849983790044));
#5956=CARTESIAN_POINT('Origin',(-65.,0.999999999999983,42.4834206440445));
#5957=CARTESIAN_POINT('Origin',(-76.6616750846912,0.49999999999999,54.4634451245146));
#5958=CARTESIAN_POINT('',(-97.2360679774998,0.999999999999987,64.1916245765439));
#5959=CARTESIAN_POINT('',(-96.7888543819998,-1.17903703363803E-14,65.0860517675438));
#5960=CARTESIAN_POINT('',(-76.8852818824412,0.99999999999999,54.0162315290146));
#5961=CARTESIAN_POINT('Origin',(-95.,0.499999999999988,68.6637605315435));
#5962=CARTESIAN_POINT('',(-100.,0.999999999999987,68.6637605315435));
#5963=CARTESIAN_POINT('',(-99.,-1.21472004782231E-14,68.6637605315435));
#5964=CARTESIAN_POINT('Origin',(-95.,0.999999999999988,68.6637605315435));
#5965=CARTESIAN_POINT('Origin',(-99.5,0.499999999999988,0.));
#5966=CARTESIAN_POINT('',(-100.,0.999999999999988,77.15));
#5967=CARTESIAN_POINT('',(-99.,-1.20736753927986E-14,77.15));
#5968=CARTESIAN_POINT('',(-100.,0.999999999999988,0.));
#5969=CARTESIAN_POINT('Origin',(-95.,0.499999999999988,77.15));
#5970=CARTESIAN_POINT('',(-95.,0.999999999999988,82.15));
#5971=CARTESIAN_POINT('',(-95.,-1.16573417585641E-14,81.15));
#5972=CARTESIAN_POINT('Origin',(-95.,0.999999999999988,77.15));
#5973=CARTESIAN_POINT('Origin',(-75.,0.499999999999991,81.65));
#5974=CARTESIAN_POINT('',(-66.1893925813588,0.999999999999992,82.15));
#5975=CARTESIAN_POINT('',(-66.1893925813588,-1.42542558902844,79.7245744109716));
#5976=CARTESIAN_POINT('',(-75.,0.999999999999991,82.15));
#5977=CARTESIAN_POINT('Origin',(-50.,2.49999999999999,-82.15));
#5978=CARTESIAN_POINT('',(-95.,3.99999999999997,-82.15));
#5979=CARTESIAN_POINT('',(-95.,3.74999999999999,-82.15));
#5980=CARTESIAN_POINT('',(-66.1893925813588,3.99999999999998,-82.15));
#5981=CARTESIAN_POINT('',(-25.,3.99999999999999,-82.15));
#5982=CARTESIAN_POINT('',(-66.1893925813588,3.74999999999998,-82.15));
#5983=CARTESIAN_POINT('Origin',(-95.,3.74999999999999,-77.15));
#5984=CARTESIAN_POINT('',(-100.,4.00000000000003,-77.15));
#5985=CARTESIAN_POINT('',(-100.,3.74999999999999,-77.15));
#5986=CARTESIAN_POINT('Origin',(-95.,4.00000000000003,-77.15));
#5987=CARTESIAN_POINT('Origin',(-100.,4.99999999999999,0.));
#5988=CARTESIAN_POINT('',(-100.,3.99999999999999,-68.6637605315435));
#5989=CARTESIAN_POINT('',(-100.,4.99999999999998,-68.6637605315435));
#5990=CARTESIAN_POINT('',(-100.,3.99999999999999,0.));
#5991=CARTESIAN_POINT('Origin',(-95.,4.99999999999998,-68.6637605315435));
#5992=CARTESIAN_POINT('',(-97.2360679774998,4.00000000000003,-64.1916245765439));
#5993=CARTESIAN_POINT('',(-97.2360679774998,4.99999999999998,-64.1916245765439));
#5994=CARTESIAN_POINT('Origin',(-95.,4.00000000000003,-68.6637605315435));
#5995=CARTESIAN_POINT('Origin',(-80.,4.99999999999997,-55.573590587794));
#5996=CARTESIAN_POINT('',(-62.7639320225002,3.99999999999998,-46.9555565990441));
#5997=CARTESIAN_POINT('',(-62.7639320225002,4.99999999999998,-46.9555565990441));
#5998=CARTESIAN_POINT('',(-36.8852818824412,3.99999999999999,-34.0162315290146));
#5999=CARTESIAN_POINT('Origin',(-65.,4.99999999999998,-42.4834206440445));
#6000=CARTESIAN_POINT('',(-60.,4.00000000000002,-42.4834206440445));
#6001=CARTESIAN_POINT('',(-60.,4.99999999999998,-42.4834206440445));
#6002=CARTESIAN_POINT('Origin',(-65.,4.00000000000002,-42.4834206440445));
#6003=CARTESIAN_POINT('Origin',(-60.,4.99999999999998,-65.573590587794));
#6004=CARTESIAN_POINT('',(-60.,3.99999999999998,42.4834206440445));
#6005=CARTESIAN_POINT('',(-60.,4.99999999999998,42.4834206440445));
#6006=CARTESIAN_POINT('',(-60.,3.99999999999998,-32.786795293897));
#6007=CARTESIAN_POINT('Origin',(-65.,4.99999999999998,42.4834206440445));
#6008=CARTESIAN_POINT('',(-62.7639320225002,4.00000000000002,46.9555565990441));
#6009=CARTESIAN_POINT('',(-62.7639320225002,4.99999999999998,46.9555565990441));
#6010=CARTESIAN_POINT('Origin',(-65.,4.00000000000002,42.4834206440445));
#6011=CARTESIAN_POINT('Origin',(-80.,4.99999999999998,55.573590587794));
#6012=CARTESIAN_POINT('',(-97.2360679774998,3.99999999999997,64.1916245765439));
#6013=CARTESIAN_POINT('',(-97.2360679774998,4.99999999999998,64.1916245765439));
#6014=CARTESIAN_POINT('',(-36.8852818824412,3.99999999999999,34.0162315290146));
#6015=CARTESIAN_POINT('Origin',(-95.,4.99999999999998,68.6637605315435));
#6016=CARTESIAN_POINT('',(-100.,4.00000000000003,68.6637605315435));
#6017=CARTESIAN_POINT('',(-100.,4.99999999999998,68.6637605315435));
#6018=CARTESIAN_POINT('Origin',(-95.,4.00000000000003,68.6637605315435));
#6019=CARTESIAN_POINT('Origin',(-100.,4.99999999999999,0.));
#6020=CARTESIAN_POINT('',(-100.,3.99999999999999,77.15));
#6021=CARTESIAN_POINT('',(-100.,3.74999999999999,77.15));
#6022=CARTESIAN_POINT('',(-100.,3.99999999999999,0.));
#6023=CARTESIAN_POINT('Origin',(-95.,3.74999999999999,77.15));
#6024=CARTESIAN_POINT('',(-95.,4.00000000000003,82.15));
#6025=CARTESIAN_POINT('',(-95.,3.74999999999999,82.15));
#6026=CARTESIAN_POINT('Origin',(-95.,4.00000000000003,77.15));
#6027=CARTESIAN_POINT('Origin',(-50.,2.49999999999999,82.15));
#6028=CARTESIAN_POINT('',(-66.1893925813588,3.99999999999999,82.15));
#6029=CARTESIAN_POINT('',(-66.1893925813588,3.74999999999998,82.15));
#6030=CARTESIAN_POINT('',(-25.,3.99999999999999,82.15));
#6031=CARTESIAN_POINT('Origin',(-66.1893925813588,4.99999999999998,69.4482976438863));
#6032=CARTESIAN_POINT('',(-66.1893925813588,0.999999999999992,82.1492976438863));
#6033=CARTESIAN_POINT('',(-66.1893925813588,-2.48677479334932,78.3023854349349));
#6034=CARTESIAN_POINT('',(-66.1893925813588,3.99999999999998,82.1492976438863));
#6035=CARTESIAN_POINT('',(-66.1893925813588,4.99999999999998,82.1492976438863));
#6036=CARTESIAN_POINT('',(-66.1893925813588,13.3776250220922,71.8030888043407));
#6037=CARTESIAN_POINT('',(-66.1893925813588,7.67542558902841,78.4745744109716));
#6038=CARTESIAN_POINT('Origin',(-16.5946962906794,4.49999999999999,68.9482976438863));
#6039=CARTESIAN_POINT('',(-38.9393925813588,3.99999999999999,69.4482976438863));
#6040=CARTESIAN_POINT('',(-36.1893925813588,3.99999999999999,69.4482976438863));
#6041=CARTESIAN_POINT('',(-16.5946962906794,4.,69.4482976438863));
#6042=CARTESIAN_POINT('',(-36.1893925813588,3.99999999999999,69.4482976438863));
#6043=CARTESIAN_POINT('',(-39.1609942042242,4.99999999999999,68.4482976438863));
#6044=CARTESIAN_POINT('Origin',(-16.6720275276278,4.49999999999999,58.5180193079801));
#6045=CARTESIAN_POINT('',(-16.4607987741467,4.,58.9712106734129));
#6046=CARTESIAN_POINT('Origin',(-36.1893925813588,4.49999999999998,72.4482976438863));
#6047=CARTESIAN_POINT('',(-33.1893925813588,3.99999999999998,72.4482976438863));
#6048=CARTESIAN_POINT('Origin',(-36.1893925813588,3.99999999999998,72.4482976438863));
#6049=CARTESIAN_POINT('',(-33.1893925813588,3.99999999999998,72.4482976438863));
#6050=CARTESIAN_POINT('Origin',(-32.6893925813588,4.49999999999999,41.075));
#6051=CARTESIAN_POINT('',(-33.1893925813588,3.99999999999999,77.15));
#6052=CARTESIAN_POINT('',(-33.1893925813588,3.99999999999999,77.15));
#6053=CARTESIAN_POINT('',(-33.1893925813588,3.99999999999999,41.075));
#6054=CARTESIAN_POINT('Origin',(-28.1893925813588,4.49999999999999,77.15));
#6055=CARTESIAN_POINT('',(-28.1893925813588,3.99999999999999,82.15));
#6056=CARTESIAN_POINT('',(-28.1893925813588,4.5,81.65));
#6057=CARTESIAN_POINT('Origin',(-28.1893925813588,3.99999999999999,77.15));
#6058=CARTESIAN_POINT('Origin',(-33.1893925813588,4.99999999999999,82.15));
#6059=CARTESIAN_POINT('',(-33.1893925813588,0.999999999999996,72.4482976438863));
#6060=CARTESIAN_POINT('',(-33.1893925813588,4.99999999999999,72.4482976438863));
#6061=CARTESIAN_POINT('',(-33.1893925813588,1.00000000000004,77.15));
#6062=CARTESIAN_POINT('',(-33.1893925813588,0.999999999999996,41.075));
#6063=CARTESIAN_POINT('',(-33.1893925813588,3.75,77.15));
#6064=CARTESIAN_POINT('Origin',(-36.1893925813588,4.99999999999999,72.4482976438863));
#6065=CARTESIAN_POINT('',(-36.1893925813588,1.00000000000004,69.4482976438863));
#6066=CARTESIAN_POINT('',(-36.1893925813588,4.99999999999999,69.4482976438863));
#6067=CARTESIAN_POINT('Origin',(-36.1893925813588,1.00000000000004,72.4482976438863));
#6068=CARTESIAN_POINT('Origin',(-33.1893925813588,4.99999999999999,69.4482976438863));
#6069=CARTESIAN_POINT('',(-38.9393925813588,0.999999999999995,69.4482976438863));
#6070=CARTESIAN_POINT('',(-38.9393925813588,4.99999999999999,69.4482976438863));
#6071=CARTESIAN_POINT('',(-66.5946962906794,0.999999999999992,69.4482976438863));
#6072=CARTESIAN_POINT('Origin',(-52.5643925813588,4.99999999999998,75.7987976438863));
#6073=CARTESIAN_POINT('',(-57.5372815147065,0.999999999999993,78.1166201151689));
#6074=CARTESIAN_POINT('Origin',(-25.,4.49999999999999,81.65));
#6075=CARTESIAN_POINT('',(-95.,4.00000000000003,82.15));
#6076=CARTESIAN_POINT('Origin',(-57.7485102681877,0.499999999999993,77.6634287497361));
#6077=CARTESIAN_POINT('',(-39.1609942042241,-4.82823526171658E-15,68.4482976438863));
#6078=CARTESIAN_POINT('Origin',(-66.5946962906794,0.499999999999992,-68.9482976438863));
#6079=CARTESIAN_POINT('',(-38.9393925813588,0.999999999999995,-69.4482976438863));
#6080=CARTESIAN_POINT('',(-36.1893925813588,0.999999999999996,-69.4482976438863));
#6081=CARTESIAN_POINT('',(-66.5946962906794,0.999999999999992,-69.4482976438863));
#6082=CARTESIAN_POINT('',(-36.1893925813588,0.999999999999996,-69.4482976438863));
#6083=CARTESIAN_POINT('',(-39.1609942042241,-4.77548951511822E-15,-68.4482976438863));
#6084=CARTESIAN_POINT('Origin',(-36.1893925813588,0.500000000000016,-72.4482976438863));
#6085=CARTESIAN_POINT('',(-33.1893925813588,1.00000000000004,-72.4482976438863));
#6086=CARTESIAN_POINT('Origin',(-36.1893925813588,1.00000000000004,-72.4482976438863));
#6087=CARTESIAN_POINT('',(-33.1893925813588,1.00000000000004,-72.4482976438863));
#6088=CARTESIAN_POINT('Origin',(-32.6893925813588,0.499999999999996,-41.075));
#6089=CARTESIAN_POINT('',(-33.1893925813588,0.999999999999996,-77.15));
#6090=CARTESIAN_POINT('',(-33.1893925813588,0.999999999999996,-77.15));
#6091=CARTESIAN_POINT('',(-33.1893925813588,0.999999999999996,-41.075));
#6092=CARTESIAN_POINT('Origin',(-28.1893925813588,0.500000000000019,-77.15));
#6093=CARTESIAN_POINT('',(-28.1893925813588,1.00000000000004,-82.15));
#6094=CARTESIAN_POINT('Origin',(-28.1893925813588,1.00000000000004,-77.15));
#6095=CARTESIAN_POINT('',(-28.1893925813588,1.00000000000004,-82.15));
#6096=CARTESIAN_POINT('Origin',(-75.,0.499999999999991,-81.65));
#6097=CARTESIAN_POINT('',(-5.,1.,-82.15));
#6098=CARTESIAN_POINT('',(-75.,0.999999999999991,-82.15));
#6099=CARTESIAN_POINT('',(-5.,1.,-82.15));
#6100=CARTESIAN_POINT('Origin',(-5.,0.499999999999999,-77.15));
#6101=CARTESIAN_POINT('',(3.06161699786838E-17,1.,-77.15));
#6102=CARTESIAN_POINT('Origin',(-5.,1.,-77.15));
#6103=CARTESIAN_POINT('',(3.06161699786838E-17,1.,-77.15));
#6104=CARTESIAN_POINT('Origin',(-0.499999999999998,0.5,0.));
#6105=CARTESIAN_POINT('',(3.06161699786838E-17,1.,77.15));
#6106=CARTESIAN_POINT('',(3.06161699786838E-17,1.,77.15));
#6107=CARTESIAN_POINT('',(-1.38777878078145E-16,1.,0.));
#6108=CARTESIAN_POINT('Origin',(-5.,0.499999999999999,77.15));
#6109=CARTESIAN_POINT('',(-5.,1.,82.15));
#6110=CARTESIAN_POINT('Origin',(-5.,1.,77.15));
#6111=CARTESIAN_POINT('',(-5.,1.,82.15));
#6112=CARTESIAN_POINT('Origin',(-75.,0.499999999999991,81.65));
#6113=CARTESIAN_POINT('',(-28.1893925813588,0.999999999999996,82.15));
#6114=CARTESIAN_POINT('',(-75.,0.999999999999991,82.15));
#6115=CARTESIAN_POINT('',(-28.1893925813588,0.999999999999996,82.15));
#6116=CARTESIAN_POINT('Origin',(-28.1893925813588,0.500000000000019,77.15));
#6117=CARTESIAN_POINT('Origin',(-28.1893925813588,1.00000000000004,77.15));
#6118=CARTESIAN_POINT('',(-33.1893925813588,1.00000000000004,77.15));
#6119=CARTESIAN_POINT('Origin',(-32.6893925813588,0.499999999999996,41.075));
#6120=CARTESIAN_POINT('',(-33.1893925813588,0.999999999999996,72.4482976438863));
#6121=CARTESIAN_POINT('Origin',(-36.1893925813588,0.500000000000016,72.4482976438863));
#6122=CARTESIAN_POINT('',(-36.1893925813588,1.00000000000004,69.4482976438863));
#6123=CARTESIAN_POINT('Origin',(-66.5946962906794,0.499999999999992,68.9482976438863));
#6124=CARTESIAN_POINT('Origin',(-57.7485102681877,0.499999999999993,-77.6634287497361));
#6125=CARTESIAN_POINT('',(-66.1893925813588,0.999999999999992,-82.1492976438863));
#6126=CARTESIAN_POINT('',(-66.1893925813588,-2.48677479334932,-78.3023854349349));
#6127=CARTESIAN_POINT('',(-57.5372815147065,0.999999999999993,-78.1166201151689));
#6128=CARTESIAN_POINT('Origin',(-28.1893925813588,3.75,77.15));
#6129=CARTESIAN_POINT('',(-28.1893925813588,3.75,82.15));
#6130=CARTESIAN_POINT('Origin',(-50.,2.49999999999999,82.15));
#6131=CARTESIAN_POINT('',(-5.,4.,82.15));
#6132=CARTESIAN_POINT('',(-5.,1.25,82.15));
#6133=CARTESIAN_POINT('',(-25.,3.99999999999999,82.15));
#6134=CARTESIAN_POINT('Origin',(-5.,1.25,77.15));
#6135=CARTESIAN_POINT('',(-3.36777869765522E-16,4.,77.15));
#6136=CARTESIAN_POINT('',(0.,1.25,77.15));
#6137=CARTESIAN_POINT('Origin',(-5.,4.,77.15));
#6138=CARTESIAN_POINT('Origin',(0.,0.,0.));
#6139=CARTESIAN_POINT('',(-3.36777869765522E-16,4.,-77.15));
#6140=CARTESIAN_POINT('',(0.,1.25,-77.15));
#6141=CARTESIAN_POINT('',(-4.81586426888071E-16,4.,-50.65));
#6142=CARTESIAN_POINT('',(-5.55111512312578E-16,4.,0.));
#6143=CARTESIAN_POINT('',(-1.01723056908804E-15,8.,-46.65));
#6144=CARTESIAN_POINT('Origin',(-9.71445146547012E-16,8.,-50.65));
#6145=CARTESIAN_POINT('',(-8.03445672820237E-15,65.3,-46.65));
#6146=CARTESIAN_POINT('',(-2.22044604925031E-15,17.825,-46.65));
#6147=CARTESIAN_POINT('',(-8.04911692853238E-15,65.3,46.65));
#6148=CARTESIAN_POINT('',(-8.04911692853238E-15,65.3,0.));
#6149=CARTESIAN_POINT('',(-9.71445146547012E-16,8.,46.65));
#6150=CARTESIAN_POINT('',(-2.22044604925031E-15,17.825,46.65));
#6151=CARTESIAN_POINT('',(-5.55111512312578E-16,4.,50.65));
#6152=CARTESIAN_POINT('Origin',(-9.71445146547012E-16,8.,50.65));
#6153=CARTESIAN_POINT('',(-5.55111512312578E-16,4.,0.));
#6154=CARTESIAN_POINT('Origin',(-5.,1.25,-77.15));
#6155=CARTESIAN_POINT('',(-5.,4.,-82.15));
#6156=CARTESIAN_POINT('',(-5.,1.25,-82.15));
#6157=CARTESIAN_POINT('Origin',(-5.,4.,-77.15));
#6158=CARTESIAN_POINT('Origin',(-50.,2.49999999999999,-82.15));
#6159=CARTESIAN_POINT('',(-28.1893925813588,3.99999999999999,-82.15));
#6160=CARTESIAN_POINT('',(-28.1893925813588,3.75,-82.15));
#6161=CARTESIAN_POINT('',(-25.,3.99999999999999,-82.15));
#6162=CARTESIAN_POINT('Origin',(-28.1893925813588,3.75,-77.15));
#6163=CARTESIAN_POINT('',(-33.1893925813588,3.99999999999998,-77.15));
#6164=CARTESIAN_POINT('',(-33.1893925813588,3.75,-77.15));
#6165=CARTESIAN_POINT('Origin',(-28.1893925813588,3.99999999999999,-77.15));
#6166=CARTESIAN_POINT('Origin',(-33.1893925813588,4.99999999999999,-82.15));
#6167=CARTESIAN_POINT('',(-33.1893925813588,3.99999999999999,-72.4482976438863));
#6168=CARTESIAN_POINT('',(-33.1893925813588,4.99999999999999,-72.4482976438863));
#6169=CARTESIAN_POINT('',(-33.1893925813588,3.99999999999999,-41.075));
#6170=CARTESIAN_POINT('Origin',(-36.1893925813588,4.99999999999999,-72.4482976438863));
#6171=CARTESIAN_POINT('',(-36.1893925813588,3.99999999999998,-69.4482976438863));
#6172=CARTESIAN_POINT('',(-36.1893925813588,4.99999999999999,-69.4482976438863));
#6173=CARTESIAN_POINT('Origin',(-36.1893925813588,3.99999999999998,-72.4482976438863));
#6174=CARTESIAN_POINT('Origin',(-33.1893925813588,4.99999999999999,-69.4482976438863));
#6175=CARTESIAN_POINT('',(-38.9393925813588,3.99999999999999,-69.4482976438863));
#6176=CARTESIAN_POINT('',(-38.9393925813588,4.99999999999999,-69.4482976438863));
#6177=CARTESIAN_POINT('',(-16.5946962906794,4.,-69.4482976438863));
#6178=CARTESIAN_POINT('Origin',(-52.5643925813588,4.99999999999998,-75.7987976438863));
#6179=CARTESIAN_POINT('',(-66.1893925813588,3.99999999999998,-82.1492976438863));
#6180=CARTESIAN_POINT('',(-66.1893925813588,4.99999999999998,-82.1492976438863));
#6181=CARTESIAN_POINT('',(-16.4607987741467,4.,-58.9712106734129));
#6182=CARTESIAN_POINT('Origin',(-16.6720275276278,4.49999999999999,-58.5180193079801));
#6183=CARTESIAN_POINT('',(-66.1893925813588,13.3776250220922,-71.8030888043406));
#6184=CARTESIAN_POINT('',(-39.1609942042242,4.99999999999999,-68.4482976438863));
#6185=CARTESIAN_POINT('Origin',(-28.1893925813588,4.49999999999999,-77.15));
#6186=CARTESIAN_POINT('',(-28.1893925813588,4.49999999999999,-81.65));
#6187=CARTESIAN_POINT('',(-33.1893925813588,3.99999999999998,-77.15));
#6188=CARTESIAN_POINT('Origin',(-32.6893925813588,4.49999999999999,-41.075));
#6189=CARTESIAN_POINT('',(-33.1893925813588,3.99999999999999,-72.4482976438863));
#6190=CARTESIAN_POINT('Origin',(-36.1893925813588,4.49999999999998,-72.4482976438863));
#6191=CARTESIAN_POINT('',(-36.1893925813588,3.99999999999998,-69.4482976438863));
#6192=CARTESIAN_POINT('Origin',(-16.5946962906794,4.49999999999999,-68.9482976438863));
#6193=CARTESIAN_POINT('Origin',(-25.,4.49999999999999,-81.65));
#6194=CARTESIAN_POINT('',(-66.1893925813588,7.67542558902841,-78.4745744109716));
#6195=CARTESIAN_POINT('',(-95.,3.99999999999997,-82.15));
#6196=CARTESIAN_POINT('Origin',(-25.,4.49999999999999,81.65));
#6197=CARTESIAN_POINT('',(-5.,4.,82.15));
#6198=CARTESIAN_POINT('Origin',(-25.,4.49999999999999,-81.65));
#6199=CARTESIAN_POINT('',(-5.,4.,-82.15));
#6200=CARTESIAN_POINT('Ctrl Pts',(-6.44578756014341,5.00374036239357,50.5002395778232));
#6201=CARTESIAN_POINT('Ctrl Pts',(-6.45082594244828,5.00347848922996,50.5054788792279));
#6202=CARTESIAN_POINT('Ctrl Pts',(-6.48405457273579,5.00186996415582,50.5399133655305));
#6203=CARTESIAN_POINT('Ctrl Pts',(-6.53626742041745,5.00034356943955,50.5938885898828));
#6204=CARTESIAN_POINT('Ctrl Pts',(-6.57994368410674,4.99994742101899,50.6389557045289));
#6205=CARTESIAN_POINT('Ctrl Pts',(-6.58861264519337,5.,50.6479102875102));
#6206=CARTESIAN_POINT('Ctrl Pts',(-6.59063727281853,5.,50.65));
#6207=CARTESIAN_POINT('Ctrl Pts',(-6.91393823270333,5.00374036239357,50.0320889052632));
#6208=CARTESIAN_POINT('Ctrl Pts',(-6.91904358804149,5.00347848922996,50.0372612336347));
#6209=CARTESIAN_POINT('Ctrl Pts',(-6.95260590365099,5.00186996415582,50.0713620346152));
#6210=CARTESIAN_POINT('Ctrl Pts',(-7.00546837525526,5.00034356943955,50.124687635045));
#6211=CARTESIAN_POINT('Ctrl Pts',(-7.04957433822019,4.99994742101899,50.1693250504154));
#6212=CARTESIAN_POINT('Ctrl Pts',(-7.05837852596566,5.,50.1781444067379));
#6213=CARTESIAN_POINT('Ctrl Pts',(-7.06042484854569,5.,50.1802124242728));
#6214=CARTESIAN_POINT('Ctrl Pts',(-7.38208890526325,5.00374036239357,49.5639382327033));
#6215=CARTESIAN_POINT('Ctrl Pts',(-7.3872612336347,5.00347848922996,49.5690435880415));
#6216=CARTESIAN_POINT('Ctrl Pts',(-7.42113647184267,5.00119557979846,49.602605903651));
#6217=CARTESIAN_POINT('Ctrl Pts',(-7.47445789456842,5.00057370245656,49.6554683752553));
#6218=CARTESIAN_POINT('Ctrl Pts',(-7.51925113255713,4.99935926886706,49.6995743382202));
#6219=CARTESIAN_POINT('Ctrl Pts',(-7.52814440673795,5.,49.7083785259657));
#6220=CARTESIAN_POINT('Ctrl Pts',(-7.53021242427284,5.,49.7104248485457));
#6221=CARTESIAN_POINT('Ctrl Pts',(-7.85023957782316,5.00374036239357,49.0957875601434));
#6222=CARTESIAN_POINT('Ctrl Pts',(-7.85547887922792,5.00347848922996,49.1008259424483));
#6223=CARTESIAN_POINT('Ctrl Pts',(-7.88991336553046,5.00186996415581,49.1340545727358));
#6224=CARTESIAN_POINT('Ctrl Pts',(-7.94388858988279,5.00034356943955,49.1862674204175));
#6225=CARTESIAN_POINT('Ctrl Pts',(-7.98895570452889,4.99994742101899,49.2299436841067));
#6226=CARTESIAN_POINT('Ctrl Pts',(-7.99791028751024,5.,49.2386126451934));
#6227=CARTESIAN_POINT('Ctrl Pts',(-8.,5.,49.2406372728185));
#6228=CARTESIAN_POINT('',(-6.44578756014341,5.00374036239357,50.5002395778232));
#6229=CARTESIAN_POINT('Ctrl Pts',(-6.59063727281853,5.,50.65));
#6230=CARTESIAN_POINT('Ctrl Pts',(-6.59009522266633,5.,50.6494405247863));
#6231=CARTESIAN_POINT('Ctrl Pts',(-6.58954995840977,5.00000013766645,50.6488777301329));
#6232=CARTESIAN_POINT('Ctrl Pts',(-6.5889121084865,5.00000052846437,50.6482193299148));
#6233=CARTESIAN_POINT('Ctrl Pts',(-6.58824822783768,5.00000093521081,50.6475340603114));
#6234=CARTESIAN_POINT('Ctrl Pts',(-6.58748421055287,5.00000161362708,50.6467453880388));
#6235=CARTESIAN_POINT('Ctrl Pts',(-6.58655976680373,5.00000295252735,50.6457910624441));
#6236=CARTESIAN_POINT('Ctrl Pts',(-6.58558812773158,5.00000435978204,50.6447880159783));
#6237=CARTESIAN_POINT('Ctrl Pts',(-6.58443946793853,5.00000649606291,50.6436021814632));
#6238=CARTESIAN_POINT('Ctrl Pts',(-6.58308486835739,5.00001013038375,50.6422037060182));
#6239=CARTESIAN_POINT('Ctrl Pts',(-6.58163802613603,5.00001401218683,50.6407100001677));
#6240=CARTESIAN_POINT('Ctrl Pts',(-6.57995652390988,5.00001961454132,50.6389739989278));
#6241=CARTESIAN_POINT('Ctrl Pts',(-6.57804719036395,5.00002815481874,50.6370027649185));
#6242=CARTESIAN_POINT('Ctrl Pts',(-6.57593906851245,5.0000375842584,50.6348262979004));
#6243=CARTESIAN_POINT('Ctrl Pts',(-6.57355364980608,5.00005063174411,50.6323635263929));
#6244=CARTESIAN_POINT('Ctrl Pts',(-6.57094438392975,5.00006888797555,50.6296696505753));
#6245=CARTESIAN_POINT('Ctrl Pts',(-6.56754576127887,5.00009266709375,50.6261608217298));
#6246=CARTESIAN_POINT('Ctrl Pts',(-6.56376827614302,5.00012544079664,50.6222608529139));
#6247=CARTESIAN_POINT('Ctrl Pts',(-6.55979475803947,5.00016898499954,50.6181584949903));
#6248=CARTESIAN_POINT('Ctrl Pts',(-6.55608844710355,5.00020960098547,50.6143320083256));
#6249=CARTESIAN_POINT('Ctrl Pts',(-6.55221551685361,5.00025956539621,50.6103335032481));
#6250=CARTESIAN_POINT('Ctrl Pts',(-6.54832884125708,5.00031799698434,50.6063207053178));
#6251=CARTESIAN_POINT('Ctrl Pts',(-6.54519066091592,5.00036517582821,50.6030806912582));
#6252=CARTESIAN_POINT('Ctrl Pts',(-6.54204432682268,5.0004177936024,50.5998321912443));
#6253=CARTESIAN_POINT('Ctrl Pts',(-6.53894837670395,5.00047466559167,50.5966355151567));
#6254=CARTESIAN_POINT('Ctrl Pts',(-6.53613404358473,5.00052636433255,50.5937296184078));
#6255=CARTESIAN_POINT('Ctrl Pts',(-6.53336174713092,5.00058153280923,50.5908669605183));
#6256=CARTESIAN_POINT('Ctrl Pts',(-6.53064796020321,5.0006394045229,50.5880644020028));
#6257=CARTESIAN_POINT('Ctrl Pts',(-6.52805909101171,5.0006946123563,50.5853908474493));
#6258=CARTESIAN_POINT('Ctrl Pts',(-6.52552384374829,5.000752241856,50.5827723731837));
#6259=CARTESIAN_POINT('Ctrl Pts',(-6.52302469566298,5.00081233255428,50.5801907209501));
#6260=CARTESIAN_POINT('Ctrl Pts',(-6.51959099866817,5.00089489398842,50.5766436676289));
#6261=CARTESIAN_POINT('Ctrl Pts',(-6.51622355862929,5.00098201186952,50.5731641558102));
#6262=CARTESIAN_POINT('Ctrl Pts',(-6.51278523180412,5.00107728160428,50.5696101431147));
#6263=CARTESIAN_POINT('Ctrl Pts',(-6.51022870851105,5.00114811817929,50.5669676030939));
#6264=CARTESIAN_POINT('Ctrl Pts',(-6.50763282869594,5.00122354265212,50.5642837098814));
#6265=CARTESIAN_POINT('Ctrl Pts',(-6.50498164845404,5.00130441999442,50.5615419960944));
#6266=CARTESIAN_POINT('Ctrl Pts',(-6.50212952787306,5.00139142725589,50.5585924801786));
#6267=CARTESIAN_POINT('Ctrl Pts',(-6.49921375147689,5.00148477529841,50.555576405246));
#6268=CARTESIAN_POINT('Ctrl Pts',(-6.49625696418374,5.00158423108262,50.5525173004705));
#6269=CARTESIAN_POINT('Ctrl Pts',(-6.4928811923437,5.00169778001338,50.5490247124913));
#6270=CARTESIAN_POINT('Ctrl Pts',(-6.48945249050028,5.00181934165868,50.5454765840062));
#6271=CARTESIAN_POINT('Ctrl Pts',(-6.48605180611996,5.00194618460624,50.5419568604543));
#6272=CARTESIAN_POINT('Ctrl Pts',(-6.48075491943729,5.00214375446118,50.5364745590337));
#6273=CARTESIAN_POINT('Ctrl Pts',(-6.47552964315442,5.00235446942631,50.5310649555094));
#6274=CARTESIAN_POINT('Ctrl Pts',(-6.47077594708885,5.00255786981496,50.5261425166098));
#6275=CARTESIAN_POINT('Ctrl Pts',(-6.46768783142193,5.00269000361531,50.5229447815263));
#6276=CARTESIAN_POINT('Ctrl Pts',(-6.46480100208029,5.00281873564565,50.5199549829616));
#6277=CARTESIAN_POINT('Ctrl Pts',(-6.46220637413275,5.00293776705857,50.5172672916116));
#6278=CARTESIAN_POINT('Ctrl Pts',(-6.45985949743594,5.00304543261017,50.5148362377861));
#6279=CARTESIAN_POINT('Ctrl Pts',(-6.45775245959755,5.00314507159817,50.5126531521824));
#6280=CARTESIAN_POINT('Ctrl Pts',(-6.45591897718192,5.0032333650474,50.5107529690267));
#6281=CARTESIAN_POINT('Ctrl Pts',(-6.45432376536571,5.00331018430256,50.5090997245793));
#6282=CARTESIAN_POINT('Ctrl Pts',(-6.45293559749294,5.00337839903918,50.5076605975523));
#6283=CARTESIAN_POINT('Ctrl Pts',(-6.45174631117344,5.0034374956144,50.5064271707101));
#6284=CARTESIAN_POINT('Ctrl Pts',(-6.45060557250998,5.00349417981831,50.5052440933768));
#6285=CARTESIAN_POINT('Ctrl Pts',(-6.44964808590939,5.00354245592647,50.5042505507757));
#6286=CARTESIAN_POINT('Ctrl Pts',(-6.44883440497069,5.00358378592485,50.5034057571815));
#6287=CARTESIAN_POINT('Ctrl Pts',(-6.44806073878602,5.00362308341928,50.5026025083825));
#6288=CARTESIAN_POINT('Ctrl Pts',(-6.44741720020918,5.00365609743831,50.501933860523));
#6289=CARTESIAN_POINT('Ctrl Pts',(-6.44683746051602,5.00368599914138,50.5013312128973));
#6290=CARTESIAN_POINT('Ctrl Pts',(-6.4464707343499,5.00370491407347,50.5009499958513));
#6291=CARTESIAN_POINT('Ctrl Pts',(-6.4461288849877,5.00372262181507,50.5005945139173));
#6292=CARTESIAN_POINT('Ctrl Pts',(-6.44578756014341,5.00374036239357,50.5002395778231));
#6293=CARTESIAN_POINT('',(-7.85023957782316,5.00374036239357,49.0957875601434));
#6294=CARTESIAN_POINT('Ctrl Pts',(-7.85023957782316,5.00374036239357,49.0957875601434));
#6295=CARTESIAN_POINT('Ctrl Pts',(-7.38208890526325,5.00374036239357,49.5639382327033));
#6296=CARTESIAN_POINT('Ctrl Pts',(-6.91393823270333,5.00374036239357,50.0320889052632));
#6297=CARTESIAN_POINT('Ctrl Pts',(-6.44578756014341,5.00374036239357,50.5002395778232));
#6298=CARTESIAN_POINT('Ctrl Pts',(-7.85023957782316,5.00374036239357,49.0957875601434));
#6299=CARTESIAN_POINT('Ctrl Pts',(-7.85080069519256,5.00371231636809,49.0963271595301));
#6300=CARTESIAN_POINT('Ctrl Pts',(-7.85136514014093,5.00368424307588,49.0968699674717));
#6301=CARTESIAN_POINT('Ctrl Pts',(-7.85202521169302,5.00365164541479,49.0975052179188));
#6302=CARTESIAN_POINT('Ctrl Pts',(-7.85271222337188,5.00361771731441,49.0981663954453));
#6303=CARTESIAN_POINT('Ctrl Pts',(-7.85350266113233,5.00357889373995,49.0989275554582));
#6304=CARTESIAN_POINT('Ctrl Pts',(-7.85445878838915,5.00353245375111,49.0998489039976));
#6305=CARTESIAN_POINT('Ctrl Pts',(-7.85546373423164,5.00348364259822,49.1008172953677));
#6306=CARTESIAN_POINT('Ctrl Pts',(-7.8566515101264,5.00342642737118,49.1019624468608));
#6307=CARTESIAN_POINT('Ctrl Pts',(-7.85805198347333,5.00336008826483,49.1033132539125));
#6308=CARTESIAN_POINT('Ctrl Pts',(-7.85954783819838,5.00328923103223,49.1047560597433));
#6309=CARTESIAN_POINT('Ctrl Pts',(-7.86128605819472,5.00320799098445,49.1064332062946));
#6310=CARTESIAN_POINT('Ctrl Pts',(-7.86325959360857,5.00311794338517,49.1083379131423));
#6311=CARTESIAN_POINT('Ctrl Pts',(-7.86543867067736,5.00301851742235,49.1104409932216));
#6312=CARTESIAN_POINT('Ctrl Pts',(-7.86790417301889,5.00290841342541,49.1128210577352));
#6313=CARTESIAN_POINT('Ctrl Pts',(-7.87060088713314,5.00279198760091,49.1154248029239));
#6314=CARTESIAN_POINT('Ctrl Pts',(-7.87411419119562,5.00264030696112,49.1188169862113));
#6315=CARTESIAN_POINT('Ctrl Pts',(-7.87801899980572,5.00247810160326,49.1225879169988));
#6316=CARTESIAN_POINT('Ctrl Pts',(-7.88212627294277,5.00231659702535,49.1265551129885));
#6317=CARTESIAN_POINT('Ctrl Pts',(-7.88595529793985,5.0021660336113,49.130253550396));
#6318=CARTESIAN_POINT('Ctrl Pts',(-7.88995621792924,5.00201625983361,49.1341186349569));
#6319=CARTESIAN_POINT('Ctrl Pts',(-7.89397120401566,5.00187426974416,49.1379980868793));
#6320=CARTESIAN_POINT('Ctrl Pts',(-7.89721355627102,5.00175960387063,49.1411309868245));
#6321=CARTESIAN_POINT('Ctrl Pts',(-7.90046424554754,5.00164997456106,49.1442724517195));
#6322=CARTESIAN_POINT('Ctrl Pts',(-7.90366282382703,5.0015472075607,49.1473642006129));
#6323=CARTESIAN_POINT('Ctrl Pts',(-7.90657052868531,5.00145378602147,49.1501747909729));
#6324=CARTESIAN_POINT('Ctrl Pts',(-7.90943475269992,5.00136601034711,49.1529438953321));
#6325=CARTESIAN_POINT('Ctrl Pts',(-7.91223853351899,5.00128395392276,49.1556551987491));
#6326=CARTESIAN_POINT('Ctrl Pts',(-7.91491367792854,5.0012056622163,49.158242108585));
#6327=CARTESIAN_POINT('Ctrl Pts',(-7.91753340865994,5.00113255786016,49.1607760243815));
#6328=CARTESIAN_POINT('Ctrl Pts',(-7.92011594253872,5.00106376570566,49.1632745749102));
#6329=CARTESIAN_POINT('Ctrl Pts',(-7.92365823304231,5.00096940806814,49.1667016710204));
#6330=CARTESIAN_POINT('Ctrl Pts',(-7.92713249666207,5.00088297665103,49.1700641331904));
#6331=CARTESIAN_POINT('Ctrl Pts',(-7.93068018052078,5.00080097982355,49.1734985185436));
#6332=CARTESIAN_POINT('Ctrl Pts',(-7.93332170634962,5.00073992682494,49.1760556848465));
#6333=CARTESIAN_POINT('Ctrl Pts',(-7.9360041232532,5.00068140438885,49.1786528984751));
#6334=CARTESIAN_POINT('Ctrl Pts',(-7.93874402986699,5.00062544751025,49.1813060668297));
#6335=CARTESIAN_POINT('Ctrl Pts',(-7.94169149716603,5.00056525163752,49.1841602250424));
#6336=CARTESIAN_POINT('Ctrl Pts',(-7.94470513866098,5.00050807247412,49.1870787912552));
#6337=CARTESIAN_POINT('Ctrl Pts',(-7.94776163174277,5.00045484233328,49.1900390177369));
#6338=CARTESIAN_POINT('Ctrl Pts',(-7.95125042470322,5.00039408350424,49.1934179284801));
#6339=CARTESIAN_POINT('Ctrl Pts',(-7.95479450419051,5.00033854806504,49.196850589148));
#6340=CARTESIAN_POINT('Ctrl Pts',(-7.95831028126388,5.00028968609439,49.2002558929777));
#6341=CARTESIAN_POINT('Ctrl Pts',(-7.96379010198829,5.00021352801216,49.2055635260013));
#6342=CARTESIAN_POINT('Ctrl Pts',(-7.96919743024268,5.00015410154593,49.2108010669425));
#6343=CARTESIAN_POINT('Ctrl Pts',(-7.97411789497409,5.00011164930435,49.2155669957738));
#6344=CARTESIAN_POINT('Ctrl Pts',(-7.9773139340261,5.00008407487199,49.2186626575649));
#6345=CARTESIAN_POINT('Ctrl Pts',(-7.98030219838322,5.00006346521034,49.2215570631359));
#6346=CARTESIAN_POINT('Ctrl Pts',(-7.98298844525952,5.00004823255351,49.2241589416723));
#6347=CARTESIAN_POINT('Ctrl Pts',(-7.98541859384489,5.00003445213006,49.2265127653287));
#6348=CARTESIAN_POINT('Ctrl Pts',(-7.98760076073784,5.00002502249186,49.2286264010414));
#6349=CARTESIAN_POINT('Ctrl Pts',(-7.98949990924363,5.00001837537392,49.2304659294283));
#6350=CARTESIAN_POINT('Ctrl Pts',(-7.99115171785162,5.00001259395841,49.2320658826784));
#6351=CARTESIAN_POINT('Ctrl Pts',(-7.99258946051727,5.00000889970807,49.2334585103891));
#6352=CARTESIAN_POINT('Ctrl Pts',(-7.99382149937992,5.00000636231839,49.2346519200514));
#6353=CARTESIAN_POINT('Ctrl Pts',(-7.99500323889112,5.00000392852047,49.2357966074422));
#6354=CARTESIAN_POINT('Ctrl Pts',(-7.99599544214786,5.00000255419449,49.236757734762));
#6355=CARTESIAN_POINT('Ctrl Pts',(-7.99683884145163,5.00000166548769,49.237574755165));
#6356=CARTESIAN_POINT('Ctrl Pts',(-7.99764075079244,5.0000008204997,49.2383515832816));
#6357=CARTESIAN_POINT('Ctrl Pts',(-7.99830801427419,5.00000041690261,49.2389980158049));
#6358=CARTESIAN_POINT('Ctrl Pts',(-7.99890917992509,5.00000019831474,49.2395804390367));
#6359=CARTESIAN_POINT('Ctrl Pts',(-7.99929022226771,5.00000005976519,49.2399496016997));
#6360=CARTESIAN_POINT('Ctrl Pts',(-7.99964538464562,5.,49.2402937020899));
#6361=CARTESIAN_POINT('Ctrl Pts',(-8.,5.,49.2406372728185));
#6362=CARTESIAN_POINT('Ctrl Pts',(-7.85023957782317,5.00374036239357,-49.0957875601434));
#6363=CARTESIAN_POINT('Ctrl Pts',(-7.85547887922792,5.00347848922996,-49.1008259424483));
#6364=CARTESIAN_POINT('Ctrl Pts',(-7.88991336553046,5.00186996415581,-49.1340545727358));
#6365=CARTESIAN_POINT('Ctrl Pts',(-7.9438885898828,5.00034356943955,-49.1862674204174));
#6366=CARTESIAN_POINT('Ctrl Pts',(-7.98895570452889,4.99994742101899,-49.2299436841067));
#6367=CARTESIAN_POINT('Ctrl Pts',(-7.99791028751024,5.,-49.2386126451934));
#6368=CARTESIAN_POINT('Ctrl Pts',(-8.,5.,-49.2406372728185));
#6369=CARTESIAN_POINT('Ctrl Pts',(-7.38208890526325,5.00374036239357,-49.5639382327033));
#6370=CARTESIAN_POINT('Ctrl Pts',(-7.38726123363471,5.00347848922996,-49.5690435880415));
#6371=CARTESIAN_POINT('Ctrl Pts',(-7.42136203461526,5.00186996415581,-49.602605903651));
#6372=CARTESIAN_POINT('Ctrl Pts',(-7.47468763504498,5.00034356943955,-49.6554683752553));
#6373=CARTESIAN_POINT('Ctrl Pts',(-7.51932505041545,4.99994742101899,-49.6995743382202));
#6374=CARTESIAN_POINT('Ctrl Pts',(-7.52814440673795,5.,-49.7083785259657));
#6375=CARTESIAN_POINT('Ctrl Pts',(-7.53021242427284,5.,-49.7104248485457));
#6376=CARTESIAN_POINT('Ctrl Pts',(-6.91393823270333,5.00374036239357,-50.0320889052632));
#6377=CARTESIAN_POINT('Ctrl Pts',(-6.9190435880415,5.00347848922996,-50.0372612336347));
#6378=CARTESIAN_POINT('Ctrl Pts',(-6.95260590365101,5.00119557979846,-50.0711364718427));
#6379=CARTESIAN_POINT('Ctrl Pts',(-7.00546837525526,5.00057370245655,-50.1244578945684));
#6380=CARTESIAN_POINT('Ctrl Pts',(-7.04957433822019,4.99935926886706,-50.1692511325571));
#6381=CARTESIAN_POINT('Ctrl Pts',(-7.05837852596566,5.,-50.1781444067379));
#6382=CARTESIAN_POINT('Ctrl Pts',(-7.06042484854569,5.,-50.1802124242728));
#6383=CARTESIAN_POINT('Ctrl Pts',(-6.44578756014342,5.00374036239357,-50.5002395778232));
#6384=CARTESIAN_POINT('Ctrl Pts',(-6.45082594244828,5.00347848922996,-50.5054788792279));
#6385=CARTESIAN_POINT('Ctrl Pts',(-6.48405457273581,5.00186996415582,-50.5399133655305));
#6386=CARTESIAN_POINT('Ctrl Pts',(-6.53626742041745,5.00034356943955,-50.5938885898828));
#6387=CARTESIAN_POINT('Ctrl Pts',(-6.57994368410674,4.99994742101899,-50.6389557045289));
#6388=CARTESIAN_POINT('Ctrl Pts',(-6.58861264519337,5.,-50.6479102875102));
#6389=CARTESIAN_POINT('Ctrl Pts',(-6.59063727281853,5.,-50.65));
#6390=CARTESIAN_POINT('',(-7.85023957782317,5.00374036239357,-49.0957875601434));
#6391=CARTESIAN_POINT('Ctrl Pts',(-8.,5.,-49.2406372728185));
#6392=CARTESIAN_POINT('Ctrl Pts',(-7.99944052478635,5.,-49.2400952226663));
#6393=CARTESIAN_POINT('Ctrl Pts',(-7.99887773013287,5.00000013766644,-49.2395499584098));
#6394=CARTESIAN_POINT('Ctrl Pts',(-7.99821932991482,5.00000052846437,-49.2389121084865));
#6395=CARTESIAN_POINT('Ctrl Pts',(-7.99753406031143,5.0000009352108,-49.2382482278377));
#6396=CARTESIAN_POINT('Ctrl Pts',(-7.99674538803883,5.00000161362708,-49.2374842105529));
#6397=CARTESIAN_POINT('Ctrl Pts',(-7.9957910624441,5.00000295252734,-49.2365597668037));
#6398=CARTESIAN_POINT('Ctrl Pts',(-7.9947880159783,5.00000435978204,-49.2355881277316));
#6399=CARTESIAN_POINT('Ctrl Pts',(-7.99360218146327,5.0000064960629,-49.2344394679386));
#6400=CARTESIAN_POINT('Ctrl Pts',(-7.99220370601822,5.00001013038374,-49.2330848683574));
#6401=CARTESIAN_POINT('Ctrl Pts',(-7.99071000016775,5.00001401218683,-49.2316380261361));
#6402=CARTESIAN_POINT('Ctrl Pts',(-7.9889739989279,5.00001961454132,-49.22995652391));
#6403=CARTESIAN_POINT('Ctrl Pts',(-7.98700276491872,5.00002815481874,-49.2280471903641));
#6404=CARTESIAN_POINT('Ctrl Pts',(-7.98482629790067,5.00003758425839,-49.2259390685127));
#6405=CARTESIAN_POINT('Ctrl Pts',(-7.98236352639322,5.0000506317441,-49.2235536498064));
#6406=CARTESIAN_POINT('Ctrl Pts',(-7.97966965057568,5.00006888797554,-49.2209443839301));
#6407=CARTESIAN_POINT('Ctrl Pts',(-7.9761608217302,5.00009266709374,-49.2175457612792));
#6408=CARTESIAN_POINT('Ctrl Pts',(-7.97226085291426,5.00012544079663,-49.2137682761433));
#6409=CARTESIAN_POINT('Ctrl Pts',(-7.96815849499063,5.00016898499953,-49.2097947580397));
#6410=CARTESIAN_POINT('Ctrl Pts',(-7.96433200832581,5.00020960098546,-49.2060884471037));
#6411=CARTESIAN_POINT('Ctrl Pts',(-7.96033350324819,5.00025956539621,-49.2022155168537));
#6412=CARTESIAN_POINT('Ctrl Pts',(-7.95632070531778,5.00031799698433,-49.1983288412571));
#6413=CARTESIAN_POINT('Ctrl Pts',(-7.95308069125813,5.0003651758282,-49.1951906609159));
#6414=CARTESIAN_POINT('Ctrl Pts',(-7.94983219124419,5.0004177936024,-49.1920443268226));
#6415=CARTESIAN_POINT('Ctrl Pts',(-7.94663551515656,5.00047466559167,-49.1889483767038));
#6416=CARTESIAN_POINT('Ctrl Pts',(-7.94372961840767,5.00052636433254,-49.1861340435846));
#6417=CARTESIAN_POINT('Ctrl Pts',(-7.94086696051816,5.00058153280923,-49.1833617471307));
#6418=CARTESIAN_POINT('Ctrl Pts',(-7.9380644020027,5.0006394045229,-49.180647960203));
#6419=CARTESIAN_POINT('Ctrl Pts',(-7.93539084744901,5.0006946123563,-49.1780590910114));
#6420=CARTESIAN_POINT('Ctrl Pts',(-7.93277237318338,5.00075224185601,-49.1755238437479));
#6421=CARTESIAN_POINT('Ctrl Pts',(-7.93019072094968,5.00081233255428,-49.1730246956625));
#6422=CARTESIAN_POINT('Ctrl Pts',(-7.92664366762896,5.00089489398842,-49.1695909986682));
#6423=CARTESIAN_POINT('Ctrl Pts',(-7.92316415581073,5.0009820118695,-49.1662235586297));
#6424=CARTESIAN_POINT('Ctrl Pts',(-7.91961014311568,5.00107728160425,-49.162785231805));
#6425=CARTESIAN_POINT('Ctrl Pts',(-7.91696760309488,5.00114811817926,-49.1602287085119));
#6426=CARTESIAN_POINT('Ctrl Pts',(-7.91428370988229,5.00122354265208,-49.1576328286968));
#6427=CARTESIAN_POINT('Ctrl Pts',(-7.91154199609529,5.00130441999438,-49.1549816484549));
#6428=CARTESIAN_POINT('Ctrl Pts',(-7.90859248017949,5.00139142725585,-49.1521295278739));
#6429=CARTESIAN_POINT('Ctrl Pts',(-7.9055764052469,5.00148477529838,-49.1492137514777));
#6430=CARTESIAN_POINT('Ctrl Pts',(-7.90251730047133,5.00158423108258,-49.1462569641845));
#6431=CARTESIAN_POINT('Ctrl Pts',(-7.89902471249216,5.00169778001335,-49.1428811923445));
#6432=CARTESIAN_POINT('Ctrl Pts',(-7.89547658400702,5.00181934165865,-49.139452490501));
#6433=CARTESIAN_POINT('Ctrl Pts',(-7.89195686045504,5.00194618460621,-49.1360518061207));
#6434=CARTESIAN_POINT('Ctrl Pts',(-7.88647455903444,5.00214375446115,-49.130754919438));
#6435=CARTESIAN_POINT('Ctrl Pts',(-7.88106495550998,5.00235446942628,-49.125529643155));
#6436=CARTESIAN_POINT('Ctrl Pts',(-7.87614251661031,5.00255786981493,-49.1207759470893));
#6437=CARTESIAN_POINT('Ctrl Pts',(-7.87294478152698,5.00269000361528,-49.1176878314226));
#6438=CARTESIAN_POINT('Ctrl Pts',(-7.86995498296242,5.00281873564561,-49.1148010020811));
#6439=CARTESIAN_POINT('Ctrl Pts',(-7.8672672916125,5.00293776705852,-49.1122063741336));
#6440=CARTESIAN_POINT('Ctrl Pts',(-7.86483623778689,5.00304543261013,-49.1098594974367));
#6441=CARTESIAN_POINT('Ctrl Pts',(-7.8626531521831,5.00314507159814,-49.1077524595982));
#6442=CARTESIAN_POINT('Ctrl Pts',(-7.86075296902725,5.00323336504737,-49.1059189771825));
#6443=CARTESIAN_POINT('Ctrl Pts',(-7.85909972457984,5.00331018430253,-49.1043237653662));
#6444=CARTESIAN_POINT('Ctrl Pts',(-7.85766059755278,5.00337839903915,-49.1029355974934));
#6445=CARTESIAN_POINT('Ctrl Pts',(-7.85642717071054,5.00343749561438,-49.1017463111738));
#6446=CARTESIAN_POINT('Ctrl Pts',(-7.85524409337719,5.00349417981828,-49.1006055725104));
#6447=CARTESIAN_POINT('Ctrl Pts',(-7.85425055077604,5.00354245592645,-49.0996480859097));
#6448=CARTESIAN_POINT('Ctrl Pts',(-7.85340575718188,5.00358378592483,-49.098834404971));
#6449=CARTESIAN_POINT('Ctrl Pts',(-7.85260250838282,5.00362308341926,-49.0980607387863));
#6450=CARTESIAN_POINT('Ctrl Pts',(-7.85193386052323,5.00365609743829,-49.0974172002094));
#6451=CARTESIAN_POINT('Ctrl Pts',(-7.85133121289759,5.00368599914136,-49.0968374605163));
#6452=CARTESIAN_POINT('Ctrl Pts',(-7.85094999585151,5.00370491407346,-49.09647073435));
#6453=CARTESIAN_POINT('Ctrl Pts',(-7.8505945139174,5.00372262181506,-49.0961288849878));
#6454=CARTESIAN_POINT('Ctrl Pts',(-7.85023957782317,5.00374036239357,-49.0957875601434));
#6455=CARTESIAN_POINT('',(-6.44578756014342,5.00374036239357,-50.5002395778232));
#6456=CARTESIAN_POINT('Ctrl Pts',(-6.44578756014342,5.00374036239357,-50.5002395778232));
#6457=CARTESIAN_POINT('Ctrl Pts',(-6.91393823270333,5.00374036239357,-50.0320889052632));
#6458=CARTESIAN_POINT('Ctrl Pts',(-7.38208890526325,5.00374036239357,-49.5639382327033));
#6459=CARTESIAN_POINT('Ctrl Pts',(-7.85023957782317,5.00374036239357,-49.0957875601434));
#6460=CARTESIAN_POINT('Ctrl Pts',(-6.44578756014342,5.00374036239357,-50.5002395778232));
#6461=CARTESIAN_POINT('Ctrl Pts',(-6.44632715953016,5.00371231636809,-50.5008006951926));
#6462=CARTESIAN_POINT('Ctrl Pts',(-6.44686996747171,5.00368424307589,-50.5013651401409));
#6463=CARTESIAN_POINT('Ctrl Pts',(-6.44750521791878,5.00365164541479,-50.502025211693));
#6464=CARTESIAN_POINT('Ctrl Pts',(-6.44816639544531,5.00361771731441,-50.5027122233719));
#6465=CARTESIAN_POINT('Ctrl Pts',(-6.44892755545821,5.00357889373995,-50.5035026611323));
#6466=CARTESIAN_POINT('Ctrl Pts',(-6.44984890399767,5.00353245375111,-50.5044587883892));
#6467=CARTESIAN_POINT('Ctrl Pts',(-6.45081729536774,5.00348364259822,-50.5054637342317));
#6468=CARTESIAN_POINT('Ctrl Pts',(-6.45196244686085,5.00342642737118,-50.5066515101264));
#6469=CARTESIAN_POINT('Ctrl Pts',(-6.45331325391254,5.00336008826483,-50.5080519834734));
#6470=CARTESIAN_POINT('Ctrl Pts',(-6.4547560597434,5.00328923103224,-50.5095478381984));
#6471=CARTESIAN_POINT('Ctrl Pts',(-6.45643320629461,5.00320799098445,-50.5112860581947));
#6472=CARTESIAN_POINT('Ctrl Pts',(-6.45833791314231,5.00311794338518,-50.5132595936086));
#6473=CARTESIAN_POINT('Ctrl Pts',(-6.46044099322148,5.00301851742236,-50.5154386706772));
#6474=CARTESIAN_POINT('Ctrl Pts',(-6.46282105773502,5.00290841342543,-50.5179041730186));
#6475=CARTESIAN_POINT('Ctrl Pts',(-6.46542480292358,5.00279198760094,-50.5206008871327));
#6476=CARTESIAN_POINT('Ctrl Pts',(-6.46881698621076,5.00264030696115,-50.524114191195));
#6477=CARTESIAN_POINT('Ctrl Pts',(-6.472587916998,5.0024781016033,-50.5280189998049));
#6478=CARTESIAN_POINT('Ctrl Pts',(-6.4765551129875,5.0023165970254,-50.5321262729417));
#6479=CARTESIAN_POINT('Ctrl Pts',(-6.4802535503951,5.00216603361134,-50.5359552979389));
#6480=CARTESIAN_POINT('Ctrl Pts',(-6.48411863495619,5.00201625983365,-50.5399562179284));
#6481=CARTESIAN_POINT('Ctrl Pts',(-6.48799808687871,5.00187426974419,-50.543971204015));
#6482=CARTESIAN_POINT('Ctrl Pts',(-6.4911309868239,5.00175960387066,-50.5472135562704));
#6483=CARTESIAN_POINT('Ctrl Pts',(-6.49427245171893,5.00164997456109,-50.5504642455469));
#6484=CARTESIAN_POINT('Ctrl Pts',(-6.49736420061234,5.00154720756072,-50.5536628238264));
#6485=CARTESIAN_POINT('Ctrl Pts',(-6.50017479097229,5.00145378602149,-50.5565705286847));
#6486=CARTESIAN_POINT('Ctrl Pts',(-6.50294389533147,5.00136601034713,-50.5594347526993));
#6487=CARTESIAN_POINT('Ctrl Pts',(-6.50565519874848,5.00128395392278,-50.5622385335184));
#6488=CARTESIAN_POINT('Ctrl Pts',(-6.50824210858441,5.00120566221632,-50.5649136779279));
#6489=CARTESIAN_POINT('Ctrl Pts',(-6.51077602438099,5.00113255786018,-50.5675334086594));
#6490=CARTESIAN_POINT('Ctrl Pts',(-6.51327457490969,5.00106376570568,-50.5701159425382));
#6491=CARTESIAN_POINT('Ctrl Pts',(-6.51670167102,5.00096940806815,-50.5736582330419));
#6492=CARTESIAN_POINT('Ctrl Pts',(-6.52006413319004,5.00088297665105,-50.5771324966617));
#6493=CARTESIAN_POINT('Ctrl Pts',(-6.52349851854334,5.00080097982356,-50.5806801805205));
#6494=CARTESIAN_POINT('Ctrl Pts',(-6.52605568484615,5.00073992682495,-50.5833217063493));
#6495=CARTESIAN_POINT('Ctrl Pts',(-6.52865289847479,5.00068140438886,-50.5860041232528));
#6496=CARTESIAN_POINT('Ctrl Pts',(-6.53130606682928,5.00062544751026,-50.5887440298665));
#6497=CARTESIAN_POINT('Ctrl Pts',(-6.53416022504194,5.00056525163753,-50.5916914971655));
#6498=CARTESIAN_POINT('Ctrl Pts',(-6.53707879125465,5.00050807247413,-50.5947051386604));
#6499=CARTESIAN_POINT('Ctrl Pts',(-6.54003901773627,5.0004548423333,-50.5977616317421));
#6500=CARTESIAN_POINT('Ctrl Pts',(-6.54341792847926,5.00039408350426,-50.6012504247023));
#6501=CARTESIAN_POINT('Ctrl Pts',(-6.54685058914693,5.00033854806506,-50.6047945041894));
#6502=CARTESIAN_POINT('Ctrl Pts',(-6.55025589297634,5.00028968609441,-50.6083102812625));
#6503=CARTESIAN_POINT('Ctrl Pts',(-6.55556352600013,5.00021352801218,-50.613790101987));
#6504=CARTESIAN_POINT('Ctrl Pts',(-6.56080106694144,5.00015410154594,-50.6191974302416));
#6505=CARTESIAN_POINT('Ctrl Pts',(-6.56556699577288,5.00011164930437,-50.6241178949732));
#6506=CARTESIAN_POINT('Ctrl Pts',(-6.56866265756424,5.000084074872,-50.6273139340253));
#6507=CARTESIAN_POINT('Ctrl Pts',(-6.57155706313534,5.00006346521035,-50.6303021983826));
#6508=CARTESIAN_POINT('Ctrl Pts',(-6.57415894167186,5.00004823255352,-50.6329884452591));
#6509=CARTESIAN_POINT('Ctrl Pts',(-6.57651276532837,5.00003445213006,-50.6354185938445));
#6510=CARTESIAN_POINT('Ctrl Pts',(-6.57862640104111,5.00002502249187,-50.6376007607375));
#6511=CARTESIAN_POINT('Ctrl Pts',(-6.58046592942813,5.00001837537393,-50.6394999092434));
#6512=CARTESIAN_POINT('Ctrl Pts',(-6.58206588267822,5.00001259395842,-50.6411517178514));
#6513=CARTESIAN_POINT('Ctrl Pts',(-6.58345851038886,5.00000889970807,-50.6425894605171));
#6514=CARTESIAN_POINT('Ctrl Pts',(-6.58465192005121,5.0000063623184,-50.6438214993797));
#6515=CARTESIAN_POINT('Ctrl Pts',(-6.58579660744204,5.00000392852047,-50.645003238891));
#6516=CARTESIAN_POINT('Ctrl Pts',(-6.58675773476192,5.00000255419449,-50.6459954421478));
#6517=CARTESIAN_POINT('Ctrl Pts',(-6.58757475516489,5.00000166548769,-50.6468388414516));
#6518=CARTESIAN_POINT('Ctrl Pts',(-6.58835158328156,5.0000008204997,-50.6476407507924));
#6519=CARTESIAN_POINT('Ctrl Pts',(-6.58899801580482,5.00000041690262,-50.6483080142741));
#6520=CARTESIAN_POINT('Ctrl Pts',(-6.58958043903662,5.00000019831475,-50.648909179925));
#6521=CARTESIAN_POINT('Ctrl Pts',(-6.58994960169971,5.00000005976519,-50.6492902222677));
#6522=CARTESIAN_POINT('Ctrl Pts',(-6.59029370208986,5.,-50.6496453846456));
#6523=CARTESIAN_POINT('Ctrl Pts',(-6.59063727281853,5.,-50.65));
#6524=CARTESIAN_POINT('Origin',(-4.50000000000001,65.8,0.));
#6525=CARTESIAN_POINT('',(-4.00000000000001,66.3,47.65));
#6526=CARTESIAN_POINT('',(-4.00000000000001,66.3,-47.65));
#6527=CARTESIAN_POINT('',(-4.00000000000001,66.3,0.));
#6528=CARTESIAN_POINT('',(-5.00000000000001,65.3,-46.65));
#6529=CARTESIAN_POINT('',(-4.00000000000001,66.3,-47.65));
#6530=CARTESIAN_POINT('',(-5.00000000000001,65.3,46.65));
#6531=CARTESIAN_POINT('',(-5.00000000000001,65.3,0.));
#6532=CARTESIAN_POINT('',(-5.00000000000001,65.3,46.65));
#6533=CARTESIAN_POINT('Ctrl Pts',(-6.44578756014342,5.00374036239357,-50.5002395778232));
#6534=CARTESIAN_POINT('Ctrl Pts',(-5.71365907746644,5.04179321156704,-49.7389154948838));
#6535=CARTESIAN_POINT('Ctrl Pts',(-4.85231764790793,5.4655070856595,-48.7457851368895));
#6536=CARTESIAN_POINT('Ctrl Pts',(-4.14064313834434,6.78258705172038,-47.8390181061899));
#6537=CARTESIAN_POINT('Ctrl Pts',(-4.,7.50909597991657,-47.65));
#6538=CARTESIAN_POINT('Ctrl Pts',(-4.,8.,-47.65));
#6539=CARTESIAN_POINT('Ctrl Pts',(-6.91393823270333,5.00374036239357,-50.0320889052632));
#6540=CARTESIAN_POINT('Ctrl Pts',(-6.17207788327224,5.04179321156704,-49.280496689078));
#6541=CARTESIAN_POINT('Ctrl Pts',(-5.26680681090179,5.4655070856595,-48.3312959738957));
#6542=CARTESIAN_POINT('Ctrl Pts',(-4.49010146095952,6.78258705172038,-47.4895597835747));
#6543=CARTESIAN_POINT('Ctrl Pts',(-4.33333333333333,7.50909597991657,-47.3166666666667));
#6544=CARTESIAN_POINT('Ctrl Pts',(-4.33333333333333,8.,-47.3166666666667));
#6545=CARTESIAN_POINT('Ctrl Pts',(-7.38208890526325,5.00374036239357,-49.5639382327033));
#6546=CARTESIAN_POINT('Ctrl Pts',(-6.63049668907804,5.04179321156704,-48.8220778832722));
#6547=CARTESIAN_POINT('Ctrl Pts',(-5.68129597389566,5.4655070856595,-47.9168068109018));
#6548=CARTESIAN_POINT('Ctrl Pts',(-4.83955978357471,6.78258705172038,-47.1401014609595));
#6549=CARTESIAN_POINT('Ctrl Pts',(-4.66666666666667,7.50909597991657,-46.9833333333333));
#6550=CARTESIAN_POINT('Ctrl Pts',(-4.66666666666667,8.,-46.9833333333333));
#6551=CARTESIAN_POINT('Ctrl Pts',(-7.85023957782317,5.00374036239357,-49.0957875601434));
#6552=CARTESIAN_POINT('Ctrl Pts',(-7.08891549488384,5.04179321156703,-48.3636590774664));
#6553=CARTESIAN_POINT('Ctrl Pts',(-6.09578513688952,5.4655070856595,-47.5023176479079));
#6554=CARTESIAN_POINT('Ctrl Pts',(-5.18901810618989,6.78258705172038,-46.7906431383444));
#6555=CARTESIAN_POINT('Ctrl Pts',(-5.,7.50909597991657,-46.65));
#6556=CARTESIAN_POINT('Ctrl Pts',(-5.,8.,-46.65));
#6557=CARTESIAN_POINT('',(-5.,8.,-46.65));
#6558=CARTESIAN_POINT('Ctrl Pts',(-7.85023957782317,5.00374036239357,-49.0957875601434));
#6559=CARTESIAN_POINT('Ctrl Pts',(-7.08891549488384,5.04179321156703,-48.3636590774664));
#6560=CARTESIAN_POINT('Ctrl Pts',(-6.09578513688952,5.4655070856595,-47.5023176479079));
#6561=CARTESIAN_POINT('Ctrl Pts',(-5.18901810618989,6.78258705172038,-46.7906431383444));
#6562=CARTESIAN_POINT('Ctrl Pts',(-5.,7.50909597991657,-46.65));
#6563=CARTESIAN_POINT('Ctrl Pts',(-5.,8.,-46.65));
#6564=CARTESIAN_POINT('',(-4.,8.,-47.65));
#6565=CARTESIAN_POINT('',(-5.,8.,-46.65));
#6566=CARTESIAN_POINT('Ctrl Pts',(-4.,8.,-47.65));
#6567=CARTESIAN_POINT('Ctrl Pts',(-4.,7.50909597991657,-47.65));
#6568=CARTESIAN_POINT('Ctrl Pts',(-4.14064313834434,6.78258705172038,-47.8390181061899));
#6569=CARTESIAN_POINT('Ctrl Pts',(-4.85231764790793,5.4655070856595,-48.7457851368895));
#6570=CARTESIAN_POINT('Ctrl Pts',(-5.71365907746644,5.04179321156704,-49.7389154948838));
#6571=CARTESIAN_POINT('Ctrl Pts',(-6.44578756014342,5.00374036239357,-50.5002395778232));
#6572=CARTESIAN_POINT('Origin',(-4.50000000000001,50.975,-47.15));
#6573=CARTESIAN_POINT('',(-4.00000000000001,50.975,-47.65));
#6574=CARTESIAN_POINT('',(-5.00000000000001,50.975,-46.65));
#6575=CARTESIAN_POINT('Origin',(-4.50000000000001,50.975,47.15));
#6576=CARTESIAN_POINT('',(-5.,8.,46.65));
#6577=CARTESIAN_POINT('',(-5.00000000000001,50.975,46.65));
#6578=CARTESIAN_POINT('',(-4.,8.,47.65));
#6579=CARTESIAN_POINT('',(-5.,8.,46.65));
#6580=CARTESIAN_POINT('',(-4.00000000000001,50.975,47.65));
#6581=CARTESIAN_POINT('Ctrl Pts',(-7.85023957782316,5.00374036239357,49.0957875601434));
#6582=CARTESIAN_POINT('Ctrl Pts',(-7.27924651561867,5.03227999927367,48.5466911981357));
#6583=CARTESIAN_POINT('Ctrl Pts',(-6.30407959229382,5.35595445666989,47.6737219948628));
#6584=CARTESIAN_POINT('Ctrl Pts',(-5.25629625036766,6.53741197139736,46.8390259036641));
#6585=CARTESIAN_POINT('Ctrl Pts',(-5.,7.50909597991657,46.65));
#6586=CARTESIAN_POINT('Ctrl Pts',(-5.,8.,46.65));
#6587=CARTESIAN_POINT('Ctrl Pts',(-7.38208890526325,5.00374036239357,49.5639382327033));
#6588=CARTESIAN_POINT('Ctrl Pts',(-6.81839474312434,5.03227999927367,49.00754297063));
#6589=CARTESIAN_POINT('Ctrl Pts',(-5.87729372648347,5.35595445666989,48.1005078606731));
#6590=CARTESIAN_POINT('Ctrl Pts',(-4.90053946813313,6.53741197139736,47.1947826858986));
#6591=CARTESIAN_POINT('Ctrl Pts',(-4.66666666666667,7.50909597991657,46.9833333333333));
#6592=CARTESIAN_POINT('Ctrl Pts',(-4.66666666666667,8.,46.9833333333333));
#6593=CARTESIAN_POINT('Ctrl Pts',(-6.91393823270333,5.00374036239357,50.0320889052632));
#6594=CARTESIAN_POINT('Ctrl Pts',(-6.35754297063001,5.03227999927367,49.4683947431243));
#6595=CARTESIAN_POINT('Ctrl Pts',(-5.45050786067312,5.35595445666989,48.5272937264835));
#6596=CARTESIAN_POINT('Ctrl Pts',(-4.54478268589859,6.53741197139736,47.5505394681331));
#6597=CARTESIAN_POINT('Ctrl Pts',(-4.33333333333333,7.50909597991657,47.3166666666667));
#6598=CARTESIAN_POINT('Ctrl Pts',(-4.33333333333333,8.,47.3166666666667));
#6599=CARTESIAN_POINT('Ctrl Pts',(-6.44578756014341,5.00374036239357,50.5002395778232));
#6600=CARTESIAN_POINT('Ctrl Pts',(-5.89669119813568,5.03227999927367,49.9292465156187));
#6601=CARTESIAN_POINT('Ctrl Pts',(-5.02372199486277,5.35595445666989,48.9540795922938));
#6602=CARTESIAN_POINT('Ctrl Pts',(-4.18902590366406,6.53741197139736,47.9062962503677));
#6603=CARTESIAN_POINT('Ctrl Pts',(-4.,7.50909597991657,47.65));
#6604=CARTESIAN_POINT('Ctrl Pts',(-4.,8.,47.65));
#6605=CARTESIAN_POINT('Ctrl Pts',(-6.44578756014341,5.00374036239357,50.5002395778232));
#6606=CARTESIAN_POINT('Ctrl Pts',(-5.89669119813568,5.03227999927367,49.9292465156187));
#6607=CARTESIAN_POINT('Ctrl Pts',(-5.02372199486277,5.35595445666989,48.9540795922938));
#6608=CARTESIAN_POINT('Ctrl Pts',(-4.18902590366406,6.53741197139736,47.9062962503677));
#6609=CARTESIAN_POINT('Ctrl Pts',(-4.,7.50909597991657,47.65));
#6610=CARTESIAN_POINT('Ctrl Pts',(-4.,8.,47.65));
#6611=CARTESIAN_POINT('Ctrl Pts',(-5.,8.,46.65));
#6612=CARTESIAN_POINT('Ctrl Pts',(-5.,7.50909597991657,46.65));
#6613=CARTESIAN_POINT('Ctrl Pts',(-5.25629625036766,6.53741197139736,46.8390259036641));
#6614=CARTESIAN_POINT('Ctrl Pts',(-6.30407959229382,5.35595445666989,47.6737219948628));
#6615=CARTESIAN_POINT('Ctrl Pts',(-7.27924651561867,5.03227999927367,48.5466911981357));
#6616=CARTESIAN_POINT('Ctrl Pts',(-7.85023957782316,5.00374036239357,49.0957875601434));
#6617=CARTESIAN_POINT('Origin',(-8.,8.,0.));
#6618=CARTESIAN_POINT('',(-5.,8.,0.));
#6619=CARTESIAN_POINT('Origin',(-1.25,8.,-50.65));
#6620=CARTESIAN_POINT('',(-1.,8.,-47.65));
#6621=CARTESIAN_POINT('',(-1.25,8.,-47.65));
#6622=CARTESIAN_POINT('Origin',(-1.,8.,-50.65));
#6623=CARTESIAN_POINT('Origin',(-2.5,35.65,-47.65));
#6624=CARTESIAN_POINT('',(-1.00000000000001,66.3,-47.65));
#6625=CARTESIAN_POINT('',(-8.32667268468867E-15,66.3,-47.65));
#6626=CARTESIAN_POINT('',(-1.,17.825,-47.65));
#6627=CARTESIAN_POINT('Origin',(-8.11940827834695E-15,66.3,0.));
#6628=CARTESIAN_POINT('',(-1.00000000000001,66.3,47.65));
#6629=CARTESIAN_POINT('',(-8.32667268468867E-15,66.3,47.65));
#6630=CARTESIAN_POINT('',(-1.00000000000001,66.3,0.));
#6631=CARTESIAN_POINT('Origin',(-0.500000000000008,65.8,0.));
#6632=CARTESIAN_POINT('',(-8.03445672820237E-15,65.3,-46.65));
#6633=CARTESIAN_POINT('',(-1.00000000000001,66.3,47.65));
#6634=CARTESIAN_POINT('Origin',(-0.500000000000002,17.825,-47.15));
#6635=CARTESIAN_POINT('',(-1.01723056908804E-15,8.,-46.65));
#6636=CARTESIAN_POINT('Origin',(-0.500000000000002,8.,-50.65));
#6637=CARTESIAN_POINT('',(-4.81586426888071E-16,4.,-50.65));
#6638=CARTESIAN_POINT('Origin',(-0.500000000000001,4.5,0.));
#6639=CARTESIAN_POINT('',(-3.36777869765522E-16,4.,-77.15));
#6640=CARTESIAN_POINT('Origin',(-5.,4.5,-77.15));
#6641=CARTESIAN_POINT('Origin',(-95.,4.5,-77.15));
#6642=CARTESIAN_POINT('',(-100.,4.00000000000003,-77.15));
#6643=CARTESIAN_POINT('Origin',(-99.5,4.49999999999998,0.));
#6644=CARTESIAN_POINT('',(-100.,3.99999999999999,-68.6637605315435));
#6645=CARTESIAN_POINT('Origin',(-95.,4.5,-68.6637605315435));
#6646=CARTESIAN_POINT('',(-97.2360679774998,4.00000000000003,-64.1916245765439));
#6647=CARTESIAN_POINT('Origin',(-36.6616750846912,4.49999999999999,-34.4634451245146));
#6648=CARTESIAN_POINT('',(-62.7639320225002,3.99999999999998,-46.9555565990441));
#6649=CARTESIAN_POINT('Origin',(-65.,4.5,-42.4834206440445));
#6650=CARTESIAN_POINT('',(-60.,4.00000000000002,-42.4834206440445));
#6651=CARTESIAN_POINT('Origin',(-59.5,4.49999999999998,-32.786795293897));
#6652=CARTESIAN_POINT('',(-60.,3.99999999999998,42.4834206440445));
#6653=CARTESIAN_POINT('Origin',(-65.,4.5,42.4834206440445));
#6654=CARTESIAN_POINT('',(-62.7639320225002,4.00000000000002,46.9555565990441));
#6655=CARTESIAN_POINT('Origin',(-36.6616750846912,4.49999999999999,34.4634451245146));
#6656=CARTESIAN_POINT('',(-97.2360679774998,3.99999999999997,64.1916245765439));
#6657=CARTESIAN_POINT('Origin',(-95.,4.5,68.6637605315435));
#6658=CARTESIAN_POINT('',(-100.,4.00000000000003,68.6637605315435));
#6659=CARTESIAN_POINT('Origin',(-99.5,4.49999999999998,0.));
#6660=CARTESIAN_POINT('',(-100.,3.99999999999999,77.15));
#6661=CARTESIAN_POINT('Origin',(-95.,4.5,77.15));
#6662=CARTESIAN_POINT('Origin',(-5.,4.5,77.15));
#6663=CARTESIAN_POINT('',(-3.36777869765522E-16,4.,77.15));
#6664=CARTESIAN_POINT('Origin',(-0.500000000000001,4.5,0.));
#6665=CARTESIAN_POINT('',(-5.55111512312578E-16,4.,50.65));
#6666=CARTESIAN_POINT('Origin',(-0.500000000000002,8.,50.65));
#6667=CARTESIAN_POINT('',(-1.,8.,47.65));
#6668=CARTESIAN_POINT('',(-9.71445146547012E-16,8.,46.65));
#6669=CARTESIAN_POINT('Origin',(-1.,8.,50.65));
#6670=CARTESIAN_POINT('Origin',(-0.500000000000002,17.825,47.15));
#6671=CARTESIAN_POINT('',(-1.,17.825,47.65));
#6672=CARTESIAN_POINT('Origin',(-66.1893925813588,4.99999999999998,-69.4482976438863));
#6673=CARTESIAN_POINT('Origin',(-5.76604444311897,31.5247686543198,-44.));
#6674=CARTESIAN_POINT('',(-5.,31.1675562640064,-46.));
#6675=CARTESIAN_POINT('',(-6.,32.6338639221613,-45.));
#6676=CARTESIAN_POINT('',(-5.,31.1675562640064,-46.));
#6677=CARTESIAN_POINT('',(-5.76604444311897,31.5247686543198,-44.));
#6678=CARTESIAN_POINT('',(-5.76604444311897,31.5247686543198,-44.));
#6679=CARTESIAN_POINT('',(-6.,32.6338639221614,-45.));
#6680=CARTESIAN_POINT('Origin',(-37.7410030139011,5.99999999999999,-45.));
#6681=CARTESIAN_POINT('',(-36.6109883365159,5.64278760968653,-44.));
#6682=CARTESIAN_POINT('',(-36.3770327796349,4.99999999999999,-46.));
#6683=CARTESIAN_POINT('',(-37.7410030139011,5.99999999999999,-45.));
#6684=CARTESIAN_POINT('',(-37.7410030139011,5.99999999999999,-45.));
#6685=CARTESIAN_POINT('',(-36.6109883365159,5.64278760968653,-44.));
#6686=CARTESIAN_POINT('Origin',(-5.,31.1675562640064,-29.));
#6687=CARTESIAN_POINT('',(-5.76604444311897,31.5247686543198,-31.));
#6688=CARTESIAN_POINT('',(-6.,32.6338639221614,-30.));
#6689=CARTESIAN_POINT('',(-5.76604444311897,31.5247686543198,-31.));
#6690=CARTESIAN_POINT('',(-5.,31.1675562640064,-29.));
#6691=CARTESIAN_POINT('',(-5.,31.1675562640064,-29.));
#6692=CARTESIAN_POINT('',(-6.,32.6338639221613,-30.));
#6693=CARTESIAN_POINT('Origin',(-5.38302222155949,31.3461624591631,0.));
#6694=CARTESIAN_POINT('',(-5.,31.1675562640064,0.));
#6695=CARTESIAN_POINT('',(-5.76604444311897,31.5247686543198,0.));
#6696=CARTESIAN_POINT('Origin',(-5.,41.,-46.));
#6697=CARTESIAN_POINT('',(-5.76604444311899,39.3572123903135,-44.));
#6698=CARTESIAN_POINT('',(-6.,37.8554930794905,-45.));
#6699=CARTESIAN_POINT('',(-5.76604444311898,39.3572123903135,-44.));
#6700=CARTESIAN_POINT('',(-5.,41.,-46.));
#6701=CARTESIAN_POINT('',(-5.,41.,-46.));
#6702=CARTESIAN_POINT('',(-6.,37.8554930794905,-45.));
#6703=CARTESIAN_POINT('Origin',(-36.3770327796349,4.99999999999999,-29.));
#6704=CARTESIAN_POINT('',(-37.7410030139011,6.,-30.));
#6705=CARTESIAN_POINT('',(-36.6109883365159,5.64278760968653,-31.));
#6706=CARTESIAN_POINT('',(-37.7410030139011,6.,-30.));
#6707=CARTESIAN_POINT('',(-36.3770327796349,4.99999999999999,-29.));
#6708=CARTESIAN_POINT('',(-36.6109883365159,5.64278760968653,-31.));
#6709=CARTESIAN_POINT('Origin',(-47.7113757407974,4.99999999999998,-46.));
#6710=CARTESIAN_POINT('',(-43.9638983213427,5.99999999999999,-45.));
#6711=CARTESIAN_POINT('',(-45.9453312976784,5.64278760968651,-44.));
#6712=CARTESIAN_POINT('',(-43.9638983213427,5.99999999999999,-45.));
#6713=CARTESIAN_POINT('',(-47.7113757407974,4.99999999999998,-46.));
#6714=CARTESIAN_POINT('',(-45.9453312976784,5.64278760968652,-44.));
#6715=CARTESIAN_POINT('Origin',(-12.9278439351993,5.5,-45.5));
#6716=CARTESIAN_POINT('',(-12.9278439351993,6.,-45.));
#6717=CARTESIAN_POINT('Origin',(-5.,41.,-29.));
#6718=CARTESIAN_POINT('',(-6.,37.8554930794905,-30.));
#6719=CARTESIAN_POINT('',(-5.76604444311899,39.3572123903135,-31.));
#6720=CARTESIAN_POINT('',(-6.,37.8554930794905,-30.));
#6721=CARTESIAN_POINT('',(-5.,41.,-29.));
#6722=CARTESIAN_POINT('',(-5.,41.,-29.));
#6723=CARTESIAN_POINT('',(-5.76604444311899,39.3572123903135,-31.));
#6724=CARTESIAN_POINT('Origin',(-5.5,44.4,-29.5));
#6725=CARTESIAN_POINT('',(-5.,44.4,-29.));
#6726=CARTESIAN_POINT('',(-6.,44.4,-30.));
#6727=CARTESIAN_POINT('Origin',(-5.38302222155949,40.1786061951567,0.));
#6728=CARTESIAN_POINT('',(-5.,41.,0.));
#6729=CARTESIAN_POINT('',(-5.76604444311899,39.3572123903135,0.));
#6730=CARTESIAN_POINT('Origin',(-47.7113757407974,4.99999999999998,-29.));
#6731=CARTESIAN_POINT('',(-45.9453312976784,5.64278760968652,-31.));
#6732=CARTESIAN_POINT('',(-43.9638983213427,5.99999999999999,-30.));
#6733=CARTESIAN_POINT('',(-45.9453312976784,5.64278760968651,-31.));
#6734=CARTESIAN_POINT('',(-47.7113757407974,4.99999999999998,-29.));
#6735=CARTESIAN_POINT('',(-43.9638983213427,6.,-30.));
#6736=CARTESIAN_POINT('Origin',(-46.8283535192379,5.32139380484325,0.));
#6737=CARTESIAN_POINT('',(-45.9453312976784,5.64278760968652,0.));
#6738=CARTESIAN_POINT('Origin',(-12.9278439351993,5.5,-29.5));
#6739=CARTESIAN_POINT('',(-12.9278439351993,6.00000000000001,-30.));
#6740=CARTESIAN_POINT('Origin',(-15.1064501303561,30.8669777784405,-30.5));
#6741=CARTESIAN_POINT('',(-15.4278439351993,31.25,-31.));
#6742=CARTESIAN_POINT('',(-14.7850563255128,30.483955556881,-30.));
#6743=CARTESIAN_POINT('Origin',(-15.1064501303561,30.8669777784405,-44.5));
#6744=CARTESIAN_POINT('',(-14.7850563255128,30.483955556881,-45.));
#6745=CARTESIAN_POINT('',(-15.4278439351993,31.25,-44.));
#6746=CARTESIAN_POINT('Origin',(-36.4940105580754,5.32139380484326,0.));
#6747=CARTESIAN_POINT('',(-36.6109883365159,5.64278760968653,0.));
#6748=CARTESIAN_POINT('Origin',(-30.0093913008004,11.8348888922026,-30.5));
#6749=CARTESIAN_POINT('',(-29.6879974959572,11.4518666706431,-31.));
#6750=CARTESIAN_POINT('',(-30.3307851056437,12.2179111137621,-30.));
#6751=CARTESIAN_POINT('Origin',(-5.50000000000001,44.4,-45.5));
#6752=CARTESIAN_POINT('',(-6.,44.4,-45.));
#6753=CARTESIAN_POINT('',(-5.,44.4,-46.));
#6754=CARTESIAN_POINT('Origin',(-30.0093913008004,11.8348888922026,-44.5));
#6755=CARTESIAN_POINT('',(-30.3307851056437,12.2179111137621,-45.));
#6756=CARTESIAN_POINT('',(-29.6879974959572,11.4518666706431,-44.));
#6757=CARTESIAN_POINT('Origin',(-5.00000000000001,66.3,0.));
#6758=CARTESIAN_POINT('',(-5.,41.,46.));
#6759=CARTESIAN_POINT('',(-5.,41.,29.));
#6760=CARTESIAN_POINT('',(-5.,41.,0.));
#6761=CARTESIAN_POINT('',(-5.,31.1675562640064,46.));
#6762=CARTESIAN_POINT('',(-5.,44.4,46.));
#6763=CARTESIAN_POINT('',(-5.,31.1675562640064,29.));
#6764=CARTESIAN_POINT('',(-5.,31.1675562640064,0.));
#6765=CARTESIAN_POINT('',(-5.,44.4,29.));
#6766=CARTESIAN_POINT('Origin',(-25.8556878703987,22.5,-45.));
#6767=CARTESIAN_POINT('Origin',(-5.00000000000001,40.,0.));
#6768=CARTESIAN_POINT('Origin',(-25.8556878703987,22.5,-30.));
#6769=CARTESIAN_POINT('Origin',(-37.3770327796349,5.,0.));
#6770=CARTESIAN_POINT('Origin',(-36.3770327796349,4.99999999999999,29.));
#6771=CARTESIAN_POINT('',(-36.6109883365159,5.64278760968653,31.));
#6772=CARTESIAN_POINT('',(-37.7410030139011,6.,30.));
#6773=CARTESIAN_POINT('',(-36.6109883365159,5.64278760968653,31.));
#6774=CARTESIAN_POINT('',(-36.3770327796349,4.99999999999999,29.));
#6775=CARTESIAN_POINT('',(-37.7410030139011,6.,30.));
#6776=CARTESIAN_POINT('Origin',(-5.,31.1675562640064,29.));
#6777=CARTESIAN_POINT('',(-6.,32.6338639221613,30.));
#6778=CARTESIAN_POINT('',(-5.76604444311897,31.5247686543198,31.));
#6779=CARTESIAN_POINT('',(-6.,32.6338639221614,30.));
#6780=CARTESIAN_POINT('',(-5.,31.1675562640064,29.));
#6781=CARTESIAN_POINT('',(-5.76604444311897,31.5247686543198,31.));
#6782=CARTESIAN_POINT('Origin',(-36.6109883365159,5.64278760968653,44.));
#6783=CARTESIAN_POINT('',(-37.7410030139011,5.99999999999999,45.));
#6784=CARTESIAN_POINT('',(-36.3770327796349,4.99999999999999,46.));
#6785=CARTESIAN_POINT('',(-36.6109883365159,5.64278760968653,44.));
#6786=CARTESIAN_POINT('',(-36.6109883365159,5.64278760968653,44.));
#6787=CARTESIAN_POINT('',(-37.7410030139011,5.99999999999999,45.));
#6788=CARTESIAN_POINT('Origin',(-36.4940105580754,5.32139380484326,0.));
#6789=CARTESIAN_POINT('',(-36.6109883365159,5.64278760968653,0.));
#6790=CARTESIAN_POINT('Origin',(-47.7113757407974,4.99999999999998,29.));
#6791=CARTESIAN_POINT('',(-43.9638983213427,6.,30.));
#6792=CARTESIAN_POINT('',(-45.9453312976784,5.64278760968651,31.));
#6793=CARTESIAN_POINT('',(-43.9638983213427,5.99999999999999,30.));
#6794=CARTESIAN_POINT('',(-47.7113757407974,4.99999999999998,29.));
#6795=CARTESIAN_POINT('',(-45.9453312976784,5.64278760968652,31.));
#6796=CARTESIAN_POINT('Origin',(-12.9278439351993,5.5,29.5));
#6797=CARTESIAN_POINT('',(-12.9278439351993,6.00000000000001,30.));
#6798=CARTESIAN_POINT('Origin',(-5.,31.1675562640064,46.));
#6799=CARTESIAN_POINT('',(-5.76604444311897,31.5247686543198,44.));
#6800=CARTESIAN_POINT('',(-6.,32.6338639221614,45.));
#6801=CARTESIAN_POINT('',(-5.76604444311897,31.5247686543198,44.));
#6802=CARTESIAN_POINT('',(-5.,31.1675562640064,46.));
#6803=CARTESIAN_POINT('',(-6.,32.6338639221613,45.));
#6804=CARTESIAN_POINT('Origin',(-5.38302222155949,31.3461624591631,0.));
#6805=CARTESIAN_POINT('',(-5.76604444311897,31.5247686543198,0.));
#6806=CARTESIAN_POINT('Origin',(-5.,41.,29.));
#6807=CARTESIAN_POINT('',(-5.76604444311899,39.3572123903135,31.));
#6808=CARTESIAN_POINT('',(-6.,37.8554930794905,30.));
#6809=CARTESIAN_POINT('',(-5.76604444311898,39.3572123903135,31.));
#6810=CARTESIAN_POINT('',(-5.,41.,29.));
#6811=CARTESIAN_POINT('',(-6.,37.8554930794905,30.));
#6812=CARTESIAN_POINT('Origin',(-47.7113757407974,4.99999999999998,46.));
#6813=CARTESIAN_POINT('',(-45.9453312976784,5.64278760968652,44.));
#6814=CARTESIAN_POINT('',(-43.9638983213427,5.99999999999999,45.));
#6815=CARTESIAN_POINT('',(-45.9453312976784,5.64278760968651,44.));
#6816=CARTESIAN_POINT('',(-47.7113757407974,4.99999999999998,46.));
#6817=CARTESIAN_POINT('',(-43.9638983213427,5.99999999999999,45.));
#6818=CARTESIAN_POINT('Origin',(-46.8283535192379,5.32139380484325,0.));
#6819=CARTESIAN_POINT('',(-45.9453312976784,5.64278760968652,0.));
#6820=CARTESIAN_POINT('Origin',(-12.9278439351993,5.5,45.5));
#6821=CARTESIAN_POINT('',(-12.9278439351993,6.,45.));
#6822=CARTESIAN_POINT('Origin',(-5.76604444311899,39.3572123903135,44.));
#6823=CARTESIAN_POINT('',(-6.,37.8554930794905,45.));
#6824=CARTESIAN_POINT('',(-5.,41.,46.));
#6825=CARTESIAN_POINT('',(-5.76604444311898,39.3572123903135,44.));
#6826=CARTESIAN_POINT('',(-5.76604444311899,39.3572123903135,44.));
#6827=CARTESIAN_POINT('',(-6.,37.8554930794905,45.));
#6828=CARTESIAN_POINT('Origin',(-5.38302222155949,40.1786061951567,0.));
#6829=CARTESIAN_POINT('',(-5.76604444311899,39.3572123903135,0.));
#6830=CARTESIAN_POINT('Origin',(-15.1064501303561,30.8669777784405,44.5));
#6831=CARTESIAN_POINT('',(-14.7850563255128,30.483955556881,45.));
#6832=CARTESIAN_POINT('',(-15.4278439351993,31.25,44.));
#6833=CARTESIAN_POINT('Origin',(-5.50000000000001,44.4,45.5));
#6834=CARTESIAN_POINT('',(-6.,44.4,45.));
#6835=CARTESIAN_POINT('Origin',(-5.5,44.4,29.5));
#6836=CARTESIAN_POINT('',(-6.,44.4,30.));
#6837=CARTESIAN_POINT('Origin',(-15.1064501303561,30.8669777784405,30.5));
#6838=CARTESIAN_POINT('',(-15.4278439351993,31.25,31.));
#6839=CARTESIAN_POINT('',(-14.7850563255128,30.483955556881,30.));
#6840=CARTESIAN_POINT('Origin',(-30.0093913008004,11.8348888922026,44.5));
#6841=CARTESIAN_POINT('',(-30.3307851056437,12.2179111137621,45.));
#6842=CARTESIAN_POINT('',(-29.6879974959572,11.4518666706431,44.));
#6843=CARTESIAN_POINT('Origin',(-30.0093913008004,11.8348888922026,30.5));
#6844=CARTESIAN_POINT('',(-29.6879974959572,11.4518666706431,31.));
#6845=CARTESIAN_POINT('',(-30.3307851056437,12.2179111137621,30.));
#6846=CARTESIAN_POINT('Origin',(-37.3770327796349,5.,0.));
#6847=CARTESIAN_POINT('Origin',(-25.8556878703987,22.5,45.));
#6848=CARTESIAN_POINT('Origin',(-5.00000000000001,40.,0.));
#6849=CARTESIAN_POINT('Origin',(-25.8556878703987,22.5,30.));
#6850=CARTESIAN_POINT('Origin',(-1.25,8.,50.65));
#6851=CARTESIAN_POINT('',(-1.25,8.,47.65));
#6852=CARTESIAN_POINT('Origin',(-2.5,35.65,47.65));
#6853=CARTESIAN_POINT('Origin',(-107.65,-6.5,71.775));
#6854=CARTESIAN_POINT('',(-77.8125,11.5,69.075));
#6855=CARTESIAN_POINT('',(-75.797249397953,-4.62200481637569,71.4933007224564));
#6856=CARTESIAN_POINT('',(-92.1875,11.5,69.075));
#6857=CARTESIAN_POINT('',(-107.65,11.5,69.075));
#6858=CARTESIAN_POINT('',(-93.4430425948224,1.45565924142083,70.5816511137869));
#6859=CARTESIAN_POINT('Origin',(-92.1875,11.5,72.52));
#6860=CARTESIAN_POINT('',(-92.1875,11.5,68.1080210344305));
#6861=CARTESIAN_POINT('',(-92.1875,11.5,70.7975));
#6862=CARTESIAN_POINT('',(-92.3451125461028,10.2390996311773,67.05));
#6863=CARTESIAN_POINT('',(-92.1231986737677,12.0144106098586,68.5396627874365));
#6864=CARTESIAN_POINT('',(-92.3951125461028,9.83909963117728,67.05));
#6865=CARTESIAN_POINT('',(-92.3840361765429,9.92771058765651,67.05));
#6866=CARTESIAN_POINT('',(-92.5,9.,68.05));
#6867=CARTESIAN_POINT('',(-92.5680182649675,8.45585388026031,68.698488093096));
#6868=CARTESIAN_POINT('',(-92.4602884615385,9.3176923076923,68.05));
#6869=CARTESIAN_POINT('Origin',(-75.5625,-6.50000000000001,72.52));
#6870=CARTESIAN_POINT('',(-77.5,8.99999999999999,68.05));
#6871=CARTESIAN_POINT('',(-76.7631730769231,3.10538461538461,68.05));
#6872=CARTESIAN_POINT('',(-77.6048874538972,9.83909963117727,67.05));
#6873=CARTESIAN_POINT('',(-77.1082117326825,5.86569386146012,71.785320600895));
#6874=CARTESIAN_POINT('',(-77.6548874538972,10.2390996311773,67.05));
#6875=CARTESIAN_POINT('',(-76.8394253619186,3.71540289534881,67.05));
#6876=CARTESIAN_POINT('',(-77.8125,11.5,68.1080210344305));
#6877=CARTESIAN_POINT('',(-77.4181946939705,8.34555755176368,65.4611295395454));
#6878=CARTESIAN_POINT('',(-77.8125,11.5,70.7975));
#6879=CARTESIAN_POINT('Origin',(-107.65,10.2390996311773,67.05));
#6880=CARTESIAN_POINT('',(-107.65,9.83909963117728,67.05));
#6881=CARTESIAN_POINT('',(-107.65,10.2390996311773,67.05));
#6882=CARTESIAN_POINT('Origin',(-107.65,9.83909963117728,67.05));
#6883=CARTESIAN_POINT('',(-107.65,9.,68.05));
#6884=CARTESIAN_POINT('Origin',(-107.65,9.,68.05));
#6885=CARTESIAN_POINT('Origin',(-107.65,11.5,69.075));
#6886=CARTESIAN_POINT('',(-107.65,11.5,68.1080210344305));
#6887=CARTESIAN_POINT('Origin',(-107.65,11.5,68.1080210344305));
#6888=CARTESIAN_POINT('Origin',(-62.35,-6.50000000000002,72.525));
#6889=CARTESIAN_POINT('',(-92.1875,11.5,75.225));
#6890=CARTESIAN_POINT('',(-94.202750602047,-4.62200481637568,72.8066992775437));
#6891=CARTESIAN_POINT('',(-77.8125,11.5,75.225));
#6892=CARTESIAN_POINT('',(-62.35,11.5,75.225));
#6893=CARTESIAN_POINT('',(-76.5569574051776,1.45565924142082,73.7183488862131));
#6894=CARTESIAN_POINT('Origin',(-77.8125,11.5,71.78));
#6895=CARTESIAN_POINT('',(-77.8125,11.5,76.1919789655696));
#6896=CARTESIAN_POINT('',(-77.8125,11.5,73.5025));
#6897=CARTESIAN_POINT('',(-77.6548874538972,10.2390996311773,77.25));
#6898=CARTESIAN_POINT('',(-77.8768013262323,12.0144106098586,75.7603372125636));
#6899=CARTESIAN_POINT('',(-77.6048874538972,9.83909963117727,77.25));
#6900=CARTESIAN_POINT('',(-77.6159638234571,9.9277105876565,77.25));
#6901=CARTESIAN_POINT('',(-77.5,8.99999999999999,76.25));
#6902=CARTESIAN_POINT('',(-77.4319817350325,8.4558538802603,75.601511906904));
#6903=CARTESIAN_POINT('',(-77.5397115384615,9.3176923076923,76.25));
#6904=CARTESIAN_POINT('Origin',(-94.4375,-6.50000000000001,71.78));
#6905=CARTESIAN_POINT('',(-92.5,9.,76.25));
#6906=CARTESIAN_POINT('',(-93.2368269230769,3.10538461538461,76.25));
#6907=CARTESIAN_POINT('',(-92.3951125461028,9.83909963117728,77.25));
#6908=CARTESIAN_POINT('',(-92.8917882673175,5.86569386146012,72.514679399105));
#6909=CARTESIAN_POINT('',(-92.3451125461028,10.2390996311773,77.25));
#6910=CARTESIAN_POINT('',(-93.1605746380814,3.71540289534881,77.25));
#6911=CARTESIAN_POINT('',(-92.1875,11.5,76.1919789655696));
#6912=CARTESIAN_POINT('',(-92.5818053060295,8.34555755176368,78.8388704604546));
#6913=CARTESIAN_POINT('',(-92.1875,11.5,73.5025));
#6914=CARTESIAN_POINT('Origin',(-62.35,10.2390996311773,77.25));
#6915=CARTESIAN_POINT('',(-62.35,9.83909963117727,77.25));
#6916=CARTESIAN_POINT('',(-62.35,10.2390996311773,77.25));
#6917=CARTESIAN_POINT('Origin',(-62.35,9.83909963117727,77.25));
#6918=CARTESIAN_POINT('',(-62.35,8.99999999999999,76.25));
#6919=CARTESIAN_POINT('Origin',(-62.35,8.99999999999999,76.25));
#6920=CARTESIAN_POINT('Origin',(-62.35,11.5,75.225));
#6921=CARTESIAN_POINT('',(-62.35,11.5,76.1919789655696));
#6922=CARTESIAN_POINT('Origin',(-62.35,11.5,76.1919789655696));
#6923=CARTESIAN_POINT('Origin',(-37.65,-6.50000000000001,71.775));
#6924=CARTESIAN_POINT('',(-7.8125,11.5,69.075));
#6925=CARTESIAN_POINT('',(-5.79724939795304,-4.62200481637568,71.4933007224564));
#6926=CARTESIAN_POINT('',(-22.1875,11.5,69.075));
#6927=CARTESIAN_POINT('',(-37.65,11.5,69.075));
#6928=CARTESIAN_POINT('',(-23.4430425948224,1.45565924142082,70.5816511137869));
#6929=CARTESIAN_POINT('Origin',(-22.1875,11.5,72.52));
#6930=CARTESIAN_POINT('',(-22.1875,11.5,68.1080210344305));
#6931=CARTESIAN_POINT('',(-22.1875,11.5,70.7975));
#6932=CARTESIAN_POINT('',(-22.3451125461028,10.2390996311773,67.05));
#6933=CARTESIAN_POINT('',(-22.1231986737677,12.0144106098586,68.5396627874365));
#6934=CARTESIAN_POINT('',(-22.3951125461028,9.83909963117727,67.05));
#6935=CARTESIAN_POINT('',(-22.3840361765429,9.9277105876565,67.05));
#6936=CARTESIAN_POINT('',(-22.5,8.99999999999999,68.05));
#6937=CARTESIAN_POINT('',(-22.5680182649675,8.4558538802603,68.698488093096));
#6938=CARTESIAN_POINT('',(-22.4602884615385,9.3176923076923,68.05));
#6939=CARTESIAN_POINT('Origin',(-5.5625,-6.5,72.52));
#6940=CARTESIAN_POINT('',(-7.5,9.,68.05));
#6941=CARTESIAN_POINT('',(-6.76317307692308,3.10538461538462,68.05));
#6942=CARTESIAN_POINT('',(-7.60488745389716,9.83909963117728,67.05));
#6943=CARTESIAN_POINT('',(-7.10821173268252,5.86569386146012,71.785320600895));
#6944=CARTESIAN_POINT('',(-7.65488745389716,10.2390996311773,67.05));
#6945=CARTESIAN_POINT('',(-6.8394253619186,3.71540289534882,67.05));
#6946=CARTESIAN_POINT('',(-7.8125,11.5,68.1080210344305));
#6947=CARTESIAN_POINT('',(-7.41819469397046,8.34555755176368,65.4611295395454));
#6948=CARTESIAN_POINT('',(-7.8125,11.5,70.7975));
#6949=CARTESIAN_POINT('Origin',(-37.65,10.2390996311773,67.05));
#6950=CARTESIAN_POINT('',(-37.65,9.83909963117727,67.05));
#6951=CARTESIAN_POINT('',(-37.65,10.2390996311773,67.05));
#6952=CARTESIAN_POINT('Origin',(-37.65,9.83909963117727,67.05));
#6953=CARTESIAN_POINT('',(-37.65,8.99999999999999,68.05));
#6954=CARTESIAN_POINT('Origin',(-37.65,8.99999999999999,68.05));
#6955=CARTESIAN_POINT('Origin',(-37.65,11.5,69.075));
#6956=CARTESIAN_POINT('',(-37.65,11.5,68.1080210344305));
#6957=CARTESIAN_POINT('Origin',(-37.65,11.5,68.1080210344305));
#6958=CARTESIAN_POINT('Origin',(7.65000000000001,-6.49999999999999,72.525));
#6959=CARTESIAN_POINT('',(-22.1875,11.5,75.225));
#6960=CARTESIAN_POINT('',(-24.202750602047,-4.62200481637568,72.8066992775437));
#6961=CARTESIAN_POINT('',(-7.8125,11.5,75.225));
#6962=CARTESIAN_POINT('',(7.65,11.5,75.225));
#6963=CARTESIAN_POINT('',(-6.5569574051776,1.45565924142083,73.7183488862131));
#6964=CARTESIAN_POINT('Origin',(-7.8125,11.5,71.78));
#6965=CARTESIAN_POINT('',(-7.8125,11.5,76.1919789655696));
#6966=CARTESIAN_POINT('',(-7.8125,11.5,73.5025));
#6967=CARTESIAN_POINT('',(-7.65488745389716,10.2390996311773,77.25));
#6968=CARTESIAN_POINT('',(-7.87680132623232,12.0144106098586,75.7603372125636));
#6969=CARTESIAN_POINT('',(-7.60488745389716,9.83909963117728,77.25));
#6970=CARTESIAN_POINT('',(-7.61596382345707,9.9277105876565,77.25));
#6971=CARTESIAN_POINT('',(-7.5,9.,76.25));
#6972=CARTESIAN_POINT('',(-7.43198173503254,8.45585388026031,75.601511906904));
#6973=CARTESIAN_POINT('',(-7.53971153846154,9.3176923076923,76.25));
#6974=CARTESIAN_POINT('Origin',(-24.4375,-6.5,71.78));
#6975=CARTESIAN_POINT('',(-22.5,8.99999999999999,76.25));
#6976=CARTESIAN_POINT('',(-23.2368269230769,3.10538461538461,76.25));
#6977=CARTESIAN_POINT('',(-22.3951125461028,9.83909963117727,77.25));
#6978=CARTESIAN_POINT('',(-22.8917882673175,5.86569386146012,72.514679399105));
#6979=CARTESIAN_POINT('',(-22.3451125461028,10.2390996311773,77.25));
#6980=CARTESIAN_POINT('',(-23.1605746380814,3.71540289534881,77.25));
#6981=CARTESIAN_POINT('',(-22.1875,11.5,76.1919789655696));
#6982=CARTESIAN_POINT('',(-22.5818053060295,8.34555755176368,78.8388704604546));
#6983=CARTESIAN_POINT('',(-22.1875,11.5,73.5025));
#6984=CARTESIAN_POINT('Origin',(7.65,10.2390996311773,77.25));
#6985=CARTESIAN_POINT('',(7.65,9.83909963117728,77.25));
#6986=CARTESIAN_POINT('',(7.65,10.2390996311773,77.25));
#6987=CARTESIAN_POINT('Origin',(7.65,9.83909963117728,77.25));
#6988=CARTESIAN_POINT('',(7.65,9.,76.25));
#6989=CARTESIAN_POINT('Origin',(7.65,9.,76.25));
#6990=CARTESIAN_POINT('Origin',(7.65,11.5,75.225));
#6991=CARTESIAN_POINT('',(7.65,11.5,76.1919789655696));
#6992=CARTESIAN_POINT('Origin',(7.65,11.5,76.1919789655696));
#6993=CARTESIAN_POINT('Origin',(-62.35,-6.50000000000002,-71.775));
#6994=CARTESIAN_POINT('',(-92.1875,11.5,-69.075));
#6995=CARTESIAN_POINT('',(-94.202750602047,-4.62200481637568,-71.4933007224564));
#6996=CARTESIAN_POINT('',(-77.8125,11.5,-69.075));
#6997=CARTESIAN_POINT('',(-62.35,11.5,-69.075));
#6998=CARTESIAN_POINT('',(-76.5569574051776,1.45565924142082,-70.5816511137869));
#6999=CARTESIAN_POINT('Origin',(-77.8125,11.5,-72.52));
#7000=CARTESIAN_POINT('',(-77.8125,11.5,-68.1080210344305));
#7001=CARTESIAN_POINT('',(-77.8125,11.5,-70.7975));
#7002=CARTESIAN_POINT('',(-77.6548874538972,10.2390996311773,-67.05));
#7003=CARTESIAN_POINT('',(-77.8768013262323,12.0144106098586,-68.5396627874365));
#7004=CARTESIAN_POINT('',(-77.6048874538972,9.83909963117727,-67.05));
#7005=CARTESIAN_POINT('',(-77.6159638234571,9.9277105876565,-67.05));
#7006=CARTESIAN_POINT('',(-77.5,8.99999999999999,-68.05));
#7007=CARTESIAN_POINT('',(-77.4319817350325,8.4558538802603,-68.698488093096));
#7008=CARTESIAN_POINT('',(-77.5397115384615,9.3176923076923,-68.05));
#7009=CARTESIAN_POINT('Origin',(-94.4375,-6.50000000000001,-72.52));
#7010=CARTESIAN_POINT('',(-92.5,9.,-68.05));
#7011=CARTESIAN_POINT('',(-93.2368269230769,3.10538461538461,-68.05));
#7012=CARTESIAN_POINT('',(-92.3951125461028,9.83909963117728,-67.05));
#7013=CARTESIAN_POINT('',(-92.8917882673175,5.86569386146012,-71.785320600895));
#7014=CARTESIAN_POINT('',(-92.3451125461028,10.2390996311773,-67.05));
#7015=CARTESIAN_POINT('',(-93.1605746380814,3.71540289534881,-67.05));
#7016=CARTESIAN_POINT('',(-92.1875,11.5,-68.1080210344305));
#7017=CARTESIAN_POINT('',(-92.5818053060296,8.34555755176368,-65.4611295395454));
#7018=CARTESIAN_POINT('',(-92.1875,11.5,-70.7975));
#7019=CARTESIAN_POINT('Origin',(-62.35,10.2390996311773,-67.05));
#7020=CARTESIAN_POINT('',(-62.35,9.83909963117727,-67.05));
#7021=CARTESIAN_POINT('',(-62.35,10.2390996311773,-67.05));
#7022=CARTESIAN_POINT('Origin',(-62.35,9.83909963117727,-67.05));
#7023=CARTESIAN_POINT('',(-62.35,8.99999999999999,-68.05));
#7024=CARTESIAN_POINT('Origin',(-62.35,8.99999999999999,-68.05));
#7025=CARTESIAN_POINT('Origin',(-62.35,11.5,-69.075));
#7026=CARTESIAN_POINT('',(-62.35,11.5,-68.1080210344305));
#7027=CARTESIAN_POINT('Origin',(-62.35,11.5,-68.1080210344305));
#7028=CARTESIAN_POINT('Origin',(-107.65,-6.5,-72.525));
#7029=CARTESIAN_POINT('',(-77.8125,11.5,-75.225));
#7030=CARTESIAN_POINT('',(-75.797249397953,-4.62200481637569,-72.8066992775437));
#7031=CARTESIAN_POINT('',(-92.1875,11.5,-75.225));
#7032=CARTESIAN_POINT('',(-107.65,11.5,-75.225));
#7033=CARTESIAN_POINT('',(-93.4430425948224,1.45565924142083,-73.7183488862131));
#7034=CARTESIAN_POINT('Origin',(-92.1875,11.5,-71.78));
#7035=CARTESIAN_POINT('',(-92.1875,11.5,-76.1919789655696));
#7036=CARTESIAN_POINT('',(-92.1875,11.5,-73.5025));
#7037=CARTESIAN_POINT('',(-92.3451125461028,10.2390996311773,-77.25));
#7038=CARTESIAN_POINT('',(-92.1231986737677,12.0144106098586,-75.7603372125636));
#7039=CARTESIAN_POINT('',(-92.3951125461028,9.83909963117728,-77.25));
#7040=CARTESIAN_POINT('',(-92.3840361765429,9.9277105876565,-77.25));
#7041=CARTESIAN_POINT('',(-92.5,9.,-76.25));
#7042=CARTESIAN_POINT('',(-92.5680182649675,8.45585388026031,-75.601511906904));
#7043=CARTESIAN_POINT('',(-92.4602884615385,9.3176923076923,-76.25));
#7044=CARTESIAN_POINT('Origin',(-75.5625,-6.50000000000001,-71.78));
#7045=CARTESIAN_POINT('',(-77.5,8.99999999999999,-76.25));
#7046=CARTESIAN_POINT('',(-76.7631730769231,3.10538461538461,-76.25));
#7047=CARTESIAN_POINT('',(-77.6048874538972,9.83909963117727,-77.25));
#7048=CARTESIAN_POINT('',(-77.1082117326825,5.86569386146012,-72.514679399105));
#7049=CARTESIAN_POINT('',(-77.6548874538972,10.2390996311773,-77.25));
#7050=CARTESIAN_POINT('',(-76.8394253619186,3.71540289534881,-77.25));
#7051=CARTESIAN_POINT('',(-77.8125,11.5,-76.1919789655696));
#7052=CARTESIAN_POINT('',(-77.4181946939705,8.34555755176368,-78.8388704604546));
#7053=CARTESIAN_POINT('',(-77.8125,11.5,-73.5025));
#7054=CARTESIAN_POINT('Origin',(-107.65,10.2390996311773,-77.25));
#7055=CARTESIAN_POINT('',(-107.65,9.83909963117728,-77.25));
#7056=CARTESIAN_POINT('',(-107.65,10.2390996311773,-77.25));
#7057=CARTESIAN_POINT('Origin',(-107.65,9.83909963117728,-77.25));
#7058=CARTESIAN_POINT('',(-107.65,9.,-76.25));
#7059=CARTESIAN_POINT('Origin',(-107.65,9.,-76.25));
#7060=CARTESIAN_POINT('Origin',(-107.65,11.5,-75.225));
#7061=CARTESIAN_POINT('',(-107.65,11.5,-76.1919789655696));
#7062=CARTESIAN_POINT('Origin',(-107.65,11.5,-76.1919789655696));
#7063=CARTESIAN_POINT('Origin',(7.65000000000001,-6.49999999999999,-71.775));
#7064=CARTESIAN_POINT('',(-22.1875,11.5,-69.075));
#7065=CARTESIAN_POINT('',(-24.202750602047,-4.62200481637568,-71.4933007224564));
#7066=CARTESIAN_POINT('',(-7.8125,11.5,-69.075));
#7067=CARTESIAN_POINT('',(7.65,11.5,-69.075));
#7068=CARTESIAN_POINT('',(-6.5569574051776,1.45565924142083,-70.5816511137869));
#7069=CARTESIAN_POINT('Origin',(-7.8125,11.5,-72.52));
#7070=CARTESIAN_POINT('',(-7.8125,11.5,-68.1080210344305));
#7071=CARTESIAN_POINT('',(-7.8125,11.5,-70.7975));
#7072=CARTESIAN_POINT('',(-7.65488745389716,10.2390996311773,-67.05));
#7073=CARTESIAN_POINT('',(-7.87680132623232,12.0144106098586,-68.5396627874365));
#7074=CARTESIAN_POINT('',(-7.60488745389716,9.83909963117728,-67.05));
#7075=CARTESIAN_POINT('',(-7.61596382345707,9.92771058765651,-67.05));
#7076=CARTESIAN_POINT('',(-7.5,9.,-68.05));
#7077=CARTESIAN_POINT('',(-7.43198173503254,8.45585388026031,-68.698488093096));
#7078=CARTESIAN_POINT('',(-7.53971153846154,9.3176923076923,-68.05));
#7079=CARTESIAN_POINT('Origin',(-24.4375,-6.50000000000001,-72.52));
#7080=CARTESIAN_POINT('',(-22.5,8.99999999999999,-68.05));
#7081=CARTESIAN_POINT('',(-23.2368269230769,3.10538461538461,-68.05));
#7082=CARTESIAN_POINT('',(-22.3951125461028,9.83909963117727,-67.05));
#7083=CARTESIAN_POINT('',(-22.8917882673175,5.86569386146012,-71.785320600895));
#7084=CARTESIAN_POINT('',(-22.3451125461028,10.2390996311773,-67.05));
#7085=CARTESIAN_POINT('',(-23.1605746380814,3.71540289534881,-67.05));
#7086=CARTESIAN_POINT('',(-22.1875,11.5,-68.1080210344305));
#7087=CARTESIAN_POINT('',(-22.5818053060295,8.34555755176368,-65.4611295395454));
#7088=CARTESIAN_POINT('',(-22.1875,11.5,-70.7975));
#7089=CARTESIAN_POINT('Origin',(7.65,10.2390996311773,-67.05));
#7090=CARTESIAN_POINT('',(7.65,9.83909963117728,-67.05));
#7091=CARTESIAN_POINT('',(7.65,10.2390996311773,-67.05));
#7092=CARTESIAN_POINT('Origin',(7.65,9.83909963117728,-67.05));
#7093=CARTESIAN_POINT('',(7.65,9.,-68.05));
#7094=CARTESIAN_POINT('Origin',(7.65,9.,-68.05));
#7095=CARTESIAN_POINT('Origin',(7.65,11.5,-69.075));
#7096=CARTESIAN_POINT('',(7.65,11.5,-68.1080210344305));
#7097=CARTESIAN_POINT('Origin',(7.65,11.5,-68.1080210344305));
#7098=CARTESIAN_POINT('Origin',(-37.65,-6.50000000000001,-72.525));
#7099=CARTESIAN_POINT('',(-7.8125,11.5,-75.225));
#7100=CARTESIAN_POINT('',(-5.79724939795304,-4.62200481637567,-72.8066992775437));
#7101=CARTESIAN_POINT('',(-22.1875,11.5,-75.225));
#7102=CARTESIAN_POINT('',(-37.65,11.5,-75.225));
#7103=CARTESIAN_POINT('',(-23.4430425948224,1.45565924142082,-73.7183488862131));
#7104=CARTESIAN_POINT('Origin',(-22.1875,11.5,-71.78));
#7105=CARTESIAN_POINT('',(-22.1875,11.5,-76.1919789655696));
#7106=CARTESIAN_POINT('',(-22.1875,11.5,-73.5025));
#7107=CARTESIAN_POINT('',(-22.3451125461028,10.2390996311773,-77.25));
#7108=CARTESIAN_POINT('',(-22.1231986737677,12.0144106098586,-75.7603372125636));
#7109=CARTESIAN_POINT('',(-22.3951125461028,9.83909963117727,-77.25));
#7110=CARTESIAN_POINT('',(-22.3840361765429,9.9277105876565,-77.25));
#7111=CARTESIAN_POINT('',(-22.5,8.99999999999999,-76.25));
#7112=CARTESIAN_POINT('',(-22.5680182649675,8.4558538802603,-75.601511906904));
#7113=CARTESIAN_POINT('',(-22.4602884615385,9.3176923076923,-76.25));
#7114=CARTESIAN_POINT('Origin',(-5.5625,-6.5,-71.78));
#7115=CARTESIAN_POINT('',(-7.5,9.,-76.25));
#7116=CARTESIAN_POINT('',(-6.76317307692308,3.10538461538462,-76.25));
#7117=CARTESIAN_POINT('',(-7.60488745389716,9.83909963117728,-77.25));
#7118=CARTESIAN_POINT('',(-7.10821173268251,5.86569386146012,-72.514679399105));
#7119=CARTESIAN_POINT('',(-7.65488745389716,10.2390996311773,-77.25));
#7120=CARTESIAN_POINT('',(-6.8394253619186,3.71540289534882,-77.25));
#7121=CARTESIAN_POINT('',(-7.8125,11.5,-76.1919789655696));
#7122=CARTESIAN_POINT('',(-7.41819469397046,8.34555755176368,-78.8388704604546));
#7123=CARTESIAN_POINT('',(-7.8125,11.5,-73.5025));
#7124=CARTESIAN_POINT('Origin',(-37.65,10.2390996311773,-77.25));
#7125=CARTESIAN_POINT('',(-37.65,9.83909963117727,-77.25));
#7126=CARTESIAN_POINT('',(-37.65,10.2390996311773,-77.25));
#7127=CARTESIAN_POINT('Origin',(-37.65,9.83909963117727,-77.25));
#7128=CARTESIAN_POINT('',(-37.65,8.99999999999999,-76.25));
#7129=CARTESIAN_POINT('Origin',(-37.65,8.99999999999999,-76.25));
#7130=CARTESIAN_POINT('Origin',(-37.65,11.5,-75.225));
#7131=CARTESIAN_POINT('',(-37.65,11.5,-76.1919789655696));
#7132=CARTESIAN_POINT('Origin',(-37.65,11.5,-76.1919789655696));
#7133=UNCERTAINTY_MEASURE_WITH_UNIT(LENGTH_MEASURE(0.01),#7137,
'DISTANCE_ACCURACY_VALUE',
'Maximum model space distance between geometric entities at asserted c
onnectivities');
#7134=UNCERTAINTY_MEASURE_WITH_UNIT(LENGTH_MEASURE(0.01),#7137,
'DISTANCE_ACCURACY_VALUE',
'Maximum model space distance between geometric entities at asserted c
onnectivities');
#7135=(
GEOMETRIC_REPRESENTATION_CONTEXT(3)
GLOBAL_UNCERTAINTY_ASSIGNED_CONTEXT((#7133))
GLOBAL_UNIT_ASSIGNED_CONTEXT((#7137,#7139,#7140))
REPRESENTATION_CONTEXT('','3D')
);
#7136=(
GEOMETRIC_REPRESENTATION_CONTEXT(3)
GLOBAL_UNCERTAINTY_ASSIGNED_CONTEXT((#7134))
GLOBAL_UNIT_ASSIGNED_CONTEXT((#7137,#7139,#7140))
REPRESENTATION_CONTEXT('','3D')
);
#7137=(
LENGTH_UNIT()
NAMED_UNIT(*)
SI_UNIT(.MILLI.,.METRE.)
);
#7138=(
LENGTH_UNIT()
NAMED_UNIT(*)
SI_UNIT(.CENTI.,.METRE.)
);
#7139=(
NAMED_UNIT(*)
PLANE_ANGLE_UNIT()
SI_UNIT($,.RADIAN.)
);
#7140=(
NAMED_UNIT(*)
SI_UNIT($,.STERADIAN.)
SOLID_ANGLE_UNIT()
);
#7141=SHAPE_DEFINITION_REPRESENTATION(#7142,#7143);
#7142=PRODUCT_DEFINITION_SHAPE('',$,#7145);
#7143=SHAPE_REPRESENTATION('',(#4173),#7135);
#7144=PRODUCT_DEFINITION_CONTEXT('part definition',#7149,'design');
#7145=PRODUCT_DEFINITION('hamulec_kinda_big','hamulec_kinda_big',#7146,
#7144);
#7146=PRODUCT_DEFINITION_FORMATION('',$,#7151);
#7147=PRODUCT_RELATED_PRODUCT_CATEGORY('hamulec_kinda_big',
'hamulec_kinda_big',(#7151));
#7148=APPLICATION_PROTOCOL_DEFINITION('international standard',
'automotive_design',2009,#7149);
#7149=APPLICATION_CONTEXT(
'Core Data for Automotive Mechanical Design Process');
#7150=PRODUCT_CONTEXT('part definition',#7149,'mechanical');
#7151=PRODUCT('hamulec_kinda_big','hamulec_kinda_big',$,(#7150));
#7152=PRESENTATION_STYLE_ASSIGNMENT((#7153));
#7153=SURFACE_STYLE_USAGE(.BOTH.,#7156);
#7154=SURFACE_STYLE_RENDERING_WITH_PROPERTIES($,#7160,(#7155));
#7155=SURFACE_STYLE_TRANSPARENT(0.);
#7156=SURFACE_SIDE_STYLE('',(#7157,#7154));
#7157=SURFACE_STYLE_FILL_AREA(#7158);
#7158=FILL_AREA_STYLE('',(#7159));
#7159=FILL_AREA_STYLE_COLOUR('',#7160);
#7160=COLOUR_RGB('',0.749019607843137,0.749019607843137,0.749019607843137);
ENDSEC;
END-ISO-10303-21;
